2.741	3.443	3.134	0.441	-0.7354	0.4915	5.314	-1.12	4.64	1.755	0.6975	0.1302	0.2518	10.05	2.636	3.197	6.004	1.952	3.84	1.83	2.85	1.058	0.6144	0.7845	2.11	-0.6481	5.151	4.969	3.424	2.752	6.262	-0.2005	4.654	0.7474	2.063	3.415	2.351	-0.3182	1.405	0.5138	1.45	3.643	-0.3768	4.783	1.56	11.22	1.678	3.539	1.526	3.303	-1.828	0.9193	3.037	0.7887	6.72	4.977	-0.9586	4.12	3.672	8.271	2.345	2.174	5.909	-0.1925	0.5442	1.15	-0.726	-1.03	-0.2695	1.284	8.352	2.786	6.945	-1.078	2.424	-1.157	0.7641	3.221	4.357	-0.05001	1.815	5.491	1.405	3.407	5.733	-0.9773	-1.178	-1.077	2.118	1.049	1.88	-0.1004	-0.7215	6.084	3.799	5.152	0.6335	1.71	2.386	1.508
1.931	2.576	3.329	-1.075	1.44	1.762	3.127	2.066	3.314	1.719	1.426	1.95	0.2763	7.685	3.814	4.53	5.13	2.659	4.182	2.945	1.458	-1.332	0.6745	1.318	1.638	3.938	4.147	4.031	6.263	3.954	7.524	3.83	7.137	-0.2832	2.271	3.185	1.791	0.9628	-1.149	0.5531	1.289	2.301	-0.5515	3.816	2.546	10	0.8841	3.982	0.3456	3.624	0.2535	0.7757	1.707	-0.3098	5.999	4.59	2.914	5.842	2.999	7.27	0.1141	1.119	5.239	-0.2841	-0.2045	1.529	0.3088	1.043	1.119	1.795	12.12	1.405	7.42	-0.328	1.986	-0.07179	0.7273	3.797	2.376	0.4061	3.3	3.776	0.2569	3.207	7.841	-1.957	3.588	-0.9977	3.69	1.582	2.507	2.981	-3.094	6.583	5.23	5.375	0.7887	2.566	4.065	-0.4405
3.209	2.912	4.797	-0.3288	-0.9553	0.9868	2.597	-0.5443	2.893	1.444	1.7	1.159	0.6028	8.889	2.703	5.666	4.845	1.87	2.916	0.7806	2.744	-0.6672	2.277	1.041	2.181	2.321	3.87	3.7	4.867	3.193	3.667	1.571	6.151	2.13	3.376	4.405	1.213	0.08558	-1.872	1.461	1.878	2.784	-1.632	4.493	-0.07742	12.8	0.5451	2.864	0.04047	2.308	-0.9518	1.753	2.136	2.388	4.026	4.678	0.4154	2.994	4.319	7.629	0.9596	3.462	5.29	1.089	-0.1631	1.627	-0.4867	0.5192	-0.7445	0.9001	10.51	1.749	6.769	-0.5245	1.442	0.2208	1.97	3.712	3.973	-0.2619	3.961	3.387	2.8	3.5	3.085	-2.239	0.1306	-1.032	4.453	1.272	2.468	-0.263	1.167	3.575	4.22	5.396	-0.8697	0.7248	4.362	3.074
2.186	2.87	3.813	-1.244	-0.1698	0.4308	2.477	0.3501	4.455	1.707	0.6164	0.53	-0.1888	7.616	3.495	5.247	3.318	3.806	3.797	-0.2422	1.533	0.6616	2.59	0.7135	1.613	1.288	3.787	5.609	4.868	2.06	5.918	-1.081	5.642	1.714	5.169	3.174	0.4376	-0.1172	0.8542	1.275	0.9124	1.432	-0.6991	5.142	1.102	10.61	-0.2391	4.003	2.272	2.021	-0.4943	0.1042	2.346	2.047	4.275	6.15	-0.2306	5.306	3.592	6.82	0.7559	3.377	5.192	-0.5457	1.145	1.053	-0.298	1.458	-0.7892	1.57	8.9	1.894	8.15	-0.6308	2.635	0.5741	1.404	2.543	5.85	2.093	2.664	2.828	1.336	4.666	6.548	-3.787	1.119	-1.576	3.612	1.114	3.937	2.056	-2.447	6.791	4.294	5.689	0.7344	1.275	3.645	-0.0268
2.475	2.051	3.516	-0.248	0.8281	1.59	2.223	-0.3455	4.414	2.273	0.8425	2.837	1.995	6.678	2.313	4.662	3.549	4.246	3.137	1.253	1.564	-0.4303	1.351	1.449	2.628	0.3334	4.898	4.552	5.359	4.387	5.006	1.144	6.321	0.7967	3.551	3.527	2.436	0.68	0.454	0.3298	2.233	1.809	1.118	3.551	2.399	11.51	0.04753	6.85	1.964	4.929	-0.123	3.711	5.012	0.2754	6.446	4.139	-0.9237	5.921	2.943	7.992	2.862	3.613	5.345	-0.2387	0.411	2.841	1.072	2.101	1.699	0.9913	11.64	2.787	6.891	-0.5186	2.834	-0.9177	0.9035	3.63	3.751	0.5271	3.647	3.219	2.627	3.729	6.964	-1.777	2.288	-1.293	2.384	1.236	4.328	0.8247	-0.9266	6.389	4.815	4.958	1.454	2.319	2.752	3.533
1.943	1.767	3.45	1.347	-0.3671	1.262	0.317	-0.08132	4.393	4.208	1.689	1.529	-0.5067	8.81	2.798	4.318	4.865	2.224	2.409	0.4677	1.105	0.4587	2.069	1.478	-1.562	1.148	2.803	4.178	5.951	3.882	3.7	-0.5256	5.579	3.014	3.289	6.643	3.513	1.431	2.922	-0.3091	2.492	1.592	-0.9655	5.283	0.3443	11.83	-1.747	4.095	3.1	3.603	-0.8733	4.226	2.545	0.6994	6.473	5.223	2.289	3.606	4.383	7.992	1.886	2.093	5.028	0.9797	-0.7116	3.012	-1.576	2.163	-0.3822	1.816	10.22	3.294	8.544	0.6424	3.679	-0.5962	1.783	2.569	3.644	-0.08138	5.515	3.306	0.2955	5.144	7.034	-1.041	0.003122	0.5486	2.258	1.738	2.467	0.616	0.6523	6.384	3.155	3.292	1.857	2.579	5.571	1.164
2.855	-0.061	2.418	0.3973	0.4111	1.147	3.751	1.233	2.185	2.342	1.072	1.201	-0.1008	5.564	2.001	5.584	3.47	3.64	4.061	1.782	3.848	-0.005706	0.5501	1.424	1.954	2.223	5.654	4.15	4.933	2.911	4.606	0.4079	6.492	0.6799	2.599	5.455	1.337	-0.0366	1.273	1.086	1.195	1.623	0.1889	5.584	2.522	12.51	0.6588	5.32	2.089	3.941	1.372	2.799	1.299	0.7412	6.925	3.778	0.3947	5.22	1.791	6.583	2.041	2.912	5.413	-0.2708	0.979	2.034	-1.03	1.393	0.724	2.618	10.64	2.782	5.963	-0.5474	0.7635	0.6672	0.165	4.232	5.387	0.8517	2.45	3.154	1.893	5.922	6.891	-1.598	1.504	0.2568	3.867	1.647	3.194	2.467	0.707	5.364	4.329	5.586	2.573	1.273	5.461	1.815
3.286	1.652	3.207	-1.017	0.4122	2.328	3.354	0.6369	4.173	2.018	1.442	0.2827	-0.7894	7.916	1.561	3.644	4.946	3.947	5.815	0.36	3.174	-0.7244	1.481	0.7281	1.5	2.553	4.317	4.551	4.83	3.316	6.818	-1.548	6.931	1.297	4.075	7.878	2.255	0.8696	0.3642	-0.1428	1.88	3.483	0.1662	3.822	2.077	12.17	-0.5795	3.958	2.774	1.777	0.3238	1.953	2.505	1.613	4.436	3.938	0.8195	3.754	1.574	7.525	2.417	2.281	3.564	-0.1457	-1.08	2.149	0.393	1.474	0.4039	1.295	11.87	1.999	6.714	-0.07791	3.38	1.413	0.5098	3.523	3.013	1.457	4.137	4.132	3.518	4.093	6.394	-1.675	0.6963	-0.9818	3.744	1.125	4.095	0.1782	-2.008	6.447	4.864	4.951	2.699	1.996	5.678	0.6927
2.902	2.599	2.167	-0.2872	-0.5177	0.77	1.684	0.4501	5.731	3.281	2.813	-1.355	-0.2572	6.938	3.228	5.089	5.458	2.189	4.295	0.09041	2.364	0.3709	1.113	0.8607	0.7738	1.77	4.922	4.899	6.202	3.071	5.803	3.359	6.696	-0.01923	3.297	5.899	1.19	1.537	3.327	-0.3113	0.5553	2.206	-1.128	4.314	0.4347	13.08	1.688	3.125	1.789	2.217	0.6414	0.3779	3.107	-0.3356	6.378	5.068	-0.4141	4.384	3.956	7.001	0.9416	3.11	3.776	0.7541	0.5678	2.454	-2.069	1.386	2.047	1.074	10.65	2.798	8.135	-1.008	0.6509	-2.386	0.7165	3.988	4.565	-0.9195	1.708	3.046	1.366	3.618	4.961	-2.199	0.07693	-0.1344	3.335	2.641	3.006	0.9023	-2.028	6.642	5.97	4.787	1.531	3.219	4.145	1.309
2.746	1.701	4.469	0.1153	2.383	2.605	2.071	2.365	3.893	1.774	1.468	-0.06625	0.6786	7.942	1.721	5.814	4.236	3.4	3.689	1.853	1.661	-0.1494	1.153	1.706	-0.8699	2.15	4.519	4.839	4.766	3.063	7.139	1.366	5.746	2.327	3.125	7.239	2.007	-0.1169	1.9	0.2905	1.865	2.045	-1.531	2.779	1.51	11.94	-0.1338	5.287	3.154	4.335	1.132	1.714	2.747	1.144	5.433	4.091	-0.8402	5.544	2.526	7.166	1.528	3.387	4.52	0.8533	-0.3385	1.824	-1.004	2.88	0.68	1.799	8.603	1.603	7.135	0.4415	2.032	0.9871	1.764	3.674	4.375	0.41	4.623	4.066	2.226	5.423	7.823	-2.919	0.49	-1.492	3.211	1.896	4.09	3.926	-2.199	5.539	5.802	6.645	0.7236	1.994	4.333	2.201
3.881	0.8522	1.645	-0.8147	0.3203	0.9335	2.333	-1.148	5.264	2.227	0.3975	1.946	-0.293	6.234	2.36	0.864	6.64	3.135	2.73	2.131	2.342	0.6921	0.8693	1.689	1.991	0.2514	2.978	3.332	5.416	4.907	5.587	-0.1604	6.734	2.124	3.43	4.724	3.563	-0.1746	-0.4332	-0.04923	1.623	1.87	-1.477	2.807	2.29	12.51	1.258	2.085	2.274	3.282	0.8749	1.705	1.561	1.592	7.069	4.397	0.5922	5.095	3.178	7.006	2.462	2.435	5.631	-0.3286	-0.6775	2.936	-0.7018	1.086	-0.6022	1.819	8.833	1.895	6.652	-0.6325	3.266	1.064	1.729	2.393	2.941	0.5175	3.064	5.363	2.418	3.653	5.93	-3.292	-0.6791	-2.496	4.356	2.629	3.28	1.947	-2.214	6.694	2.415	5.165	1.368	1.775	3.163	2.168
2.548	3.807	3.681	-0.2417	1.977	0.9309	1.385	0.3918	4.813	3.12	0.7362	0.6761	0.5021	7.599	2.485	5.186	5.078	2.315	3.743	2.141	1.743	-0.4656	0.8101	1.188	1.549	2.45	4.398	4.342	6.016	4.535	3.901	-0.1355	6.3	0.8337	2.607	5.341	1.662	0.6983	0.4778	0.6711	1.074	3.454	-2.841	4.183	1.828	12.56	0.03298	3.588	3.909	3.559	-1.144	1.677	3.026	1.75	4.933	2.746	0.08734	4.897	4.581	7.762	2.42	2.725	4.665	-0.2506	-0.6528	2.25	-0.3242	1.386	-1.077	0.2554	10.12	2.626	5.592	0.8285	2.007	-0.7913	1.422	3.169	5.305	0.9346	4.293	5.734	1.763	4.455	6.799	-1.857	3.959	-1.351	2.437	1	1.112	2.988	-1.911	5.297	5.868	5.219	2.2	1.665	3.71	1.462
3.526	2.529	2.667	-0.6794	0.395	2.146	4.43	-0.4447	5.148	2.984	1.136	-0.9328	0.5107	7.794	3.571	4.42	4.356	0.4886	4.601	1.792	1.793	-0.2836	1.903	-0.4181	0.8781	0.7746	4.062	3.802	5.354	3.874	2.651	-0.8501	5.93	-0.6024	5.161	5.753	2.694	1.389	1.099	-0.527	1.623	3.623	-0.9901	3.804	2.66	12.5	0.02344	3.751	2.975	1.537	-0.2255	3.868	3.075	0.8647	6.208	2.483	0.3264	4.84	4.183	6.877	1.909	2.94	3.746	0.1729	0.5794	1.639	0.3882	1.746	1.919	1.308	10.73	2.127	7.927	-0.4748	3.759	0.3844	1.12	3.349	4.367	-0.3888	2.776	3.58	2.215	5.269	5.068	-1.28	0.6158	-1.255	3.559	1.767	1.914	0.7581	0.3532	4.409	5.613	5.369	1.571	1.522	4.352	2.218
3.535	2.437	3.971	-0.7624	1.365	1.766	1.983	1.216	4.292	2.916	1.52	-0.9722	1.314	7.67	2.663	4.393	4.491	1.03	3.428	1.099	3.416	-0.1639	2.563	0.5757	1.954	2.317	5.131	4.508	5.111	3.23	6.074	1.633	5.207	1.568	3.31	4.889	2.402	0.4725	-0.4348	1.224	2.857	1.92	-0.1404	4.177	2.434	12.95	-0.8926	3.304	1.448	1.787	1.763	2.506	3.574	0.8471	6.348	4.162	1.036	5.253	3.37	9.946	0.7767	2.793	4.089	0.5071	0.6906	1.993	0.4616	3.23	1.698	1.845	8.129	2.449	7.494	0.2668	2.463	1.201	1.454	3.76	3.846	0.7265	2.311	1.274	1.21	5.697	7.495	-2.988	0.7685	-0.3859	2.868	1.574	3.278	2.296	-1.66	4.706	3.523	4.956	2.278	3.662	3.524	1.417
2.67	1.685	3.008	-1.514	1.638	0.4548	3.353	-0.3389	4.864	3.797	0.869	0.915	-1.152	8.425	2.42	4.678	5.726	3.594	3.169	1.072	0.7746	0.6932	1.826	2.05	2.932	1.447	5.317	4.047	4.79	4.221	5.671	1.082	6.368	3.519	2.48	4.396	4.366	1.867	-0.1828	0.7666	1.621	2.081	-0.554	4.822	2.373	10.68	0.0476	3.834	2.359	4.489	0.6155	-0.4587	2.554	0.7501	3.811	3.801	0.4903	6.621	3.965	8.154	1.402	1.028	4.141	1.341	0.2833	2.919	-1.085	1.056	1.188	2.062	9.946	1.623	7.008	0.5404	4.088	1.931	2.061	4.806	5.058	1.52	5.912	4.338	2.128	5.647	5.16	-0.8056	0.5746	0.1818	1.813	1.862	1.391	0.8704	2.227	6.621	5.1	6.931	1.59	2.075	3.586	-0.3088
2.423	2.136	3.286	0.7395	1.171	1.936	2.041	-1.298	4.591	2.398	1.271	0.8511	-0.1475	6.53	0.7597	3.755	4.982	3.546	4.628	0.9267	1.133	0.05056	0.6898	1.798	3.067	0.6386	4.712	4.682	5.44	4.084	5.131	0.3715	4.923	-0.4178	4.375	4.286	2.143	-0.5219	0.9894	-1.743	1.461	1.73	-0.2375	4.107	2.408	12.37	-1.355	4.049	2.5	3.483	3.671	0.1497	1.522	1.595	7.685	4.704	0.9575	5.464	3.649	8.242	1.929	3.243	4.037	0.6129	0.7467	2.411	0.6937	3.693	0.1649	3.093	12.23	2.487	6.05	1.527	3.744	-0.1944	0.9617	4.941	3.957	0.6907	4.734	5.105	2.182	4.132	5.896	-1.114	2.148	-0.5443	2.294	0.1678	2.69	0.992	-1.395	6.149	4.543	5.248	1.93	0.8851	4.443	2.861
2.814	2.285	3.363	-0.1131	-0.2151	0.4857	4.453	-0.2404	4.848	3.867	2.2	1.143	1.057	8.213	2.263	5.976	4.992	1.452	4.986	0.5072	1.923	1.026	2.437	0.9537	1.959	3.769	4.192	4.934	6.04	3.944	5.676	1.006	5.858	0.03378	4.994	3.999	1.686	0.7143	-0.2605	0.5528	1.427	2.501	-0.1312	5.47	2.546	11.96	-1.304	4.447	4.343	3.497	-0.8977	2.168	3.489	0.7344	7.631	4.98	1.141	3.476	4.375	8.123	1.133	3.467	4.277	-0.1679	2.044	3.195	-1.972	1.871	0.9525	1.763	10.1	0.6943	7.722	-1.057	2.743	-0.3222	0.9474	4.752	4.116	1.685	4.917	5.103	1.117	4.317	6.051	-3.052	2.408	-0.1613	2.818	0.4972	0.661	2.258	-0.154	5.627	3.469	7.105	1.3	2.573	4.012	3.674
2.823	2.881	4.113	-0.1875	-0.5703	2.517	3.824	3.583	4.341	3.093	2.062	0.4947	0.8105	7.092	3.289	6.115	4.437	1.912	3.351	0.5718	2.956	0.65	0.9766	-0.3876	1.623	2.286	2.485	4.44	5.289	3.277	5.346	4.004	5.743	1.784	4.86	3.929	0.5925	1.528	1.273	-0.3987	2.17	1.835	0.5182	5.059	1.946	14.53	-0.1046	3.652	0.7409	3.769	-0.279	1.382	1.625	1.328	8.115	5.891	1.998	4.534	2.067	5.508	1.108	3.322	3.894	1.51	-0.06944	0.9507	0.533	1.232	-0.8849	1.354	9.858	2.755	7.481	0.4782	2.365	0.3043	1.918	3.891	6.766	2.165	4.327	5.018	2.497	6.384	8.163	-3.562	0.308	-0.08734	3.767	1.812	3.697	2.984	-1.345	3.781	3.014	3.758	2.697	2.825	3.356	1.902
3.295	2.564	5.062	-0.6371	0.8458	1.798	1.103	-1.691	3.34	3.381	0.6759	2.163	1.686	7.201	-0.08953	4.429	3.638	2.301	2.76	2.831	3.188	1.642	1.853	0.5498	2.154	2.737	3.88	5.4	5.919	3.79	4.223	1.199	6.592	2.084	4.247	5.158	2.317	0.7011	-0.07128	0.3751	2.442	2.444	-1.179	4.252	2.087	15.72	0.116	4.228	4.591	3.824	2.148	3.204	2.899	1.562	5.411	4.052	1	5.428	3.892	6.56	1.989	5.331	2.532	1.983	-1.222	2.992	-0.4968	1.438	1.25	2.036	9.663	1.602	7.696	0.736	2.168	-0.2718	1.472	3.872	6.155	0.6586	3.081	3.971	1.7	3.934	5.541	-2.614	2.483	-0.8582	3.826	3.683	4.125	1.172	-1.187	6.579	2.334	7.435	1.387	2.854	5.463	1.647
4.442	2.211	4.109	-1.61	1.321	1.461	1.615	1.261	6.157	2.176	1.958	1.185	-0.4086	8.149	1.581	5.781	5.325	3.731	2.499	-0.2844	2.963	1.409	0.8366	0.8985	-0.1697	2.629	5.742	5.108	3.574	4.507	4.881	3.064	5.073	-0.2469	2.594	7.543	1.528	2.621	0.7996	0.4996	2.091	2.081	0.3491	4.628	2.998	11.62	0.1517	4.367	3.75	3.526	-1.798	1.352	4.711	1.203	6.029	4.353	0.8868	5.105	1.984	8.999	-0.2538	2.664	5.026	0.1308	1.207	2.958	-2.107	3.486	0.0676	0.975	7.522	2.581	7.812	2.163	1.805	0.1298	1.427	3.926	4.301	0.9067	5.308	7.094	2.245	4.693	7.531	-3.205	1.328	-1.565	4.556	1.712	3.25	2.05	-1.174	6.979	3.963	3.208	1.758	1.697	5.058	1.554
1.947	1.818	2.572	-0.2052	0.2894	2.162	1.934	-1.823	3.503	3.147	1.863	1.738	0.7134	5.671	1.841	4.479	5.872	1.734	3.321	2.422	1.057	-1.686	0.8369	1.237	2.213	0.1715	4.222	3.834	5.864	3.615	5.146	-0.513	6.078	3.781	5.314	6.557	2.335	1.826	1.88	0.726	1.165	4.5	-0.9134	4.995	1.654	12.27	-0.6614	4.273	1.941	0.8263	1.099	2.92	3.083	1.364	6.964	5.096	0.04838	6.042	1.904	9.114	2.504	0.3909	4.493	0.3338	1.152	1.29	-0.4322	1.665	1.004	1.797	10.96	1.984	7.002	-1.139	1.864	0.4625	1.849	3.712	1.906	0.5937	4.919	3.863	0.104	4.992	5.611	-2.911	2.328	-0.4559	3.318	2.231	1.153	2.481	-2.284	6.135	4.119	7.136	1.262	1.175	4.864	2.159
2.548	2.535	4.342	0.1341	1.074	0.9114	1.116	-2.44	4.247	2.757	1.156	1.592	1.583	8.092	3.59	4.477	5.064	3.534	4.104	2.492	3.66	1.531	1.02	0.545	-0.6092	2.398	4.955	5.032	5.434	4.711	6.243	-0.6552	5.807	1.465	4.998	7.571	2.529	1.21	-0.205	-0.9225	-0.1967	1.678	-0.2282	6.248	2.16	13.76	0.7641	2.631	2.165	4.283	1.49	3.33	3.48	1.155	5.493	5.602	1.891	5.245	4.03	6.933	1.645	3.993	4.019	1.26	-0.4445	3.741	-0.7814	2.102	2.335	0.922	10.82	2.308	7.87	-0.05961	3.302	0.2889	2.064	1.984	6.281	0.2376	2.194	4.106	1.468	3.678	6.674	-1.984	4.394	0.02059	4.299	1.818	4.517	1.135	-2.024	5.18	4.056	6.762	1.813	2.236	6.131	5.304
2.477	1.871	4.108	0.08332	-0.3919	0.5406	2.336	-0.7507	3.339	2.062	2.249	0.4047	1.615	5.635	1.303	3.035	5.927	2.747	1.647	1.174	3.579	-2.084	0.5013	3.451	1.005	1.148	4.565	4.994	6.472	3.604	4.768	3.882	5.993	3.455	6.418	4.938	1.643	0.8278	-0.5158	0.7422	1.498	2.358	-0.09166	5.24	2.861	11.25	1.642	4.897	2.185	2.471	3.033	-0.403	2.846	-0.2043	3.703	5.672	-0.7303	5.419	3.788	7.921	2.637	2.541	2.338	-0.9447	2.165	4.598	-0.3676	2.602	-0.5103	1.792	10.74	1.889	8.005	1.55	3.159	-0.1501	-0.7668	4.052	5.975	0.9236	2.198	2.805	0.5136	3.431	7.783	-2.13	1.555	-1.691	4.937	2.139	1.599	1.297	-1.108	7.462	4.378	5.872	2.341	3.034	3.35	1.894
2.984	2.974	4.613	0.8585	0.1243	0.7922	5.946	0.8714	3.891	2.975	1.702	-1.089	-0.308	10.16	2.117	7.869	5.624	3.154	4.357	0.8272	0.4165	-0.361	2.213	0.4315	1.098	2.487	4.153	7.237	5.505	3.664	4.49	0.3441	6.041	1.445	4.006	6.107	3.48	0.7643	1.223	0.6257	2.077	3.529	-0.7296	3.283	2.43	13.04	1.122	4.805	3.065	3.289	-0.3432	-0.05362	3.326	1.536	5.582	2.951	1.128	5.32	3.584	8.64	2.468	2.24	5.895	0.695	0.4446	1.191	0.5732	0.8728	0.2532	0.4553	9.25	3.122	7.315	-0.4002	1.107	-0.6597	1.879	3.344	4.881	-1.041	4.355	4.141	2.015	4.862	5.082	-3.128	2.264	1.087	4.141	0.04473	3.589	0.7051	-2.492	4.358	4.685	6.189	-0.3581	1.373	4.619	2
2.499	2.308	2.387	-1.165	1.271	2.428	3.576	-0.02313	4.644	2.508	1.712	2.08	0.9184	6.236	2.625	4.098	4.09	1.099	4.381	2.047	2.522	-1.212	1.261	2.377	2.058	1.392	5.34	4.055	7.008	3.434	6.82	1.768	6.173	2.896	4.249	5.489	0.8829	-0.5422	0.8926	0.8137	2.002	2.628	0.0794	3.371	3.206	14.47	-0.1008	3.19	4.674	2.231	-0.6686	0.917	2.186	0.7727	6.948	4.155	-1.726	5.249	3.065	7.97	0.9102	4.214	5.491	1.315	0.986	1.375	-0.686	2.209	0.4063	1.913	8.782	2.107	6.404	-0.2231	3.034	0.5002	0.6995	2.642	5.128	3.442	5.946	3.221	1.472	3.929	7.23	-0.9502	2.874	-0.0722	3.967	1.384	1.76	0.9369	1.281	8.901	3.914	5.724	1.474	1.061	2.653	5.685
3.742	1.952	2.48	0.6957	-0.3814	0.9823	2.119	-1.886	2.852	1.843	0.9575	-0.2691	0.5251	6.247	3.771	5.246	4.949	2.294	5.013	1.633	2.329	0.1141	0.8426	1.684	2.934	3.407	4.09	3.476	5.551	3.559	5.814	3.514	6.1	3.203	3.824	4.885	-0.8088	0.3677	1.295	-0.04271	2.07	1.976	0.9552	3.927	1.481	10.28	-0.2759	4.639	3.84	4.408	-0.3429	0.9533	4.348	0.2618	5.79	4.817	-0.5843	5.491	4.043	7.163	1.446	4.655	4.735	1.68	0.6335	1.941	0.3206	1.802	0.04615	2.906	9.356	1.72	10.09	0.6961	1.704	0.1895	1.153	4.591	6.314	-0.3585	3.602	3.127	2.599	4.432	7.341	-1.841	0.3709	-1.593	2.485	0.5146	3.91	1.776	0.6956	6.111	4.111	4.253	1.67	3.09	4.164	1.334
2.106	4.251	4.998	0.3345	0.4471	1.827	2.725	-0.4158	5.603	2.356	1.779	-0.4415	1.177	6.653	2.19	5.183	5.062	3.032	3.762	0.6643	1.364	-1.514	0.4072	1.912	1.649	1.795	4.074	4.093	4.879	2.8	4.771	2.589	5.007	1.83	5.311	6.616	3.484	-0.1657	0.8945	0.08856	1.977	2.597	0.8295	4.45	1.998	11.18	-0.7772	2.243	1.156	1.963	0.6745	3.364	4.164	0.1578	4.949	5.305	-1.91	5.885	3.738	7.567	2.335	3.287	4.03	0.45	0.06774	1.701	0.1724	1.311	0.4873	2.18	8.313	2.063	9.046	0.1138	0.4554	-0.9743	1.437	2.939	3.499	1.673	3.687	3.777	2.456	3.971	8.727	-1.203	3.503	0.2128	2.991	1.719	1.126	1.522	-1.371	5.965	3.354	5.308	1.103	2.155	3.2	1.694
3.398	2.603	2.411	-0.3007	1.491	1.469	1.067	0.5607	3.024	2.908	2.097	-0.7942	-0.2289	8.94	1.967	4.062	7.326	0.5471	3.363	-1.281	3.295	0.1018	1.32	2.096	2.644	2.429	2.924	5.571	4.783	4.148	5.954	1.874	6.152	2.725	3.552	3.963	2.021	1.379	0.5951	-0.1354	1.851	3.209	-1.641	3.431	0.4812	12.75	1.927	4.424	5.698	3.189	2.084	5.836	4.501	0.7614	4.363	4.444	-0.803	5.821	2.617	8.654	2.868	4.622	5.972	0.5607	1.243	3.14	-1.426	3.967	1.644	1.768	11.43	2.722	6.645	-0.5325	1.85	3.778	1.931	2.016	6.199	-1.298	3.555	5.526	1.823	2.595	5.915	-1.772	0.5724	-0.1001	2.387	1.541	0.3128	2.992	0.7359	6.467	5.046	8.253	0.5923	0.2669	5.576	1.004
2.443	2.787	3.889	0.9474	-0.9268	1.995	5.269	-0.4939	4.48	2.885	-1.405	0.08266	0.9129	7.659	1.374	5.264	4.393	1.034	3.15	-1.162	3.439	1.59	0.2921	1.581	1.881	1.276	3.76	3.789	3.624	4.657	7.204	1.031	6.576	0.7181	3.39	4.222	2.437	2.277	1.575	0.4775	1.845	1.924	-0.8701	4.344	3.159	13.1	0.3977	4.265	2.148	2.906	0.8367	3.929	4.42	0.5345	7.864	3.981	0.5043	5.392	3.624	7.418	1.833	2.808	3.249	-0.3084	0.6105	2	-1.121	1.76	2.679	3.163	9.781	1.474	8.192	-0.2	1.347	1.708	0.3007	3.35	4.509	0.6119	2.682	4.456	2.032	5.345	4.938	-3.479	2.385	-1.63	2.305	2.961	1.563	1.098	-0.9392	5.826	4.262	6.811	1.846	3.677	5.475	0.3174
0.587	2.223	3.542	-2.395	0.6839	0.9007	2.554	1.079	4.337	2.422	0.6636	0.2724	-0.5083	8.348	0.2224	3.82	5.288	2.663	3.498	-0.4392	2.493	0.1571	1.088	3.598	3.01	1.066	4.863	5.342	5.604	3.679	7.671	1.277	6.535	2.99	2.598	6.333	2.291	-0.2441	1.644	0.4104	2.047	1.57	0.6642	3.896	3.997	13.92	0.1128	4.827	2.099	4.214	0.7011	0.06856	3.149	0.1766	5.151	4.985	2.915	4.256	3.527	6.942	2.334	2.812	6.525	1.192	-0.7982	2.098	-0.3469	1.265	2.524	2.322	11.71	0.5979	7.835	-0.7149	2.349	1.162	1.034	4.434	5.964	1.446	2.625	4.427	1.523	5.248	3.748	-2.849	0.3728	-0.4914	4.374	1.851	3.093	1.887	-0.6992	4.904	5.082	4.272	1.951	1.264	4.09	1.971
2.193	1.646	5.303	0.618	-1.345	3.171	2.741	1.377	4.49	1.468	2.163	2.494	0.05136	7.274	1.718	5.342	4.508	0.979	2.873	1.412	2.174	-1.215	0.8001	3.808	0.2404	0.4914	4.54	4.545	5.266	2.995	3.829	1.145	6.515	1.106	4.175	6.177	2.267	0.4175	0.974	-0.8203	1.29	3.759	0.6881	4.766	1.579	12.6	-1.512	3.343	3.182	2.24	-1.274	0.5524	2.013	0.417	6.64	4.396	0.06567	5.526	4.553	7.065	1.262	4.81	2.991	0.7095	0.8011	2.433	0.2146	1.487	-0.3628	1.336	10.17	2.699	7.691	1.12	2.685	0.5858	-0.8887	3.078	5.698	0.8215	3.642	5.289	3.453	2.841	8.051	-2.057	1.195	-0.1095	4.359	1.344	3.762	3.638	-0.1076	5.261	2.928	5.595	0.5902	1.646	4.853	3.645
2.408	0.6588	3.708	-0.3103	1.612	0.2038	4.666	0.7113	4.658	3.922	2.068	-0.1682	-0.06345	7.865	1.939	5.519	3.657	2.232	5.562	1.801	3.01	-1.675	4.565	0.9881	2.883	0.03329	4.09	5.058	4.439	1.311	5.66	2.258	6.115	2.775	3.622	6.672	2.29	0.5829	-2.393	-0.4298	1.412	2.632	-0.433	5.03	2.061	11.3	0.6097	4.564	2.207	3.894	-0.1507	2.537	2.083	0.7525	5.553	3.662	0.9026	4.627	4.825	8.35	1.69	2.382	4.253	-0.5411	1.653	3.797	-1.965	1.885	0.2412	0.8404	9.161	2.461	7.29	-0.4687	1.634	1.96	1.397	3.134	4.804	0.9177	3.045	4.481	0.9479	3.831	6.178	-3.662	2.172	-1.079	4.63	1.157	3.784	1.364	-3.427	5.691	5.908	5.441	-0.471	2.163	4.48	3.478
1.838	1.234	4.235	-0.3496	0.1357	0.8217	3.57	0.5048	4.191	2.679	1.984	0.05117	-1.301	7.897	3.38	3.547	6.039	0.9786	2.885	1.91	2	1.316	0.6333	1.191	0.3609	1.586	4.506	4.543	5.128	4.432	5.354	-0.8113	6.77	1.472	3.634	5.01	2.557	1.8	0.2171	0.1078	-0.2439	3.558	0.3746	4.35	2.089	13.74	0.9687	4.999	1.971	4.476	0.6957	-0.4541	3.485	1.235	3.92	5.03	0.1729	5.311	2.41	6.041	2.259	2.507	4.253	0.87	-1.404	3.882	0.3598	1.42	0.8222	1.647	11.16	2.45	6.652	0.3559	1.133	0.4785	0.4512	4.028	4.779	0.792	3.13	3.764	1.749	3.5	5.988	-1.434	2.098	-0.4659	4.111	1.4	4.24	5.257	2.225	4.649	3.803	3.635	0.7753	2.011	3.594	1.808
2.461	1.536	3.993	1.285	0.4899	0.7003	1.076	1.549	3.622	2.824	0.1936	1.445	-0.3023	8.468	2.471	2.402	5.171	3.068	4.489	1.842	1.568	0.3879	2.423	0.2812	2.085	0.5322	4.497	6.652	7.05	2.478	5.049	1.246	5.762	1.667	3.368	6.159	0.5998	1.022	-0.535	1.148	1.057	2.454	-0.3541	3.077	2.264	11.03	0.8069	4.381	3.797	3.31	-0.4215	1.191	2.742	-0.2036	5.948	3.941	1.615	3.221	0.5239	7.053	-0.1086	3.97	4.811	1.134	-0.4172	-0.01134	-1.191	3.207	1.323	1.897	10.55	2.122	7.55	0.9109	2.717	2.039	1.366	4.168	5.921	-0.8113	5.161	3.185	1.681	4.68	6.213	-2.471	1.381	-0.8351	2.056	1.263	3.596	2.554	-1.558	5.596	3.432	5.44	0.2269	2.177	6.9	1.941
3.37	2.03	3.386	0.3805	-0.3741	1.534	1.901	1.029	5.542	4.241	1.426	-0.8021	1.379	6.583	0.8377	3.344	5.568	4.72	2.765	-0.3994	2.9	-0.1396	0.8579	0.2178	1.805	1.035	4.868	5.09	3.351	3.771	7.123	3.32	6.113	1.933	5.326	4.84	1.303	-0.952	-0.3673	-0.09952	2.309	3.127	-0.5264	3.906	3.033	13.56	-0.0613	4.392	2.046	1.912	-0.5405	2.591	3.936	0.2735	5.041	3.416	1.123	5.811	3.576	7.151	2.254	2.986	5.415	-0.5471	-0.2779	2.328	-0.6782	1.728	0.2947	1.479	9.027	1.915	8.893	0.3854	2.709	0.4811	1.791	2.157	4.557	-1.136	2.867	3.393	1.123	3.702	6.816	-1.483	0.2607	-0.1633	4.475	0.8842	2.92	1.655	-1.344	4.277	5.33	4.109	1.799	2.825	3.968	4.435
2.87	3.216	4.959	-1.96	0.6117	0.6753	-0.3327	0.08317	4.474	1.719	0.5646	0.4799	1.054	4.782	1.881	5.311	4.774	1.728	2.751	-2.173	1.122	-0.3396	1.758	0.6746	0.07933	0.07419	4.441	3.871	3.749	1.535	6.04	1.968	6.161	2.018	3.492	6.171	1.203	-2.58	0.5855	0.8959	2.85	1.973	-1.24	3.682	0.5504	14.42	-1.288	5.558	4.399	2.75	-2.091	1.707	3.483	0.4964	5.043	5.988	-0.3761	2.947	4.222	8.143	2.346	3.159	3.795	0.5922	-2.776	3.079	-1.987	1.107	1.756	1.184	10.19	1.782	7.632	0.2492	-0.07831	1.051	1.818	3.269	3.358	1.719	2.847	1.85	2.895	6.043	6.765	-3.738	1.749	0.169	1.023	1.573	4.358	-0.4327	-0.9619	4.69	4.464	5.506	2.033	1.009	2.784	-0.1382
3.159	4.476	3.332	-0.2185	0.3226	1.623	0.949	-1.387	4.323	1.424	-0.3993	-0.5626	0.616	9.166	2.536	4.072	4.866	1.514	3.63	0.7811	1.936	-0.4827	1.446	0.9306	-1.339	1.789	4.221	3.194	5.245	1.616	5.262	3.596	5.849	1.288	3.271	6.21	2.198	1.846	-0.08802	-0.1404	-0.04418	1.498	0.4955	5.433	1.849	11.82	-2.51	3.305	3.128	4.102	1.38	2.528	3.157	1.388	6.494	4.743	1.184	5.478	2.296	8.692	1.803	3.28	5.628	-1.065	-0.09434	0.2074	-1.009	2.678	1.741	1.134	10.19	1.557	6.402	-0.83	1.993	0.1505	-0.04113	2.12	3.055	0.5311	3.43	3.645	2.14	4.346	5.253	-0.8854	1.727	-0.792	1.374	1.703	0.611	4.608	-0.9998	6.04	4.077	3.927	0.9751	1.15	2.797	-1.676
3.602	-0.7139	3.496	0.5546	0.3931	0.1192	1.007	2.372	5.389	1.514	1.314	-0.5554	-0.8428	8.499	2.343	4.232	6.351	1.3	2.462	-0.7731	2.486	0.1629	1.536	4.362	2.644	2.864	4.334	1.915	5.961	3.759	5.418	0.9621	7.062	2.696	2.976	4.839	3.21	2.84	-0.4722	0.07416	2.061	3.292	-0.04867	2.595	2.596	12.42	-1.769	3.66	0.4586	1.539	-0.3633	0.2503	2.616	1.683	6.46	2.366	0.5617	4.773	4.205	6.894	2.174	2.483	6.571	-0.9863	1.668	0.4235	0.09544	1.456	1.522	1.214	9.469	0.7898	7.571	-0.8358	0.3654	1.126	1.431	4.184	6.12	2.218	4.071	4.883	2.601	6.27	6.142	-3.576	-0.08021	-0.4923	-0.1671	1.868	3.177	2.53	-0.9961	4.801	4.56	4.027	-0.0857	2.319	4.102	1.084
2.581	2.393	5.224	-0.2564	0.3648	1.601	2.233	-0.8671	4.349	1.864	1.113	-0.04122	-1.197	7.82	2.256	3.68	4.975	2.159	5.641	2.368	3.436	-1.331	-0.001702	1.162	2.632	0.368	3.808	3.842	5.95	3.95	4.284	1.673	5.94	0.8802	5.185	5.613	3.91	1.606	-1.35	1.412	1.471	2.61	-0.4342	4.542	2.764	9.566	1.366	4.71	1.961	4.051	-0.4018	-0.2887	2.734	1.774	5.292	4.419	1.582	5.548	4.403	5.956	2.161	3.146	4.033	0.9444	-0.5807	0.8872	-0.1557	0.6807	1.112	2.459	9.753	1.527	6.89	-0.1197	2.773	1.55	-0.2705	2.854	4.654	1.777	4.545	4.739	1.109	4.393	7.364	-4.416	1.693	0.8004	3.199	3.174	2.313	0.9079	-4.099	3.463	4.976	4.737	1.913	1.899	4.269	1.968
2.038	0.8111	4.686	-1.043	-0.7159	1.998	2.397	1.558	2.823	1.585	1.004	5.016	1.658	6.953	1.89	2.872	5.467	2.355	3.337	0.3829	2.06	0.1771	2.237	-1.062	-0.3395	3.129	4.168	5.275	6.105	3.263	4.642	2.227	5.824	-1.724	4.679	5.354	2.103	0.4805	-0.2822	0.3225	0.7118	2.369	-2.537	3.724	2.065	10.51	-0.2572	5.039	4.461	2.147	0.2314	1.327	4.027	0.7205	6.758	5.213	-0.589	6.249	3.175	8.227	0.5648	3.336	5.437	0.488	-0.07507	-0.07367	1.165	0.7154	0.7589	2.147	10.59	0.1891	5.235	-0.6596	3.619	-0.36	1.577	4.583	4.308	1.584	3.758	4.656	0.7409	3.386	3.979	0.04734	0.6422	-1.23	3.069	1.495	2.305	3.069	-0.8214	7.14	3.228	5.654	0.6928	-0.2093	3.745	1.908
3.834	2.002	4.495	-0.829	-0.5543	1.336	1.594	-1.573	2.912	3.78	2.177	-0.2867	1.739	7.172	2.23	4.031	4.087	3.706	3.316	1.64	2.024	-0.5707	1.509	1.215	0.8743	2.043	4.317	4.941	5.358	1.205	4.838	0.1559	6.169	1.014	1.543	2.262	2.769	0.9209	1.081	-0.09489	2.532	3.531	-1.379	5.083	1.239	12.17	-0.9984	4.457	2.971	5.136	0.4359	0.4781	2.449	-2.213	4.161	3.944	1.339	5.581	2.649	7.973	1.601	2.724	3.948	0.04382	-0.3182	3.135	-0.9002	0.9611	1.264	2.14	9.567	2.752	5.817	0.3634	3.041	-0.5156	1.89	3.071	5.306	0.05349	2.591	3.438	2.425	4.235	4.479	-1.743	3.043	-0.9909	5.253	1.522	4.138	3.174	0.3857	4.347	5.932	4.781	2.279	1.337	2.973	4.284
1.769	2.596	2.716	-1.505	1.383	-1.013	4.171	-0.8872	3.603	0.157	1.978	-1.833	1.483	6.403	2.396	4.016	4.205	1.118	3.24	3.406	2.354	-3.193	1.977	3.772	1.553	1.968	4.927	3.284	5.611	3.115	6.107	1.367	5.099	2.487	3.391	4.282	1.383	1.315	2.187	0.3706	1.077	2.411	0.06388	4.76	1.568	10.66	0.5869	2.397	2.737	4.219	2.948	0.6956	2.287	0.1869	7.114	3.355	0.2729	5.386	4.651	9.408	1.06	0.5316	5.485	-1.132	0.2129	3.808	-1.307	2.391	0.675	2.612	8.947	1.711	7.797	0.184	3.229	-0.6063	1.161	2.926	3.297	0.679	4.434	4.831	2.623	5.135	6.802	-1.138	0.964	-1.049	5.425	1.992	3.429	0.3491	-1.376	6.624	3.155	2.674	-0.5111	1.093	4.494	0.3025
2.76	3.496	4.366	-0.07244	0.7107	1.987	1.868	0.05012	5.614	2.526	1.15	-0.3186	-0.4926	6.804	1.437	4.168	5.6	3.503	6.778	2.349	1.656	-1.671	1.214	-0.3505	0.8073	3.121	3.362	4.48	5.167	3.022	4.716	-0.6069	5.917	2.461	4.061	2.939	2.532	1.447	1.638	-1.286	-0.01177	2.211	0.1454	3.468	2.584	10.8	-0.512	4.443	1.698	2.584	1.983	-0.7829	3.833	0.971	8.518	3.942	-1.653	6.096	4.194	6.72	-0.643	3.116	3.321	1.373	0.3867	1.982	-0.33	2.218	1.725	2.35	9.191	0.7604	6.954	-0.3164	1.22	0.3961	0.9809	3.131	3.925	0.4956	4.759	4.951	3.602	5.267	7.265	-1.393	1.998	-0.6228	4.763	0.3745	1.286	3.071	-1.143	5.862	4.234	3.255	0.1554	3.476	3.447	2.842
2.792	2.165	4.134	1.353	-1.671	0.3934	0.5188	0.9592	4.069	2.531	0.4833	1.034	-0.8032	4.911	2.374	2.306	4.064	5.163	3.596	-0.8211	1.916	-1.121	1.631	-0.5337	1.07	3.317	5.51	3.776	4.741	4.954	5.201	1.143	6.355	4.289	4.112	6.061	1.636	1.852	0.7735	-0.05329	2.199	2.488	-0.6462	4.745	1.59	13.02	-0.3463	2.761	3.191	4.299	-1.122	2.021	3.279	1.077	5.655	3.961	-0.5597	5.381	1.93	8.726	1.573	3.195	3.509	-1.188	-0.7237	3.42	-0.7551	1.645	0.3765	0.9299	10.3	2.116	8.059	0.3652	1.183	1.188	1.685	4.379	3.712	0.1463	4.718	3.911	2.985	4.91	6.209	-2.175	0.9173	-1.563	-0.6789	1.884	1.449	1.068	-0.5056	5.896	4.487	5.065	2.535	2.667	6.076	0.9441
2.919	2.519	3.529	-1.395	-0.2293	1.346	2.052	0.218	2.144	2.308	1.35	-0.01598	-0.8052	5.369	1.588	5.221	4.359	0.9057	5.891	-0.04261	3.257	-1.303	0.08414	1.028	0.5886	1.646	2.426	4.625	7.195	0.9268	5.64	0.05071	6.148	0.8528	5.232	7.467	2.592	-1.531	2.669	-0.9946	0.6033	1.138	-1.119	3.846	3.409	10.23	1.392	6.164	2.169	2.289	0.9441	1.81	3.049	2.098	3.539	4.279	-0.6005	5.799	3.341	9.833	0.548	3.033	5.788	1.133	-0.6005	1.498	-3.73	1.725	0.9992	2.941	11.87	1.618	7.44	-0.1052	1.743	-2.732	1.414	2.612	4.33	1.375	2.342	2.43	1.265	4.314	7.328	-3.62	1.391	-1.084	4.068	0.409	3.741	1.553	-1.382	4.169	5.005	7.362	0.3323	2.417	1.546	1.318
3.076	3.323	3.686	-1.186	1.175	0.7815	3.06	0.1776	4.299	2.248	1.457	2.666	0.4053	6.272	1.782	5.191	3.449	1.742	4.146	0.01609	1.254	-0.2439	-0.4184	1.057	2.922	2.028	3.292	4.554	5.999	4.149	3.811	0.9614	5.6	-0.2843	5.108	6.021	3.936	-1.085	-0.7142	1.077	1.584	3.205	0.1411	4.63	2.425	12.8	-0.2687	3.535	-0.1633	3.008	2.225	2.513	2.254	0.2096	5.692	3.788	0.9136	5.511	4.631	8.023	2.022	1.175	3.43	0.3382	1.885	3.493	0.03232	1.836	0.06514	1.734	9.914	1.974	6.23	-0.8161	0.4756	-1.777	1.781	3.543	4.617	0.7858	4.218	4.05	2.675	5.583	7.649	-2.712	3.989	-0.7186	5.4	1.861	3.982	3.418	-0.7146	7.265	2.643	3.71	1.643	1.965	5.326	-0.675
3.273	3.662	3.307	0.5669	1.001	1.755	3.083	-0.9274	3.435	1.561	2.6	0.9353	-0.3778	7.521	2.229	4.201	4.395	3.557	4.877	-2.007	2.549	-2.307	2.081	2.65	2.234	3.226	4.13	5.131	5.73	2.929	5.158	2.056	5.902	-1.714	3.722	4.053	2.193	0.9515	-0.139	1.069	1.297	2.321	-0.492	3.732	1.88	12.51	0.3428	4.885	3.555	1.826	-0.6807	3.031	1.034	0.6498	7.116	4.453	-0.1501	5.254	3.206	6.437	1.791	1.966	5.335	0.1674	0.5855	1.881	-0.5881	2.111	0.8435	0.9648	10.32	0.6486	7.393	-2.09	1.473	-0.9643	2.305	2.345	6.063	0.7356	3.195	3.718	2.038	6.13	7.446	-2.979	2.532	-0.01511	3.687	2.319	3.977	0.135	-0.9397	5.885	3.838	5.227	2.7	2.583	2.922	0.7674
3.201	2.891	2.442	-1.832	0.2976	0.7954	3.572	-1.197	5.993	0.5165	-0.3831	1.381	0.4249	9.182	2.158	5.615	5.056	1.053	0.7339	2.637	3.646	-0.9502	1.291	1.638	2.624	0.005728	4.547	3.53	7.252	3.523	4.127	2.879	6.67	2.814	4.449	6.314	1.888	0.04635	0.6065	-0.197	2.203	3.144	-0.8986	4.635	3.217	12.34	-1.182	5.44	3.149	3.013	-1.358	3.118	0.7221	1.026	5.329	5.214	1.859	5.824	5.551	7.538	1.897	2.767	5.369	0.2554	0.5842	3.594	-2.917	2.392	0.2967	3.175	8.695	2.356	6.46	-1.397	2.425	-0.3679	-0.3839	2.395	5.532	0.7171	3.995	3.905	1.281	4.801	6.187	-4.826	0.6187	-2.499	3.668	2.038	5.398	1.833	-0.2852	6.637	4.493	3.844	2.319	0.4264	5.41	2.09
2.822	3.805	2.964	-2.208	0.0006291	1.443	1.253	-0.6226	3.891	4.313	1.196	-0.3659	1.406	9.403	2.348	6.075	5.299	3.286	5.102	1.91	4.273	0.2999	0.598	-0.3494	2.492	2.176	4.002	4.694	4.246	1.863	5.912	2.811	6.069	1.587	4.041	6.152	3.618	1.73	-1.293	-0.1493	-0.4633	2.163	-0.7586	3.671	1.426	10.88	-1.03	3.122	3.04	2.826	-0.8576	2.258	1.288	-2.104	3.468	3.629	-0.7903	5.972	3.585	4.205	0.6908	3.737	5.204	0.9812	-0.1555	2.649	-1.039	3.33	1.232	1.579	8.099	1.56	5.759	-0.2028	4.008	1.294	1.102	4.458	4.739	1.334	4.244	5.998	1.518	4.805	5.438	-2.047	0.7301	-0.2374	3.324	2.202	1.689	3.721	0.7731	5.701	4.208	4.922	3.052	3.327	5.595	4.081
3.717	0.1267	3.723	-0.8947	0.362	1.144	0.3552	-2.721	1.351	2.409	1.81	-1.127	1.238	6.425	2.699	5.248	5.347	1.413	2.445	2.353	1.707	0.7496	1.396	1.409	2.128	-0.6357	5.189	5.847	5.256	4.313	5.619	0.9395	6.64	-0.9336	3.001	5.872	2.97	-0.2967	0.9007	-0.2544	1.755	3.832	0.4405	2.732	2.199	10.7	0.4039	5.583	1.551	3.069	0.6559	2.393	3.397	-0.3667	5.2	5.247	1.245	5.374	4.236	5.261	1.797	2.24	3.397	1.17	0.694	2.007	-1.56	2.995	-0.2259	2.814	10.43	2.49	8.464	-0.2948	3.339	-1.307	1.655	3.817	6.534	0.3751	3.365	5.31	2.599	3.421	4.817	-1.25	2.295	0.4912	3.892	2.26	3.019	2.733	-1.087	5.741	3.563	6.118	0.8418	1.599	5.147	2.189
2.612	4.873	4.309	-1.039	0.2764	3.644	3.975	1.937	4.93	3.666	1.71	1.874	0.4354	5.918	-1.195	2.743	4.184	1.727	3.568	-1.246	1.252	0.2865	1.034	4.175	2.169	0.9597	5.664	2.968	5.055	1.859	5.722	0.7386	5.194	2.372	3.903	4.907	2.728	0.03271	0.3113	0.9849	2.521	2.649	0.8438	3.705	1.842	11.97	-1.139	3.776	1.89	3.985	1.356	1.777	3.505	1.647	6.6	3.959	1.282	5.291	1.839	7.122	0.9424	3.654	3.28	1.218	0.5484	5.139	-2.17	1.444	0.1008	1.944	10.11	2.836	9.125	-0.3475	2.123	0.1751	1.404	3.941	4.572	-0.1202	3.27	3.963	1.853	4.021	6.059	-2.533	0.7486	-2.424	1.673	2.241	2.787	1.137	-0.7484	5.164	5.058	7.029	1.565	2.396	5.251	2.712
3.228	0.05112	4.686	0.1249	-0.1412	1.846	3.59	0.3141	3.699	1.88	0.5291	-0.1294	-0.1112	8.427	1.621	3.949	4.972	4.001	4.733	0.6119	1.057	-0.5703	1.479	0.4884	1.44	1.694	4.595	1.926	5.969	1.861	5.527	0.5938	7.148	1.125	3.609	7.171	3.12	1.452	0.002795	0.4841	2.798	3.379	-1.193	4.147	1.13	13.41	0.1246	4.473	2.437	3.02	-0.06847	-0.2273	3.768	1.284	4.736	5.544	1.756	4.347	4.792	7.277	2.294	4.594	4.432	2.268	1.156	1.31	0.1587	1.818	0.8523	1.876	9.451	2.059	6.106	-1.422	1.581	0.7605	1.606	3.279	3.917	0.3735	3.884	4.017	0.5743	1.403	5.554	-2.52	-0.06322	-0.4389	4.785	1.94	3.022	1.451	-0.01431	5.225	5.248	5.741	2.493	1.633	5.478	1.988
3.329	2.585	3.707	0.07986	1.148	1.3	0.8269	1.907	3.038	1.786	1.92	-2.094	0.6233	4.046	-0.1342	5.622	5.564	3.811	3.638	-0.4911	1.184	0.7993	2.85	2.156	-0.8442	-0.5797	3.755	5.075	5.158	1.358	2.647	2.941	4.485	1.286	4.245	5.72	2.266	-0.8611	1.028	0.3604	2.093	1.278	-0.1183	4.096	2.144	12.92	0.00507	3.289	1.634	1.163	0.1622	3.592	2.185	-0.3458	6.075	3.493	-0.6295	5.07	3.246	6.646	1.164	0.8196	4.599	0.4558	0.1667	3.255	-1.432	0.7596	-0.1581	1.102	8.884	1.955	4.632	-0.2256	1.651	-0.01681	1.293	3.076	3.262	2.038	3.084	4.635	1.998	1.776	7.215	-3.567	1.507	-0.3478	4.107	2.499	0.5188	-0.4445	-0.2519	4.572	4.191	5.621	0.3791	1.647	1.879	0.5
2.924	2.037	2.528	-1.011	0.3214	0.1377	0.9893	-1.508	3.53	3.298	1.473	-0.8583	-0.8176	6.627	2.367	3.694	6.035	2.943	3.588	1.552	-0.4225	0.446	0.6847	2.101	1.281	1.202	5.725	3.926	6.126	3.442	6.479	2.254	7.124	0.6927	1.898	7.625	2.693	-0.7294	-0.6205	-0.2429	1.408	3.761	1.426	4.696	1.577	12.59	2.531	4.186	3.561	4.563	0.9604	2.719	3.606	1.07	4.44	4.762	1.617	4.612	3.209	7.814	1.421	1.968	4.676	1.153	-1.651	2.145	0.2023	1.846	-2.071	2.804	8.187	1.578	6.592	0.945	1.94	1.334	1.707	2.635	3.888	1.947	1.221	3.373	1.399	6.304	3.907	-2.002	1.218	-0.3438	2.037	0.6438	3.792	-0.5858	-1.384	6.833	3.88	6.435	1.573	1.631	5.008	1.93
4.102	0.1427	4.483	0.5536	0.8355	0.9317	3.007	-0.5812	3.948	1.796	2.048	0.9382	1.23	7.404	1.241	4.921	4.688	0.8737	2.352	1.166	2.742	-2.19	2.12	-0.6428	2.339	1.096	4.578	5.147	4.106	3.513	7.012	-3.266	5.529	1.601	3.796	3.607	2.25	1.761	0.8521	-1.964	1.783	2.567	0.8244	3.574	2.059	12.27	0.9982	3.675	1.389	1.7	-1.058	0.532	3.982	2.425	4.177	4.177	0.6783	5.354	3.226	5.281	1.507	3.134	6.352	0.5653	-0.6768	3.036	0.15	1.196	1.517	2.981	10.8	1.808	7.992	0.2949	2.453	-1.095	1.317	4.974	4.537	2.401	3.595	2.388	2.141	3.76	7.437	-3.062	1.082	-1.783	5.001	2.264	1.949	2.115	-1.492	4.689	4.664	5.271	0.01001	2.536	5.549	1.908
2.641	3.029	3.049	0.1185	0.7279	0.001061	1.228	0.7865	4.316	2.571	1.4	-0.9055	0.6513	7.185	1.339	4.323	5.537	2.912	2.349	0.9818	0.4196	0.5548	-0.3234	2.553	0.8309	0.1885	5.102	4.275	5.977	4.4	5.026	-0.4718	6.735	-1.9	2.47	6.03	2.139	0.7871	1.019	0.1189	0.3246	3.154	-0.8275	4.037	1.508	11.44	1.409	2.313	3.056	3.395	1.487	1.911	1.252	1.548	6.12	3.451	0.6715	4.948	3.034	7.12	3.628	4.52	5.077	1.139	1.315	3.175	-0.8362	1.155	1.006	2.321	10.07	1.641	7.891	-0.4422	2.577	0.3719	1.086	1.761	2.769	1.518	2.852	4.437	0.6237	4.537	5.048	-3.066	2.839	-0.5351	3.306	1.581	1.992	2.951	-0.3135	7.805	5.265	5.607	2.409	1.871	4.559	2.849
3.614	1.499	4.805	-0.726	2.095	-0.106	2.329	-0.7546	3.913	3.643	1.122	-0.2283	0.6111	6.547	1.801	3.754	5.566	2.384	4.923	0.02086	3.018	-0.722	0.3053	2.754	2.092	1.015	4.074	4.545	4.864	4.52	5.505	-0.1367	5.697	2.391	5.698	5.612	1.395	0.02113	0.6513	-0.07099	1.431	2.268	-0.7861	5.231	1.633	11.72	-0.4029	4.738	0.6677	3.557	0.1715	2.306	4.316	-0.938	4.394	4.424	3.111	4.952	4.318	8.715	1.513	2.215	4.701	0.2655	0.1399	1.385	0.2109	1.929	-0.1547	1.119	11.07	2.049	6.442	0.5147	2.701	0.3221	1.417	5.138	4.734	0.4235	1.182	0.428	1.821	4.463	5.281	-1.805	-0.7472	-0.3425	4.099	2.54	3.145	2.887	-0.8199	3.992	4.045	3.305	1.727	0.613	3.343	-0.7975
3.152	1.433	4.284	-1.316	0.8944	0.8632	0.1911	-2.12	4.563	2.264	-0.1803	2.061	-0.1101	5.664	2.611	3.941	4.165	1.82	3.69	-0.2842	2.834	-2.279	2.786	1.213	2.293	1.585	6.201	3.97	3.817	3.043	6.511	3.078	6.209	3.516	4.008	4.675	1.046	1.272	-0.02529	0.1197	1.423	2.011	-1.44	4.438	2.404	13.15	-0.3464	4.661	1.831	3.198	0.4457	0.9373	1.374	-0.01161	6.224	3.963	0.2156	5.179	4.052	8.201	0.8845	2.989	4.542	0.3215	-0.1852	1.377	-0.6108	1.783	1.249	2.207	8.368	1.71	6.712	0.6175	1.74	1.666	2.118	3.367	4.136	0.5005	2.531	5.05	1.648	4.473	3.356	-0.7608	2.2	-1.383	4.787	2.803	3.255	2.824	-2.576	7.764	2.397	2.609	2.046	2.228	4.241	-0.5312
3.702	3.314	2.157	1.904	0.3559	-0.2908	0.4923	1.001	3.483	2.263	1.158	-2.382	-1.024	6.015	2.072	3.33	4.987	1.78	4.438	0.1258	3.025	-0.1007	1.069	2.006	0.9224	0.7984	5.043	3.027	5.926	2.957	5.676	3.093	6.504	-0.07644	4.473	5.018	1.516	1.13	1.359	0.07523	0.308	1.897	-2.966	4.11	1.921	11.99	0.4756	2.498	2.446	4.261	0.9505	1.096	2.08	-0.3663	4.002	4.342	0.07386	6.269	4.092	7.298	1.727	3.289	3.737	0.05456	3.005	2.782	0.3174	1.161	0.5164	1.286	10.32	1.828	7.551	-1.844	2.201	0.2904	-0.4229	3.975	5.545	0.4217	2.835	3.023	2.212	6.494	7.234	-2.975	0.6539	-0.7389	2.468	1.183	2.661	1.713	-0.1101	5.318	6.277	3.93	1.129	1.914	5.195	3.73
2.582	1.636	4.426	0.3703	1.429	2.179	3.409	1.449	3.038	2.35	1.951	1.24	1.444	6.274	-0.5476	2.043	4.678	-0.3632	2.915	-1.578	0.9943	-1.016	1.769	1.94	1.562	2.167	1.618	3.951	5.05	1.137	4.171	2.525	6.05	0.8669	3.795	6.109	1.873	2.761	0.8433	-0.1898	0.3293	2.325	-0.2346	3.245	0.2426	10.85	0.01224	4.159	3.429	3.289	-0.5803	2.752	3.58	2.728	6.258	3.027	0.4222	5.015	3.266	7.543	0.8623	1.552	5.108	0.1805	-0.4093	3.077	0.1858	1.184	-2.263	-0.6795	8.576	1.938	6.963	-0.7191	1.838	-0.2749	1.002	3.499	4.995	0.4595	2.766	3.864	0.9747	4.813	6.104	-2.644	1.61	-0.435	3.721	1.549	4.196	1.318	-1.008	5.298	4.506	4.306	0.7459	1.077	3.378	3.665
3.225	1.214	3.758	-0.599	0.9153	-0.2011	2.146	0.9809	4.556	2.222	1.868	1.346	0.4946	7.603	1.77	4.082	3.869	1.46	4.472	-0.4293	4.494	0.03234	1.594	1.908	0.5294	0.6042	2.127	5.132	5.455	4.241	4.241	2.59	4.391	2.69	4.291	5.852	2.164	0.4801	1.544	-0.5551	2.249	2.026	0.1027	3.521	1.828	15.14	0.9187	3.178	1.096	1.539	-2.145	0.6977	3.736	1.726	4.734	3.349	-1.427	4.583	4.117	7.177	1.941	-1.522	2.231	0.4901	0.2692	1.54	-0.7048	1.739	-0.02016	1.428	10.85	2.577	7.843	-1.876	3.205	0.3234	1.244	4.217	4.582	1.237	3.84	5.507	2.071	4.387	4.164	-1.628	3.444	-1.395	2.822	1.439	0.9237	2.669	-2.87	7.255	5.751	7.169	1.646	2.367	2.352	2.819
2.996	1.655	3.162	-0.822	-0.4945	1.997	1.871	0.1578	5.168	0.8639	0.5738	-1.282	-0.9579	4.514	0.9704	4.699	4.344	1.445	3.447	2.01	3.624	0.432	1.677	2.64	3.085	3.281	4.169	3.202	4.121	3.822	4.087	0.03854	4.978	2.302	3.13	6.738	2.567	1.745	1.313	-0.1486	1.538	1.548	-1.953	4.939	1.464	10.77	-0.003216	4.061	3.771	3.125	-0.5794	2.422	0.2898	0.7075	5.206	4.676	-1.941	5.046	3.583	6.11	1.837	1.231	5.307	0.4395	-0.3153	3.124	-0.2557	0.9284	1.349	1.053	9.752	2.887	6.711	-1.322	1.688	-0.4559	1.955	3.444	4.813	0.2544	3.123	4.63	1.006	4.649	5.72	-0.4296	0.3018	-0.3982	3.839	1.651	3.021	1.733	-1.968	4.662	1.603	4.152	0.8668	0.1654	3.901	2.114
2.114	2.579	4.752	-1.138	0.0009464	-0.1802	2.681	0.1859	4.003	2.625	2.237	0.1519	-0.5552	8.206	3.31	3.679	4.957	1.36	5.863	-0.1179	3.57	-1.525	1.287	0.6755	0.456	3.601	4.966	4.81	5.945	4.633	6.679	0.1006	6.794	3.539	4.381	6.128	4.138	-0.5681	-0.2522	-0.3924	1.636	2.753	-0.1166	4.143	-0.1362	13.09	1.05	4.213	2.437	2.865	-0.7494	1.768	2.989	1.235	7.479	4.632	-0.3478	5.572	2.709	8.327	1.509	4.03	5.543	-0.3648	-0.08113	1.614	-3.277	3.264	0.1737	1.246	6.65	1.828	3.321	-0.521	3.945	1.496	1.759	3.641	3.254	1.018	3.605	4.329	1.539	5.713	6.6	-1.645	1.613	0.3628	3.532	2.101	3.92	3.24	-0.3551	4.705	4.298	6.513	1.57	1.807	4.465	1.523
3.661	1.72	5.097	-0.1608	-0.07833	1.175	2.474	0.619	4.317	2.999	1.17	0.7262	0.003997	7.22	2.819	5.242	4.733	0.774	4.384	-0.08053	1.493	-0.5265	1.035	1.89	1.734	1.695	4.375	3.525	3.837	4.644	3.926	-1.504	5.379	3.977	2.126	3.692	2.052	0.3302	0.9643	1.104	2.339	3.191	0.5191	4.039	2.112	11.06	0.173	4.583	2.688	0.46	1.871	1.57	2.753	0.6214	7.292	4.028	1.733	5.384	3.264	7.435	-0.04144	2.419	6.022	0.1505	0.7267	3.094	0.1073	0.4577	0.5372	1.178	8.954	1.342	7.03	-0.6063	2.736	-0.03506	1.097	3.823	3.02	-0.3078	2.785	4.258	1.791	3.454	6.269	-3.015	0.9889	-0.8922	2.656	1.791	3.07	3.16	-0.2297	6.533	4.193	5.85	1.054	1.687	0.8494	2.168
2.656	2.05	5.186	-0.06842	0.2884	2.221	-1.356	0.3222	3.729	1.976	1.093	-0.1122	-0.2244	8.192	2.835	4.374	4.219	1.759	3.345	0.5923	2.626	0.6174	2.73	1.692	1.912	2.606	6.037	4.386	4.721	3.411	6.242	0.4926	6.908	1.995	5.739	6.451	0.9242	0.5182	2.233	0.8348	-0.06841	2.87	-0.314	3.908	2.109	13.06	0.9025	4.87	1.649	3.682	3.72	1.579	2.913	-0.352	6.686	3.727	1.329	5.111	5.09	9.436	2.229	3.464	3.694	-1.174	0.4339	1.922	-1.317	0.7726	-0.07003	2.502	9.369	2.105	6.554	1.104	3.227	0.8504	0.1878	4.099	5.494	1.05	3.655	1.749	2.042	5.783	6.084	-3.608	3.594	-1.427	3.159	1.869	2.113	0.917	0.3722	6.168	4.067	5.118	-0.4617	0.2193	4.557	1.608
3.382	2.599	3.71	0.6091	1.261	0.9098	1.917	1.99	4.818	-0.05768	1.982	-0.8416	1.31	7.756	3.117	4.322	3.962	2.371	1.949	-0.04956	3.403	-1.195	1.102	1.634	1.226	1.555	4.612	3.255	4.422	3.987	5.595	1.207	5.437	3.051	2.157	5.304	1.516	-2.643	-0.1245	0.9932	2.357	1.143	0.5394	2.799	-0.2906	11.66	-0.3136	4.098	2.667	3.522	-0.2653	2.296	2.205	1.105	6.769	5.148	1.399	5.771	4.26	6.766	2.086	0.02363	5.015	0.5286	-0.8697	2.847	-1.788	1.657	-0.3362	1.689	8.976	3.042	6.307	-0.04921	0.6609	1.095	1.88	3.142	6.485	0.3553	2.918	3.628	3.7	3.729	7.056	-1.933	0.7388	-0.2579	5.472	1.673	2.508	1.144	-2.34	6.571	5.177	5.73	2.734	2.672	3.882	2.994
2.573	3.674	3.463	0.2078	0.6178	1.701	2.561	0.9359	4.192	2.911	0.1457	1.817	1.288	4.111	1.937	4.424	5.06	1.717	3.531	2.121	3.229	1.412	1.682	2.278	-0.2987	2.062	4.457	5.39	5.664	3.9	4.399	0.9067	6.164	0.3912	3.222	4.862	0.7961	1.218	1.757	-0.4305	0.07355	1.654	-1.163	3.358	2.231	13.38	0.6516	4.93	1.494	3.34	1.009	0.6561	3.844	1.494	4.078	3.685	-1.203	5.355	2.569	6.855	1.052	2.389	3.301	0.8896	-0.1373	2.006	1.082	2.182	-0.02665	1.677	9.428	1.999	4.812	0.9378	2.356	0.2598	1.072	3.559	3.927	-1.017	4.034	4.696	0.7789	5.862	7.762	-1.052	1.516	-2.552	2.98	1.947	2.237	3.585	-1.838	6.027	4.597	4.587	1.7	2.261	3.617	3.169
2.494	1.24	4.236	-0.6175	-0.06979	0.9162	4.133	-0.7557	3.797	3.148	0.7169	0.4847	0.3047	6.372	1.045	6.053	3.439	3.927	5.536	2.044	2.47	-1.201	1.864	2.845	1.969	2.568	3.996	4.129	6.124	4.347	5.66	1.281	5.704	2.115	3.969	5.858	2.993	1.35	0.1701	0.7519	2.621	3.337	-1.782	3.936	1.707	11.06	1.472	4.904	0.9287	1.87	-2.089	1.713	1.683	0.4448	6.168	4.919	0.2333	4.946	4.642	8.801	2.039	3.474	2.377	-0.192	-0.4245	1.574	-1.087	2.15	0.4897	0.4457	9.369	2.219	8.125	-0.2758	2.403	1.098	0.4477	3.502	3.066	1.799	1.868	3.437	1.787	3.905	7.411	-3.394	0.8683	-0.5505	4.176	1.825	2.447	2.227	-0.0771	6.864	3.098	5.691	3.053	0.06591	5.663	2.551
2.383	4.274	2.903	0.673	1.175	1.934	2.683	-0.9568	5.092	2.911	1.552	1.003	0.7913	7.987	2.017	5.945	4.055	1.355	2.708	0.09855	2.028	-2.12	2.673	0.7258	2.52	2.027	5.301	3.71	5.876	3.36	5.318	-0.1532	5.613	1.301	5.163	6.437	1.191	2.373	0.7757	-0.3499	1.619	2.099	-0.505	3.977	1.943	12.7	1.25	3.449	3.674	1.958	0.2514	2.175	2.709	-0.9318	3.947	4.112	-2.408	4.679	3.644	7.772	1.855	2.953	6.056	0.5883	1.68	3.346	-0.9256	2.528	0.9191	1.887	7.05	1.727	6.641	-0.1127	2.487	-2.339	0.6486	3.313	4.208	1.018	2.589	3.164	1.779	6.21	6.373	-2.122	2.036	-1.222	2.015	2.705	2.278	-0.1394	-2.07	4.543	4.521	3.501	1.468	0.9058	2.635	1.504
3.607	3.362	3.773	-0.7537	1.647	0.1063	1.941	0.7212	4.209	1.677	0.7949	-0.8734	0.199	8.189	3.099	3.62	5.769	2.782	4.406	0.5635	2.911	-1.933	1.85	1.339	2.007	1.822	3.958	2.181	4.543	4.207	4.67	-1.486	5.613	-0.3734	4.802	6.362	1.925	0.9708	2.364	0.9647	0.8537	0.6216	-0.1158	3.986	1.418	13.53	1.277	3.57	3.152	3.258	1.644	1.174	2.058	1.868	6.416	2.965	0.6279	6.106	3.7	8.607	1.713	4.421	4.859	1.183	0.07889	2.8	0.7178	1.708	2.011	1.891	7.282	1.579	6.264	-1.315	2.949	-0.4058	0.8691	3.759	3.577	0.8551	2.028	4.736	-0.1033	5.36	7.07	-2.303	1.486	-0.3163	3.076	1.521	2.2	3.026	-0.4103	7.873	3.272	4.088	3.822	1.364	4.383	2.438
3.478	-0.2916	4.342	-0.2119	2.066	2.782	2.971	-0.3889	4.086	2.398	1.185	1.462	-0.1145	8.333	1.884	2.637	4.144	2.788	2.489	0.6245	3.959	0.1308	2.196	1.195	1.404	2.048	4.663	3.661	5.978	1.361	3.248	3.234	5.591	2.208	3.459	5.051	3.986	1.138	-0.506	-0.8384	2.183	3.46	-0.7689	4.065	-0.3054	12.54	-0.4413	4.996	0.721	1.82	-0.6354	0.2179	3.688	1.285	4.339	5.187	0.3703	5.988	4.93	8.161	2.495	1.988	3.345	0.05998	-2.189	4.312	-0.02157	2.082	0.4982	2.924	9.883	2.234	6.299	-0.8831	2.393	0.7843	-0.6038	3.611	5.869	1.484	3.186	4.204	2.489	4.363	7.145	-2.531	1.937	-2.17	2.425	2.269	4.364	3.002	0.3812	4.612	5.308	4.634	2.511	1.587	1.779	0.9161
2.928	2.772	3.222	-0.3301	0.8238	2.647	1.061	-0.4312	3.283	0.7164	1.78	-0.7195	-0.1839	8.606	0.8891	4.524	5.757	4.467	3.923	0.7215	1.202	-1.154	0.01928	-0.9558	2.737	3.153	4.885	3.5	4.712	3.181	4.214	2.906	5.2	2.376	4.931	4.211	1.003	0.5768	-0.5998	1.685	1.842	4.229	0.4473	4.835	3.189	12.91	-0.187	3.422	1.749	3.28	0.05492	3.513	1.613	1.179	5.61	4.366	2.268	5.252	4.575	7.745	2.034	2.738	4.595	1.361	0.0797	1.711	-0.8524	0.3925	1.151	1.238	11.89	2.728	5.752	-0.2587	2.3	0.1113	2.314	3.855	4.603	1.653	3.645	1.521	1.815	4.816	6.759	-1.55	0.5798	0.5274	1.572	1.309	1.896	3.204	-1.102	5.008	4.743	4.095	0.3661	3.757	2.135	0.3877
3.368	1.015	4.052	-0.6687	1.206	0.23	2.07	0.3861	4.011	2.828	1.413	1.651	0.8415	7.066	2.534	4.272	4.042	2.415	4.795	0.2164	2.54	-0.03223	1.21	1.062	1.479	1.525	4.147	5.884	5.327	5.239	4.088	-1.893	4.51	2.816	3.291	7.101	3.246	1.136	1.126	0.7964	1.343	4.074	0.1984	5.143	1.353	13.4	0.9055	4.049	4.291	1.561	1.186	1.166	3.714	0.9929	7.292	4.378	0.5455	4.69	4.173	9.523	1.046	4.587	5.941	0.9025	0.6452	3.897	-0.003343	2.703	0.2727	2.51	8.767	1.746	8.14	-0.1129	2.343	-1.141	0.6391	2.399	3.954	0.3813	2.032	4.698	0.82	5.018	6.215	-1.307	3.053	-0.498	2.261	2.468	2.66	2.517	-3.234	6.399	4.059	5.601	1.015	1.35	3.304	2.086
2.835	2.656	4.106	-1.903	-0.4354	0.8781	2.574	-0.9076	5.87	1.943	0.7223	2.983	0.09044	6.709	2.732	5.548	6.077	3.547	4.218	0.7237	1.189	-0.6148	1.904	1.159	1.565	3.579	4.817	4.143	6.615	3.602	6.581	1.62	6.158	2.288	2.132	4.351	2.075	-0.2589	-1.139	0.5462	2.088	1.112	-0.1508	2.474	0.6835	9.394	-0.6316	3.164	2.443	3.753	0.5172	1.804	2.205	0.9135	4.989	5.687	0.128	5.789	4.263	7.489	4.11	2.733	5.351	0.373	-0.1187	3.759	-2.377	1.864	1.474	1.564	10.08	2.332	6.239	0.8659	1.287	0.1726	1.594	2.196	6.459	1.537	2.932	4.007	1.647	6.105	6.677	-0.3156	0.4586	-0.9658	2.464	0.6939	4.278	1.744	-0.8326	6.795	6.448	5.433	0.5978	2.811	2.944	1.275
3.965	2.444	1.817	-2.436	0.4259	1.689	1.721	0.1821	5.379	4.31	1.173	0.9865	-0.1467	6.701	1.737	2.347	5.345	2.311	1.993	1.753	1.269	2.086	1.352	4.162	0.7219	0.2861	5.126	3.605	6.044	2.899	5.78	1.358	6.493	2.8	4.584	5.723	2.578	0.04052	2.168	-0.3346	0.3102	2.985	-0.9339	4.905	3.261	12.57	-0.6953	6.123	2.051	2.614	-1.035	3.296	2.986	1.422	8.336	3.017	0.8535	4.246	3.526	8.186	1.254	2.782	5.237	0.743	1.84	2.571	-0.8557	1.323	1.07	1.819	8.951	2.546	4.565	-1.1	2.948	1.767	1.877	3.517	5.571	0.1724	3.699	3.548	2.997	5.288	7.532	-2.754	1.45	-0.1285	3.534	1.959	0.8437	2.785	-1.332	5.087	5.758	3.699	1.875	1.555	4.052	-2.303
1.367	2.489	3.109	-0.8012	-0.3221	0.1907	2.308	0.273	4.357	2.525	0.8574	1.925	0.05616	8.544	1.373	4.408	5.733	0.3947	5.117	1.075	4.158	-0.04504	2.144	0.7942	0.9621	0.796	3.475	3.875	5.493	5.179	4.37	1.33	5.888	-0.8585	2.727	5.234	2.836	1.021	1.59	-0.5226	1.969	3.045	0.2579	2.851	3.37	12.5	0.668	4.666	4.646	1.988	-2.518	2.857	2.95	-1.403	7.275	5.455	0.7312	5.723	3.976	8.37	1.561	3.305	6.566	1.552	0.6032	-0.1823	-0.9595	2.821	1.374	1.858	9.117	1.475	7.947	-0.4747	1.341	1.322	0.1079	6.147	4.616	0.3647	5.031	4.771	1.919	2.588	8.081	-1.741	3.576	-0.9122	4.002	1.13	2.486	0.766	-1.025	6.193	3.84	6.201	1.264	2.823	3.906	0.9253
3.327	3.262	3.746	-0.9749	0.01303	0.7591	3.813	0.6296	3.779	3.052	2.219	0.1652	0.2349	7.206	2.914	3.761	4.452	2.109	2.456	1.904	3.713	-0.06415	1.944	2.928	1.259	1.992	3.833	5.585	4.571	4.084	6.321	-0.6705	5.923	3.541	1.643	4.906	2.41	2.385	-0.4191	0.2317	2.792	2.631	0.1519	3.638	1.776	13.44	-0.8277	4.94	2.721	3.95	-1.011	0.3874	0.07024	2.272	6.409	3.946	0.3996	5.579	5.065	8.044	0.3742	3.34	4.536	0.7322	0.64	4.349	-2.18	0.8551	0.9708	1.842	10.23	1.145	7.699	-2.103	2.602	2.467	1.866	3.284	4.307	-0.8002	5.104	4.962	2.964	3.741	7.451	-2.728	-0.1746	-1.755	2.792	1.584	3.388	4.089	-2.628	3.868	4.004	6.119	3.383	2.724	4.877	0.856
3.401	4.204	4.226	0.9781	0.949	0.8616	3.997	1.735	4.816	1.927	1.953	-0.1349	0.2249	6.788	2.31	4.189	5.306	1.702	4.236	3.942	2.199	-0.3552	1.019	0.8308	1.064	1.984	4.951	4.776	5.692	2.628	4.826	2.675	6.6	1.465	2.912	4.979	3.068	0.2431	2.603	-0.4297	0.7878	1.787	0.4528	5.484	0.8976	11.65	-0.002974	4.704	3.633	3.169	-0.9677	2.729	2.627	1.4	7.255	4.188	2.251	4.498	3.342	6.176	1.961	3.962	4.164	-0.6405	0.924	3.755	-1.73	0.803	1.579	1.285	10.68	2.42	6.654	-0.5715	3.623	0.594	1.204	4.643	5.404	1.028	4.429	4.117	2.645	3.924	7.034	-3.859	1.617	-0.2525	3.318	0.6894	4.738	3.38	-2.171	5.999	3.099	4.544	2.347	0.659	1.898	4.365
1.597	1.521	3.974	0.1392	1.363	-1.956	0.7203	2.847	3.921	2.192	0.6527	1.585	1.828	8.652	0.7461	3.834	5.446	2.59	4.389	0.6663	4.97	-0.5027	0.5166	2.047	0.1272	1.254	4.075	5.134	0.9245	4.546	6.29	2.793	5.859	1.587	5.157	6.176	1.987	1.601	0.7021	0.7048	0.7171	-0.05849	-2.14	3.471	2.899	12.24	0.7897	3.877	1.618	3.677	0.6673	2.638	2.497	1.094	4.896	3.819	0.3336	3.626	4.185	6.952	2.086	3.401	6.775	-0.06086	-0.6946	1.684	-1.106	1.398	1.014	2.28	9.996	2.396	7.412	-0.2885	2.425	0.7801	1.848	1.269	4.542	1.499	5.539	3.421	2.664	4.578	4.451	-2.957	4.116	-0.7551	4.313	2.482	3.331	3.971	-1.912	6.245	0.8125	6.36	0.5869	2.594	3.344	0.4239
2.509	1.666	1.852	-0.5672	0.2383	2.979	1.057	0.5502	1.648	2.043	2.173	-0.2275	-0.8109	7.774	1.894	4.706	5.311	2.379	2.39	1.338	1.863	-1.642	1.673	2.423	2.362	2.272	2.98	5.187	4.967	2.247	5.593	1.574	4.736	3.052	5.03	6.154	-0.1534	0.5971	-0.9487	1.457	1.656	2.603	1.275	4.635	0.9005	14.35	1.026	3.669	2.978	1.864	-0.09506	0.4264	2.987	-0.4132	4.439	4.932	0.0537	4.979	4.348	7.074	0.41	3.493	4.262	0.9723	1.292	2.602	0.5914	1.871	0.1568	1.751	9.718	1.64	5.711	-0.7115	3.445	-0.9519	1.143	3.913	5.244	1.066	0.7065	4.497	1.464	3.549	4.824	-2.518	1.305	-0.06945	3.357	2.118	3.826	2.796	-1.649	4.889	3.866	3.833	0.6547	1.783	4.873	2.135
2.45	2.585	3.844	0.3462	0.4378	0.1974	4.191	0.2579	4.293	3.013	2.202	-0.8212	-0.1181	4.918	2.208	4.258	4.39	2.256	3.561	0.6262	2.288	2.223	1.801	1.002	1.66	4.53	4.807	3.3	6.651	3.288	5.651	1.076	6.507	1.982	4.693	7.686	3.509	0.1393	2.208	0.3269	2.002	2.443	0.6509	3.926	1.65	13.64	-0.5179	4.618	0.9494	3.735	0.5462	2.849	5.088	0.4735	10.01	4.97	1.955	4.615	3.511	8.073	2.721	5.189	3.472	0.7806	1.473	1.199	1.231	2.208	1.453	1.324	9.151	2.723	6.584	-0.4421	3.182	0.7836	1.487	2.683	3.011	1.272	3.451	2.253	0.4469	3.742	7.632	-1.752	2.143	1.518	4.402	1.146	3.009	-1.355	-1.759	4.315	3.429	4.49	2.235	3.233	2.384	-0.4684
2.74	4.104	0.6079	0.596	0.3104	0.09048	0.1257	0.7859	4.526	-0.3071	0.8437	1.441	0.6172	8.427	2.405	2.726	3.531	0.6607	2.298	1.251	2.929	0.8486	0.1582	0.28	2.358	1.746	1.752	5.062	2.823	3.246	4.77	3.29	5.951	2.494	3.797	5.633	2.769	1.091	0.2967	1.252	0.9467	2.89	-0.5126	2.572	2.837	13.43	0.5029	4.727	5.343	-0.2106	-0.5338	3.532	2.917	0.9365	5.026	5.026	0.5827	3.91	0.2502	6.321	2.611	3.585	2.343	-0.1558	0.3034	4.719	-1.843	2.563	0.8875	1.103	9.4	2.644	7.973	-1.891	1.675	-1.153	1.791	2.064	4.597	1.388	2.95	3.28	2.637	7.087	6.684	-1.255	2.681	0.5351	4.03	1.995	3.424	2.549	-3.096	5.864	5.242	6.605	0.996	1.52	5.909	2.293
2.257	1.95	4.176	-1.721	1.654	-0.2851	4.019	2.026	3.293	2.788	-0.2747	1.995	1.701	10.98	1.229	5.359	4.727	1.234	1.708	0.1306	3.578	0.8684	1.775	1.668	0.3476	2.633	2.402	3.775	5.011	0.3059	5.46	0.9088	6.161	2.366	4.914	6.26	1.242	0.2796	2.524	0.3561	2.101	1.416	-3.269	4.339	0.586	12.12	3.414	2.248	1.615	2.255	1.466	2.204	2.03	3.188	8.238	4.878	2.584	4.494	2.717	8.891	1.788	2.366	3.967	0.8255	1.045	0.5978	-0.5894	1.734	0.4305	2.791	9.336	2.462	9.151	0.389	3.637	2.48	0.9836	3.823	6.668	0.6888	2.17	4.347	2.794	5.294	7.424	-0.6317	2.326	0.304	1.894	1.206	1.917	2.603	-1.835	6.411	6.321	4.961	0.1437	1.107	0.05437	3.612
2.194	0.7744	3.655	0.8305	-0.03165	2.763	0.02984	0.8205	3.994	3.07	1.133	-3.095	-0.115	8.743	1.861	4.213	5.29	3.82	2.745	1.201	4.276	-3.225	0.9284	0.4735	-0.271	1.599	3.464	5.834	6.378	3.521	5.938	-0.7534	5.791	2.737	3.621	7.841	-1.569	1.296	-0.6019	0.1972	0.642	1.689	-0.7372	3.931	2.306	9.008	0.13	4.17	3.11	1.538	0.2013	2.458	2.948	0.05673	3.522	3.204	-0.1892	4.338	3.795	6.625	2.861	3.99	7.257	-0.1072	-0.01847	1.807	-1.238	2.552	0.3738	2.202	8.881	1.879	9.337	-0.1771	1.141	1.079	1.707	4.65	2.91	2.04	1.726	5.576	1.822	3.78	8.05	-0.05749	-0.2064	-1.345	3.76	2.269	4.735	2.578	-1.737	5.902	4.081	5.511	1.531	1.926	3.271	3.204
3.342	0.8868	5.26	0.02257	-0.328	1.058	0.9973	0.02119	3.705	3.169	1.141	1.011	0.8119	7.421	-0.4533	4.767	2.972	1.587	4.781	0.8871	1.782	0.5824	1.154	2.221	0.6451	0.6005	3.842	5.579	7.273	4.34	6.31	-0.1214	5.843	2.858	2.974	5.807	2.587	-1.302	0.08271	-0.3713	2.576	2.093	-0.08761	3.452	2.131	12.92	-0.4455	4.862	1.582	2.718	-0.08635	2.255	4.134	1.521	4.899	3.774	1.305	4.379	3.912	10.57	2.628	4.261	4.085	1.228	0.01691	3.748	-0.9471	1.503	2.147	1.551	10.78	0.2188	7.938	0.6619	1.91	1.728	1.202	3.513	4.34	0.1937	1.691	4.541	1.368	2.754	6.416	-1.649	1.421	0.07574	1.97	2.085	1.004	0.9358	-0.7421	6.427	3.013	3.385	-0.6964	3.356	3.028	1.847
2.575	2.281	4.584	2.133	-0.3297	-0.1874	3.164	1.481	5.185	2.505	1.512	1.636	1.546	5.271	2.664	4.384	4.895	2.816	2.615	1.279	3.002	1.615	3.007	2.19	0.9001	2.148	5.178	3.534	5.572	4.529	7.329	2.555	6.418	1.928	3.611	6.137	1.054	-0.4137	3.396	-0.3497	2.046	3.279	-0.5737	5.358	3.929	13.14	-3.014	3.668	2.901	2.774	-1.365	0.6189	2.816	0.7936	5.919	5.375	0.5079	4.462	4.667	6.009	2.855	2.524	4.726	0.309	0.07343	2.881	0.3543	3.197	0.1718	0.7495	10.05	2.584	7.94	0.811	2.931	0.972	1.739	0.5854	4.933	0.8782	4.852	3.691	-0.1713	6.392	5.521	-4.653	1.029	-0.02485	5.985	0.3132	3.629	2.454	0.8272	6.877	5.086	3.288	2.095	0.2567	3.116	-0.9824
3.896	3.128	5.22	1.129	1.74	1.308	3.405	-1.169	2.523	2.955	0.9679	1.812	-2.383	7.803	2.219	4.706	5.004	4.102	6.296	2.1	3.053	0.8676	2.607	2.165	3.518	2.665	2.305	5.641	4.743	4.422	3.447	3.064	5.958	1.148	2.876	4.251	1.905	1.141	-0.4006	0.07437	2.695	2.801	-0.3674	4.7	1.739	13.58	1.007	5.418	4.04	3.273	1.356	1.657	5.106	0.8806	3.962	5.014	2.562	4.874	2.128	6.79	1.102	4.603	6.792	0.7406	1.403	2.802	-1.207	3.871	1.016	1.168	9.818	1.835	6.64	-0.6007	1.176	-0.1376	1.349	4.151	5.269	0.1103	5.259	4.747	2.872	6.178	7.621	-1.134	0.7656	-0.05013	4.431	1.78	5.027	0.885	-2.171	4.353	5.081	4.57	2.706	4.178	4.181	4.967
3.537	4.059	1.714	-0.8633	0.3439	1.342	4.549	-0.8074	4.969	2.772	0.715	2.127	-0.2648	6.732	2.119	5.624	5.454	0.9557	5.668	1.744	-1.045	0.4448	2.47	2.993	0.9784	0.4488	5.078	4.003	5.156	3.484	5.765	0.3092	6.059	1.172	5.574	6.991	2.002	0.9886	2.676	0.5926	2.211	2.467	-1.327	3.872	2.034	14.37	0.3654	2.927	3.197	2.365	-1.277	3.692	4.217	-0.5262	6.433	4.974	-0.664	4.573	2.82	8.911	2.15	2	5.026	1.311	0.368	3.073	0.9906	0.6931	1.398	2.361	12.3	1.944	8.34	-1.374	0.5835	1.513	-0.1313	4.942	6.03	-0.05524	3.877	3.05	2.175	1.641	7.572	-2.69	0.4973	-1.552	3.84	1.141	3.313	-1.155	-2.68	6.219	5.086	4.581	1.296	2.772	2.699	2.87
1.822	3.965	4.033	0.1219	2.106	0.9982	4.951	2.465	3.32	3.13	2.504	0.6921	1.192	6.028	2.483	3.979	1.953	1.922	2.256	0.3356	1.744	-0.7646	0.5514	0.02593	0.01512	3.752	2.912	3.623	4.292	5.571	7.287	2.599	6.907	3.726	4.261	6.823	2.941	2.547	-0.3681	-0.8808	1.663	0.5665	0.6797	3.536	3.883	10.66	-0.9917	4.448	3.927	2.795	0.9294	3.389	3.865	-0.2723	5.917	3.678	-1.207	5.905	2.664	7.324	0.8359	2.367	4.937	0.6099	0.4957	3.025	-0.2525	2.976	1.602	2.163	10.46	0.8286	7.016	-1.083	3.534	0.6429	1.324	3.376	5.817	0.2349	3.887	0.6468	2.345	5.735	6.374	-1.669	1.489	-1.08	6.238	2.771	3.443	2.084	0.2344	4.541	1.827	4.477	0.3468	1.968	6.403	2.893
3.1	3.083	3.863	-0.2638	-0.6633	1.191	2.789	0.526	2.358	3.828	0.1558	-0.9106	-0.04782	8.012	2.65	4.491	4.901	4.624	2.755	0.605	0.9975	-0.3249	2.687	-0.4839	3.409	1.645	4.53	6.201	7.296	3.778	3.776	3.249	6.465	2.77	3.591	5.099	1.816	0.4678	0.5425	-0.7657	1.639	2.073	-0.2393	4.062	2.178	15.1	0.08452	5.25	4.217	2.19	1.582	1.676	3.07	1.249	5.698	4.162	2.253	4.541	2.652	7.165	3.653	3.317	4.732	1.151	-0.2735	3.327	-0.4738	2.339	0.8076	1.408	11.04	3.094	7.454	-2.93	3.799	-1.657	1.885	3.021	2.647	1.185	2.452	3.949	1.176	3.665	7.798	-0.3286	0.6604	-0.7146	0.8121	0.1224	4.385	4.408	0.4827	5.229	6.048	5.831	1.484	0.7643	4.61	-0.5922
4.049	1.519	2.989	-0.1263	-0.2075	0.4817	1.699	1.357	5.452	1.504	0.6616	1.726	0.3971	8.878	2.632	4.703	4.16	2.251	4.548	-0.157	1.025	0.525	-0.5455	-0.09141	1.15	2.221	3.61	4.105	6.365	0.952	4.608	0.5429	5.889	2.265	3.99	5.923	4.215	1.718	1.805	0.3246	1.158	2.058	-0.3219	4.588	2.323	12.28	1.457	5.199	2.559	2.985	0.5785	2.374	1.465	-0.7001	7.21	4.151	-0.1857	3.282	4.866	7.225	1.701	2.687	3.843	0.8425	1.109	2.217	0.6267	-0.0876	1.179	1.623	9.609	3.007	7.555	-1.452	1.854	-0.7035	0.7761	2.562	5.093	0.5771	3.394	2.479	1.795	1.487	6.87	-1.529	1.979	-1.437	2.505	1.84	1.423	1.927	-1.547	5.647	3.106	3.624	1.664	1.834	4.999	1.817
3.783	1.522	5.002	-0.6613	1.078	1.633	3.626	-0.8579	6.08	4.103	2.009	0.7633	0.5303	8.966	3.15	4.399	4.432	1.353	5.127	0.6145	3.526	-0.31	1.998	1.406	2.239	0.7269	5.776	4.252	5.592	4.709	6.14	5.856	6.152	3.246	6.087	6.498	-1.115	2.725	1.16	-0.5264	1.936	2.157	-0.8967	3.528	2.835	13.76	1.564	4.008	4.742	5.169	2.149	0.9195	3.287	1.501	6.536	2.904	1.151	5.361	3.052	5.734	0.8026	3.338	6.717	0.6155	1.53	3.567	0.8014	3.089	-0.6059	0.2952	8.881	2.911	6.607	0.002452	1.845	-0.3112	1.849	3.506	2.452	1.537	4.128	2.776	2.412	3.292	7.498	-0.6141	3.843	-0.4364	2.631	2.869	3.484	5.058	-0.2353	6.452	2.902	4.177	2.084	2.489	3.995	1.031
1.498	3.107	3.972	-1.351	-1.342	1.249	2.046	1.081	3.626	1.091	1.551	-0.2555	0.8441	9.712	2.942	3.135	5.174	2.065	3.955	1.638	1.595	1.027	-1.354	3.794	1.529	1.126	3.752	4.998	5.125	5.088	4.95	1.989	6.93	1.563	3.803	5.472	1.071	-0.5004	-1.576	0.3579	1.777	2.385	-0.8085	4.8	1.574	12.93	-1.532	4.349	3.737	3.578	0.7439	1.429	1.593	2.227	5.84	5.126	3.371	5.247	3.49	8.333	2.154	1.006	4.351	-0.003319	0.8984	2.615	-0.4613	1.068	1.149	1.698	10.28	2.458	8.321	0.3213	4.663	0.7053	2.458	4.206	4.918	-0.8458	3.561	4.066	2.674	6.415	6.838	-1.426	1.657	-0.1994	3.059	2.944	1.847	3.141	1.252	5.081	5.076	6.454	0.9996	2.016	4.642	3.631
2.366	2.237	4.136	0.6897	1.582	1.685	4.327	-0.7559	2.923	1.967	1.413	1.111	1.929	7.844	2.532	5.481	6.585	2.433	5.22	1.7	2.633	-0.4778	1.617	0.9362	2.384	2.344	5.076	5.046	5.899	4.266	6.482	2.212	6.295	2.078	4.138	5.594	2.982	2.815	0.6206	0.47	2.299	3.224	0.3278	4.567	1.543	13.38	0.07993	4.276	0.5402	3.215	2.117	2.485	1.996	2.304	5.579	5.247	0.5881	5.964	4.682	9.046	2.594	2.496	4.11	-1.021	2.263	3.958	0.1421	1.996	1.799	1.548	7.478	3.181	7.903	0.03009	2.951	1.753	0.5774	1.667	3.623	1.316	3.479	3.615	1.705	3.768	7.987	-3.554	-1.392	-0.2415	3.332	2.215	3.013	1.857	-0.3591	8.229	4.686	5.574	1.492	2.361	3.917	0.9918
2.352	1.319	3.037	0.02405	0.07294	3.094	0.6019	-1.785	3.253	2.389	1.515	-0.1003	1.138	5.143	3.176	4.375	3.751	3.149	4.499	1.175	2.57	-0.4602	3.386	1.75	-0.3776	1.623	4.498	4.058	7.348	3.321	4.536	1.872	6.332	2.097	4.089	2.965	1.81	1.019	-0.00368	0.5911	0.5664	2.934	-1.974	3.542	-0.272	12.52	0.38	5.57	3.774	2.781	0.7707	2.471	0.6604	3.199	7.172	4.415	-2.658	5.254	3.645	7.041	1.467	3.641	4.525	-0.2755	1.615	2.699	-1.304	1.243	1.212	1.775	10.54	1.764	6.887	0.4158	3.315	1.289	0.5458	3.165	4.304	1.103	4.242	3.369	3.928	3.838	6.53	-2.507	2.118	0.5929	3.942	2.45	-1.852	2.34	1.882	5.109	4.347	5.709	1.014	1.396	3.712	0.5623
2.623	3.255	2.843	-0.1437	0.9271	1.796	2.405	0.4799	5.021	3.065	0.5202	1.68	0.3362	7.299	2.449	4.783	5.132	1.998	3.645	0.405	3.139	0.1443	2.879	2.064	2.427	1.521	3.864	3.024	4.841	2.988	5.457	1.769	7.026	1.204	3.372	4.816	4.567	0.8859	0.3868	-0.4555	1.543	3.109	-0.2767	3.992	1.571	11.64	1.015	3.513	5.456	3.698	-0.6084	4.294	4.987	0.5167	5.275	4.22	-0.1428	5.483	4.81	8.614	2.348	2.858	5.237	1.037	-0.08758	3.291	-0.2802	2.588	0.8949	0.7115	8.373	2.283	5.753	-0.6109	3.607	1.081	1.572	4.069	2.049	1.775	4.48	4.219	1.559	6.329	6.766	-1.44	1.628	-1.215	3.782	0.8549	1.724	1.471	-0.03527	6.749	3.489	1.934	1.252	2.501	1.531	0.4196
1.808	1.741	3.853	-0.2798	0.54	-0.7394	3.071	-0.4275	3.369	3.285	1.863	1.418	0.5252	6.137	3.009	4.584	4.442	1.855	4.53	1.95	2.738	0.2972	1.83	0.8525	3.196	2.535	2.772	5.355	4.77	3.987	5.657	1.439	6.063	0.72	5.297	6.075	2.875	1.882	0.5948	0.1159	2.001	2.625	-0.7839	3.818	0.4135	13.38	2.062	4.069	2.103	2.368	0.2552	0.2837	4.407	1.522	5.637	5.176	0.6813	4.988	3.071	8.842	2.963	2.161	3.549	1.704	1.475	3.938	-0.02882	1.555	1.483	2.065	10.12	1.184	4.682	-0.6771	2.164	0.1511	1.102	2.815	5.77	0.7261	5.965	3.457	2.416	4.533	5.256	-2.46	2.761	-1.376	3.793	1.964	4.492	1.838	0.391	6.493	5.366	6.997	2.522	0.04936	2.846	3.45
3.691	2.495	5.274	0.2418	0.5679	0.1154	1.836	1.67	4.902	1.976	2.076	0.2809	1.265	7.461	1.736	2.277	5.467	1.907	5.442	1.401	1.879	-1.463	1.652	0.2526	1.628	-0.2497	5.84	3.547	5.935	3.65	3.033	-0.5127	6.6	3.471	4.354	5.708	1.346	1.994	1.189	0.8178	1.622	2.559	-0.01829	4.572	2.824	13.42	0.9402	4.619	2.629	2.894	1.055	1.653	3.448	0.9466	6.004	4.324	1.784	4.341	3.856	7.424	0.7773	2.515	4.129	-0.2929	0.5317	2.646	0.9669	0.7532	0.7136	2.061	10.38	1.388	4.909	0.6919	2.972	-0.6264	2.275	3.313	4.988	2.414	3.493	4.595	2.115	4.126	6.756	-0.9836	0.6988	-0.328	3.426	1.854	2.642	3.399	-1.421	7.031	4.391	3.805	2.054	1.117	4.05	3.114
2.461	3.048	4.283	-0.3618	-0.3038	0.3173	4.053	-0.4367	3.767	4.457	1.812	1.134	1.392	6.19	1.891	3.56	4.16	2.414	2.043	0.3917	3.849	-0.3934	2.659	0.2464	1.681	2.191	4.798	4.519	5.305	3.904	5.983	0.2673	6.607	3.406	3.587	5.624	2.319	0.4167	1.994	0.6893	1.718	1.505	0.1104	5.428	2.157	11.15	1.044	5.39	3.535	2.316	-1.391	1.159	3.88	1.598	4.442	4.561	0.5057	5.558	3.159	8.602	1.949	1.435	4.739	1.208	1.698	1.705	-0.4424	3.198	2.079	1.204	10.55	3.048	5.794	-0.2069	1.71	-0.7091	0.1516	4.363	6.197	1.158	5.34	4.18	1.052	5.241	7.491	-2.433	1.064	-2.365	7.35	0.336	1.822	2.289	-2.135	4.263	4.701	6.377	1.591	1.254	2.817	1.338
4.44	2.418	4.91	0.1455	-0.05107	2.277	1.079	-0.01143	4.634	2.153	-0.4738	-0.4664	-0.8113	5.71	3.432	5.006	6.012	2.824	2.617	-1.173	4.193	-0.1386	1.259	0.743	1.55	2.617	4.667	5.457	4.923	3.145	5.605	0.008952	4.006	0.5925	4.719	5.041	2.437	-0.5546	-0.08337	0.09004	0.9941	2.938	-0.5255	4.243	2.163	14.16	-1.279	4.849	2.984	2.497	0.3431	-1.537	2.842	1.817	3.824	3.386	0.3668	6.13	3.845	9.413	2.975	2.973	2.953	1.199	1.955	0.3413	0.1758	1.856	1.861	1.999	8.727	3.078	6.806	0.5453	2.271	0.8496	0.6914	3.968	5.175	0.3021	3.365	3.917	0.7373	4.632	7.7	-0.3063	-0.9095	-0.8455	4.546	2.217	3.923	3.855	-1.363	5.145	3	4.257	2.541	2.856	3.096	2.408
3.21	2.58	4.228	-0.2448	0.1487	1.517	2.66	0.1634	2.689	2.499	1.355	-0.4669	-0.4064	4.559	1.744	5.88	6.032	0.6403	5.509	0.6603	3.37	-0.2887	1.969	0.7111	-0.32	2.116	4.649	5.679	6.256	3.14	5.977	2.113	6.844	0.3861	3.697	5.291	2.119	-0.8346	-0.4014	-0.4443	1.284	2.721	-0.07168	4.337	3.582	13.18	-0.2695	4.18	3.42	2.776	-1.695	3.103	2.87	2.18	5.071	3.58	1.673	5.583	5.804	7.501	2.136	3.053	4.479	-0.3724	-0.3626	1.613	-0.6236	2.447	2.895	2.27	10.47	0.7244	8.075	0.5481	2.245	2.329	2.044	3.743	3.841	2.191	4.562	4.437	3.154	2.03	8.524	-3.349	0.8049	-1.01	4.574	1.973	3.993	2.533	-2.843	7.977	4.25	6.023	1.85	2.035	4.007	0.6472
1.976	3.018	3.746	0.6731	0.4601	2.483	3.628	-1.113	3.645	3.121	0.9844	1.136	0.5571	8.794	1.676	4.838	4.259	3.69	4.654	0.2205	1.871	0.613	2.275	2.242	0.6287	3.047	5.396	4.374	4.217	3.515	4.726	0.7827	6.503	-0.6123	2.958	6.626	0.5472	0.461	-0.6386	0.3605	2.508	2.23	-0.7966	3.221	2.019	12.52	1.353	3.478	0.63	2.991	-0.7243	2.684	1.676	2.052	7.702	5.261	-0.1332	5.431	2.82	7.941	0.4409	4.579	5.569	0.6988	1.021	3.104	-1.099	2.702	0.8307	1.991	9.697	2.552	6.559	-0.3885	3.088	-0.6537	0.6967	3.106	4.513	0.442	2.505	0.7305	2.578	5.894	4.535	-1.111	2.532	-0.9159	1.854	1.183	3.316	3.406	-0.9542	6.022	4.886	5.391	1.87	1.513	4.781	0.7095
2.914	2.177	4.484	-0.04303	1.268	0.2417	2.985	1.191	4.414	2.751	2.208	1.7	0.9507	7.085	2.426	3.815	6.99	2.107	6.325	0.3895	3.354	0.6571	-0.3393	1.971	1.535	1.209	3.438	5.239	2.889	3.159	4.568	0.9397	6.682	1.58	2.632	5.429	2.93	2.848	0.2418	0.2943	1.56	2.161	0.5581	4.174	2.903	12.31	1.329	6.298	2.258	5.208	0.453	2.692	1.863	1.485	5.679	4.031	1.804	4.544	2.603	8.808	1.413	2.244	4.77	0.4246	-0.01607	3.466	0.3133	2.752	0.2112	1.297	8.634	1.561	6.257	0.4318	1.635	0.7927	1.648	3.277	5.598	1.299	2.974	6.245	1.282	5.126	5.437	-2.833	2.153	1.025	5.392	2.494	3.335	2.722	0.3965	5.483	4.409	5.155	1.655	2.739	3.304	4.544
3.785	4.114	5.108	0.307	1.052	1.426	0.2669	-0.5599	1.993	1.155	1.814	2.072	0.4943	8.972	2.154	4.93	4.568	2.92	3.552	1.788	3.089	-0.8164	1.327	0.7875	1.083	2.613	3.251	4.331	4.486	3.061	6.517	2.542	6.517	2.703	4.13	7.099	2.667	1.445	1.469	0.4083	3.42	1.489	-0.6644	4.31	2.817	11.9	1.551	4.175	3.161	2.817	-0.463	1.255	3.91	2.255	7.1	5.425	0.7895	5.537	3.607	5.613	1.679	3.14	4.33	1.207	0.1807	2.006	0.7332	2.986	1.044	3.045	9.703	1.796	4.678	-0.6165	3.845	1.83	1.731	4.515	4.053	1.838	1.927	3.119	1.817	4.357	5.02	-2.133	3.024	-0.8249	3.693	2.742	2.917	0.1492	-0.6073	6.603	4.555	3.417	2.625	3.05	2.384	4.404
2.589	2.083	3.785	0.8628	0.6336	2.962	1.181	2.098	4.122	2.553	1.412	-0.8277	1.65	5.573	2.758	3.736	3.595	3.691	4.122	1.908	3.071	-1.716	0.4141	2.493	1.609	0.06766	2.991	5.154	5.963	2.997	4.281	1.643	6.233	2.968	3.791	7.335	0.978	0.7136	1.392	0.6259	1.938	2.097	-0.3714	3.95	2.231	11.86	1.324	5.353	2.296	3.723	1.6	0.2506	1.632	1.613	7.781	5.524	-0.2711	5.486	4.375	8.416	1.219	3.536	4.211	1.287	-1.588	1.144	1.053	1.395	0.9481	1.516	7.355	2.237	4.299	0.9785	2.52	0.823	1.998	3.438	4.875	-0.402	3.245	4.377	0.4519	3.769	5.73	-2.455	2.851	-0.08067	4.674	1.539	0.649	3.536	-0.3383	6.003	4.082	3.961	1.372	0.9594	4.091	4.194
3.081	3.399	3.649	-1.408	0.787	2.377	2.914	-1.878	5.782	3.401	1.508	1.79	0.4497	6.961	3.901	4.468	4.455	3.797	3.544	0.254	4.808	-0.6161	2.974	1.398	0.8725	1.075	4.414	4.64	5.293	4.48	5.914	1.347	5.507	1.732	5.838	5.831	3.595	0.9644	-0.2528	0.0589	1.806	2.493	-0.1595	4.082	2.605	12.78	1.485	2.93	3.274	4.113	0.7872	2.187	2.226	1.195	6.916	3.497	1.668	5.187	5.541	7.374	1.329	2.372	4.454	0.7923	0.6125	1.084	0.3002	2.593	0.3443	2.746	9.427	1.636	8.485	-0.9408	3.303	-0.3731	1.445	4.138	6.497	-0.5557	3.457	5.341	1.876	4.088	5.997	-0.5535	0.7557	-1.099	4.304	0.5679	3.857	2.554	-2.11	3.393	4.109	5.75	1.487	3.199	5.34	1.396
