7.537	15.41	3.704	2.23	1.787	3.837	3.046	13.57	8.103	12.89	13.57	6.678	5.98	2.11	3.556	3.258	5.382	17.3	3.534	3.556	2.835	6.655	7.145	2.73	13.83	5.874	4.595	8.704	3.614	7.538	11.06	3.324	3.75	13.68	7.357	4.632	3.695	7.859	10.52	3.439	9.37	8.332	13.89	4.522	1.752	7.264	14.17	9.327	7.449	8.081	6.613	2.42	2.949	7.266	2.202	4.334	13.34	2.929	5.795	11.36	4.098	11.39	3.293	3.905	6.781	4.738	3.788	8.024	2.906	2.519	2.232	1.519	3.225	4.02	12.49	8.626	3.98	8.287	1.833	4.356	5.591	4.75	3.788	7.475	19.35	4.411	11.89	8.591	12.92	3.379	2.779	3.929	7.917	4.568	1.779	5.819	4.588	3.332	7.394	5.993
7.506	15.3	3.716	2.251	1.791	3.815	3.048	13.47	8.068	12.8	13.48	6.63	5.934	2.108	3.532	3.246	5.365	17.18	3.539	3.535	2.837	6.627	7.12	2.727	13.73	5.827	4.561	8.65	3.611	7.499	11.01	3.298	3.749	13.6	7.322	4.617	3.695	7.819	10.48	3.45	9.313	8.276	13.8	4.514	1.746	7.205	14.07	9.273	7.401	8.047	6.59	2.424	2.946	7.22	2.201	4.304	13.26	2.91	5.747	11.3	4.087	11.31	3.271	3.872	6.738	4.701	3.773	7.983	2.897	2.512	2.234	1.534	3.211	4.012	12.41	8.568	3.95	8.237	1.821	4.329	5.563	4.733	3.775	7.442	19.2	4.4	11.81	8.541	12.84	3.36	2.775	3.909	7.877	4.535	1.783	5.796	4.575	3.326	7.366	5.957
7.475	15.2	3.727	2.272	1.795	3.793	3.049	13.37	8.032	12.71	13.39	6.581	5.888	2.107	3.508	3.235	5.347	17.06	3.543	3.513	2.838	6.6	7.095	2.723	13.63	5.78	4.528	8.596	3.609	7.459	10.96	3.272	3.748	13.53	7.287	4.602	3.694	7.779	10.44	3.46	9.257	8.22	13.71	4.506	1.739	7.146	13.98	9.22	7.354	8.012	6.566	2.428	2.943	7.174	2.2	4.273	13.18	2.891	5.699	11.25	4.077	11.24	3.248	3.84	6.696	4.664	3.758	7.941	2.887	2.505	2.236	1.55	3.196	4.004	12.34	8.51	3.92	8.187	1.81	4.302	5.535	4.716	3.762	7.41	19.06	4.39	11.73	8.491	12.76	3.34	2.771	3.888	7.836	4.502	1.788	5.773	4.562	3.321	7.338	5.921
7.443	15.09	3.739	2.293	1.799	3.771	3.051	13.27	7.997	12.62	13.3	6.532	5.842	2.106	3.484	3.223	5.33	16.93	3.547	3.491	2.839	6.572	7.07	2.72	13.53	5.734	4.494	8.543	3.607	7.419	10.91	3.245	3.748	13.45	7.252	4.586	3.694	7.739	10.39	3.471	9.2	8.163	13.61	4.498	1.733	7.088	13.89	9.166	7.306	7.977	6.543	2.432	2.939	7.128	2.199	4.243	13.1	2.873	5.651	11.19	4.066	11.16	3.225	3.808	6.653	4.628	3.744	7.9	2.877	2.499	2.238	1.565	3.182	3.995	12.26	8.453	3.891	8.138	1.798	4.274	5.507	4.7	3.748	7.377	18.91	4.379	11.64	8.441	12.68	3.321	2.768	3.867	7.795	4.469	1.792	5.75	4.549	3.316	7.311	5.885
7.412	14.98	3.751	2.314	1.804	3.749	3.053	13.17	7.962	12.53	13.2	6.484	5.797	2.104	3.459	3.212	5.313	16.81	3.552	3.469	2.841	6.544	7.044	2.717	13.43	5.687	4.461	8.489	3.605	7.379	10.85	3.219	3.747	13.38	7.217	4.571	3.693	7.699	10.35	3.482	9.143	8.107	13.52	4.49	1.726	7.029	13.8	9.113	7.259	7.942	6.519	2.435	2.936	7.082	2.198	4.212	13.02	2.854	5.603	11.13	4.055	11.09	3.203	3.775	6.61	4.591	3.729	7.859	2.867	2.492	2.24	1.58	3.167	3.987	12.18	8.395	3.861	8.088	1.787	4.247	5.479	4.683	3.735	7.345	18.76	4.369	11.56	8.391	12.6	3.302	2.764	3.847	7.755	4.436	1.796	5.727	4.536	3.311	7.283	5.849
7.381	14.87	3.763	2.335	1.808	3.727	3.054	13.06	7.927	12.44	13.11	6.435	5.751	2.103	3.435	3.2	5.296	16.69	3.556	3.448	2.842	6.517	7.019	2.714	13.33	5.641	4.427	8.435	3.602	7.339	10.8	3.193	3.746	13.31	7.182	4.556	3.693	7.659	10.31	3.493	9.086	8.05	13.43	4.482	1.72	6.97	13.71	9.059	7.211	7.907	6.496	2.439	2.933	7.035	2.196	4.182	12.94	2.835	5.555	11.08	4.044	11.01	3.18	3.743	6.567	4.555	3.714	7.818	2.858	2.485	2.242	1.596	3.153	3.979	12.11	8.337	3.831	8.038	1.775	4.22	5.45	4.666	3.722	7.312	18.62	4.358	11.48	8.34	12.52	3.282	2.76	3.826	7.714	4.403	1.801	5.704	4.523	3.305	7.255	5.813
7.35	14.76	3.774	2.356	1.812	3.705	3.056	12.96	7.891	12.35	13.02	6.387	5.705	2.102	3.411	3.188	5.279	16.57	3.56	3.426	2.843	6.489	6.994	2.71	13.23	5.594	4.394	8.381	3.6	7.299	10.75	3.166	3.745	13.23	7.147	4.541	3.692	7.619	10.27	3.504	9.029	7.994	13.34	4.473	1.713	6.912	13.62	9.006	7.164	7.872	6.472	2.443	2.929	6.989	2.195	4.151	12.86	2.817	5.507	11.02	4.034	10.94	3.158	3.71	6.525	4.518	3.699	7.776	2.848	2.478	2.244	1.611	3.138	3.97	12.03	8.279	3.801	7.989	1.764	4.192	5.422	4.65	3.708	7.279	18.47	4.347	11.4	8.29	12.44	3.263	2.757	3.805	7.674	4.37	1.805	5.681	4.51	3.3	7.228	5.776
7.319	14.65	3.786	2.377	1.816	3.683	3.058	12.86	7.856	12.26	12.93	6.338	5.659	2.1	3.387	3.177	5.262	16.44	3.565	3.404	2.845	6.461	6.969	2.707	13.13	5.547	4.36	8.328	3.598	7.26	10.69	3.14	3.744	13.16	7.112	4.526	3.692	7.579	10.22	3.515	8.973	7.938	13.24	4.465	1.707	6.853	13.52	8.952	7.116	7.838	6.449	2.446	2.926	6.943	2.194	4.121	12.78	2.798	5.459	10.97	4.023	10.86	3.135	3.678	6.482	4.482	3.685	7.735	2.838	2.471	2.246	1.627	3.124	3.962	11.95	8.221	3.771	7.939	1.752	4.165	5.394	4.633	3.695	7.247	18.32	4.337	11.31	8.24	12.36	3.243	2.753	3.785	7.633	4.337	1.81	5.658	4.497	3.295	7.2	5.74
7.288	14.54	3.798	2.398	1.821	3.661	3.059	12.76	7.821	12.17	12.83	6.289	5.614	2.099	3.363	3.165	5.245	16.32	3.569	3.383	2.846	6.434	6.944	2.704	13.03	5.501	4.327	8.274	3.596	7.22	10.64	3.114	3.743	13.09	7.077	4.51	3.691	7.539	10.18	3.526	8.916	7.881	13.15	4.457	1.7	6.794	13.43	8.899	7.069	7.803	6.425	2.45	2.923	6.897	2.193	4.09	12.7	2.779	5.411	10.91	4.012	10.79	3.113	3.645	6.439	4.445	3.67	7.694	2.828	2.464	2.248	1.642	3.109	3.954	11.88	8.164	3.741	7.89	1.74	4.138	5.366	4.616	3.681	7.214	18.17	4.326	11.23	8.19	12.28	3.224	2.749	3.764	7.592	4.304	1.814	5.635	4.484	3.29	7.172	5.704
7.256	14.43	3.81	2.419	1.825	3.639	3.061	12.65	7.786	12.08	12.74	6.241	5.568	2.098	3.339	3.154	5.228	16.2	3.573	3.361	2.847	6.406	6.919	2.701	12.93	5.454	4.293	8.22	3.594	7.18	10.59	3.087	3.742	13.01	7.043	4.495	3.691	7.499	10.14	3.537	8.859	7.825	13.06	4.449	1.693	6.735	13.34	8.845	7.021	7.768	6.402	2.454	2.92	6.851	2.192	4.06	12.62	2.761	5.362	10.85	4.001	10.72	3.09	3.613	6.396	4.409	3.655	7.653	2.819	2.457	2.251	1.658	3.095	3.945	11.8	8.106	3.711	7.84	1.729	4.11	5.338	4.6	3.668	7.182	18.03	4.316	11.15	8.14	12.2	3.205	2.745	3.743	7.552	4.272	1.818	5.611	4.471	3.284	7.145	5.668
7.225	14.33	3.822	2.44	1.829	3.617	3.063	12.55	7.75	11.99	12.65	6.192	5.522	2.096	3.315	3.142	5.21	16.08	3.578	3.339	2.848	6.378	6.893	2.698	12.83	5.408	4.26	8.167	3.591	7.14	10.54	3.061	3.742	12.94	7.008	4.48	3.69	7.459	10.1	3.548	8.802	7.769	12.97	4.441	1.687	6.677	13.25	8.792	6.973	7.733	6.378	2.457	2.916	6.805	2.191	4.029	12.54	2.742	5.314	10.8	3.99	10.64	3.068	3.581	6.354	4.372	3.64	7.611	2.809	2.451	2.253	1.673	3.08	3.937	11.72	8.048	3.681	7.79	1.717	4.083	5.31	4.583	3.655	7.149	17.88	4.305	11.07	8.09	12.12	3.185	2.742	3.723	7.511	4.239	1.823	5.588	4.458	3.279	7.117	5.632
7.194	14.22	3.833	2.461	1.834	3.595	3.064	12.45	7.715	11.9	12.56	6.143	5.476	2.095	3.291	3.13	5.193	15.95	3.582	3.318	2.85	6.351	6.868	2.694	12.73	5.361	4.226	8.113	3.589	7.1	10.48	3.034	3.741	12.86	6.973	4.465	3.69	7.419	10.05	3.559	8.746	7.712	12.87	4.433	1.68	6.618	13.16	8.738	6.926	7.698	6.355	2.461	2.913	6.759	2.189	3.999	12.46	2.723	5.266	10.74	3.98	10.57	3.045	3.548	6.311	4.336	3.626	7.57	2.799	2.444	2.255	1.688	3.066	3.929	11.65	7.99	3.652	7.741	1.706	4.056	5.282	4.566	3.641	7.117	17.73	4.295	10.98	8.039	12.04	3.166	2.738	3.702	7.471	4.206	1.827	5.565	4.445	3.274	7.089	5.595
7.163	14.11	3.845	2.482	1.838	3.573	3.066	12.35	7.68	11.81	12.46	6.095	5.431	2.094	3.267	3.119	5.176	15.83	3.586	3.296	2.851	6.323	6.843	2.691	12.63	5.315	4.193	8.059	3.587	7.06	10.43	3.008	3.74	12.79	6.938	4.45	3.689	7.379	10.01	3.57	8.689	7.656	12.78	4.425	1.674	6.559	13.06	8.685	6.878	7.663	6.331	2.465	2.91	6.713	2.188	3.968	12.38	2.705	5.218	10.69	3.969	10.49	3.022	3.516	6.268	4.299	3.611	7.529	2.79	2.437	2.257	1.704	3.051	3.921	11.57	7.932	3.622	7.691	1.694	4.028	5.254	4.55	3.628	7.084	17.58	4.284	10.9	7.989	11.96	3.147	2.734	3.681	7.43	4.173	1.832	5.542	4.432	3.269	7.062	5.559
7.132	14	3.857	2.503	1.842	3.551	3.068	12.25	7.644	11.72	12.37	6.046	5.385	2.092	3.243	3.107	5.159	15.71	3.59	3.274	2.852	6.295	6.818	2.688	12.53	5.268	4.159	8.006	3.585	7.021	10.38	2.982	3.739	12.72	6.903	4.434	3.689	7.339	9.969	3.581	8.632	7.599	12.69	4.416	1.667	6.501	12.97	8.631	6.831	7.629	6.308	2.468	2.906	6.667	2.187	3.938	12.3	2.686	5.17	10.63	3.958	10.42	3	3.483	6.225	4.263	3.596	7.488	2.78	2.43	2.259	1.719	3.037	3.912	11.49	7.875	3.592	7.641	1.683	4.001	5.226	4.533	3.615	7.052	17.44	4.273	10.82	7.939	11.88	3.127	2.73	3.661	7.389	4.14	1.836	5.519	4.419	3.263	7.034	5.523
7.101	13.89	3.869	2.525	1.846	3.529	3.069	12.14	7.609	11.64	12.28	5.998	5.339	2.091	3.219	3.096	5.142	15.59	3.595	3.252	2.854	6.268	6.793	2.685	12.43	5.221	4.126	7.952	3.582	6.981	10.32	2.955	3.738	12.64	6.868	4.419	3.688	7.299	9.926	3.591	8.575	7.543	12.6	4.408	1.661	6.442	12.88	8.578	6.783	7.594	6.284	2.472	2.903	6.621	2.186	3.907	12.22	2.667	5.122	10.57	3.947	10.34	2.977	3.451	6.183	4.226	3.581	7.446	2.77	2.423	2.261	1.735	3.023	3.904	11.42	7.817	3.562	7.592	1.671	3.974	5.198	4.516	3.601	7.019	17.29	4.263	10.74	7.889	11.8	3.108	2.727	3.64	7.349	4.107	1.84	5.496	4.406	3.258	7.006	5.487
7.069	13.78	3.88	2.546	1.851	3.507	3.071	12.04	7.574	11.55	12.19	5.949	5.293	2.09	3.195	3.084	5.125	15.47	3.599	3.231	2.855	6.24	6.768	2.682	12.33	5.175	4.092	7.898	3.58	6.941	10.27	2.929	3.737	12.57	6.833	4.404	3.688	7.259	9.884	3.602	8.518	7.487	12.5	4.4	1.654	6.383	12.79	8.524	6.736	7.559	6.26	2.476	2.9	6.575	2.185	3.877	12.14	2.649	5.074	10.52	3.937	10.27	2.955	3.418	6.14	4.19	3.567	7.405	2.76	2.416	2.263	1.75	3.008	3.896	11.34	7.759	3.532	7.542	1.66	3.947	5.169	4.5	3.588	6.986	17.14	4.252	10.66	7.839	11.72	3.089	2.723	3.619	7.308	4.074	1.845	5.473	4.393	3.253	6.979	5.451
7.038	13.67	3.892	2.567	1.855	3.485	3.073	11.94	7.539	11.46	12.09	5.9	5.248	2.088	3.171	3.073	5.108	15.34	3.603	3.209	2.856	6.212	6.742	2.678	12.23	5.128	4.059	7.844	3.578	6.901	10.22	2.903	3.736	12.5	6.798	4.389	3.687	7.219	9.841	3.613	8.462	7.43	12.41	4.392	1.647	6.324	12.7	8.471	6.688	7.524	6.237	2.48	2.897	6.528	2.184	3.846	12.06	2.63	5.026	10.46	3.926	10.19	2.932	3.386	6.097	4.153	3.552	7.364	2.751	2.409	2.265	1.766	2.994	3.887	11.27	7.701	3.502	7.493	1.648	3.919	5.141	4.483	3.574	6.954	16.99	4.242	10.57	7.788	11.64	3.069	2.719	3.599	7.268	4.041	1.849	5.45	4.38	3.248	6.951	5.415
7.007	13.56	3.904	2.588	1.859	3.463	3.074	11.84	7.503	11.37	12	5.852	5.202	2.087	3.147	3.061	5.09	15.22	3.608	3.187	2.857	6.185	6.717	2.675	12.13	5.082	4.025	7.791	3.576	6.861	10.17	2.876	3.736	12.42	6.763	4.374	3.687	7.179	9.799	3.624	8.405	7.374	12.32	4.384	1.641	6.266	12.61	8.417	6.641	7.489	6.213	2.483	2.893	6.482	2.183	3.816	11.98	2.611	4.978	10.41	3.915	10.12	2.91	3.354	6.054	4.117	3.537	7.323	2.741	2.403	2.267	1.781	2.979	3.879	11.19	7.643	3.472	7.443	1.637	3.892	5.113	4.466	3.561	6.921	16.85	4.231	10.49	7.738	11.56	3.05	2.716	3.578	7.227	4.008	1.854	5.427	4.367	3.242	6.923	5.378
6.976	13.46	3.916	2.609	1.863	3.441	3.076	11.73	7.468	11.28	11.91	5.803	5.156	2.086	3.123	3.049	5.073	15.1	3.612	3.166	2.859	6.157	6.692	2.672	12.03	5.035	3.991	7.737	3.573	6.821	10.11	2.85	3.735	12.35	6.728	4.358	3.686	7.139	9.756	3.635	8.348	7.317	12.23	4.376	1.634	6.207	12.51	8.364	6.593	7.454	6.19	2.487	2.89	6.436	2.181	3.785	11.9	2.593	4.93	10.35	3.904	10.04	2.887	3.321	6.012	4.08	3.522	7.281	2.731	2.396	2.269	1.796	2.965	3.871	11.11	7.586	3.442	7.393	1.625	3.865	5.085	4.45	3.548	6.889	16.7	4.221	10.41	7.688	11.48	3.031	2.712	3.557	7.186	3.975	1.858	5.404	4.354	3.237	6.896	5.342
6.945	13.35	3.927	2.63	1.868	3.419	3.077	11.63	7.433	11.19	11.82	5.754	5.11	2.084	3.099	3.038	5.056	14.98	3.616	3.144	2.86	6.129	6.667	2.669	11.93	4.988	3.958	7.683	3.571	6.782	10.06	2.824	3.734	12.27	6.694	4.343	3.686	7.099	9.714	3.646	8.291	7.261	12.13	4.368	1.628	6.148	12.42	8.31	6.546	7.42	6.166	2.491	2.887	6.39	2.18	3.755	11.82	2.574	4.881	10.29	3.894	9.969	2.865	3.289	5.969	4.044	3.508	7.24	2.722	2.389	2.271	1.812	2.95	3.862	11.04	7.528	3.413	7.344	1.614	3.837	5.057	4.433	3.534	6.856	16.55	4.21	10.33	7.638	11.4	3.011	2.708	3.537	7.146	3.942	1.862	5.381	4.341	3.232	6.868	5.306
6.914	13.24	3.939	2.651	1.872	3.397	3.079	11.53	7.398	11.1	11.72	5.706	5.065	2.083	3.075	3.026	5.039	14.85	3.621	3.122	2.861	6.102	6.642	2.665	11.83	4.942	3.924	7.63	3.569	6.742	10.01	2.797	3.733	12.2	6.659	4.328	3.686	7.059	9.671	3.657	8.234	7.205	12.04	4.36	1.621	6.09	12.33	8.257	6.498	7.385	6.143	2.494	2.883	6.344	2.179	3.724	11.74	2.555	4.833	10.24	3.883	9.895	2.842	3.256	5.926	4.007	3.493	7.199	2.712	2.382	2.273	1.827	2.936	3.854	10.96	7.47	3.383	7.294	1.602	3.81	5.029	4.416	3.521	6.824	16.4	4.199	10.24	7.588	11.32	2.992	2.704	3.516	7.105	3.909	1.867	5.358	4.328	3.226	6.84	5.27
6.883	13.13	3.951	2.672	1.876	3.375	3.081	11.43	7.362	11.01	11.63	5.657	5.019	2.082	3.051	3.015	5.022	14.73	3.625	3.1	2.863	6.074	6.616	2.662	11.73	4.895	3.891	7.576	3.567	6.702	9.955	2.771	3.732	12.13	6.624	4.313	3.685	7.019	9.629	3.668	8.178	7.148	11.95	4.351	1.615	6.031	12.24	8.203	6.451	7.35	6.119	2.498	2.88	6.298	2.178	3.694	11.66	2.537	4.785	10.18	3.872	9.82	2.819	3.224	5.884	3.971	3.478	7.158	2.702	2.375	2.275	1.843	2.921	3.846	10.88	7.412	3.353	7.244	1.591	3.783	5.001	4.4	3.508	6.791	16.26	4.189	10.16	7.538	11.24	2.972	2.701	3.495	7.065	3.876	1.871	5.335	4.315	3.221	6.812	5.234
6.851	13.02	3.963	2.693	1.88	3.353	3.082	11.33	7.327	10.92	11.54	5.609	4.973	2.08	3.027	3.003	5.005	14.61	3.629	3.079	2.864	6.046	6.591	2.659	11.63	4.849	3.857	7.522	3.564	6.662	9.902	2.745	3.731	12.05	6.589	4.297	3.685	6.979	9.586	3.679	8.121	7.092	11.86	4.343	1.608	5.972	12.15	8.15	6.403	7.315	6.096	2.502	2.877	6.252	2.177	3.663	11.58	2.518	4.737	10.13	3.861	9.746	2.797	3.191	5.841	3.934	3.463	7.116	2.692	2.368	2.277	1.858	2.907	3.837	10.81	7.354	3.323	7.195	1.579	3.755	4.973	4.383	3.494	6.758	16.11	4.178	10.08	7.487	11.16	2.953	2.697	3.475	7.024	3.843	1.876	5.312	4.302	3.216	6.785	5.197
6.82	12.91	3.974	2.714	1.885	3.331	3.084	11.22	7.292	10.83	11.45	5.56	4.927	2.079	3.003	2.991	4.988	14.49	3.633	3.057	2.865	6.019	6.566	2.656	11.53	4.802	3.824	7.469	3.562	6.622	9.849	2.718	3.73	11.98	6.554	4.282	3.684	6.939	9.544	3.69	8.064	7.035	11.76	4.335	1.602	5.914	12.06	8.096	6.355	7.28	6.072	2.505	2.874	6.206	2.176	3.633	11.5	2.499	4.689	10.07	3.851	9.671	2.774	3.159	5.798	3.898	3.449	7.075	2.683	2.361	2.279	1.874	2.892	3.829	10.73	7.296	3.293	7.145	1.568	3.728	4.945	4.366	3.481	6.726	15.96	4.168	9.997	7.437	11.08	2.934	2.693	3.454	6.983	3.81	1.88	5.289	4.289	3.211	6.757	5.161
6.789	12.8	3.986	2.735	1.889	3.309	3.086	11.12	7.257	10.74	11.35	5.511	4.882	2.078	2.978	2.98	4.971	14.37	3.638	3.035	2.866	5.991	6.541	2.653	11.43	4.756	3.79	7.415	3.56	6.582	9.796	2.692	3.73	11.91	6.519	4.267	3.684	6.899	9.502	3.701	8.007	6.979	11.67	4.327	1.595	5.855	11.96	8.043	6.308	7.245	6.049	2.509	2.87	6.16	2.174	3.602	11.42	2.481	4.641	10.01	3.84	9.596	2.752	3.127	5.755	3.861	3.434	7.034	2.673	2.354	2.281	1.889	2.878	3.821	10.65	7.239	3.263	7.096	1.556	3.701	4.916	4.349	3.467	6.693	15.81	4.157	9.914	7.387	11	2.914	2.69	3.434	6.943	3.777	1.885	5.266	4.276	3.205	6.729	5.125
6.758	12.69	3.998	2.756	1.893	3.287	3.087	11.02	7.221	10.65	11.26	5.463	4.836	2.076	2.954	2.968	4.953	14.24	3.642	3.014	2.868	5.963	6.516	2.649	11.33	4.709	3.757	7.361	3.558	6.543	9.743	2.666	3.729	11.83	6.484	4.252	3.683	6.859	9.459	3.712	7.95	6.923	11.58	4.319	1.588	5.796	11.87	7.989	6.26	7.211	6.025	2.513	2.867	6.114	2.173	3.572	11.34	2.462	4.593	9.957	3.829	9.522	2.729	3.094	5.713	3.825	3.419	6.992	2.663	2.348	2.283	1.904	2.863	3.812	10.58	7.181	3.233	7.046	1.544	3.673	4.888	4.333	3.454	6.661	15.67	4.147	9.832	7.337	10.92	2.895	2.686	3.413	6.902	3.744	1.889	5.243	4.264	3.2	6.702	5.089
6.727	12.59	4.01	2.777	1.897	3.265	3.089	10.92	7.186	10.56	11.17	5.414	4.79	2.075	2.93	2.957	4.936	14.12	3.646	2.992	2.869	5.936	6.491	2.646	11.23	4.662	3.723	7.307	3.556	6.503	9.69	2.639	3.728	11.76	6.449	4.237	3.683	6.819	9.417	3.723	7.894	6.866	11.49	4.311	1.582	5.737	11.78	7.936	6.213	7.176	6.002	2.517	2.864	6.067	2.172	3.541	11.26	2.443	4.545	9.901	3.818	9.447	2.707	3.062	5.67	3.788	3.404	6.951	2.654	2.341	2.285	1.92	2.849	3.804	10.5	7.123	3.203	6.996	1.533	3.646	4.86	4.316	3.441	6.628	15.52	4.136	9.75	7.287	10.84	2.876	2.682	3.392	6.862	3.711	1.893	5.22	4.251	3.195	6.674	5.053
6.696	12.48	4.021	2.798	1.902	3.243	3.091	10.81	7.151	10.47	11.08	5.365	4.744	2.074	2.906	2.945	4.919	14	3.651	2.97	2.87	5.908	6.465	2.643	11.13	4.616	3.69	7.254	3.553	6.463	9.638	2.613	3.727	11.68	6.414	4.221	3.682	6.779	9.374	3.733	7.837	6.81	11.39	4.303	1.575	5.679	11.69	7.882	6.165	7.141	5.978	2.52	2.86	6.021	2.171	3.511	11.18	2.425	4.497	9.845	3.808	9.372	2.684	3.029	5.627	3.752	3.39	6.91	2.644	2.334	2.288	1.935	2.834	3.796	10.42	7.065	3.174	6.947	1.521	3.619	4.832	4.299	3.427	6.596	15.37	4.125	9.667	7.236	10.76	2.856	2.678	3.372	6.821	3.678	1.898	5.197	4.238	3.19	6.646	5.017
6.664	12.37	4.033	2.819	1.906	3.221	3.092	10.71	7.116	10.38	10.98	5.317	4.699	2.072	2.882	2.933	4.902	13.88	3.655	2.948	2.872	5.88	6.44	2.64	11.03	4.569	3.656	7.2	3.551	6.423	9.585	2.586	3.726	11.61	6.379	4.206	3.682	6.739	9.332	3.744	7.78	6.753	11.3	4.294	1.569	5.62	11.6	7.829	6.118	7.106	5.955	2.524	2.857	5.975	2.17	3.48	11.1	2.406	4.449	9.789	3.797	9.298	2.662	2.997	5.584	3.715	3.375	6.869	2.634	2.327	2.29	1.951	2.82	3.787	10.35	7.007	3.144	6.897	1.51	3.591	4.804	4.283	3.414	6.563	15.22	4.115	9.585	7.186	10.68	2.837	2.675	3.351	6.78	3.645	1.902	5.174	4.225	3.184	6.619	4.98
6.633	12.26	4.045	2.84	1.91	3.199	3.094	10.61	7.08	10.29	10.89	5.268	4.653	2.071	2.858	2.922	4.885	13.75	3.659	2.927	2.873	5.853	6.415	2.636	10.93	4.523	3.623	7.146	3.549	6.383	9.532	2.56	3.725	11.54	6.345	4.191	3.681	6.699	9.289	3.755	7.723	6.697	11.21	4.286	1.562	5.561	11.51	7.775	6.07	7.071	5.931	2.528	2.854	5.929	2.169	3.45	11.02	2.387	4.4	9.733	3.786	9.223	2.639	2.964	5.542	3.679	3.36	6.827	2.624	2.32	2.292	1.966	2.805	3.779	10.27	6.95	3.114	6.847	1.498	3.564	4.776	4.266	3.401	6.531	15.08	4.104	9.502	7.136	10.6	2.818	2.671	3.33	6.74	3.612	1.907	5.151	4.212	3.179	6.591	4.944
6.602	12.15	4.057	2.861	1.914	3.177	3.096	10.51	7.045	10.2	10.8	5.22	4.607	2.07	2.834	2.91	4.868	13.63	3.664	2.905	2.874	5.825	6.39	2.633	10.83	4.476	3.589	7.093	3.547	6.343	9.479	2.534	3.725	11.46	6.31	4.176	3.681	6.659	9.247	3.766	7.666	6.641	11.12	4.278	1.556	5.503	11.41	7.722	6.023	7.036	5.908	2.531	2.851	5.883	2.167	3.419	10.94	2.369	4.352	9.677	3.775	9.149	2.616	2.932	5.499	3.642	3.345	6.786	2.615	2.313	2.294	1.982	2.791	3.771	10.19	6.892	3.084	6.798	1.487	3.537	4.748	4.249	3.387	6.498	14.93	4.094	9.42	7.086	10.52	2.798	2.667	3.31	6.699	3.579	1.911	5.128	4.199	3.174	6.563	4.908
6.571	12.04	4.068	2.882	1.919	3.155	3.097	10.41	7.01	10.11	10.71	5.171	4.561	2.068	2.81	2.899	4.851	13.51	3.668	2.883	2.875	5.798	6.365	2.63	10.73	4.429	3.556	7.039	3.544	6.304	9.426	2.507	3.724	11.39	6.275	4.161	3.68	6.619	9.204	3.777	7.61	6.584	11.02	4.27	1.549	5.444	11.32	7.668	5.975	7.002	5.884	2.535	2.847	5.837	2.166	3.389	10.86	2.35	4.304	9.621	3.765	9.074	2.594	2.9	5.456	3.606	3.331	6.745	2.605	2.306	2.296	1.997	2.777	3.762	10.12	6.834	3.054	6.748	1.475	3.509	4.72	4.233	3.374	6.465	14.78	4.083	9.338	7.036	10.44	2.779	2.663	3.289	6.659	3.546	1.915	5.105	4.186	3.169	6.536	4.872
6.54	11.93	4.08	2.903	1.923	3.133	3.099	10.3	6.975	10.02	10.61	5.122	4.516	2.067	2.786	2.887	4.834	13.39	3.672	2.862	2.877	5.77	6.34	2.627	10.63	4.383	3.522	6.985	3.542	6.264	9.373	2.481	3.723	11.32	6.24	4.145	3.68	6.579	9.162	3.788	7.553	6.528	10.93	4.262	1.542	5.385	11.23	7.615	5.928	6.967	5.861	2.539	2.844	5.791	2.165	3.358	10.78	2.331	4.256	9.565	3.754	8.999	2.571	2.867	5.413	3.569	3.316	6.704	2.595	2.3	2.298	2.012	2.762	3.754	10.04	6.776	3.024	6.699	1.464	3.482	4.692	4.216	3.36	6.433	14.63	4.073	9.255	6.986	10.36	2.759	2.66	3.268	6.618	3.513	1.92	5.081	4.173	3.163	6.508	4.836
6.509	11.82	4.092	2.924	1.927	3.11	3.101	10.2	6.939	9.933	10.52	5.074	4.47	2.066	2.762	2.875	4.816	13.26	3.676	2.84	2.878	5.742	6.314	2.624	10.53	4.336	3.489	6.932	3.54	6.224	9.321	2.455	3.722	11.24	6.205	4.13	3.679	6.539	9.119	3.799	7.496	6.471	10.84	4.254	1.536	5.326	11.14	7.561	5.88	6.932	5.837	2.542	2.841	5.745	2.164	3.327	10.7	2.313	4.208	9.509	3.743	8.925	2.549	2.835	5.371	3.533	3.301	6.662	2.586	2.293	2.3	2.028	2.748	3.746	9.965	6.718	2.994	6.649	1.452	3.455	4.664	4.199	3.347	6.4	14.49	4.062	9.173	6.935	10.28	2.74	2.656	3.248	6.577	3.48	1.924	5.058	4.16	3.158	6.48	4.799
6.477	11.72	4.104	2.945	1.931	3.088	3.102	10.1	6.904	9.843	10.43	5.025	4.424	2.064	2.738	2.864	4.799	13.14	3.681	2.818	2.879	5.715	6.289	2.62	10.43	4.29	3.455	6.878	3.538	6.184	9.268	2.428	3.721	11.17	6.17	4.115	3.679	6.499	9.077	3.81	7.439	6.415	10.75	4.246	1.529	5.268	11.05	7.508	5.833	6.897	5.814	2.546	2.837	5.699	2.163	3.297	10.62	2.294	4.16	9.453	3.732	8.85	2.526	2.802	5.328	3.496	3.286	6.621	2.576	2.286	2.302	2.043	2.733	3.737	9.889	6.661	2.965	6.599	1.441	3.427	4.635	4.183	3.334	6.368	14.34	4.051	9.091	6.885	10.2	2.721	2.652	3.227	6.537	3.447	1.929	5.035	4.147	3.153	6.453	4.763
6.446	11.61	4.116	2.966	1.936	3.066	3.104	9.997	6.869	9.753	10.34	4.976	4.378	2.063	2.714	2.852	4.782	13.02	3.685	2.796	2.881	5.687	6.264	2.617	10.33	4.243	3.422	6.824	3.535	6.144	9.215	2.402	3.72	11.09	6.135	4.1	3.678	6.459	9.034	3.821	7.382	6.359	10.65	4.237	1.523	5.209	10.96	7.454	5.785	6.862	5.79	2.55	2.834	5.653	2.162	3.266	10.54	2.275	4.112	9.397	3.721	8.775	2.504	2.77	5.285	3.459	3.272	6.58	2.566	2.279	2.304	2.059	2.719	3.729	9.812	6.603	2.935	6.55	1.429	3.4	4.607	4.166	3.32	6.335	14.19	4.041	9.008	6.835	10.12	2.701	2.649	3.206	6.496	3.414	1.933	5.012	4.134	3.148	6.425	4.727
6.415	11.5	4.127	2.987	1.94	3.044	3.106	9.894	6.834	9.664	10.24	4.928	4.333	2.062	2.69	2.841	4.765	12.9	3.689	2.775	2.882	5.659	6.239	2.614	10.23	4.197	3.388	6.77	3.533	6.104	9.162	2.376	3.719	11.02	6.1	4.085	3.678	6.419	8.992	3.832	7.326	6.302	10.56	4.229	1.516	5.15	10.86	7.401	5.737	6.827	5.767	2.554	2.831	5.607	2.16	3.236	10.46	2.257	4.064	9.341	3.711	8.701	2.481	2.737	5.242	3.423	3.257	6.539	2.556	2.272	2.306	2.074	2.704	3.721	9.736	6.545	2.905	6.5	1.418	3.373	4.579	4.149	3.307	6.303	14.04	4.03	8.926	6.785	10.04	2.682	2.645	3.186	6.455	3.381	1.937	4.989	4.121	3.142	6.397	4.691
6.384	11.39	4.139	3.008	1.944	3.022	3.107	9.792	6.798	9.574	10.15	4.879	4.287	2.06	2.666	2.829	4.748	12.78	3.694	2.753	2.883	5.632	6.214	2.611	10.13	4.15	3.355	6.717	3.531	6.065	9.109	2.349	3.719	10.95	6.065	4.069	3.677	6.379	8.949	3.843	7.269	6.246	10.47	4.221	1.51	5.092	10.77	7.347	5.69	6.793	5.743	2.557	2.828	5.56	2.159	3.205	10.38	2.238	4.016	9.285	3.7	8.626	2.459	2.705	5.2	3.386	3.242	6.497	2.547	2.265	2.308	2.09	2.69	3.713	9.659	6.487	2.875	6.45	1.406	3.346	4.551	4.133	3.294	6.27	13.9	4.02	8.844	6.735	9.963	2.663	2.641	3.165	6.415	3.348	1.942	4.966	4.108	3.137	6.37	4.655
6.353	11.28	4.151	3.029	1.948	3	3.109	9.69	6.763	9.485	10.06	4.831	4.241	2.059	2.642	2.817	4.731	12.65	3.698	2.731	2.885	5.604	6.189	2.607	10.03	4.103	3.321	6.663	3.529	6.025	9.056	2.323	3.718	10.87	6.03	4.054	3.677	6.339	8.907	3.854	7.212	6.19	10.38	4.213	1.503	5.033	10.68	7.294	5.642	6.758	5.72	2.561	2.824	5.514	2.158	3.175	10.3	2.219	3.968	9.229	3.689	8.552	2.436	2.673	5.157	3.35	3.227	6.456	2.537	2.258	2.31	2.105	2.675	3.704	9.583	6.429	2.845	6.401	1.395	3.318	4.523	4.116	3.28	6.237	13.75	4.009	8.761	6.684	9.883	2.643	2.637	3.144	6.374	3.315	1.946	4.943	4.095	3.132	6.342	4.619
6.322	11.17	4.163	3.05	1.953	2.978	3.111	9.588	6.728	9.395	9.965	4.782	4.195	2.058	2.618	2.806	4.714	12.53	3.702	2.71	2.886	5.576	6.163	2.604	9.931	4.057	3.287	6.609	3.527	5.985	9.003	2.297	3.717	10.8	5.995	4.039	3.676	6.299	8.864	3.864	7.155	6.133	10.28	4.205	1.497	4.974	10.59	7.24	5.595	6.723	5.696	2.565	2.821	5.468	2.157	3.144	10.22	2.201	3.919	9.173	3.678	8.477	2.414	2.64	5.114	3.313	3.213	6.415	2.527	2.252	2.312	2.12	2.661	3.696	9.506	6.372	2.815	6.351	1.383	3.291	4.495	4.099	3.267	6.205	13.6	3.999	8.679	6.634	9.803	2.624	2.634	3.124	6.334	3.282	1.951	4.92	4.082	3.127	6.314	4.582
6.29	11.06	4.174	3.071	1.957	2.956	3.112	9.485	6.692	9.305	9.873	4.733	4.15	2.056	2.594	2.794	4.696	12.41	3.707	2.688	2.887	5.549	6.138	2.601	9.831	4.01	3.254	6.556	3.524	5.945	8.951	2.27	3.716	10.73	5.961	4.024	3.676	6.259	8.822	3.875	7.098	6.077	10.19	4.197	1.49	4.916	10.5	7.187	5.547	6.688	5.673	2.568	2.818	5.422	2.156	3.114	10.14	2.182	3.871	9.117	3.668	8.402	2.391	2.608	5.072	3.277	3.198	6.374	2.518	2.245	2.314	2.136	2.646	3.688	9.43	6.314	2.785	6.302	1.372	3.264	4.467	4.083	3.253	6.172	13.46	3.988	8.597	6.584	9.723	2.605	2.63	3.103	6.293	3.249	1.955	4.897	4.069	3.121	6.287	4.546
6.259	10.95	4.186	3.092	1.961	2.934	3.114	9.383	6.657	9.216	9.78	4.685	4.104	2.055	2.57	2.783	4.679	12.29	3.711	2.666	2.888	5.521	6.113	2.598	9.731	3.964	3.22	6.502	3.522	5.905	8.898	2.244	3.715	10.65	5.926	4.009	3.675	6.219	8.78	3.886	7.042	6.02	10.1	4.189	1.483	4.857	10.41	7.133	5.5	6.653	5.649	2.572	2.814	5.376	2.155	3.083	10.06	2.163	3.823	9.061	3.657	8.328	2.368	2.575	5.029	3.24	3.183	6.332	2.508	2.238	2.316	2.151	2.632	3.679	9.353	6.256	2.755	6.252	1.36	3.236	4.439	4.066	3.24	6.14	13.31	3.977	8.514	6.534	9.643	2.585	2.626	3.082	6.252	3.216	1.959	4.874	4.056	3.116	6.259	4.51
6.228	10.85	4.198	3.113	1.965	2.912	3.116	9.281	6.622	9.126	9.688	4.636	4.058	2.054	2.546	2.771	4.662	12.16	3.715	2.644	2.89	5.493	6.088	2.595	9.631	3.917	3.187	6.448	3.52	5.865	8.845	2.217	3.714	10.58	5.891	3.993	3.675	6.179	8.737	3.897	6.985	5.964	10	4.18	1.477	4.798	10.31	7.08	5.452	6.619	5.626	2.576	2.811	5.33	2.153	3.053	9.979	2.145	3.775	9.005	3.646	8.253	2.346	2.543	4.986	3.204	3.168	6.291	2.498	2.231	2.318	2.167	2.617	3.671	9.277	6.198	2.726	6.202	1.349	3.209	4.411	4.049	3.227	6.107	13.16	3.967	8.432	6.484	9.563	2.566	2.623	3.062	6.212	3.183	1.964	4.851	4.043	3.111	6.231	4.474
6.197	10.74	4.21	3.134	1.97	2.89	3.117	9.179	6.587	9.037	9.595	4.587	4.012	2.052	2.522	2.759	4.645	12.04	3.719	2.623	2.891	5.466	6.063	2.591	9.531	3.87	3.153	6.394	3.518	5.826	8.792	2.191	3.713	10.5	5.856	3.978	3.674	6.139	8.695	3.908	6.928	5.908	9.912	4.172	1.47	4.739	10.22	7.026	5.405	6.584	5.602	2.579	2.808	5.284	2.152	3.022	9.899	2.126	3.727	8.948	3.635	8.179	2.323	2.51	4.943	3.167	3.154	6.25	2.488	2.224	2.32	2.182	2.603	3.663	9.201	6.14	2.696	6.153	1.337	3.182	4.382	4.033	3.213	6.075	13.01	3.956	8.349	6.434	9.483	2.547	2.619	3.041	6.171	3.15	1.968	4.828	4.03	3.106	6.204	4.438
6.166	10.63	4.221	3.155	1.974	2.868	3.119	9.077	6.551	8.947	9.503	4.539	3.967	2.051	2.498	2.748	4.628	11.92	3.724	2.601	2.892	5.438	6.037	2.588	9.431	3.824	3.12	6.341	3.515	5.786	8.739	2.165	3.713	10.43	5.821	3.963	3.674	6.099	8.652	3.919	6.871	5.851	9.82	4.164	1.464	4.681	10.13	6.973	5.357	6.549	5.579	2.583	2.805	5.238	2.151	2.992	9.819	2.107	3.679	8.892	3.625	8.104	2.301	2.478	4.901	3.131	3.139	6.209	2.479	2.217	2.322	2.198	2.588	3.654	9.124	6.082	2.666	6.103	1.325	3.154	4.354	4.016	3.2	6.042	12.87	3.946	8.267	6.383	9.403	2.527	2.615	3.02	6.131	3.117	1.973	4.805	4.017	3.1	6.176	4.401
6.135	10.52	4.233	3.176	1.978	2.846	3.121	8.974	6.516	8.857	9.41	4.49	3.921	2.05	2.473	2.736	4.611	11.8	3.728	2.579	2.894	5.41	6.012	2.585	9.331	3.777	3.086	6.287	3.513	5.746	8.686	2.138	3.712	10.36	5.786	3.948	3.673	6.059	8.61	3.93	6.814	5.795	9.727	4.156	1.457	4.622	10.04	6.919	5.31	6.514	5.555	2.587	2.801	5.192	2.15	2.961	9.739	2.089	3.631	8.836	3.614	8.029	2.278	2.446	4.858	3.094	3.124	6.167	2.469	2.21	2.324	2.213	2.574	3.646	9.048	6.025	2.636	6.053	1.314	3.127	4.326	3.999	3.187	6.01	12.72	3.935	8.185	6.333	9.324	2.508	2.611	3	6.09	3.084	1.977	4.782	4.004	3.095	6.148	4.365
6.103	10.41	4.245	3.197	1.982	2.824	3.122	8.872	6.481	8.768	9.318	4.442	3.875	2.048	2.449	2.725	4.594	11.68	3.732	2.558	2.895	5.383	5.987	2.582	9.231	3.731	3.053	6.233	3.511	5.706	8.634	2.112	3.711	10.28	5.751	3.932	3.673	6.019	8.567	3.941	6.758	5.738	9.635	4.148	1.451	4.563	9.948	6.866	5.262	6.479	5.531	2.591	2.798	5.146	2.149	2.931	9.658	2.07	3.583	8.78	3.603	7.955	2.256	2.413	4.815	3.058	3.109	6.126	2.459	2.203	2.327	2.228	2.559	3.638	8.971	5.967	2.606	6.004	1.302	3.1	4.298	3.983	3.173	5.977	12.57	3.925	8.102	6.283	9.244	2.488	2.608	2.979	6.049	3.051	1.981	4.759	3.991	3.09	6.121	4.329
6.072	10.3	4.257	3.218	1.987	2.802	3.124	8.77	6.446	8.678	9.225	4.393	3.829	2.047	2.425	2.713	4.577	11.55	3.737	2.536	2.896	5.355	5.962	2.579	9.131	3.684	3.019	6.18	3.509	5.666	8.581	2.086	3.71	10.21	5.716	3.917	3.672	5.979	8.525	3.952	6.701	5.682	9.542	4.14	1.444	4.505	9.856	6.812	5.215	6.444	5.508	2.594	2.795	5.099	2.148	2.9	9.578	2.051	3.535	8.724	3.592	7.88	2.233	2.381	4.772	3.021	3.095	6.085	2.45	2.197	2.329	2.244	2.545	3.629	8.895	5.909	2.576	5.954	1.291	3.072	4.27	3.966	3.16	5.944	12.42	3.914	8.02	6.233	9.164	2.469	2.604	2.958	6.009	3.018	1.986	4.736	3.978	3.085	6.093	4.293
6.041	10.19	4.268	3.239	1.991	2.78	3.125	8.668	6.41	8.589	9.133	4.344	3.784	2.046	2.401	2.701	4.559	11.43	3.741	2.514	2.897	5.327	5.937	2.575	9.031	3.638	2.986	6.126	3.506	5.626	8.528	2.059	3.709	10.14	5.681	3.902	3.672	5.939	8.482	3.963	6.644	5.626	9.449	4.132	1.437	4.446	9.764	6.759	5.167	6.41	5.484	2.598	2.791	5.053	2.146	2.87	9.498	2.033	3.486	8.668	3.582	7.805	2.211	2.348	4.73	2.985	3.08	6.044	2.44	2.19	2.331	2.259	2.531	3.621	8.818	5.851	2.546	5.905	1.279	3.045	4.242	3.949	3.146	5.912	12.28	3.903	7.938	6.183	9.084	2.45	2.6	2.938	5.968	2.985	1.99	4.713	3.965	3.079	6.065	4.257
6.01	10.08	4.28	3.26	1.995	2.758	3.127	8.566	6.375	8.499	9.04	4.296	3.738	2.044	2.377	2.69	4.542	11.31	3.745	2.492	2.899	5.3	5.912	2.572	8.931	3.591	2.952	6.072	3.504	5.587	8.475	2.033	3.708	10.06	5.646	3.887	3.671	5.899	8.44	3.974	6.587	5.569	9.357	4.124	1.431	4.387	9.673	6.705	5.119	6.375	5.461	2.602	2.788	5.007	2.145	2.839	9.418	2.014	3.438	8.612	3.571	7.731	2.188	2.316	4.687	2.948	3.065	6.002	2.43	2.183	2.333	2.275	2.516	3.613	8.742	5.793	2.516	5.855	1.268	3.018	4.214	3.933	3.133	5.879	12.13	3.893	7.855	6.132	9.004	2.43	2.596	2.917	5.928	2.952	1.995	4.69	3.952	3.074	6.037	4.221
5.979	9.976	4.292	3.281	1.999	2.736	3.129	8.463	6.34	8.409	8.947	4.247	3.692	2.043	2.353	2.678	4.525	11.19	3.75	2.471	2.9	5.272	5.886	2.569	8.831	3.544	2.919	6.019	3.502	5.547	8.422	2.007	3.707	9.988	5.612	3.872	3.671	5.859	8.397	3.985	6.53	5.513	9.264	4.115	1.424	4.328	9.581	6.652	5.072	6.34	5.437	2.605	2.785	4.961	2.144	2.809	9.338	1.995	3.39	8.556	3.56	7.656	2.165	2.283	4.644	2.912	3.05	5.961	2.42	2.176	2.335	2.29	2.502	3.604	8.665	5.736	2.487	5.805	1.256	2.99	4.186	3.916	3.12	5.847	11.98	3.882	7.773	6.082	8.924	2.411	2.593	2.896	5.887	2.919	1.999	4.667	3.939	3.069	6.01	4.184
5.948	9.867	4.304	3.302	2.004	2.714	3.13	8.361	6.305	8.32	8.855	4.198	3.646	2.042	2.329	2.667	4.508	11.06	3.754	2.449	2.901	5.244	5.861	2.566	8.731	3.498	2.885	5.965	3.5	5.507	8.369	1.98	3.707	9.915	5.577	3.856	3.67	5.819	8.355	3.996	6.474	5.456	9.172	4.107	1.418	4.27	9.489	6.598	5.024	6.305	5.414	2.609	2.782	4.915	2.143	2.778	9.258	1.977	3.342	8.5	3.549	7.582	2.143	2.251	4.601	2.875	3.036	5.92	2.411	2.169	2.337	2.306	2.487	3.596	8.589	5.678	2.457	5.756	1.245	2.963	4.158	3.899	3.106	5.814	11.83	3.872	7.691	6.032	8.844	2.392	2.589	2.876	5.846	2.886	2.003	4.644	3.926	3.064	5.982	4.148
5.916	9.758	4.315	3.323	2.008	2.692	3.132	8.259	6.269	8.23	8.762	4.15	3.601	2.041	2.305	2.655	4.491	10.94	3.758	2.427	2.903	5.217	5.836	2.562	8.631	3.451	2.852	5.911	3.498	5.467	8.317	1.954	3.706	9.841	5.542	3.841	3.67	5.779	8.312	4.006	6.417	5.4	9.079	4.099	1.411	4.211	9.397	6.545	4.977	6.27	5.39	2.613	2.778	4.869	2.142	2.748	9.178	1.958	3.294	8.444	3.539	7.507	2.12	2.219	4.559	2.839	3.021	5.879	2.401	2.162	2.339	2.321	2.473	3.588	8.512	5.62	2.427	5.706	1.233	2.936	4.13	3.883	3.093	5.782	11.69	3.861	7.608	5.982	8.765	2.372	2.585	2.855	5.806	2.853	2.008	4.621	3.913	3.058	5.954	4.112
5.885	9.649	4.327	3.345	2.012	2.67	3.134	8.157	6.234	8.14	8.67	4.101	3.555	2.039	2.281	2.643	4.474	10.82	3.762	2.406	2.904	5.189	5.811	2.559	8.531	3.405	2.818	5.857	3.495	5.427	8.264	1.928	3.705	9.767	5.507	3.826	3.669	5.739	8.27	4.017	6.36	5.344	8.987	4.091	1.405	4.152	9.306	6.491	4.929	6.235	5.367	2.616	2.775	4.823	2.141	2.717	9.098	1.939	3.246	8.388	3.528	7.432	2.098	2.186	4.516	2.802	3.006	5.837	2.391	2.155	2.341	2.336	2.458	3.579	8.436	5.562	2.397	5.656	1.222	2.908	4.101	3.866	3.08	5.749	11.54	3.85	7.526	5.932	8.685	2.353	2.582	2.835	5.765	2.82	2.012	4.598	3.9	3.053	5.927	4.076
5.854	9.541	4.339	3.366	2.016	2.648	3.135	8.055	6.199	8.051	8.577	4.053	3.509	2.038	2.257	2.632	4.457	10.7	3.767	2.384	2.905	5.161	5.786	2.556	8.431	3.358	2.785	5.804	3.493	5.387	8.211	1.901	3.704	9.694	5.472	3.811	3.669	5.699	8.227	4.028	6.303	5.287	8.894	4.083	1.398	4.094	9.214	6.438	4.882	6.201	5.343	2.62	2.772	4.777	2.139	2.687	9.018	1.921	3.198	8.332	3.517	7.358	2.075	2.154	4.473	2.766	2.991	5.796	2.382	2.149	2.343	2.352	2.444	3.571	8.359	5.504	2.367	5.607	1.21	2.881	4.073	3.849	3.066	5.717	11.39	3.84	7.444	5.882	8.605	2.334	2.578	2.814	5.725	2.787	2.017	4.575	3.887	3.048	5.899	4.04
5.823	9.432	4.351	3.387	2.021	2.626	3.137	7.952	6.164	7.961	8.485	4.004	3.463	2.037	2.233	2.62	4.44	10.57	3.771	2.362	2.906	5.134	5.761	2.553	8.33	3.311	2.751	5.75	3.491	5.348	8.158	1.875	3.703	9.62	5.437	3.796	3.668	5.659	8.185	4.039	6.247	5.231	8.802	4.075	1.392	4.035	9.122	6.384	4.834	6.166	5.32	2.624	2.768	4.731	2.138	2.656	8.938	1.902	3.15	8.276	3.506	7.283	2.053	2.121	4.43	2.729	2.977	5.755	2.372	2.142	2.345	2.367	2.429	3.563	8.283	5.447	2.337	5.557	1.199	2.854	4.045	3.833	3.053	5.684	11.24	3.829	7.361	5.831	8.525	2.314	2.574	2.793	5.684	2.754	2.021	4.551	3.874	3.043	5.871	4.003
5.792	9.323	4.363	3.408	2.025	2.604	3.139	7.85	6.128	7.872	8.392	3.955	3.418	2.035	2.209	2.609	4.422	10.45	3.775	2.341	2.908	5.106	5.735	2.55	8.23	3.265	2.718	5.696	3.489	5.308	8.105	1.849	3.702	9.546	5.402	3.78	3.668	5.619	8.143	4.05	6.19	5.174	8.709	4.067	1.385	3.976	9.031	6.331	4.787	6.131	5.296	2.627	2.765	4.685	2.137	2.626	8.858	1.883	3.102	8.22	3.495	7.208	2.03	2.089	4.388	2.693	2.962	5.714	2.362	2.135	2.347	2.383	2.415	3.554	8.206	5.389	2.307	5.508	1.187	2.827	4.017	3.816	3.039	5.651	11.1	3.819	7.279	5.781	8.445	2.295	2.57	2.773	5.643	2.721	2.025	4.528	3.861	3.037	5.844	3.967
5.761	9.214	4.374	3.429	2.029	2.582	3.14	7.748	6.093	7.782	8.3	3.907	3.372	2.034	2.185	2.597	4.405	10.33	3.78	2.319	2.909	5.078	5.71	2.546	8.13	3.218	2.684	5.643	3.486	5.268	8.052	1.822	3.702	9.472	5.367	3.765	3.667	5.579	8.1	4.061	6.133	5.118	8.616	4.058	1.378	3.918	8.939	6.277	4.739	6.096	5.273	2.631	2.762	4.639	2.136	2.595	8.778	1.865	3.054	8.164	3.485	7.134	2.008	2.056	4.345	2.656	2.947	5.672	2.352	2.128	2.349	2.398	2.4	3.546	8.13	5.331	2.277	5.458	1.176	2.799	3.989	3.799	3.026	5.619	10.95	3.808	7.197	5.731	8.365	2.276	2.567	2.752	5.603	2.688	2.03	4.505	3.849	3.032	5.816	3.931
5.729	9.106	4.386	3.45	2.033	2.56	3.142	7.646	6.058	7.692	8.207	3.858	3.326	2.033	2.161	2.585	4.388	10.21	3.784	2.297	2.91	5.051	5.685	2.543	8.03	3.172	2.651	5.589	3.484	5.228	8	1.796	3.701	9.399	5.332	3.75	3.667	5.539	8.058	4.072	6.076	5.062	8.524	4.05	1.372	3.859	8.847	6.224	4.692	6.061	5.249	2.635	2.759	4.592	2.135	2.565	8.698	1.846	3.005	8.108	3.474	7.059	1.985	2.024	4.302	2.62	2.932	5.631	2.343	2.121	2.351	2.414	2.386	3.538	8.053	5.273	2.248	5.408	1.164	2.772	3.961	3.783	3.013	5.586	10.8	3.798	7.114	5.681	8.285	2.256	2.563	2.731	5.562	2.655	2.034	4.482	3.836	3.027	5.788	3.895
5.698	8.997	4.398	3.471	2.038	2.538	3.144	7.544	6.023	7.603	8.115	3.809	3.28	2.031	2.137	2.574	4.371	10.09	3.788	2.275	2.912	5.023	5.66	2.54	7.93	3.125	2.617	5.535	3.482	5.188	7.947	1.769	3.7	9.325	5.297	3.735	3.666	5.499	8.015	4.083	6.019	5.005	8.431	4.042	1.365	3.8	8.756	6.17	4.644	6.026	5.226	2.639	2.755	4.546	2.134	2.534	8.617	1.827	2.957	8.052	3.463	6.985	1.962	1.992	4.26	2.583	2.918	5.59	2.333	2.114	2.353	2.429	2.371	3.53	7.977	5.215	2.218	5.359	1.153	2.745	3.933	3.766	2.999	5.554	10.65	3.787	7.032	5.631	8.205	2.237	2.559	2.711	5.522	2.622	2.039	4.459	3.823	3.022	5.761	3.859
5.667	8.888	4.41	3.492	2.042	2.516	3.145	7.441	5.987	7.513	8.022	3.761	3.235	2.03	2.113	2.562	4.354	9.963	3.793	2.254	2.913	4.995	5.635	2.537	7.83	3.079	2.583	5.482	3.48	5.148	7.894	1.743	3.699	9.251	5.263	3.72	3.666	5.459	7.973	4.094	5.963	4.949	8.339	4.034	1.359	3.741	8.664	6.117	4.596	5.992	5.202	2.642	2.752	4.5	2.133	2.504	8.537	1.809	2.909	7.996	3.452	6.91	1.94	1.959	4.217	2.547	2.903	5.549	2.323	2.107	2.355	2.444	2.357	3.521	7.9	5.158	2.188	5.309	1.141	2.717	3.905	3.749	2.986	5.521	10.51	3.776	6.949	5.58	8.126	2.217	2.556	2.69	5.481	2.589	2.043	4.436	3.81	3.016	5.733	3.823
5.636	8.779	4.421	3.513	2.046	2.494	3.147	7.339	5.952	7.424	7.93	3.712	3.189	2.029	2.089	2.551	4.337	9.841	3.797	2.232	2.914	4.968	5.61	2.533	7.73	3.032	2.55	5.428	3.477	5.109	7.841	1.717	3.698	9.177	5.228	3.704	3.665	5.419	7.93	4.105	5.906	4.893	8.246	4.026	1.352	3.683	8.572	6.063	4.549	5.957	5.179	2.646	2.749	4.454	2.131	2.473	8.457	1.79	2.861	7.94	3.442	6.835	1.917	1.927	4.174	2.51	2.888	5.507	2.314	2.101	2.357	2.46	2.342	3.513	7.824	5.1	2.158	5.259	1.13	2.69	3.877	3.733	2.973	5.489	10.36	3.766	6.867	5.53	8.046	2.198	2.552	2.669	5.44	2.556	2.047	4.413	3.797	3.011	5.705	3.786
5.605	8.671	4.433	3.534	2.05	2.472	3.149	7.237	5.917	7.334	7.837	3.664	3.143	2.027	2.065	2.539	4.32	9.719	3.801	2.21	2.915	4.94	5.584	2.53	7.63	2.985	2.516	5.374	3.475	5.069	7.788	1.69	3.697	9.104	5.193	3.689	3.665	5.379	7.888	4.116	5.849	4.836	8.154	4.018	1.346	3.624	8.481	6.01	4.501	5.922	5.155	2.65	2.745	4.408	2.13	2.443	8.377	1.771	2.813	7.884	3.431	6.761	1.895	1.894	4.131	2.474	2.873	5.466	2.304	2.094	2.359	2.475	2.328	3.505	7.747	5.042	2.128	5.21	1.118	2.663	3.849	3.716	2.959	5.456	10.21	3.755	6.785	5.48	7.966	2.179	2.548	2.649	5.4	2.523	2.052	4.39	3.784	3.006	5.678	3.75
5.574	8.562	4.445	3.555	2.055	2.45	3.15	7.135	5.882	7.244	7.745	3.615	3.097	2.026	2.041	2.527	4.302	9.596	3.805	2.189	2.917	4.912	5.559	2.527	7.53	2.939	2.483	5.32	3.473	5.029	7.735	1.664	3.696	9.03	5.158	3.674	3.664	5.339	7.845	4.127	5.792	4.78	8.061	4.01	1.339	3.565	8.389	5.956	4.454	5.887	5.132	2.653	2.742	4.362	2.129	2.412	8.297	1.753	2.765	7.827	3.42	6.686	1.872	1.862	4.089	2.437	2.859	5.425	2.294	2.087	2.361	2.491	2.313	3.496	7.671	4.984	2.098	5.16	1.106	2.635	3.82	3.699	2.946	5.423	10.06	3.745	6.702	5.43	7.886	2.159	2.544	2.628	5.359	2.49	2.056	4.367	3.771	3.001	5.65	3.714
5.542	8.453	4.457	3.576	2.059	2.428	3.152	7.032	5.846	7.155	7.652	3.566	3.052	2.025	2.017	2.516	4.285	9.474	3.81	2.167	2.918	4.885	5.534	2.524	7.43	2.892	2.449	5.267	3.471	4.989	7.683	1.638	3.696	8.956	5.123	3.659	3.664	5.299	7.803	4.137	5.735	4.723	7.968	4.001	1.333	3.507	8.297	5.903	4.406	5.852	5.108	2.657	2.739	4.316	2.128	2.382	8.217	1.734	2.717	7.771	3.409	6.611	1.85	1.829	4.046	2.401	2.844	5.383	2.284	2.08	2.363	2.506	2.299	3.488	7.595	4.926	2.068	5.111	1.095	2.608	3.792	3.683	2.932	5.391	9.917	3.734	6.62	5.38	7.806	2.14	2.541	2.607	5.319	2.457	2.061	4.344	3.758	2.995	5.622	3.678
5.511	8.344	4.468	3.597	2.063	2.406	3.154	6.93	5.811	7.065	7.56	3.518	3.006	2.023	1.993	2.504	4.268	9.352	3.814	2.145	2.919	4.857	5.509	2.521	7.33	2.846	2.416	5.213	3.469	4.949	7.63	1.611	3.695	8.882	5.088	3.643	3.663	5.259	7.76	4.148	5.679	4.667	7.876	3.993	1.326	3.448	8.206	5.849	4.359	5.817	5.085	2.661	2.736	4.27	2.127	2.351	8.137	1.715	2.669	7.715	3.399	6.537	1.827	1.797	4.003	2.364	2.829	5.342	2.275	2.073	2.366	2.522	2.285	3.48	7.518	4.868	2.039	5.061	1.083	2.581	3.764	3.666	2.919	5.358	9.77	3.724	6.538	5.33	7.726	2.121	2.537	2.587	5.278	2.424	2.065	4.321	3.745	2.99	5.595	3.642
5.48	8.236	4.48	3.618	2.067	2.384	3.155	6.828	5.776	6.976	7.467	3.469	2.96	2.022	1.968	2.493	4.251	9.229	3.818	2.123	2.921	4.829	5.484	2.517	7.23	2.799	2.382	5.159	3.466	4.909	7.577	1.585	3.694	8.809	5.053	3.628	3.663	5.219	7.718	4.159	5.622	4.611	7.783	3.985	1.319	3.389	8.114	5.796	4.311	5.783	5.061	2.664	2.732	4.224	2.126	2.321	8.057	1.697	2.621	7.659	3.388	6.462	1.805	1.765	3.96	2.327	2.814	5.301	2.265	2.066	2.368	2.537	2.27	3.471	7.442	4.811	2.009	5.011	1.072	2.553	3.736	3.649	2.906	5.326	9.622	3.713	6.455	5.279	7.646	2.101	2.533	2.566	5.237	2.391	2.069	4.298	3.732	2.985	5.567	3.605
5.449	8.127	4.492	3.639	2.072	2.362	3.157	6.726	5.741	6.886	7.375	3.42	2.914	2.021	1.944	2.481	4.234	9.107	3.823	2.102	2.922	4.802	5.458	2.514	7.13	2.752	2.349	5.106	3.464	4.87	7.524	1.559	3.693	8.735	5.018	3.613	3.662	5.179	7.675	4.17	5.565	4.554	7.691	3.977	1.313	3.331	8.022	5.742	4.264	5.748	5.038	2.668	2.729	4.178	2.124	2.29	7.977	1.678	2.573	7.603	3.377	6.388	1.782	1.732	3.918	2.291	2.8	5.26	2.255	2.059	2.37	2.552	2.256	3.463	7.365	4.753	1.979	4.962	1.06	2.526	3.708	3.633	2.892	5.293	9.475	3.702	6.373	5.229	7.566	2.082	2.53	2.545	5.197	2.358	2.074	4.275	3.719	2.979	5.539	3.569
5.418	8.018	4.504	3.66	2.076	2.34	3.159	6.624	5.705	6.796	7.282	3.372	2.869	2.019	1.92	2.469	4.217	8.985	3.827	2.08	2.923	4.774	5.433	2.511	7.03	2.706	2.315	5.052	3.462	4.83	7.471	1.532	3.692	8.661	4.983	3.598	3.662	5.139	7.633	4.181	5.508	4.498	7.598	3.969	1.306	3.272	7.93	5.689	4.216	5.713	5.014	2.672	2.726	4.131	2.123	2.26	7.897	1.659	2.524	7.547	3.366	6.313	1.759	1.7	3.875	2.254	2.785	5.218	2.245	2.053	2.372	2.568	2.241	3.455	7.289	4.695	1.949	4.912	1.049	2.499	3.68	3.616	2.879	5.261	9.327	3.692	6.291	5.179	7.487	2.063	2.526	2.525	5.156	2.325	2.078	4.252	3.706	2.974	5.512	3.533
5.387	7.909	4.515	3.681	2.08	2.318	3.16	6.521	5.67	6.707	7.19	3.323	2.823	2.018	1.896	2.458	4.2	8.863	3.831	2.058	2.924	4.746	5.408	2.508	6.93	2.659	2.282	4.998	3.46	4.79	7.418	1.506	3.691	8.587	4.948	3.583	3.661	5.099	7.59	4.192	5.451	4.441	7.506	3.961	1.3	3.213	7.839	5.635	4.169	5.678	4.991	2.676	2.722	4.085	2.122	2.229	7.817	1.641	2.476	7.491	3.356	6.238	1.737	1.667	3.832	2.218	2.77	5.177	2.236	2.046	2.374	2.583	2.227	3.446	7.212	4.637	1.919	4.862	1.037	2.471	3.652	3.599	2.866	5.228	9.18	3.681	6.208	5.129	7.407	2.043	2.522	2.504	5.116	2.292	2.083	4.229	3.693	2.969	5.484	3.497
5.355	7.801	4.527	3.702	2.084	2.296	3.162	6.419	5.635	6.617	7.097	3.275	2.777	2.017	1.872	2.446	4.183	8.74	3.836	2.037	2.926	4.719	5.383	2.504	6.83	2.613	2.248	4.945	3.457	4.75	7.366	1.48	3.69	8.514	4.913	3.567	3.661	5.059	7.548	4.203	5.395	4.385	7.413	3.953	1.293	3.154	7.747	5.582	4.121	5.643	4.967	2.679	2.719	4.039	2.121	2.199	7.737	1.622	2.428	7.435	3.345	6.164	1.714	1.635	3.789	2.181	2.755	5.136	2.226	2.039	2.376	2.599	2.212	3.438	7.136	4.579	1.889	4.813	1.026	2.444	3.624	3.583	2.852	5.196	9.033	3.671	6.126	5.079	7.327	2.024	2.518	2.483	5.075	2.259	2.087	4.206	3.68	2.964	5.456	3.461
5.324	7.692	4.539	3.723	2.089	2.274	3.164	6.317	5.599	6.527	7.005	3.226	2.731	2.015	1.848	2.435	4.165	8.618	3.84	2.015	2.927	4.691	5.358	2.501	6.729	2.566	2.215	4.891	3.455	4.71	7.313	1.453	3.69	8.44	4.879	3.552	3.66	5.019	7.505	4.214	5.338	4.329	7.321	3.944	1.287	3.096	7.655	5.528	4.074	5.608	4.944	2.683	2.716	3.993	2.12	2.168	7.657	1.603	2.38	7.379	3.334	6.089	1.692	1.602	3.747	2.145	2.741	5.095	2.216	2.032	2.378	2.614	2.198	3.43	7.059	4.522	1.859	4.763	1.014	2.417	3.596	3.566	2.839	5.163	8.885	3.66	6.044	5.028	7.247	2.005	2.515	2.463	5.034	2.226	2.091	4.183	3.667	2.958	5.429	3.425
5.293	7.583	4.551	3.744	2.093	2.252	3.165	6.215	5.564	6.438	6.912	3.177	2.686	2.014	1.824	2.423	4.148	8.496	3.844	1.993	2.928	4.664	5.333	2.498	6.629	2.52	2.181	4.837	3.453	4.67	7.26	1.427	3.689	8.366	4.844	3.537	3.66	4.979	7.463	4.225	5.281	4.272	7.228	3.936	1.28	3.037	7.564	5.475	4.026	5.574	4.92	2.687	2.712	3.947	2.119	2.138	7.576	1.585	2.332	7.323	3.323	6.015	1.669	1.57	3.704	2.108	2.726	5.053	2.207	2.025	2.38	2.63	2.183	3.421	6.983	4.464	1.829	4.714	1.003	2.389	3.567	3.549	2.825	5.13	8.738	3.65	5.961	4.978	7.167	1.985	2.511	2.442	4.994	2.193	2.096	4.16	3.654	2.953	5.401	3.388
5.262	7.474	4.562	3.765	2.097	2.23	3.167	6.113	5.529	6.348	6.82	3.129	2.64	2.013	1.8	2.411	4.131	8.374	3.849	1.971	2.93	4.636	5.307	2.495	6.529	2.473	2.148	4.783	3.451	4.631	7.207	1.4	3.688	8.292	4.809	3.522	3.659	4.939	7.421	4.236	5.224	4.216	7.135	3.928	1.273	2.978	7.472	5.421	3.978	5.539	4.897	2.69	2.709	3.901	2.117	2.107	7.496	1.566	2.284	7.267	3.313	5.94	1.647	1.538	3.661	2.072	2.711	5.012	2.197	2.018	2.382	2.645	2.169	3.413	6.906	4.406	1.8	4.664	0.9912	2.362	3.539	3.533	2.812	5.098	8.59	3.639	5.879	4.928	7.087	1.966	2.507	2.421	4.953	2.16	2.1	4.137	3.641	2.948	5.373	3.352
5.231	7.366	4.574	3.786	2.101	2.208	3.169	6.01	5.494	6.259	6.727	3.08	2.594	2.011	1.776	2.4	4.114	8.251	3.853	1.95	2.931	4.608	5.282	2.492	6.429	2.426	2.114	4.73	3.448	4.591	7.154	1.374	3.687	8.219	4.774	3.507	3.659	4.899	7.378	4.247	5.167	4.159	7.043	3.92	1.267	2.92	7.38	5.368	3.931	5.504	4.873	2.694	2.706	3.855	2.116	2.077	7.416	1.547	2.236	7.211	3.302	5.865	1.624	1.505	3.618	2.035	2.696	4.971	2.187	2.011	2.384	2.66	2.154	3.405	6.83	4.348	1.77	4.614	0.9797	2.335	3.511	3.516	2.799	5.065	8.443	3.628	5.797	4.878	7.007	1.946	2.503	2.401	4.913	2.127	2.105	4.114	3.628	2.943	5.345	3.316
5.2	7.257	4.586	3.807	2.106	2.186	3.17	5.908	5.458	6.169	6.635	3.031	2.548	2.01	1.752	2.388	4.097	8.129	3.857	1.928	2.932	4.581	5.257	2.488	6.329	2.38	2.081	4.676	3.446	4.551	7.101	1.348	3.686	8.145	4.739	3.491	3.658	4.859	7.336	4.258	5.111	4.103	6.95	3.912	1.26	2.861	7.289	5.314	3.883	5.469	4.85	2.698	2.703	3.809	2.115	2.046	7.336	1.529	2.188	7.155	3.291	5.791	1.602	1.473	3.576	1.999	2.682	4.93	2.177	2.004	2.386	2.676	2.14	3.396	6.753	4.29	1.74	4.565	0.9681	2.307	3.483	3.499	2.785	5.033	8.295	3.618	5.714	4.828	6.927	1.927	2.5	2.38	4.872	2.094	2.109	4.091	3.615	2.937	5.318	3.28
5.168	7.148	4.598	3.828	2.11	2.164	3.172	5.806	5.423	6.079	6.542	2.983	2.503	2.009	1.728	2.377	4.08	8.007	3.861	1.906	2.934	4.553	5.232	2.485	6.229	2.333	2.047	4.622	3.444	4.511	7.049	1.321	3.685	8.071	4.704	3.476	3.658	4.819	7.293	4.269	5.054	4.047	6.858	3.904	1.254	2.802	7.197	5.261	3.836	5.434	4.826	2.701	2.699	3.763	2.114	2.016	7.256	1.51	2.14	7.099	3.28	5.716	1.579	1.44	3.533	1.962	2.667	4.888	2.168	1.998	2.388	2.691	2.125	3.388	6.677	4.233	1.71	4.515	0.9566	2.28	3.455	3.483	2.772	5	8.148	3.607	5.632	4.777	6.848	1.908	2.496	2.359	4.831	2.061	2.113	4.068	3.602	2.932	5.29	3.244
5.137	7.039	4.609	3.849	2.114	2.142	3.173	5.704	5.388	5.99	6.45	2.934	2.457	2.007	1.704	2.365	4.063	7.884	3.866	1.885	2.935	4.525	5.207	2.482	6.129	2.287	2.014	4.569	3.442	4.471	6.996	1.295	3.684	7.997	4.669	3.461	3.657	4.779	7.251	4.279	4.997	3.99	6.765	3.896	1.247	2.743	7.105	5.207	3.788	5.399	4.803	2.705	2.696	3.717	2.113	1.985	7.176	1.491	2.092	7.043	3.27	5.641	1.557	1.408	3.49	1.926	2.652	4.847	2.158	1.991	2.39	2.707	2.111	3.38	6.6	4.175	1.68	4.465	0.9451	2.253	3.427	3.466	2.759	4.968	8.001	3.597	5.549	4.727	6.768	1.888	2.492	2.339	4.791	2.028	2.118	4.045	3.589	2.927	5.262	3.208
5.106	6.931	4.621	3.87	2.119	2.119	3.175	5.602	5.353	5.9	6.357	2.886	2.411	2.006	1.68	2.353	4.046	7.762	3.87	1.863	2.936	4.498	5.182	2.479	6.029	2.24	1.98	4.515	3.44	4.431	6.943	1.269	3.684	7.924	4.634	3.446	3.657	4.739	7.208	4.29	4.94	3.934	6.673	3.888	1.241	2.685	7.014	5.154	3.741	5.365	4.779	2.709	2.693	3.671	2.112	1.955	7.096	1.473	2.043	6.987	3.259	5.567	1.534	1.375	3.448	1.889	2.637	4.806	2.148	1.984	2.392	2.722	2.096	3.371	6.524	4.117	1.65	4.416	0.9335	2.226	3.399	3.449	2.745	4.935	7.853	3.586	5.467	4.677	6.688	1.869	2.489	2.318	4.75	1.995	2.122	4.021	3.576	2.922	5.235	3.171
5.075	6.822	4.633	3.891	2.123	2.097	3.177	5.499	5.317	5.811	6.265	2.837	2.365	2.005	1.656	2.342	4.028	7.64	3.874	1.841	2.937	4.47	5.156	2.476	5.929	2.193	1.947	4.461	3.437	4.392	6.89	1.242	3.683	7.85	4.599	3.431	3.657	4.699	7.166	4.301	4.883	3.877	6.58	3.879	1.234	2.626	6.922	5.1	3.693	5.33	4.755	2.713	2.689	3.624	2.11	1.924	7.016	1.454	1.995	6.931	3.248	5.492	1.511	1.343	3.405	1.853	2.623	4.765	2.139	1.977	2.394	2.738	2.082	3.363	6.447	4.059	1.62	4.366	0.922	2.198	3.371	3.433	2.732	4.902	7.706	3.576	5.385	4.627	6.608	1.85	2.485	2.297	4.71	1.962	2.127	3.998	3.563	2.916	5.207	3.135
5.044	6.713	4.645	3.912	2.127	2.075	3.178	5.397	5.282	5.721	6.172	2.788	2.32	2.003	1.632	2.33	4.011	7.518	3.879	1.819	2.939	4.442	5.131	2.472	5.829	2.147	1.913	4.408	3.435	4.352	6.837	1.216	3.682	7.776	4.564	3.415	3.656	4.659	7.123	4.312	4.827	3.821	6.488	3.871	1.228	2.567	6.83	5.047	3.646	5.295	4.732	2.716	2.686	3.578	2.109	1.893	6.936	1.435	1.947	6.875	3.237	5.418	1.489	1.311	3.362	1.816	2.608	4.723	2.129	1.97	2.396	2.753	2.067	3.355	6.371	4.001	1.59	4.317	0.9105	2.171	3.343	3.416	2.718	4.87	7.558	3.565	5.302	4.577	6.528	1.83	2.481	2.277	4.669	1.929	2.131	3.975	3.55	2.911	5.179	3.099
5.013	6.605	4.657	3.933	2.131	2.053	3.18	5.295	5.247	5.631	6.08	2.74	2.274	2.002	1.608	2.319	3.994	7.395	3.883	1.798	2.94	4.415	5.106	2.469	5.729	2.1	1.879	4.354	3.433	4.312	6.784	1.19	3.681	7.702	4.53	3.4	3.656	4.619	7.081	4.323	4.77	3.765	6.395	3.863	1.221	2.509	6.739	4.993	3.598	5.26	4.708	2.72	2.683	3.532	2.108	1.863	6.856	1.417	1.899	6.819	3.226	5.343	1.466	1.278	3.319	1.78	2.593	4.682	2.119	1.963	2.398	2.768	2.053	3.346	6.294	3.944	1.561	4.267	0.899	2.144	3.315	3.399	2.705	4.837	7.411	3.554	5.22	4.527	6.448	1.811	2.477	2.256	4.628	1.896	2.135	3.952	3.537	2.906	5.152	3.063
4.981	6.496	4.668	3.954	2.136	2.031	3.182	5.193	5.212	5.542	5.987	2.691	2.228	2.001	1.584	2.307	3.977	7.273	3.887	1.776	2.941	4.387	5.081	2.466	5.629	2.054	1.846	4.3	3.431	4.272	6.732	1.163	3.68	7.629	4.495	3.385	3.655	4.579	7.038	4.334	4.713	3.708	6.302	3.855	1.214	2.45	6.647	4.94	3.551	5.225	4.685	2.724	2.68	3.486	2.107	1.832	6.776	1.398	1.851	6.763	3.216	5.268	1.444	1.246	3.277	1.743	2.578	4.641	2.109	1.956	2.4	2.784	2.039	3.338	6.218	3.886	1.531	4.217	0.8874	2.116	3.286	3.383	2.692	4.805	7.263	3.544	5.138	4.476	6.368	1.792	2.474	2.236	4.588	1.863	2.14	3.929	3.524	2.901	5.124	3.027
4.95	6.387	4.68	3.975	2.14	2.009	3.183	5.09	5.176	5.452	5.895	2.642	2.182	1.999	1.56	2.295	3.96	7.151	3.892	1.754	2.943	4.359	5.056	2.463	5.529	2.007	1.812	4.246	3.428	4.232	6.679	1.137	3.679	7.555	4.46	3.37	3.655	4.539	6.996	4.345	4.656	3.652	6.21	3.847	1.208	2.391	6.555	4.886	3.503	5.19	4.661	2.727	2.676	3.44	2.106	1.802	6.696	1.379	1.803	6.706	3.205	5.194	1.421	1.213	3.234	1.707	2.564	4.6	2.1	1.95	2.403	2.799	2.024	3.33	6.141	3.828	1.501	4.168	0.8759	2.089	3.258	3.366	2.678	4.772	7.116	3.533	5.055	4.426	6.288	1.772	2.47	2.215	4.547	1.83	2.144	3.906	3.511	2.895	5.096	2.99
4.919	6.278	4.692	3.996	2.144	1.987	3.185	4.988	5.141	5.363	5.802	2.594	2.137	1.998	1.536	2.284	3.943	7.028	3.896	1.733	2.944	4.332	5.031	2.459	5.429	1.961	1.779	4.193	3.426	4.192	6.626	1.111	3.679	7.481	4.425	3.355	3.654	4.499	6.953	4.356	4.599	3.595	6.117	3.839	1.201	2.333	6.464	4.833	3.456	5.156	4.638	2.731	2.673	3.394	2.105	1.771	6.615	1.361	1.755	6.65	3.194	5.119	1.399	1.181	3.191	1.67	2.549	4.558	2.09	1.943	2.405	2.815	2.01	3.322	6.065	3.77	1.471	4.118	0.8644	2.062	3.23	3.349	2.665	4.74	6.969	3.523	4.973	4.376	6.209	1.753	2.466	2.194	4.506	1.797	2.149	3.883	3.498	2.89	5.069	2.954
4.888	6.17	4.704	4.017	2.148	1.965	3.187	4.886	5.106	5.273	5.71	2.545	2.091	1.997	1.512	2.272	3.926	6.906	3.9	1.711	2.945	4.304	5.005	2.456	5.329	1.914	1.745	4.139	3.424	4.153	6.573	1.084	3.678	7.407	4.39	3.339	3.654	4.459	6.911	4.367	4.543	3.539	6.025	3.831	1.195	2.274	6.372	4.779	3.408	5.121	4.614	2.735	2.67	3.348	2.103	1.741	6.535	1.342	1.707	6.594	3.183	5.044	1.376	1.148	3.148	1.634	2.534	4.517	2.08	1.936	2.407	2.83	1.995	3.313	5.989	3.712	1.441	4.068	0.8529	2.034	3.202	3.333	2.652	4.707	6.821	3.512	4.891	4.326	6.129	1.734	2.463	2.174	4.466	1.764	2.153	3.86	3.485	2.885	5.041	2.918
4.857	6.061	4.715	4.038	2.153	1.943	3.188	4.784	5.071	5.183	5.617	2.496	2.045	1.995	1.488	2.261	3.908	6.784	3.904	1.689	2.946	4.276	4.98	2.453	5.229	1.867	1.712	4.085	3.422	4.113	6.52	1.058	3.677	7.334	4.355	3.324	3.653	4.419	6.868	4.378	4.486	3.483	5.932	3.822	1.188	2.215	6.28	4.726	3.36	5.086	4.591	2.738	2.666	3.302	2.102	1.71	6.455	1.323	1.659	6.538	3.173	4.97	1.354	1.116	3.106	1.597	2.519	4.476	2.071	1.929	2.409	2.846	1.981	3.305	5.912	3.654	1.411	4.019	0.8413	2.007	3.174	3.316	2.638	4.675	6.674	3.502	4.808	4.276	6.049	1.714	2.459	2.153	4.425	1.731	2.158	3.837	3.472	2.88	5.013	2.882
4.826	5.952	4.727	4.059	2.157	1.921	3.19	4.682	5.035	5.094	5.525	2.448	1.999	1.994	1.463	2.249	3.891	6.662	3.909	1.667	2.948	4.249	4.955	2.45	5.129	1.821	1.678	4.032	3.419	4.073	6.467	1.032	3.676	7.26	4.32	3.309	3.653	4.379	6.826	4.389	4.429	3.426	5.84	3.814	1.182	2.156	6.188	4.672	3.313	5.051	4.567	2.742	2.663	3.256	2.101	1.68	6.375	1.305	1.61	6.482	3.162	4.895	1.331	1.084	3.063	1.561	2.505	4.435	2.061	1.922	2.411	2.861	1.966	3.297	5.836	3.597	1.381	3.969	0.8298	1.98	3.146	3.299	2.625	4.642	6.526	3.491	4.726	4.225	5.969	1.695	2.455	2.132	4.385	1.698	2.162	3.814	3.459	2.874	4.986	2.846
4.794	5.843	4.739	4.08	2.161	1.899	3.192	4.579	5	5.004	5.432	2.399	1.954	1.993	1.439	2.237	3.874	6.539	3.913	1.646	2.949	4.221	4.93	2.447	5.028	1.774	1.645	3.978	3.417	4.033	6.415	1.005	3.675	7.186	4.285	3.294	3.652	4.339	6.783	4.4	4.372	3.37	5.747	3.806	1.175	2.098	6.097	4.619	3.265	5.016	4.544	2.746	2.66	3.21	2.1	1.649	6.295	1.286	1.562	6.426	3.151	4.821	1.308	1.051	3.02	1.524	2.49	4.393	2.051	1.915	2.413	2.876	1.952	3.288	5.759	3.539	1.351	3.92	0.8183	1.952	3.118	3.283	2.611	4.609	6.379	3.48	4.644	4.175	5.889	1.675	2.451	2.112	4.344	1.665	2.166	3.791	3.446	2.869	4.958	2.81
4.763	5.735	4.751	4.101	2.165	1.877	3.193	4.477	4.965	4.914	5.34	2.351	1.908	1.991	1.415	2.226	3.857	6.417	3.917	1.624	2.95	4.193	4.905	2.443	4.928	1.728	1.611	3.924	3.415	3.993	6.362	0.9788	3.674	7.112	4.25	3.278	3.652	4.299	6.741	4.41	4.315	3.314	5.654	3.798	1.168	2.039	6.005	4.565	3.218	4.982	4.52	2.749	2.657	3.163	2.099	1.619	6.215	1.267	1.514	6.37	3.14	4.746	1.286	1.019	2.977	1.488	2.475	4.352	2.041	1.908	2.415	2.892	1.937	3.28	5.683	3.481	1.322	3.87	0.8068	1.925	3.09	3.266	2.598	4.577	6.231	3.47	4.561	4.125	5.809	1.656	2.448	2.091	4.303	1.632	2.171	3.768	3.434	2.864	4.93	2.773
4.732	5.626	4.762	4.122	2.17	1.855	3.195	4.375	4.93	4.825	5.247	2.302	1.862	1.99	1.391	2.214	3.84	6.295	3.922	1.602	2.952	4.166	4.879	2.44	4.828	1.681	1.578	3.871	3.413	3.953	6.309	0.9525	3.673	7.039	4.215	3.263	3.651	4.259	6.699	4.421	4.259	3.257	5.562	3.79	1.162	1.98	5.913	4.512	3.17	4.947	4.497	2.753	2.653	3.117	2.098	1.588	6.135	1.249	1.466	6.314	3.13	4.671	1.263	0.9862	2.935	1.451	2.46	4.311	2.032	1.902	2.417	2.907	1.923	3.272	5.606	3.423	1.292	3.82	0.7952	1.898	3.062	3.249	2.585	4.544	6.084	3.459	4.479	4.075	5.729	1.637	2.444	2.07	4.263	1.599	2.175	3.745	3.421	2.859	4.903	2.737
4.701	5.517	4.774	4.143	2.174	1.833	3.197	4.273	4.894	4.735	5.155	2.253	1.816	1.989	1.367	2.203	3.823	6.172	3.926	1.581	2.953	4.138	4.854	2.437	4.728	1.634	1.544	3.817	3.41	3.914	6.256	0.9261	3.673	6.965	4.181	3.248	3.651	4.219	6.656	4.432	4.202	3.201	5.469	3.782	1.155	1.922	5.822	4.458	3.123	4.912	4.473	2.757	2.65	3.071	2.096	1.558	6.055	1.23	1.418	6.258	3.119	4.597	1.241	0.9538	2.892	1.415	2.446	4.27	2.022	1.895	2.419	2.923	1.908	3.263	5.53	3.365	1.262	3.771	0.7837	1.87	3.033	3.232	2.571	4.512	5.937	3.449	4.397	4.025	5.65	1.617	2.44	2.05	4.222	1.566	2.18	3.722	3.408	2.853	4.875	2.701
4.67	5.408	4.786	4.165	2.178	1.811	3.198	4.171	4.859	4.646	5.062	2.205	1.771	1.987	1.343	2.191	3.806	6.05	3.93	1.559	2.954	4.11	4.829	2.434	4.628	1.588	1.511	3.763	3.408	3.874	6.203	0.8998	3.672	6.891	4.146	3.233	3.65	4.179	6.614	4.443	4.145	3.144	5.377	3.774	1.149	1.863	5.73	4.405	3.075	4.877	4.45	2.761	2.647	3.025	2.095	1.527	5.975	1.211	1.37	6.202	3.108	4.522	1.218	0.9214	2.849	1.378	2.431	4.228	2.012	1.888	2.421	2.938	1.894	3.255	5.453	3.308	1.232	3.721	0.7722	1.843	3.005	3.216	2.558	4.479	5.789	3.438	4.314	3.975	5.57	1.598	2.436	2.029	4.182	1.533	2.184	3.699	3.395	2.848	4.847	2.665
4.639	5.3	4.798	4.186	2.182	1.789	3.2	4.068	4.824	4.556	4.97	2.156	1.725	1.986	1.319	2.179	3.789	5.928	3.935	1.537	2.955	4.083	4.804	2.43	4.528	1.541	1.477	3.709	3.406	3.834	6.15	0.8734	3.671	6.818	4.111	3.218	3.65	4.139	6.571	4.454	4.088	3.088	5.284	3.765	1.142	1.804	5.638	4.351	3.028	4.842	4.426	2.764	2.643	2.979	2.094	1.497	5.895	1.193	1.322	6.146	3.097	4.447	1.196	0.889	2.806	1.342	2.416	4.187	2.003	1.881	2.423	2.954	1.879	3.247	5.377	3.25	1.202	3.671	0.7606	1.816	2.977	3.199	2.545	4.447	5.642	3.428	4.232	3.924	5.49	1.579	2.433	2.008	4.141	1.5	2.188	3.676	3.382	2.843	4.82	2.629
4.607	5.191	4.809	4.207	2.187	1.767	3.202	3.966	4.789	4.466	4.877	2.107	1.679	1.985	1.295	2.168	3.771	5.806	3.939	1.515	2.957	4.055	4.779	2.427	4.428	1.495	1.444	3.656	3.404	3.794	6.098	0.8471	3.67	6.744	4.076	3.202	3.649	4.099	6.529	4.465	4.031	3.032	5.192	3.757	1.136	1.745	5.547	4.298	2.98	4.807	4.403	2.768	2.64	2.933	2.093	1.466	5.815	1.174	1.274	6.09	3.087	4.373	1.173	0.8565	2.764	1.305	2.401	4.146	1.993	1.874	2.425	2.969	1.865	3.238	5.3	3.192	1.172	3.622	0.7491	1.788	2.949	3.182	2.531	4.414	5.494	3.417	4.149	3.874	5.41	1.559	2.429	1.988	4.1	1.467	2.193	3.653	3.369	2.838	4.792	2.592
4.576	5.082	4.821	4.228	2.191	1.745	3.203	3.864	4.753	4.377	4.785	2.059	1.633	1.983	1.271	2.156	3.754	5.683	3.943	1.494	2.958	4.027	4.754	2.424	4.328	1.448	1.41	3.602	3.402	3.754	6.045	0.8207	3.669	6.67	4.041	3.187	3.649	4.059	6.486	4.476	3.975	2.975	5.099	3.749	1.129	1.687	5.455	4.244	2.933	4.773	4.379	2.772	2.637	2.887	2.092	1.436	5.735	1.155	1.226	6.034	3.076	4.298	1.151	0.8241	2.721	1.269	2.387	4.105	1.983	1.867	2.427	2.984	1.85	3.23	5.224	3.134	1.142	3.572	0.7376	1.761	2.921	3.166	2.518	4.381	5.347	3.406	4.067	3.824	5.33	1.54	2.425	1.967	4.06	1.434	2.197	3.63	3.356	2.832	4.764	2.556
4.545	4.973	4.833	4.249	2.195	1.723	3.205	3.762	4.718	4.287	4.692	2.01	1.588	1.982	1.247	2.145	3.737	5.561	3.947	1.472	2.959	4	4.728	2.421	4.228	1.402	1.377	3.548	3.399	3.714	5.992	0.7943	3.668	6.596	4.006	3.172	3.648	4.019	6.444	4.487	3.918	2.919	5.007	3.741	1.123	1.628	5.363	4.191	2.885	4.738	4.356	2.775	2.634	2.841	2.091	1.405	5.655	1.137	1.178	5.978	3.065	4.224	1.128	0.7917	2.678	1.232	2.372	4.063	1.973	1.86	2.429	3	1.836	3.222	5.147	3.076	1.112	3.523	0.7261	1.734	2.893	3.149	2.504	4.349	5.2	3.396	3.985	3.774	5.25	1.521	2.422	1.946	4.019	1.401	2.202	3.607	3.343	2.827	4.737	2.52
4.514	4.865	4.845	4.27	2.199	1.701	3.207	3.66	4.683	4.198	4.6	1.962	1.542	1.981	1.223	2.133	3.72	5.439	3.952	1.45	2.961	3.972	4.703	2.418	4.128	1.355	1.343	3.495	3.397	3.675	5.939	0.768	3.667	6.523	3.971	3.157	3.648	3.979	6.401	4.498	3.861	2.862	4.914	3.733	1.116	1.569	5.272	4.137	2.838	4.703	4.332	2.779	2.63	2.795	2.089	1.375	5.574	1.118	1.129	5.922	3.054	4.149	1.105	0.7592	2.636	1.195	2.357	4.022	1.964	1.853	2.431	3.015	1.821	3.213	5.071	3.019	1.083	3.473	0.7145	1.707	2.865	3.132	2.491	4.316	5.052	3.385	3.902	3.724	5.17	1.501	2.418	1.926	3.979	1.368	2.206	3.584	3.33	2.822	4.709	2.484
4.483	4.756	4.856	4.291	2.204	1.679	3.208	3.557	4.647	4.108	4.507	1.913	1.496	1.979	1.199	2.121	3.703	5.317	3.956	1.429	2.962	3.944	4.678	2.414	4.028	1.308	1.31	3.441	3.395	3.635	5.886	0.7416	3.667	6.449	3.936	3.142	3.647	3.939	6.359	4.509	3.804	2.806	4.821	3.725	1.109	1.511	5.18	4.084	2.79	4.668	4.309	2.783	2.627	2.749	2.088	1.344	5.494	1.099	1.081	5.866	3.044	4.074	1.083	0.7268	2.593	1.159	2.342	3.981	1.954	1.847	2.433	3.031	1.807	3.205	4.994	2.961	1.053	3.423	0.703	1.679	2.837	3.116	2.478	4.284	4.905	3.375	3.82	3.673	5.09	1.482	2.414	1.905	3.938	1.335	2.21	3.561	3.317	2.817	4.681	2.448
4.452	4.647	4.868	4.312	2.208	1.657	3.21	3.455	4.612	4.018	4.415	1.864	1.45	1.978	1.175	2.11	3.686	5.194	3.96	1.407	2.963	3.917	4.653	2.411	3.928	1.262	1.276	3.387	3.393	3.595	5.833	0.7153	3.666	6.375	3.901	3.126	3.647	3.899	6.316	4.52	3.748	2.75	4.729	3.717	1.103	1.452	5.088	4.03	2.742	4.633	4.285	2.786	2.624	2.703	2.087	1.314	5.414	1.081	1.033	5.81	3.033	4	1.06	0.6944	2.55	1.122	2.328	3.939	1.944	1.84	2.435	3.046	1.793	3.197	4.918	2.903	1.023	3.374	0.6915	1.652	2.809	3.099	2.464	4.251	4.757	3.364	3.738	3.623	5.011	1.463	2.41	1.884	3.897	1.302	2.215	3.538	3.304	2.811	4.653	2.412
4.42	4.538	4.88	4.333	2.212	1.635	3.212	3.353	4.577	3.929	4.322	1.816	1.405	1.977	1.151	2.098	3.669	5.072	3.965	1.385	2.964	3.889	4.628	2.408	3.828	1.215	1.242	3.333	3.39	3.555	5.781	0.6889	3.665	6.301	3.866	3.111	3.646	3.859	6.274	4.531	3.691	2.693	4.636	3.708	1.096	1.393	4.997	3.977	2.695	4.598	4.262	2.79	2.62	2.656	2.086	1.283	5.334	1.062	0.9851	5.754	3.022	3.925	1.038	0.662	2.507	1.086	2.313	3.898	1.935	1.833	2.437	3.062	1.778	3.188	4.841	2.845	0.993	3.324	0.68	1.625	2.781	3.082	2.451	4.219	4.61	3.354	3.655	3.573	4.931	1.443	2.407	1.864	3.857	1.269	2.219	3.515	3.291	2.806	4.626	2.375
