0.703	1.597	1.747	0.7648	2.532	3.751	1.163	3.671	1.361	1.459	1.658	1.571	2.155	2.286	1.553	0.81	1.462	2.304	2.781	2.512	1.128	2.103	2.479	2.136	2.525	1.78	2.873	3.002	0.8863	1.995	3.237	3.609	3.691	2.783	3.806	3.291	3.969	1.596	2.56	1.237	0.7651	2.715	1.993	1.014	3.057	3.23	2.171	1.847	2.717	2.073	2.034	2.73	1.964	2.729	2.501	1.855	1.869	2.778	2.08	2.296	0.5385	3.73	2.247	3.537	3.249	3.205	2.587	1.616	1.37	1.684	1.61	2.978	3.207	1.312	2.018	3.184	2.685	2.607	1.869	4.411	1.59	1.85	2.152	1.706	2.922	0.4733	1.852	2.045	1.988	2.584	3.075	2.788	1.112	2.458	1.76	0.8643	3.177	1.161	0.44	1.682
2.279	2.858	2.925	1.787	1.13	4.394	2.321	2.515	1.459	2.184	2.192	2.309	3.189	1.725	3.465	1.447	1.216	2.093	2.551	2.001	2.145	2.396	2.776	2.314	2.705	2.2	2.547	1.633	2.274	3.557	3.146	3.704	3.057	2.901	4.164	2.457	3.463	2.827	2.398	1.695	1.185	2.872	2.606	2.714	2.6	3.561	2.651	2.211	1.352	3.132	3.805	3.798	3.173	2.367	2.633	3.093	1.995	1.889	2.406	3.315	2.464	3.493	2.146	2.572	2.989	2.124	2.939	2.927	1.954	3.734	2.247	2.429	2.375	2.336	2.41	3.6	2.174	2.837	1.017	3.833	3.764	3.601	2.257	2.94	2.803	1.646	2.687	3.567	2.616	3.394	2.394	2.988	2.489	1.22	2.021	1.631	3.501	2.409	1.683	2.519
1.972	1.603	2.831	1.559	2.256	2.909	1.378	2.831	2.867	3.771	2.372	2.237	3.993	2.604	2.864	1.779	2.789	3.205	2.265	0.6633	2.761	1.927	0.9725	2.14	2.174	2.006	2.364	3.086	2.829	3.124	3.565	2.729	3.585	3.375	3.653	3.436	3.437	2.378	2.678	2.879	2.149	3.082	3.697	2.5	3.474	2.517	2.715	2.936	2.389	3.296	4.45	3.723	2.934	3.392	2.132	2.221	2.885	2.555	3.173	1.344	1.634	1.316	1.952	2.764	2.994	2.688	3.174	2.848	1.595	2.696	0.971	1.681	2.637	2.782	2.007	2.86	2.431	2.285	2.312	3.508	1.81	3.323	1.885	1.865	2.412	1.367	1.789	2.795	2.2	3.083	3.251	3.789	2.47	1.982	2.248	1.253	2.884	2.923	2.44	2.225
1.315	2.002	2.667	1.546	2.146	2.041	1.883	1.854	3.02	2.401	2.824	2.262	4.112	1.739	3.632	1.406	2.621	3.992	3.224	2.066	2.866	2.053	1.399	3.145	2.584	2.726	2.635	2.923	2.531	2.584	3.819	3.176	2.867	2.858	3.169	2.108	3.245	2.499	0.8551	1.752	1.415	2.225	3.107	2.692	1.862	2.827	3.301	2.633	2.003	3.286	4.552	2.738	2.83	2.634	2.398	2.194	2.13	2.321	3.075	2.606	1.79	1.738	3.87	2.556	3.151	3.218	3.29	2.567	2.453	3.26	1.379	2.169	2.467	2.715	4.135	3.452	1.166	2.22	2.011	3.232	3.121	3.825	2.143	2.074	2.371	1.651	2.329	3.402	3.03	2.264	3.604	3.499	2.103	2.915	2.613	2.031	2.968	2.442	1.46	2.505
1.656	2.684	3.237	1.457	1.271	3.821	2.857	2.589	1.007	2.487	2.268	2.372	1.69	1.92	3.378	1.409	2.168	2.713	3.491	2.177	2.35	2.783	2.191	1.944	3.228	2.466	2.224	2.186	1.539	3.251	3.446	2.594	3.394	2.982	1.939	2.308	3.534	2.564	2.218	2.81	2.113	2.523	2.805	2.739	2.7	2.682	2.574	1.94	2.234	3.198	1.923	3.523	2.719	2.778	1.773	2.891	1.885	1.291	2.587	1.993	1.131	2.248	2.374	3.363	3.033	2.08	3.165	0.712	2.617	2.057	2.359	1.934	1.725	2.125	2.245	3.887	2.251	2.049	2.235	2.279	2.128	3.762	1.917	2.388	3.313	0.591	1.638	3.657	2.611	1.941	3.05	2.688	1.983	2.264	2.44	0.6612	3.412	1.589	1.878	2.143
2.37	2.26	2.979	1.544	2.401	3.445	1.953	3.3	1.721	2.347	2.599	2.704	2.659	2.303	3.112	2.121	0.755	2.654	2.495	1.879	2.416	2.864	0.9659	3.393	3.377	1.543	2.243	3.176	2.081	3.314	3.951	3.196	2.651	2.609	3.292	2.635	3.652	2.848	1.81	2.429	2.638	2.655	2.707	3.006	3.077	2.736	2.154	2.036	2.585	2.434	3.304	3.249	3.165	2.124	2.686	2.181	2.987	2.239	3.017	2.742	2.113	2.807	2.846	3.249	3.415	2.734	3.686	3.086	2.808	1.572	1.95	2.459	2.53	2.576	1.814	4.195	2.877	1.664	1.26	3.036	2.582	3.098	1.482	2.48	2.6	1.056	1.916	4.385	2.491	2.901	3.686	3.096	2.231	2.491	2.603	1.529	2.789	2.433	1.891	2.844
1.061	2.382	3.602	1.557	1.887	2.72	1.809	3.092	1.86	2.07	2.176	2.028	2.717	2.995	3.046	2.008	1.004	2.166	2.486	-0.005023	2.025	2.841	2.303	2.488	2.772	2.413	4.139	2.354	1.061	2.721	3.732	2.778	2.815	3.602	2.836	2.394	3.285	3.067	2.243	4.055	1.933	3.479	2.63	1.506	2.879	2.324	3.145	2.743	1.776	3.836	3.84	3.226	2.702	2.854	2.42	2.633	2.256	2.651	2.846	2.248	1.211	2.93	2.163	2.885	2.814	2.626	3.628	1.901	1.624	2.769	0.8747	2.662	1.321	2.879	2.92	3.966	3.713	2.808	1.423	2.634	2.535	2.541	2.854	2.834	1.381	0.7896	2.442	3.024	2.381	3.243	3.196	3.016	1.438	2.212	3.048	2.461	1.818	2.48	2.168	2.489
2.255	2.369	2.258	2.005	1.929	3.493	1.453	3.375	1.869	3.871	2.675	2.531	2.807	1.566	3.24	2.661	1.849	2.733	3.827	3.186	2.46	2.806	1.944	2.314	1.774	1.648	2.225	3.167	2.894	3.085	3.687	1.929	3.247	2.987	3.314	2.351	1.589	2.156	1.326	3.677	2.102	2.748	2.885	2.452	3.083	3.576	2.282	2.933	2.022	2.265	2.274	3.622	2.581	2.452	2.459	2.661	3.206	2.498	2.353	2.481	1.898	3.423	3.411	2.446	1.84	3.896	3.016	1.906	2.164	3.058	2.508	2.687	3.477	2.176	0.4274	3.675	2.499	2.831	1.698	3.487	3.136	3.21	2.153	2.567	2.336	1.206	1.66	3.357	1.508	3.324	3.531	3.608	2.567	1.96	2.146	2.47	2.649	2.491	1.336	2.375
1.956	3.439	0.881	1.776	2.527	4.113	2.333	2.788	2.267	3.382	3.498	2.421	3.51	2.549	2.978	2.443	2.266	2.522	2.268	1.769	2.441	3.24	2.027	2.27	3.324	1.876	1.559	4.047	2.467	1.796	1.941	3.281	2.889	2.856	3.671	2.483	3.532	3.266	1.581	2.219	0.7465	3.074	3.101	0.7703	3.26	3.352	3.48	1.96	1.522	3.003	1.362	3.615	3.52	3.071	2.174	2.529	2.147	2.9	3.323	2.764	1.88	2.145	2.293	3.478	2.93	2.553	3.492	2.474	2.313	3.498	1.628	2.913	1.966	2.467	2.262	3.961	3.382	2.874	2.656	1.581	2.04	3.788	2.506	2.731	3.288	1.377	1.421	3.285	1.58	2.687	2.582	3.088	2.288	2.059	2.355	0.9647	3.204	2.376	0.8973	2.292
1.987	2.128	2.792	2.25	2.322	3.345	1.999	2.579	2.739	1.723	2.034	2.543	2.675	2.487	2.272	2.637	2.316	3.636	2.414	2.132	2.35	2.276	2.376	2.299	2.814	2.095	2.222	3.251	3.089	2.971	2.812	2.105	3.852	2.108	1.063	1.347	4.004	2.518	1.381	2.85	1.816	2.806	3.028	1.629	3.197	2.9	2.697	2.704	2.636	1.999	3.813	3.029	2.019	2.514	1.225	2.855	2.355	2.5	2.673	2.115	2.156	2.246	2.18	2.735	2.982	2.527	3.136	0.762	1.933	2.477	2.468	2.189	2.752	1.677	2.059	3.977	2.431	3.915	2.562	1.814	2.431	3.396	1.808	2.58	2.675	1.414	2.371	2.924	2.341	2.847	1.847	2.274	2.231	1.01	2.992	1.575	1.93	2.412	2.039	2.633
1.909	3.223	3.37	0.8783	2.456	1.49	1.401	3.961	1.776	2.882	2.428	2.543	4.011	1.899	3.157	2.493	2.867	2.585	3.073	2.123	2.543	2.323	1.648	1.102	2.532	2.266	3.639	2.955	1.88	2.905	3.539	2.804	3.806	2.958	3.405	2.456	2.767	2.189	1.403	2.697	2.161	3.003	3.038	3.082	2.247	0.5622	2.527	2.269	1.429	3.14	3.704	2.662	1.705	2.65	1.266	3.815	0.8971	2.761	2.927	2.765	1.97	3.462	2.672	2.999	2.487	2.534	1.378	2.545	2.203	2.762	2.107	1.897	2.108	2.027	2.551	3.118	2.819	2.376	2.235	3.585	1.347	3.589	2.487	2.999	3.063	1.628	2.462	2.779	2.464	1.467	2.718	1.998	3.222	2.187	2.967	1.78	3.198	2.442	1.484	3.079
2.266	3.036	2.489	2.04	2.792	2.933	3.063	2.299	2.031	2.024	2.813	2.313	1.8	2.263	2.208	2.412	1.877	2.692	2.736	1.989	2.73	2.457	2.002	1.055	3.331	2.324	4.093	1.743	2.27	2.768	2.831	2.8	2.675	2.475	3.747	2.082	3.887	2.83	2.564	3.079	1.617	2.725	3.352	2.474	2.582	2.478	3.406	2.57	2.877	3.37	3.646	3.85	2.665	3.06	3.313	2.982	2.896	2.736	2.607	0.5838	2.725	2.729	2.673	2.06	2.338	2.874	2.858	2.014	3.773	3.46	1.262	2.159	2.027	2.715	1.944	3.586	1.811	2.561	1.063	3.777	2.781	3.134	3.319	2.837	2.494	2.098	2.505	2.865	2.296	2.553	2.761	3.188	3.148	0.7939	2.54	2.625	3.537	2.475	1.256	2.277
2.295	2.583	3.512	1.185	3.382	2.528	1.992	2.913	2.493	3.743	2.119	2.518	1.837	1.987	3.501	1.888	1.36	1.297	2.819	2.624	2.956	2.616	2.105	2.078	2.022	1.983	2.682	2.972	0.9297	3.707	3.578	2.865	3.197	2.158	3.243	2.637	3.052	2.849	1.329	2.72	1.259	2.563	4.021	3.555	2.984	2.598	2.59	2.705	2.608	1.765	4.413	3.496	1.333	2.798	2.316	2.961	2.169	3.417	2.746	3.019	1.149	2.808	2.004	2.8	2.895	2.916	1.979	2.308	3.822	3.438	3.179	2.334	2.664	3.174	3.316	3.184	2.861	3.222	2.125	3.718	2.371	2.765	2.798	2.481	1.455	0.9686	1.553	3.422	3.009	1.367	3.345	2.887	1.599	2.356	2.269	1.874	2.839	3.019	1.72	2.648
2.165	2.237	2.189	2.197	2.713	3.108	0.7563	3.486	1.552	2.832	2.347	1.964	3.305	2.897	3.638	2.743	1.945	3.271	3.39	0.7955	2.046	2.629	0.2406	2.898	3.132	2.343	3.073	3.526	2.349	3.524	1.915	1.811	3.81	3.762	3.528	3.05	2.873	2.61	2.439	2.331	2.224	3.412	1.69	2.916	3.097	3.221	2.428	2.18	2.063	3.308	4.646	3.466	2.807	0.296	2.469	2.274	2.509	2.189	1.575	1.632	1.565	2.447	2.949	2.919	2.377	2.622	2.706	3.173	2.539	3.087	1.989	1.763	4.155	0.7215	2.035	2.192	2.006	2.504	1.806	2.98	1.468	3.525	2.985	2.81	2.622	1.993	2.502	2.039	3.101	3.346	3.04	3.148	3.498	2.521	2.376	2.671	2.844	2.692	2.049	2.667
1.904	2.361	2.471	1.456	2.919	2.301	1.59	2.74	0.2752	1.642	3.18	2.638	3.236	2.286	2.846	1.578	2.288	2.879	1.346	1.092	2.577	3.211	1.223	2.604	2.327	1.648	2.335	4.078	1.59	3.838	2.534	3.527	3.586	2.97	2.57	2.353	4.729	2.911	2.66	4.033	2.49	2.587	3.048	1.674	3.116	2.049	3.148	2.436	1.819	3.484	5.009	3.009	2.313	2.185	1.707	2.194	2.962	2.71	2.802	1.961	1.843	2.329	2.546	2.455	3.192	1.145	3.846	0.8704	2.467	4.295	3.945	2.043	0.9601	3.408	2.391	3.742	2.921	2.623	1.95	2.978	1.942	3.824	3.645	2.891	3.411	1.604	1.817	1.845	1.851	2.986	3.61	1.515	1.944	3.52	2.656	3.256	3.068	2.82	1.093	2.744
2.003	2.671	3.33	2.255	1.572	3.373	2.692	1.362	2.374	1.662	2.184	2.337	2.807	1.179	3.187	2.584	2.394	3.6	2.609	3.318	0.9184	2.482	2.261	2.258	3.178	1.892	2.728	3.576	2.141	3.584	3.191	3.574	3.564	2.394	3.288	1.907	3.606	2.276	2.887	2.891	1.892	2.862	3.167	2.783	3.01	3.444	3.489	3.166	2.512	3.606	1.427	3.285	2.953	1.384	2	2.933	1.805	2.246	3.332	3.709	2.662	2.779	2.902	2.431	3.189	2.817	2.924	1.905	3.491	4.388	3.209	1.31	2.623	2.752	2.715	2.954	2.899	2.71	2.012	3.341	3.096	4.398	1.313	2.82	3.351	2.133	2.21	3.679	2.131	1.276	3.432	3.687	2.679	2.352	2.668	0.8997	3.706	1.785	1.83	2.865
2.143	2.464	3.091	2.212	2.505	2.566	2.738	3.76	1.23	3.905	2.9	2.835	3.396	2.384	3.663	2.266	2.415	3.125	2.219	1.989	2.563	3.026	2.388	2.365	2.963	2.694	3.456	2.453	2.126	1.906	3.191	2.631	3.507	2.977	2.505	2.648	3.477	2.904	2.638	2.479	2.259	1.827	1.611	3.818	3.303	1.101	3.342	2.159	2.344	2.746	4.288	2.473	2.145	3.426	2.644	2.32	2.255	2.296	3.009	2.296	2.162	2.605	2.475	2.657	1.43	1.308	1.246	2.495	2.188	2.705	2.573	2.902	3.53	1.399	2.615	3.678	2.865	1.784	2.433	3.612	3.113	3.71	2.442	2.072	3.031	1.359	1.943	2.872	2.789	3.203	4.356	3.126	2.256	1.338	3.127	3.115	2.457	2.411	1.995	1.771
2.711	1.793	3.18	2.388	2.965	3.173	1.12	2.603	1.886	1.056	3.099	2.461	3.403	3.102	2.713	1.908	2.094	2.381	2.862	2.786	2.49	2.846	1.199	2.551	3.763	2.179	2.624	3.296	3.342	2.013	3.707	2.424	3.817	1.953	2.613	3.955	3.924	2.448	1.828	2.77	2.188	2.564	2.393	3.159	2.896	2.176	3.019	2.611	1.33	2.817	3.48	3.487	3.03	2.546	2.845	2.836	2.021	3.263	2.979	2.426	1.191	3.32	1.341	3.095	3.569	2.989	2.298	1.669	2.566	3.955	2.697	2.185	2.377	2.529	2.269	4.232	2.048	2.992	2.753	2.778	3.386	3.049	2.712	1.462	3.024	2.432	2.225	2.643	1.76	3.88	2.362	2.94	2.785	3.211	0.9707	1.252	3.219	3.209	2.245	2.395
1.617	3.997	3.303	1.853	1.521	4.111	2.359	2.79	2.663	2.818	2.927	2.337	3.147	1.827	3.112	2.393	1.025	2.749	3.218	2.464	2.718	2.89	1.921	1.574	3.132	2.547	2.45	1.284	2.074	2.857	3.166	2.269	4.477	1.86	3.869	2.657	2.471	2.634	1.891	3.878	1.918	3.131	3.259	3.126	2.103	3.538	3.148	2.611	1.33	4.355	3.653	2.974	2.365	2.309	3.394	2.602	1.115	3.157	2.611	1.231	1.904	2.761	1.563	3.728	2.621	2.821	3.352	2.871	3.566	3.604	1.72	1.555	2.476	2.768	2.554	3.378	2.787	2.233	2.747	4.345	2.136	4.931	1.518	2.935	1.982	2.328	1.995	1.79	2.128	3.041	2.895	3.842	3.461	1.06	3.926	2.058	3.598	2.339	1.928	2.577
2.478	3.09	4.717	2.162	3.01	4.22	1.883	4.649	2.477	2.704	2.03	2.497	2.601	2.824	3.383	2.823	1.787	2.922	2.492	1.538	2.894	3.294	2.005	2.796	2.381	1.411	2.901	3.757	2.237	2.569	3.612	2.851	2.796	2.9	4.395	2.544	4.2	2.415	2.352	2.572	1.257	2.963	2.201	2.084	2.884	3.965	2.777	2.952	2.913	1.688	3.653	3.546	2.682	2.217	1.667	2.607	2.303	2.55	2.846	3.19	1.707	2.118	2.822	3.556	3.218	2.873	3.492	3.498	0.9033	3.394	2.201	2.298	1.181	1.828	2.175	3.134	1.626	3.366	2.814	3.401	2.928	3.222	2.877	2.191	2.891	1.551	2.34	2.341	2.978	2.179	3.443	1.609	2.288	3.571	2.353	1.837	3.326	1.355	1.646	2.82
2.27	3.022	2.713	1.449	1.85	3.504	3.136	3.218	1.86	3.431	2.582	3.255	3.065	1.926	3.488	2.275	1.953	3.254	1.909	1.895	2.591	3.295	1.708	2.299	2.772	2.493	2.227	3.414	2.663	2.112	3.089	3.215	3.676	2.472	3.442	3.034	3.266	3.083	4.004	3.837	1.671	2.505	3.391	2.577	2.69	3.242	3.296	3.193	1.132	2.567	3.504	2.189	2.2	2.409	2.387	2.652	2.149	2.625	3.062	3.943	2.478	3.749	3.295	2.559	2.552	2.991	3.97	1.549	3.022	3.599	1.335	2.835	2.623	2.17	2.862	3.684	2.533	3.19	1.646	1.787	2.719	3.395	2.847	1.688	2.825	2.74	2.426	2.579	2.719	1.89	3.885	3.294	2.562	2.408	2.194	2.646	3.222	2.977	1.029	2.62
1.691	1.961	3.331	1.332	1.952	3.604	2.045	3.427	2.412	2.722	2.411	1.031	3.023	2.072	3.625	0.7899	1.283	2.524	2.808	2.615	3.088	2.99	1.691	1.552	3.395	3	2.359	3.812	3.47	3.71	3.432	3.072	3.385	3.315	3.438	1.17	3.492	2.61	2.812	3.45	2.336	2.12	2.207	2.94	3.315	2.726	3.385	2.198	1.937	2.064	4.116	4.323	1.816	3.644	2.329	3.364	2.997	4.463	2.838	2.681	1.85	2.981	2.261	3.203	3.186	3.068	1.745	1.779	3.005	3.632	2.601	1.87	3.13	1.592	1.708	3.632	1.76	2.453	1.274	3.374	3.381	3.095	2.306	2.913	3.328	2.011	2.593	3.25	2.251	2.874	3.797	1.759	2.563	1.758	2.806	2.376	2.276	1.498	0.2733	2.793
2.74	2.003	2.687	2.597	2.236	4.186	2.173	3.169	1.764	2.283	2.296	3.367	2.991	1.801	2.274	1.277	2.116	2.063	2.233	3.074	2.559	3.185	2.252	2.869	2.734	2.635	2.705	2.462	3.505	3.647	2.449	3.307	3.063	3.057	3.805	3.023	3.404	1.966	2.118	2.755	1.875	4.055	3.603	3.051	3.523	4.271	2.81	3.068	1.751	3.289	3.031	3.585	3.062	2.387	2.722	1.861	2.333	2.691	1.965	2.91	2.241	3.036	2.709	2.882	2.189	2.921	2.987	4.054	2.261	3.27	2.212	1.543	2.125	2.544	2.526	3.781	3.491	2.201	1.988	2.998	3.925	2.43	2.652	2.213	2.955	1.012	2.422	2.778	2.459	2.473	2.827	3.638	2.778	1.832	1.519	2.986	3.647	2.491	3.034	2.473
2.12	2.646	2.806	1.836	2.85	2.72	2.763	3.673	3.506	3.26	3.104	2.185	3.49	2.996	2.788	2.103	1.514	3.196	2.636	1.872	2.788	2.462	1.684	2.328	1.916	2.304	2.601	4.03	2.231	4.67	3.441	2.257	2.98	3.554	2.034	2.537	3.345	1.76	2.423	3.245	1.656	2.834	2.84	2.761	3.219	3.707	3.21	2.903	1.826	4.314	4.227	3.324	1.764	3.116	2.298	2.52	2.609	2.823	2.65	3.16	1.949	2.319	2.227	3.474	2.729	2.81	2.391	3.685	3.08	3	2.85	3.082	1.986	2	1.494	3.319	1.225	2.448	1.19	3.239	2.14	3.581	1.719	2.447	1.423	1.702	2.087	3.313	2.395	2.928	3.696	2.213	2.248	2.489	2.963	2.087	3.476	3.28	1.338	2.379
1.866	2.237	3.332	1.962	3.425	3.423	1.837	2.91	2.094	3.068	2.157	3.13	1.896	2.104	3.287	2.573	2.706	3.316	2.636	2.098	1.233	2.22	1.439	2.862	3.145	2.504	3.537	3.187	2.996	3.104	3.662	3.267	3.309	3.643	3.817	2.637	3.403	2.836	2.352	2.682	2.68	3.04	3.196	2.918	2.381	3.031	2.998	3.414	2.107	3.376	4.325	1.371	2.873	2.858	2.61	2.332	1.808	2.861	3.093	1.264	2.28	2.518	2.649	1.895	3.509	2.717	2.987	3.262	2.01	2.559	0.2705	1.668	2.745	2.562	2.741	3.939	3.366	2.782	1.615	2.862	1.549	3.478	2.506	2.784	2.422	1.92	2.065	3.501	2.659	2.566	3.576	2.99	2.549	2.262	3.022	1.806	2.411	2.475	1.774	3.012
2.312	2.422	3.087	2.52	2.531	4.514	2.166	3.149	2.853	4.026	2.498	2.451	2.863	2.777	3.018	1.332	2.477	2.421	3.193	1.947	2.223	3.441	2.876	2.509	3.034	3.095	2.897	3.367	2.577	2.851	3.853	2.445	3.327	2.224	2.99	3.059	3.602	3.007	2.188	3.079	1.918	1.696	3.185	2.563	3.336	2.902	2.948	1.768	1.823	3.544	3.167	3.941	1.745	3.359	3.394	2.774	2.132	2.205	3.009	2.701	1.283	2.838	2.053	3.806	2.149	4.026	3.122	3.861	1.678	2.596	2.686	2.366	3.779	2.111	2.586	3.865	2.686	2.153	3.101	3.275	2.781	3.827	2.506	2.696	2.558	1.069	2.885	3.029	3.211	2.812	2.34	4.216	2.435	2	2.213	1.704	3.603	2.476	1.972	1.743
1.086	2.158	3.421	2.424	2.581	3.083	2.007	3.391	1.796	2.647	2.832	3.473	3.569	2.777	3.308	2.879	1.043	3.177	2.55	2.446	2.601	3.048	2.023	1.833	4.084	1.827	3.753	2.458	2.829	3.831	3.54	2.79	2.835	2.759	2.942	2.133	3.164	1.942	2.533	1.372	1.214	2.621	3.451	2.905	3.191	2.834	3.149	3.192	2.023	1.636	2.511	2.686	1.607	3.771	1.304	2.641	1.68	3.196	3.189	2.639	2.211	3.085	2.707	2.71	3.078	3.3	2.292	1.729	2.281	3.146	2.803	2.852	1.636	2.929	0.8679	2.9	3.16	2.402	0.957	3.247	2.32	2.802	2.679	1.459	2.532	2.281	2.83	2.895	1.587	3.438	3.303	2.109	2.718	2.584	2.983	3.004	2.882	1.264	1.549	2.799
2.165	2.43	3.486	2.406	2.566	4.06	2.447	3.049	2.157	2.98	2.718	1.054	3.635	2.072	3.134	2.278	2.66	2.04	2.803	1.812	2.36	2.195	2.174	2.72	2.355	3.327	2.428	2.879	2.294	3.356	3.504	2.907	3.171	2.932	3.214	2.491	3.882	2.191	1.982	1.93	1.518	4.299	3.124	2.581	3.378	1.299	3.036	2.588	2.82	3.048	4.878	2.124	2.841	2.858	2.777	2.475	2.163	3.118	3.146	2.568	2.167	2.225	2.317	3.453	2.658	2.729	3.783	2.632	1.816	4.82	1.159	2.13	2.928	2.496	3.532	3.607	2.427	1.873	2.974	3.613	2.617	3.021	2.816	2.783	3.807	1.426	1.837	3.065	2.725	3.507	4.544	3.499	2.676	2.691	2.863	2.531	3.246	3.062	2.378	2.681
2.096	2.959	2.981	2.063	2.668	1.857	2.507	2.807	2.758	2.716	2.148	2.563	3.048	2.496	2.19	2.072	2.769	3.503	3.032	2.642	1.913	2.856	1.355	2.969	2.925	2.389	2.173	1.672	1.576	2.706	2.748	3.229	2.93	2.838	3.003	2.445	3.566	2.628	2.398	4.139	2.122	3.192	3.186	3.147	3.022	3.336	2.63	2.291	1.213	2.93	4.57	3.684	2.743	2.014	2.25	2.784	1.396	1.13	2.956	2.452	2.163	2.605	2.022	3.029	2.754	2.341	3.686	1.367	2.852	3.206	1.819	1.449	3.035	1.464	1.368	3.201	1.694	2.307	2.28	3.253	2.928	3.525	2.677	2.768	3.372	2.486	2.063	3.651	2.354	3.19	2.405	3.641	1.011	2.264	1.129	1.776	3.131	2.422	2.594	2.593
2.812	3.273	3.285	2.024	1.975	2.91	1.427	3.049	1.842	2.633	2.951	2.798	3.092	2.107	3.592	2.237	1.256	3.717	2.502	2.692	1.561	3.571	2.267	2.282	2.373	2.276	1.827	3.218	1.697	2.889	3.958	1.221	2.85	2.605	3.102	2.928	3.39	2.794	2.678	4.693	1.675	3.536	2.39	2.017	3.032	3.155	3.479	2.295	2.976	3.409	3.229	2.773	3.003	2.377	2.712	2.351	2.635	1.874	2.943	2.791	2.168	3.092	1.787	3.531	2.075	2.918	3.434	3.816	1.863	3.738	1.46	2.485	2.322	2.317	1.939	3.924	2.74	3.037	2.346	3.834	1.397	3.75	2.096	2.952	3.008	1.618	1.9	3.364	2.365	3.115	4.139	3.599	2.514	2.237	2.843	2.195	0.9577	2.527	1.413	2.292
2.774	2.767	3.357	2.251	2.917	4.393	2.661	2.995	0.6226	2.814	2.7	2.738	2.89	2.839	3.115	2.078	2.288	3.593	2.914	2.268	2.13	1.741	2.154	2.345	3.425	2.337	2.326	4.068	2.076	3.314	2.774	3.173	3.858	2.754	4.517	2.704	2.848	2.858	2.403	2.474	1.947	2.702	3.76	3.405	2.897	3.041	3.287	2.871	1.697	3.097	4.966	3.036	2.9	3.109	1.234	2.228	2.258	2.995	3.368	2.406	2.026	2.796	2.671	3.922	2.395	3.3	2.402	2.371	3.224	2.287	2.233	2.848	1.442	2.215	2.462	4.772	2.675	2.605	2.859	2.88	2.979	3.106	3.408	2.641	3.054	2.103	2.107	4.241	2.628	3.392	4.075	4.31	2.388	0.9948	3.93	2.602	3.202	2.019	2.043	2.057
1.921	2.787	2.447	2.01	2.371	3.299	2.173	2.857	2.115	2.822	3.38	1.324	3.266	1.715	2.503	1.957	0.8747	3.24	2.541	2.262	2.622	2.183	2.038	2.502	2.449	2.074	2.74	1.671	3.318	3.538	3.951	3.104	2.451	2.795	3.252	3.418	3.364	1.522	1.355	0.9274	0.9146	3.085	3.211	3.221	2.256	1.934	3.501	3.499	2.472	3.53	4.323	3.92	2.314	2.416	3.312	2.005	2.69	1.364	2.125	2.762	2.225	3.14	2.825	1.375	2.776	1.222	2.056	2.56	3.025	3.768	1.171	3.331	2.69	2.672	2.667	4.593	2.441	2.564	2.556	3.835	2.326	2.625	3.121	2.585	2.056	0.6585	1.725	3.146	1.433	3.04	2.53	4.656	2.175	3.028	2.698	1.812	2.982	2.302	2.244	2.384
2.237	1.246	3.749	2.524	2.558	3.802	2.298	3.022	2.31	3.152	2.799	1.497	2.133	3.095	2.818	1.784	1.211	3.177	2.805	1.488	2.576	2.383	2.001	2.834	3.871	2.445	2.425	2.486	2.623	3.14	3.186	3.697	2.963	2.802	2.94	2.432	3.076	2.912	3.516	2.997	1.992	3.472	2.2	4.425	3.434	1.808	2.656	2.584	2.219	3.069	1.839	2.264	3.435	1.923	2.295	2.531	2.415	3.932	2.422	2.937	1.975	2.668	2.33	2.658	2.575	2.775	2.303	1.882	2.423	4.505	0.7862	2.23	3.338	3.554	1.203	4.563	1.647	2.939	2.681	3.637	2.438	3.25	1.829	2.555	2.456	1.534	1.699	3.649	2.179	2.901	3.398	3.463	1.389	1.808	2.789	2.786	4.893	2.376	2.431	2.468
2.34	1.768	1.873	1.617	2.596	3.536	1.691	3.935	2.073	0.991	2.723	3.364	3.876	2.689	3.045	2.876	2.347	1.512	2.274	2.898	1.522	3.662	1.578	1.42	2.187	0.7706	1.697	4.671	2.124	1.996	2.475	2.302	2.695	3.016	3.473	3.119	3.52	2.55	2.381	2.955	1.742	3.23	2.121	2.904	2.863	2.545	2.768	2.614	2.283	3.627	3.593	2.501	2.021	3.23	3.133	2.532	1.799	2.806	2.518	3.076	0.817	1.703	2.608	3.245	3.15	2.827	3.838	2.819	2.334	3.851	2.351	2.02	3.982	3.104	2.734	3.628	2.84	1.906	2.544	3.031	2.711	3.616	2.762	1.766	1.961	2.019	1.668	2.004	2.268	1.679	2.922	4.307	1.138	2.334	2.849	0.6083	3.283	2.803	1.056	2.464
1.038	1.647	2.623	2.853	2.704	2.758	1.676	2.826	0.9814	2.33	2.267	2.736	2.892	2.801	2.359	2.303	2.363	2.781	3.264	1.894	3.086	3.329	2.391	2.154	3.348	1.659	2.848	3.599	2.483	3.388	3.099	2.333	3.942	3.478	4.043	1.441	3.481	2.788	2.224	3.408	2.597	3.354	3.727	2.357	2.802	2.715	3.696	2.607	2.314	2.177	3.994	2.688	2.689	2.487	2.661	2.765	2.011	3.171	2.531	2.846	2.945	3.268	2.668	4.539	2.967	2.842	4.811	2.783	2.282	3.765	1.059	2.101	2.533	2.897	1.06	3.699	2.212	2.452	2.146	3.105	2.699	2.338	2.945	2.498	2.633	1.332	1.113	3.659	1.841	1.988	3.693	2.743	2.14	1.722	3.629	2.301	2.938	2.855	3.223	2.767
1.98	1.921	4.129	1.023	2.153	4.112	2.655	3.16	2.428	3.332	3.683	2.818	2.892	2.613	3.695	2.115	2.32	3.333	3.437	1.642	2.523	2.413	2.676	2.038	3.27	2.701	2.386	2.953	2.895	3.033	3.149	1.6	3.214	3.01	3.424	3.062	3.201	3.072	2.842	3.365	1.921	2.935	4.052	3.494	3.29	3.383	3.289	2.689	1.802	2.796	4.432	3.288	2.551	1.331	2.376	2.912	2.184	1.385	2.528	3.083	2.407	2.234	2.393	2.76	0.5191	3.447	3.348	2.9	2.288	4.134	2.396	2.301	3.213	3.131	0.9561	3.08	3.08	1.74	2.27	3.753	2.29	2.9	2.699	1.706	2.49	3.008	1.966	3.534	1.909	3.635	3.366	3.909	2.407	2.055	2.424	2.713	3.178	1.45	2.29	2.446
2.27	2.403	2.691	2.088	2.274	3.228	2.167	3.614	3.009	3.036	3.003	2.057	2.841	1.8	3.38	2.229	2.257	3.416	2.589	2.512	2.547	3.018	1.929	1.815	3.605	2.371	1.899	1.313	1.126	3.25	2.919	2.643	3.563	3.737	3.687	2.307	2.772	2.57	2.574	2.601	0.7585	3.038	2.941	3.512	2.772	-0.3029	2.513	3.001	2.027	2.949	3.568	2.929	3.208	2.841	1.35	2.174	2.309	2.557	2.403	2.274	2.4	1.065	2.412	2.995	3.5	2.269	3.175	2.179	2.029	2.804	-0.1827	1.419	2.827	2.325	2.351	4.356	2.582	1.404	3.261	2.645	1.611	3.029	3.121	2.802	2.768	1.936	2.539	3.161	1.031	3.809	4.406	3.343	2.436	0.9659	2.563	3.28	2.671	1.76	2.305	2.512
2.288	3.05	2.717	1.802	2.83	2.54	1.622	3.335	2.373	2.426	2.471	3.024	3.608	2.273	3.732	0.99	2.176	2.367	1.67	2.014	2.583	2.071	2.013	1.091	2.306	3.174	2.325	0.5941	2.372	3.666	3.134	2.349	3.844	2.808	3.743	2.567	3.823	2	1.302	2.04	1.142	2.704	4.112	1.438	2.675	3.149	2.576	1.305	1.985	2.152	4.103	3.664	3.384	3.799	1.384	1.783	1.883	3.793	2.828	1.489	2.335	3.298	2.684	2.616	1.701	1.572	3.836	2.798	2.482	2.876	1.923	2.865	3.121	1.46	2.283	1.451	2.36	2.511	2.23	3.304	3.448	3.505	2.617	2.56	2.494	2.735	1.504	3.157	2.08	2.342	3.437	4.093	2.719	3.231	2.825	2.358	0.1845	3.069	1.076	2.326
1.809	3.799	2.039	2.216	2.651	2.783	2.035	3.738	1.984	2.284	2.486	2.197	2.647	2.973	3.347	2.55	1.822	3.053	0.9899	3.167	2.529	0.4407	0.8383	2.458	3.036	2.032	2.218	2.616	3.681	2.876	3.8	3.331	2.721	2.82	2.373	2.803	3.871	2.885	1.042	2.585	2.589	2.216	3.239	2.849	2.878	1.441	2.798	2.543	2.473	3.586	4.833	3.215	2.82	1.109	2.241	2.253	2.191	1.909	1.969	3.167	2.629	2.692	1.375	2.227	1.768	1.15	4.154	2.942	2.382	4.005	2.175	2.707	2.58	2.254	3.092	3.783	2.169	2.169	2.498	3.025	1.382	3.772	3.405	2.162	2.608	1.087	2.088	3.361	2.56	3.31	1.462	3.633	1.952	1.306	2.38	2.307	2.89	2.938	2.756	2.554
2.091	2.317	3.081	2.688	1.985	3.581	2.393	2.65	1.16	2.844	1.971	0.8638	2.361	1.626	3.488	2.117	2.265	3.223	2.275	1.049	2.716	1.855	1.928	2.613	3.18	1.076	2.729	2.266	2.372	3.791	3.654	2.653	3.004	2.859	3.428	2.623	2.856	3.255	2.653	2.657	0.7943	3.305	2.55	3.258	0.9167	1.786	2.675	3.064	3.146	3.663	4.271	3.256	2.999	2.485	3.04	1.714	2.85	2.526	3.448	3.102	1.968	2.354	1.154	3.99	2.685	2.58	1.72	2.906	3.05	3.866	1.406	2.058	2.357	1.504	3.169	2.792	2.392	3.441	1.913	3.212	2.608	3.435	1.217	2.833	2.163	2.119	2.357	1.942	3.101	3.222	1.875	3.567	2.477	1.662	2.766	2.342	1.693	1.245	2.5	2.652
1.868	2.575	2.852	1.174	3.283	2.423	2.759	1.29	0.9979	3.01	3.331	1.877	3.056	1.76	3.029	2.396	2.75	2.696	2.288	2.692	2.891	3.003	1.638	1.523	3.352	2.147	2.52	2.382	2.878	1.719	3.762	2.896	3.364	2.941	3.554	2.737	1.297	1.138	1.749	3.308	0.7102	2.163	4.415	1.994	3.01	3.463	3.084	2.33	2.505	2.84	0.3523	3.203	3.378	1.409	3.27	3.043	1.338	2.843	2.587	1.043	2.622	1.811	3.801	0.6561	2.333	2.502	1.542	2.61	2.651	3.301	1.428	2.678	2.045	3.178	2.496	3.462	2.5	2.444	2.996	2.643	2.982	2.057	2.679	2.739	1.591	0.7981	3.025	3.755	1.384	2.21	3.825	3.297	1.72	1.175	1.298	0.485	2.641	2.001	2.816	2.165
2.344	2.841	3.453	2.168	2.898	4.335	1.271	3.744	0.8322	1.393	2.327	1.773	3.605	2.686	3.223	3.383	0.6059	1.03	3.437	2.26	3.233	1.938	1.379	0.7585	3.467	2.251	2.451	2.286	1.282	3.462	2.678	3.148	3.113	2.585	2.921	1.709	4.375	2.729	2.707	2.715	1.989	1.219	3.501	1.851	1.466	2.851	2.748	2.434	1.736	2.765	3.777	2.921	3.206	2.208	2.554	1.384	2.079	3.67	1.838	2.884	1.943	2.763	2.537	3.071	3.009	1.695	1.11	1.357	2.603	1.895	3.071	1.014	1.746	1.2	2.51	2.147	2.791	2.785	1.086	3.828	2.56	2.64	1.3	1.769	2.23	1.576	1.702	1.801	1.879	2.281	1.596	2.315	2.927	2.082	1.822	2.115	2.567	3.498	-0.01165	2.848
2.889	3.04	2.559	1.738	3.283	4.021	3.485	2.891	3.04	2.141	2.26	2.157	3.119	3.293	2.525	2.177	1.202	2.895	3.011	2.416	1.221	3.192	2.696	2.833	2.825	2.117	2.682	3.73	3.353	3.004	2.153	4.134	4.008	2.896	3.714	1.928	2.671	1.183	2.523	2.976	0.2666	2.542	2.827	2.155	3.3	3.227	1.858	1.727	1.722	2.923	3.061	3.14	2.431	0.9406	2.017	2.757	3.04	3.082	2.937	2.052	1.036	2.624	3.301	1.288	2.947	2.566	3.093	2.602	1.697	2.735	1.458	2.226	1.321	2.352	2.109	4.22	2.611	1.889	2.03	1.463	2.927	4.321	2.816	3.246	1.864	1.624	2.69	4.084	2.185	3.794	1.76	2.439	1.504	2.819	3.202	1.908	1.982	3.176	2.512	2.139
2.555	2.438	2.915	2.288	2.366	3.478	1.874	3.409	1.907	3.27	1.881	3.195	2.626	3.257	3.333	2.809	0.8634	1.556	2.132	2.232	2.749	2.225	1.194	1.285	3.792	1.469	2.659	3.154	3.252	2.947	2.312	2.594	2.171	3.852	3.204	1.922	2.872	2.526	2.684	3.789	2.577	3.771	3.016	3.414	2.857	2.16	2.912	1.994	2.954	2.161	2.896	2.107	2.691	2.491	2.396	1.831	2.184	3.507	3.348	0.9805	0.8183	3.833	2.245	1.016	2.808	2.478	2.341	2.194	3.164	3.986	1.982	2.396	2.207	1.805	2.05	4.454	2.364	2.478	1.497	2.027	1.92	3.942	2.575	2.254	2.132	1.621	1.856	4.016	2.344	3.092	4.002	0.7124	2.716	2.161	2.554	2.834	2.947	2.227	1.059	2.043
1.221	3.097	3.004	2.779	2.592	1.721	2.395	2.688	1.651	3.041	2.751	3.13	3.435	2.254	2.723	1.944	1.344	2.788	3.864	2.307	2.691	3.248	0.8498	2.357	3.153	2.019	3.051	3.017	1.963	2.766	3.315	3.085	3.287	2.759	3.474	1.922	2.378	-0.01213	3.117	3.046	1.189	3.105	4.089	3.058	2.206	3.644	2.58	3.43	1.232	2.122	4.486	2.614	2.996	2.66	1.48	2.975	2.909	3.05	2.4	2.424	1.698	2.525	2.594	3.532	2.543	3.693	1.852	3.085	3.243	3.399	1.443	1.854	1.615	1.804	2.743	3.033	2.689	1.062	1.451	1.779	2.117	3.363	1.868	2.219	2.711	1.272	1.954	2.913	2.23	4.954	2.95	3.518	2.008	1.508	2.784	1.554	2.384	2.541	1.474	2.399
1.913	2.938	2.184	1.602	3.001	4.28	0.8745	2.441	2.285	1.975	2.292	1.77	2.966	2.046	2.483	1.342	2.067	3.333	2.894	0.7901	1.429	2.452	0.7797	2.328	3.811	2.295	2.455	2.137	1.478	3.551	4.009	2.764	3.181	3.058	1.827	2.459	1.925	2.047	1.748	3.378	1.715	1.852	2.995	3.454	3.541	3.4	2.759	2.287	2.129	4.092	2.76	3.557	0.8756	2.553	2.144	2.574	2.016	3.229	2.935	0.9845	2.174	3.227	2.554	3.439	2.724	1.908	1.743	2.79	0.9776	3.334	2.488	2.407	2.851	2.082	3.068	4.523	2.687	3.121	2.425	2.567	2.819	3.532	3.354	2.652	2.261	1.321	1.824	4.231	2.311	3.437	2.626	2.079	2.688	2.854	2.197	2.34	4.066	2.573	1.956	2.082
2.032	2.2	2.814	2.403	1.009	3.513	1.284	2.389	1.847	2.026	3.486	2.177	1.996	2.793	3.465	3	1.795	2.903	2.93	2.766	2.228	2.864	1.831	2.212	2.754	1.908	1.394	1.781	1.844	4.078	3.498	2.74	3.369	3.305	1.459	2.719	3.348	2.339	2.194	2.404	2.156	3.334	2.901	1.646	3.202	2.944	2.641	3.052	1.084	3.374	4.212	3.046	3.115	3.183	1.943	2.834	1.914	2.998	3.027	2.279	2.167	3.132	2.319	2.836	1.803	3.965	2.987	3.058	2.332	3.854	1.612	2.158	1.486	3.282	1.96	3.335	2.611	1.975	2.2	3.705	1.668	4.086	1.804	1.987	2.191	2.248	2.367	3.564	1.816	3.295	4.318	2.716	2.139	2.615	3.275	1.754	2.539	1.964	2.174	2.694
1.91	3.143	2.826	2.672	2.766	4.532	2.141	3.028	1.508	2.092	2.113	2.991	2.624	2.287	3.243	2.36	1.67	2.287	1.931	2.118	1.865	2.548	1.776	2.952	2.516	3.061	1.338	2.159	2.669	3.893	3.439	3.895	3.366	2.956	3.087	1.558	2.675	2.259	1.66	3.533	1.277	3.008	1.476	1.877	3.495	3.043	2.874	3.811	2.102	2.734	4.402	2.859	3.333	2.745	2.801	2.343	1.559	2.748	2.431	0.5666	1.37	2.542	2.32	3.126	2.236	3.839	3.673	3.286	2.121	2.841	0.1546	1.804	2.349	3.72	2.754	2.827	2.136	2.133	2.057	3.522	3.225	2.467	1.059	2.44	3.103	0.9386	1.103	2.916	2.027	3.888	2.558	4.806	2.498	2.081	1.699	1.436	2.441	2.969	2.934	2.454
2.777	2.948	1.929	2.5	0.923	2.841	2.278	2.37	3.105	2.056	2.527	1.491	2.382	2.2	3.874	1.212	1.854	1.955	3.986	2.284	2.871	2.703	2.33	2.328	2.637	1.869	2.277	3.419	3.059	3.681	2.766	3.524	2.21	3.105	4.215	1.686	3.446	2.288	0.8376	3.826	2.207	2.406	3.147	2.549	2.802	3.401	3.31	2.469	1.876	3.434	3.878	3.665	2.625	2.784	2.107	3.016	2.14	2.781	2.604	2.539	2.609	3.435	1.977	2.012	2.636	3.409	2.74	1.384	2.54	4.071	2.316	1.209	2.234	3.003	2.18	3.677	2.733	1.819	1.802	2.642	1.744	2.597	2.022	2.381	2.371	0.9983	1.162	3.645	1.584	2.883	3.413	3.308	1.758	2.006	2.89	1.159	3.792	2.269	1.763	2
2.386	1.269	2.593	1.898	1.678	2.906	2.28	2.646	2.009	3.292	3.418	2.257	1.929	2.674	2.47	2.683	2.715	3.536	1.661	-0.02633	2.392	3.402	0.9982	2.787	1.166	2.145	2.589	2.531	2.757	4.182	3.456	2.397	2.639	2.898	2.878	2.85	3.57	1.984	2.769	2.502	2.223	1.695	2.479	2.7	2.69	3.948	3.313	2.456	1.376	3.018	3.603	3.413	2.438	2.614	2.487	2.273	3.058	2.585	2.368	2.019	2.052	3.278	2.046	3.446	2.278	2.611	1.763	1.766	3.009	3.164	2.098	2.011	3.709	2.215	2.433	3.921	2.102	2.191	2.11	3.454	1.624	3.869	2.323	2.408	2.468	1.209	2.356	3.663	2.527	2.499	3.83	3.427	2.738	2.84	1.958	2.129	2.86	2.954	1.86	2.331
2.017	2.501	3.539	2.574	2.618	3.324	1.662	2.928	2.255	3.131	2.927	1.221	2.089	1.925	2.879	0.7709	1.092	2.491	2.741	2.061	2.05	2.316	1.391	1.725	2.987	2.346	2.312	1.843	1.662	2.101	3.01	2.766	2.972	3.453	3.929	1.95	3.739	2.068	1.837	4.394	2.106	2.309	4.149	0.5984	2.94	2.641	3.033	2.068	2.787	3.319	2.623	2.907	2.081	3.523	2.779	2.005	2.058	3.501	2.72	3.438	0.6591	2.565	2.175	2.892	2.807	2.811	1.593	3.293	3.03	3.69	2.435	3	2.288	1.418	2.283	2.915	2.723	2.314	2.971	2.908	2.558	2.424	3.325	1.884	2.952	2.045	0.4151	2.326	2.067	2.06	2.639	2.256	2.695	2.735	2.768	1.971	3.267	1.518	1.235	2.432
0.8133	2.952	3.391	1.257	3.185	3.074	2.536	2.659	1.891	2.098	2.095	3.072	2.701	1.846	4.715	2.541	2.001	2.899	2.347	1.493	2.283	3.302	1.271	2.783	2.387	2.615	3.484	1.928	2.222	3.509	3.011	2.643	3.533	2.803	2.925	2.673	2.895	3.031	2.982	2.644	2.752	3.426	2.874	3.739	2.937	2.538	3.526	3.223	2.106	3.842	4.002	3.288	3.252	1.912	1.76	2.316	2.158	1.881	3.087	2.517	2.119	2.503	3.201	3.854	2.659	2.651	2.127	2.007	3.66	3.189	1.264	1.978	2.467	1.345	2.283	2.869	2.064	2.395	2.413	1.751	2.917	2.815	3.615	2.211	1.645	1.223	2.704	1.796	2.877	2.457	4.253	3.824	2.64	2.625	2.61	3.387	3.06	2.526	1.361	2.74
2.196	1.861	3.259	2.547	2.715	4.031	2.914	1.679	0.9553	1.778	2.609	2.107	2.804	2.471	3.356	1.254	1.309	2.667	2.089	1.52	2.309	1.797	1.598	3.28	2.953	1.752	2.764	1.952	1.707	3.475	3.317	3.083	3.456	3.403	4.025	2.64	2.923	2.636	2.066	2.238	0.7948	2.559	3.799	3.148	1.895	3.16	3.506	2.735	2.498	2.93	4.757	4.031	2.901	2.169	2.162	2.229	2.112	1.752	3.131	2.772	1.699	2.697	2.995	3.735	3.47	4.12	2.057	2.448	3.89	3.45	1.883	2.145	2.984	2.569	2.634	2.434	1.845	2.878	3.265	2.894	3.29	4.244	3.199	2.534	3.023	1.44	2.315	2.715	2.988	2.606	2.862	3.088	2.172	1.657	2.052	1.853	2.988	2.239	2.366	2.309
0.8603	3.1	2.122	1.036	1.849	3.061	1.84	2.341	1.234	2.023	2.436	3.414	2.861	0.9189	2.913	2.773	1.003	2.528	2.312	2.402	1.941	3.369	1.047	0.7229	3.496	2.207	3.865	3.564	2.411	3.72	3.005	0.9786	3.709	3.531	3.669	2.054	2.659	1.295	1.203	2.865	1.787	2.301	3.358	2.422	3.454	2.555	3.02	2.582	3.173	3.603	1.321	2.882	3.1	1.126	2.465	2.666	3.222	2.074	3.039	2.822	1.913	2.28	2.526	2.451	2.501	2.58	3.674	3.064	2.466	3.595	3.686	2.293	1.714	1.314	2.582	3.604	2.372	2.692	2.24	3.844	2.249	2.998	2.75	3.013	1.256	0.7834	2.064	3.259	1.766	3.262	3.02	2.468	2.347	1.963	1.181	1.619	2.745	2.229	1.649	2.332
2.388	0.5063	2.418	1.511	2.295	3.264	2.561	2.629	2.537	1.737	1.821	2.179	3.088	2.264	3.225	1.898	2.246	1.132	3.202	2.794	2.392	2.556	1.612	2.441	2.557	2.741	3.728	2.087	2.755	3.102	3.794	1.704	2.947	2.672	2.042	2.432	3.273	1.717	2.532	1.942	1.802	3.466	2.873	1.635	2.115	2.756	2.761	2.743	1.593	2.317	3.235	3.07	3.031	3.336	2.991	3.937	2.437	1.864	2.219	2.035	1.948	2.661	2.453	2.876	2.581	2.734	3.517	2.307	2.559	2.459	2.636	1.7	2.112	2.44	1.903	2.81	1.919	3.445	2.288	3.062	2.93	4.025	1.673	3.036	3.155	1.292	1.59	2.52	1.843	3.453	3.675	1.689	3.216	2.161	2.706	1.989	3.051	2.173	1.811	2.326
1.681	3.913	2.781	2.568	2.362	3.088	3.205	2.696	2.142	2.205	2.144	1.24	1.843	2.235	3.112	2.633	-0.1973	2.082	1.703	1.666	2.4	3.453	1.712	2.493	3.079	2.278	2.266	3.086	2.159	3.522	3.126	2.933	3.931	3.322	4.748	2.075	3.22	3.12	0.7247	4.388	1.335	2.319	3.101	4.256	2.587	2.707	2.983	2.52	1.937	2.75	3.089	2.905	2.941	2.074	1.852	3.163	2.107	1.661	2.588	1.981	1.32	2.874	2.81	3.502	3.204	1.627	1.337	1.819	1.86	3.067	0.7458	3.573	1.969	2.913	3.413	2.862	2.166	2.823	2.752	3.083	2.593	2.564	1.506	2.399	1.643	1.135	1.809	2.942	3.173	2.953	4.092	3.216	1.179	2.579	2.154	1.718	3.993	2.105	1.774	2.489
0.951	2.867	3.128	1.923	2.874	3.334	1.927	3.242	2.445	3.188	2.562	2.77	3.413	2.876	3.253	1.997	1.709	1.862	2.661	2.443	3.05	2.954	2.471	2.145	3.18	1.891	2.592	1.581	3.619	1.959	2.723	2.732	2.617	3.233	2.911	1.783	4.311	3.476	2.199	2.466	0.7189	1.978	3.459	3.061	2.588	1.993	2.129	2.709	1.548	2.956	4.089	2.609	2.052	1.895	3.05	2.183	2.674	2.263	3.145	2.689	1.926	3.043	3.184	2.584	2.727	2.554	2.285	1.709	1.844	3.48	1.627	1.97	2.485	2.91	1.394	3.412	2.825	2.357	2.117	4.329	2.442	3.323	3	2.78	2.551	0.9744	1.699	3.25	1.897	2.646	2.641	4.635	2.279	2.046	3.236	2.341	3.085	3.38	0.5395	1.35
2.442	3.62	2.751	2.583	2.329	4.201	1.267	2.926	2.494	2.894	3.283	2.761	4.086	2.377	3.466	2.166	0.8226	2.039	2.88	3.258	2.496	2.609	0.4457	2.459	3.416	2.681	3.588	3.488	2	4.098	2.943	2.516	3.07	2.585	4.44	3.065	3.108	2.103	2.888	3.212	1.951	2.955	3.107	3.294	2.679	2.527	2.98	3.157	0.9788	1.722	2.791	2.62	3.356	1.384	2.823	3.048	2.281	3.233	2.863	3.815	1.552	1.337	3.002	3.407	2.535	2.982	1.375	1.805	2.142	3.527	2.303	2.681	0.584	1.669	1.509	3.61	1.944	2.561	1.842	2.999	2.279	2.917	2.213	2.149	2.561	1.442	1.724	3.957	2.107	2.687	3.123	2.631	2.21	3.676	2.732	2.613	2.969	2.311	1.754	2.75
3.433	2.509	3.639	2.325	2.432	3.785	1.784	2.65	1.776	1.481	2.975	2.803	3.243	1.917	2.773	2.327	2.012	3.108	2.951	1.649	2.132	2.881	0.5795	2.343	3.509	2.463	1.145	3.338	2.88	0.8902	3.196	3.164	3.436	3.329	2.235	1.747	3.711	1.928	2.504	1.41	2.3	2.881	2.431	3.213	3.01	3.171	3.415	2.719	1.909	3.477	3.592	2.997	2.535	2.703	2.733	2.192	2.016	2.083	2.955	2.397	2.447	2.61	2.707	3.717	2.607	2.982	3.228	2.194	3.565	3.504	0.891	2.674	3.036	3.315	2.207	3.48	3.263	1.71	1.836	3.052	2.088	3.717	2.378	2.511	2.646	0.9591	2.868	4.537	2.494	2.723	2.085	3.707	0.8529	1.658	2.352	1.935	3.931	2.971	1.94	2.698
2.463	3.032	2.635	2.29	2.393	3.174	3.034	4.234	2.243	2.53	3.044	3.422	3.105	2.882	3.208	2.177	2.585	2.778	2.925	2.25	1.305	2.03	2.515	2.586	3.899	3.35	2.067	3.063	2.379	3.607	3.588	2.582	2.237	1.445	3.728	2.489	3.132	2.779	3.165	2.252	1.842	3.241	3.086	3.004	3.4	3.106	3.695	3.368	2.45	3.088	4.548	2.696	2.826	2.207	3.063	2.656	2.814	3.101	2.03	2.959	2.132	2.54	2.774	3.39	2.159	2.771	1.411	3.001	3.399	2.782	0.5382	2.076	1.853	3.428	2.895	3.875	2.288	3.245	1.896	2.767	1.576	3.731	3.453	2.372	2.86	1.987	1.421	2.489	2.656	2.901	3.366	0.2657	1.544	2.121	3.276	0.2662	2.778	2.754	1.522	2.424
1.415	1.24	2.958	2.39	0.4986	3.694	0.6361	2.085	2.374	2.949	3.319	2.518	4.246	2.33	2.887	2.437	2.22	3.484	3.26	1.853	2.569	3.047	0.6466	2.148	3.503	2.341	2.756	3.42	1.455	2.837	3.207	4.277	2.451	3.606	2.635	2.377	3.799	2.028	1.426	1.705	1.562	2.183	3.49	1.513	0.8297	3.235	3.701	2.634	0.8152	2.488	3.98	3.253	3.211	3.033	4.748	1.772	3.368	2.312	2.101	3.7	1.881	3.034	2.205	3.56	2.869	1.759	2.681	1.006	4.812	3.33	0.5496	2.378	2.269	2.68	0.722	3.629	2.137	2.674	2.045	2.506	2.591	3.727	3.11	2.505	2.536	1.902	2.737	3.235	1.974	3.404	2.398	3.819	1.986	2.14	3.023	2.353	3.031	1.199	0.6719	2.602
2.639	2.758	2.586	2.15	2.275	3.785	3.144	2.383	0.7366	0.6168	2.296	3.238	3.522	2.487	3.023	1.703	1.992	2.718	3.03	2.036	2.873	2.633	2.264	2.035	2.509	2.11	4.01	1.468	2.878	2.18	3.588	3.218	2.969	1.82	3.38	2.246	2.783	2.612	2.382	3.102	2.529	2.366	2.485	3.096	2.682	5.008	3.191	3.196	0.8911	2.421	2.813	3.615	2.91	2.573	2.937	2.202	2.376	4.145	3.124	2.742	2.645	2.482	2.853	2.522	2.878	2.731	3.376	2.437	2.312	3.47	2.776	2.407	2.246	2.928	2.397	3.482	1.984	2.374	1.982	1.539	1.886	1.235	1.278	2.213	2.573	0.6078	2.359	2.956	2.575	3.31	2.662	3.523	2.987	2.433	1.324	2.288	2.941	2.761	2.476	2.567
2.704	3.532	3.827	2.231	1.505	1.104	1.01	2.966	1.882	2.319	2.694	2.601	3.014	2.074	0.4782	2.338	2.056	3.189	1.32	1.506	2.788	2.371	1.917	3.176	3.261	1.207	2.913	3.281	1.868	3.545	2.642	2.886	3.315	2.816	3.5	2.642	3.986	2.173	1.938	3.046	2.39	2.285	3.164	2.385	2.039	3.1	3.105	3.369	1.92	2.592	3.494	3.754	2.777	2.842	2.733	2.387	2.819	3.26	2.557	2.287	0.949	3.001	1.223	3.302	2.835	2.487	1.885	3.556	2.671	5.283	2.28	2.573	2.172	3.405	1.445	3.28	2.557	1.791	2.05	3.563	2.461	3.295	2.417	2.204	3.475	1.229	1.839	3.576	2.089	2.618	3.662	3.547	2.445	2.54	2.734	0.9612	3.078	2.948	1.575	2.792
1.971	2.4	3.017	2.016	2.024	3.473	2.188	3.124	3.882	2.706	2.385	2.497	3.321	2.678	2.758	0.797	1.851	3.389	3.149	0.7534	2.441	3.179	3.502	2.805	3.206	2.501	3.467	3.107	3.013	1.04	2.795	2.843	3.302	2.999	3.809	3.463	3.083	2.49	1.703	2.961	1.72	1.456	3.335	3.763	3.431	3.096	2.994	1.075	2.095	2.878	4.154	2.194	2.693	3.443	2.701	2.707	1.91	2.212	3.033	2.539	1.706	3.901	2.937	2.79	2.976	3.673	3.292	2.42	2.734	3.413	2.998	2.611	2.582	3.434	3.412	3.626	2.703	2.685	1.594	0.4867	2.606	4.003	2.985	2.136	2.818	1.942	1.497	3.685	2.168	1.894	3.74	0.4664	1.199	2.439	3.163	1.617	1.561	2.202	1.748	2.258
2.501	2.358	2.993	2.906	0.716	3.543	2.512	3.784	2.543	2.809	1.796	2.117	2.676	3.252	3.829	1.821	0.9797	3.504	2.569	2.284	2.66	2.677	1.912	2.125	3.238	3.56	2.5	3.438	2.402	3.38	3.295	2.983	3.544	3.477	3.158	1.448	0.4954	4.141	4.344	3.023	1.682	3.095	2.517	3.36	1.997	3.364	2.697	1.76	2.174	3.412	3.513	2.831	2.68	2.745	3.183	2.071	2.714	2.617	3.174	2.446	0.9734	3.16	0.8326	2.464	3.445	2.635	3.108	2.474	2.649	3.752	1.12	2.116	2.575	2.902	3.48	3.625	2.858	2.082	2.057	3.485	2.766	4.287	2.144	2.518	2.226	1.864	2.56	4.268	2.311	2.623	2.785	1.808	1.726	1.832	2.682	1.839	3.281	1.946	2.132	1.386
1.745	2.092	3.157	2.311	2.873	3.016	2.764	2.448	3.918	2.983	3.228	2.158	3.7	2	3.378	1.535	1.485	3.517	2.189	2.119	2.907	2.792	2.133	2.292	3.292	2.898	2.405	3.506	2.485	3.092	4.145	2.792	2.953	3.105	4.596	2.86	3.918	1.488	2.653	3.406	1.413	2.675	3.443	2.207	3.674	2.476	3.936	3.329	2.129	3.102	1.681	2.976	1.837	3.256	3.013	2.332	2.182	2.924	2.955	2.747	1.557	2.488	2.484	2.92	3.511	1.904	2.531	3.16	2.723	3.298	1.049	1.027	2.254	2.542	2.537	3.291	2.768	3.521	2.752	2.798	2.558	3.345	1.273	2.427	2.267	1.61	1.327	3.783	2.629	3.302	4.84	4.394	2.884	1.96	0.355	2.575	3.816	2.324	1.514	3.52
1.749	3.437	1.855	2.874	2.656	3.869	2.28	1.89	2.009	2.655	3.079	1.606	3.095	3.722	3.333	3.689	1.648	1.584	2.925	2.117	2.228	2.859	1.821	1.474	2.129	2.691	2.654	1.741	3.249	3.753	3.488	2.565	3.464	2.625	2.852	3.83	2.97	1.846	1.326	2.79	2.251	2.623	3.443	2.631	2.675	2.859	3.127	3.085	1.927	3.938	3.773	2.882	3.426	2.984	2.364	2.23	0.9424	1.744	2.292	0.6973	0.5087	2.617	2.429	3.025	2.778	2.775	3.015	0.7998	2.177	3.894	3.025	1.869	2.319	2.329	2.496	3.143	3.089	1.859	2.348	3.043	2.545	2.751	2.442	2.284	3.042	1.79	1.627	4.459	1.405	2.864	3.498	3.22	3.133	2.79	2.38	1.695	3.194	3.012	0.6608	2.401
2.683	2.901	2.584	1.09	0.9644	3.79	2.444	2.29	0.6197	2.645	2.271	2.536	3.228	2.646	3.196	1.827	2.794	3.558	2.414	2.743	1.741	3.027	1.58	2.582	2.344	2.331	0.8141	2.919	2.817	2.422	3.069	3.319	2.956	3.406	2.76	2.564	3.498	2.994	3.101	3.57	1.594	2.104	3.022	3.277	3.16	2.687	2.172	2.851	3.238	3.983	2.817	3.762	2.522	2.928	3.583	2.235	2.149	2.142	2.672	3.278	2.007	3.803	1.624	2.805	2.613	2.534	3.879	2.502	2.046	3.25	2.676	3.162	2.515	2.043	2.572	3.922	3.372	1.567	2.475	2.235	3.729	3.616	2.004	2.696	2.777	1.589	2.493	3.252	2.413	3.457	3.24	2.869	1.948	2.637	1.703	1.339	2.776	2.777	2.592	2.2
1.91	2.584	3.901	1.753	3.469	2.25	1.857	2.662	2.094	2.704	2.604	2.438	3.994	1.765	3.329	2.588	1.508	3.337	2.699	2.311	2.259	1.042	2.476	3.24	3.801	2.881	2.741	2.722	2.093	2.303	4.176	1.784	4.149	2.862	3.151	2.038	3.45	1.897	2.66	2.547	1.402	2.771	3.633	2.341	1.659	2.201	2.909	3.739	2.771	3.245	4.565	3.294	2.6	3.734	1.759	3.345	2.911	2.951	2.674	2.544	1.088	2.892	2.691	2.854	2.672	3.28	3.206	1.825	2.713	3.844	1.987	1.683	2.041	2.164	2.118	3.138	2.978	2.721	0.3931	4.328	3.173	2.889	2.713	2.163	1.967	1.754	2.312	3.17	2.08	3.312	3.388	2.869	2.043	0.4193	2.334	3.222	3.323	0.8643	2.663	2.195
1.49	2.907	2.555	1.587	2.424	3.581	2.731	2.803	1.651	2.912	2.983	2.237	3.214	2.471	3.852	2.008	2.834	2.398	2.137	2.17	2.726	3.488	2.065	1.748	2.652	1.988	2.52	3.829	2.316	4.299	3.562	1.804	2.856	2.439	3.198	2.438	4.035	2.227	2.995	3.676	0.5531	1.774	2.973	2.341	2.139	3.276	3.466	2.574	2.32	3.902	3.387	3.492	3.595	3.71	3.519	2.691	3.196	2.19	3.035	1.862	1.962	2.989	2.982	2.574	2.506	2.83	2.228	2.632	3.337	2.386	2.357	2.569	2.324	1.748	3.4	4.248	1.78	3.571	2.525	3.158	2.848	4.333	3.162	2.312	3.436	1.262	1.986	2.683	2.146	1.628	3.091	3.509	3.037	1.633	1.891	3.142	4.246	2.606	2.81	3.027
2.121	2.967	3.399	2.238	2.971	3.373	2.776	3.143	2.955	2.382	2.826	2.668	2.208	2.578	3.062	2.62	2.595	3.156	2.171	3.275	2.581	2.994	2.665	2.285	2.057	1.808	3.402	3.556	2.419	2.717	2.031	1.626	3.619	3.305	2.921	1.868	3.762	2.829	1.672	3.693	1.758	2.308	1.846	2.584	3.265	3.638	2.933	2.217	2.8	2.801	3.141	2.961	2.548	2.111	3.359	2.569	3.104	2.273	3.006	3.235	1.85	2.775	2.553	2.676	2.05	2.515	2.276	2.695	2.361	3.681	2.497	3.488	2.481	1.248	2.622	2.556	2.069	2.688	2.49	3.074	1.874	3.588	1.392	2.409	3.471	2.307	2.18	4.227	2.203	2.746	3.335	2.552	2.915	2.266	3.857	2.031	2.484	2.874	1.642	2.777
2.404	3.141	2.423	1.529	2.432	2.002	2.023	3.162	1.726	2.383	2.601	1.178	3.488	2.342	1.534	2.276	1.937	3.681	2.137	2.547	2.241	3.174	2.125	2.406	1.673	1.992	2.471	2.523	2.292	3.388	3.612	1.843	3.184	3.868	3.673	2.835	4.298	2.333	2.563	3.044	1.045	2.445	3.913	1.69	3.006	2.508	2.1	3.647	3.087	1.939	3.947	3.773	2.617	1.752	1.787	1.754	3.028	3.787	3.027	2.539	1.729	2.521	2.17	3.499	3.467	2.497	3.189	2.553	2.877	2.897	1.719	2.102	2.233	2.357	1.532	4.722	1.184	2.259	2.144	3.113	2.725	4.331	3.177	2.626	2.021	2.341	2.102	2.911	2.143	3.442	3.193	3.718	2.19	2.363	2.973	3.844	2.798	2.417	1.756	2.722
1.971	2.705	1.226	2.022	3.275	3.491	1.279	3.377	2.57	2.453	2.935	3.557	1.638	3.096	3.612	1.359	1.452	2.713	1.473	2.784	2.359	3.047	1.809	2.841	3.374	3.048	2.498	4.179	2.576	2.782	3.913	3.57	3.087	2.677	3.236	2.025	3.184	2.753	2.148	2.644	1.382	2.661	3.215	2.082	2.829	2.607	3.405	2.061	0.9509	1.971	3.432	3.128	2.735	3.345	2.196	2.918	2.561	2.314	3.033	2.397	2.62	2.069	3.21	2.956	2.489	2.9	3.649	1.437	2.303	2.781	2.563	2.644	3.636	3.139	1.857	3.964	2.656	2.431	2.215	3.453	2.386	3.208	2.469	3.072	2.658	2.254	2.457	3.489	1.99	1.777	2.82	2.988	1.56	2.313	2.843	1.45	2.575	2.61	2.457	2.672
0.4164	3.431	1.69	1.941	3.223	3.764	1.621	2.965	1.75	2.045	3.266	2.501	3.282	3.485	1.403	2.179	2.286	3.835	2.92	2.502	0.811	3.44	0.3832	1.299	3.232	2.099	2.509	2.352	2.483	3.073	2.834	2.83	3.522	2.808	2.061	3.166	3.848	3.168	2.926	2.636	1.644	2.424	3.171	2.318	3.823	2.978	3.749	2.324	1.427	4.059	4.212	2.418	2.925	3.846	1.451	2.953	2.565	2.8	3.167	3.181	2.553	2.935	2.366	3.263	2.693	2.586	2.505	3.195	1.973	3.031	3	3.015	3.13	1.887	3.223	2.17	2.105	2.347	2.215	3.7	2.533	3.164	2.593	2.588	2.838	2.036	2.222	4.488	3.051	1.999	3.416	3.028	2.415	2.576	1.503	0.8764	1.945	2.576	2.361	2.468
1.721	2.561	3.776	2.04	2.693	3.255	0.7083	2.283	2.633	3.542	2.978	2.635	1.523	1.362	2.311	2.305	2.988	3.004	1.519	1.387	2.31	1.145	1.503	2.357	3.012	2.106	2.827	3.146	3.204	2.606	3.685	2.955	2.763	2.759	3.506	1.984	3.264	1.637	2.755	3.717	0.2476	2.674	2.348	2.56	3.043	3.206	3.067	1.902	2.163	3.189	3.842	3.295	2.02	3.629	2.216	2.627	2.895	2.151	1.946	1.755	1.989	2.652	2.63	3.38	2.22	3.251	1.629	2.817	3.573	3.002	2.022	2.939	2.026	2.631	2.248	3.286	2.315	2.376	2.538	4.924	2.563	3.092	1.643	2.847	2.801	1.328	2.337	3.128	2.642	3.166	3.056	3.992	0.6694	1.794	2.247	1.986	2.93	2.541	0.9956	1.89
2.462	2.201	3.493	1.636	2.38	2.748	2.152	2.94	2.873	2.879	2.417	1.859	2.831	3.194	3.143	2.382	2.367	3.814	3.37	1.853	1.936	2.263	1.453	1.923	1.632	2.377	2.502	3.422	3.461	3.453	3.348	2.188	3.368	3.927	4.276	1.715	4.218	2.168	2.156	2.341	1.696	2.883	3.91	2.073	2.76	3.092	2.738	1.806	0.6812	4.136	3.549	2.974	1.661	2.394	2.85	2.259	2.373	1.411	3.126	2.458	2.535	3.405	2.094	2.723	2.055	2.815	0.7059	1.458	3.662	3.117	2.115	1.404	2.511	3.043	2.843	2.523	2.229	2.107	2.383	3.243	3.375	3.78	3.191	1.981	2.292	1.698	2.897	2.872	1.72	2.821	3.498	2.698	1.681	2.418	2.333	2.683	3.424	3.186	0.9796	2.483
2.328	2.403	3.017	2.208	1.817	3.871	2.989	3.423	1.392	2.347	3.012	2.17	3.49	2.26	3.319	2.004	2.24	2.633	2.414	0.6148	2.61	2.905	2.249	3.068	3.012	2.738	3.099	2.243	1.6	3.184	2.995	3.187	3.678	2.67	3.34	3.122	3.809	2.005	2.434	4.074	1.425	1.654	3.177	2.928	2.69	2.722	3.609	3.594	1.145	3.552	4.664	2.39	2.073	1.939	2.198	2.803	2.24	3.012	2.59	2.377	2.521	3.164	1.792	3.814	3.345	2.729	3.635	2.826	1.343	3.414	1.915	2.199	1.749	2.88	2.242	3.398	2.274	2.505	3.413	1.624	1.64	2.16	2.327	2.55	2.763	0.727	2.303	3.043	2.202	3.381	2.801	3.567	1.929	1.758	1.672	1.669	3.006	2.427	2.395	2.826
1.927	2.909	3.611	1.97	2.217	3.717	2.437	3.205	1.754	2.401	2.728	2.393	3.382	3.106	3.848	2.377	2.327	3.212	3.641	2.964	2.106	2.457	1.116	2.517	2.784	0.8393	3.256	1.454	3.47	3.132	3.043	2.393	4.068	3.349	4.308	2.352	3.05	2.342	2.554	4.299	1.551	2.058	2.995	2.98	3.04	2.791	2.357	3.125	2.312	3.098	4.368	3.656	3.027	3.269	2.232	3.103	2.077	3.846	3.239	2.078	1.735	2.756	2.847	2.823	2.726	1.916	3.583	2.441	2.751	2.514	6.328	2.246	2.622	1.41	0.6044	2.364	0.8808	2.196	2.154	3.295	3.729	2.744	3.131	2.81	3.42	2.019	1.552	3.072	2.848	2.641	2.895	1.115	2.45	1.687	2.695	2.173	3.434	2.549	1.818	2.901
2.286	2.474	2.849	2.168	3.679	3.98	2.389	3.099	0.4257	2.59	3.192	2.758	2.824	2.244	3.448	1.827	2.024	3.304	2.52	2.958	2.443	2.918	1.362	1.435	3.825	2.398	2.751	2.501	1.276	3.479	2.811	2.959	2.82	3.327	2.973	1.789	3.859	0.8738	3.477	0.829	1.976	2.993	3.581	2.584	3.306	3.205	2.824	2.707	2.969	4.153	4.644	4.036	2.39	3.203	3.157	2.371	3.85	2.664	2.832	1.422	1.824	1.556	2.423	2.778	2.892	3.137	2.93	1.135	2.588	3.587	1.536	2.805	2.9	2.708	2.387	3.433	2.658	3.378	2.458	3.38	2.53	4.078	1.574	2.196	1.243	1.282	1.896	3.7	1.732	2.628	3.321	3.062	2.204	1.974	3.394	2.224	3.158	2.973	1.466	2.734
1.857	2.742	3.081	1.774	1.996	3.418	2.128	2.965	1.531	2.481	2.893	2.277	2.908	2.501	3.47	2.257	1.745	3.038	3.23	1.613	2.836	3.061	1.365	2.151	2.752	3.008	2.782	1.144	2.828	2.64	3.365	2.45	2.882	1.576	3.155	2.187	4.217	2.754	2.75	2.494	1.862	1.986	2.926	3.386	1.73	2.858	2.923	3.222	2.347	2.029	1.566	3.786	3.101	1.848	2.577	1.966	2.638	2.759	2.9	2.945	0.8939	2.807	2.374	3.826	3.714	2.528	3.176	2.431	3.14	2.931	4.37	2.194	2.505	0.9801	2.245	4.476	1.764	3.571	1.397	3.203	2.038	3.116	2.517	2.596	2.597	1.381	1.541	3.228	2.214	3.477	2.938	4.073	3.256	2.997	2.626	4.783	2.879	3.238	2.03	3.021
2.047	2.445	3.979	2.248	2.723	4.303	2.437	4.069	1.052	3.15	2.782	1.422	3.036	2.49	2.783	2.078	1.974	2.007	3.163	2.012	1.676	2.044	1.549	2.337	3.551	1.795	1.628	2.397	2.245	3.399	3.391	3.355	2.298	2.116	3.468	1.68	3.161	3.138	2.88	3.02	2.943	2.563	2.746	3.045	2.514	3.146	2.77	2.022	1.932	3.724	3.949	2.851	2.427	2.964	2.621	1.317	2.791	3.099	2.973	2.232	0.9695	2.458	2.721	2.78	2.85	2.71	4.111	2.72	2.861	6.221	2.278	2.007	2.306	2.352	2.646	4.829	2.655	2.241	2.262	2.635	2.136	3.632	1.748	2.293	3.221	2.31	2.855	3.344	2.548	1.113	3.403	5.793	3.114	3.164	2.629	2.232	1.055	3.163	1.986	3.061
2.287	2.445	3.182	1.967	1.964	4.508	3.352	3.381	1.614	2.726	2.664	2.578	2.185	2.089	3.619	1.988	2.078	2.939	2.752	1.437	0.9887	2.312	1.765	2.198	1.923	2.499	2.451	3.113	2.208	3.029	2.218	2.296	3.639	2.734	3.546	2.292	3.825	2.152	1.398	2.616	1.836	2.717	3.22	2.342	3.582	3.086	3.041	3.197	1.798	3.855	3.246	3.409	2.944	4.574	2.257	3	1.775	3.29	3.26	1.671	1.678	2.694	1.891	2.834	2.555	1.574	3.773	2.589	2.88	3.907	0.882	1.707	2.135	2.198	2.879	3.524	2.796	3.084	2.734	3.811	2.309	3.765	2.471	2.519	3.215	1.729	2.709	4.875	2.378	3.559	3.358	4.096	2.382	0.6121	2.568	1.945	1.777	1.389	1.713	1.507
2.179	1.428	2.966	2.238	3.234	4.662	1.817	1.358	1.842	2.575	3.05	2.317	2.963	1.792	2.318	2.019	2.079	2.992	2.335	2.726	1.726	2.715	2.859	3.346	3.06	4.322	2.435	3.265	1.656	3.195	2.541	3.624	3.635	3.073	4.998	2.243	3.212	3.241	2.163	2.422	2.601	2.06	2.771	2.805	3.199	1.403	3.076	2.183	2.505	3.192	4.026	3.827	2.06	3.7	2.52	2.517	2.184	2.447	2.937	2.24	1.581	3.105	2.385	2.395	3.235	2.58	4.28	2.83	2.907	1.522	1.538	2.253	2.993	2.829	2.428	3.603	1.798	2.624	2.146	3.021	2.618	3.001	2.634	1.612	2.402	2.225	2.426	3.392	2.783	3.249	2.926	3.028	2.334	1.451	2.29	3.36	3.406	2.327	2.407	2.803
1.694	2.079	1.602	1.93	2.411	4.141	1.338	2.386	2.052	3.071	2.176	3.364	2.653	1.531	3.225	3.382	1.182	3.419	2.031	2.536	2.298	2.981	2.471	2.563	3.913	3.026	2.66	3.109	2.222	2.708	2.993	3.176	2.491	2.955	3.389	3.52	3.692	2.963	2.958	3.986	2.319	2.941	1.677	2.245	2.79	3.194	3.255	3.137	2.734	3.499	1.893	1.305	2.148	2.873	1.561	0.8288	2.519	2.945	2.21	2.295	2.351	2.145	2.553	3.68	3.085	2.651	0.9435	0.6441	2.482	3.327	2.232	0.8368	1.054	3.771	4.463	3.579	3.329	3.216	2.296	3.528	2.586	4.053	3.358	1.511	2.738	1.624	2.286	3.37	2.384	2.841	3.291	2.765	2.876	1.786	2.292	2.886	3.605	2.05	2.132	1.997
2.415	2.565	3.483	2.411	2.44	1.903	1.976	2.916	3.302	2.548	2.938	2.317	2.988	2.284	3.001	1.207	1.761	3.239	2.017	2.103	2.266	2.14	2.531	2.367	3.279	1.399	3.028	1.207	3.155	3.305	3.414	2.418	3.048	2.659	3.468	2.541	4.247	2.832	2.577	1.132	1.744	2.924	1.83	2.805	2.473	3.9	3.277	3.034	0.6957	1.909	3.595	2.559	1.32	1.674	0.902	2.389	2.433	2.853	3.016	1.887	1.734	2.973	2.183	2.793	3.336	1.79	2.874	2.653	2.735	4.664	2.068	2.428	3.075	2.253	2.283	1.889	2.566	2.512	2.077	3.959	2.891	3.463	3.111	2.534	2.325	1.943	1.296	2.452	2.764	2.052	3.156	2.867	1.566	1.251	3.016	0.62	3.996	0.8687	1.412	3.131
2.117	2.887	3.688	1.872	2.786	3.29	1.599	3.139	2.116	2.986	2.565	2.704	2.156	2.966	2.709	2.331	1.713	2.056	2.553	1.892	3.353	2.948	1.92	2.354	3.603	2.008	3.61	1.773	2.193	2.855	3.817	2.612	2.958	3.145	4.055	2.796	2.362	2.785	1.025	2.298	0.9628	3.463	2.786	3.553	2.774	3.272	2.919	1.841	2.991	3.036	3.38	3.585	2.802	2.169	2.94	2.712	2.369	1.954	3.522	2.807	2.235	3.226	2.557	2.835	2.407	3.372	3.209	3.09	2.145	3.136	1.087	1.916	1.924	2.427	2.319	3.185	2.202	2.516	2.239	3.063	2.856	4.16	2.074	2.754	3.322	1.637	2.153	2.935	2.436	3.054	3.581	3.473	2.28	1.612	2.933	2.364	2.807	2.952	2.183	2.603
1.898	2.034	1.736	1.624	2.941	3.587	2.448	2.181	3.689	1.736	1.681	2.717	1.612	1.712	3.51	2.008	1.716	3.441	2.795	1.671	1.472	3.267	1.849	2.193	2.082	1.593	0.9846	2.36	2.655	3.49	2.993	1.657	3.202	3.113	3.585	2.279	2.796	3.142	3.189	3.109	2.253	2.665	2.896	2.072	3.007	1.078	2.593	2.776	2.219	2.527	3.973	3.542	2.041	2.58	3.43	2.745	2.339	4.145	2.72	3.722	1.675	3.213	3.198	2.87	2.136	2.571	4.056	2.713	3.762	3.652	3.072	2.17	3.375	3.096	2.076	2.24	3.321	2.29	2.323	3.375	3.3	3.035	2.761	2.011	3.273	1.79	1.862	2.935	2.269	2.655	3.68	3.448	1.842	2.278	0.9636	1.479	3.744	2.902	2.164	3.121
2.211	3.142	3.661	1.105	0.7592	3.372	2.138	1.007	2.689	3.804	2.425	2.979	2.359	2.838	2.527	2.027	1.816	2.69	2.741	2.463	2.106	3.258	1.665	2.519	3.522	2.551	0.6463	2.921	2.935	3.835	2.044	3.227	3.243	3.209	2.279	2.579	3.707	2.396	2.2	2.468	2.889	3.511	2.3	3.441	3.945	3.192	2.804	2.623	1.081	3.122	5.059	3.065	2.985	3.099	2.838	1.718	2.678	2.233	2.614	2.771	1.854	2.652	2.536	2.996	3.296	2.767	2.994	2.829	1.247	1.824	2.979	2.353	2.992	3.157	2.125	3.335	2.644	2.532	2.678	3.604	2.713	3.846	2.682	2.605	2.082	0.7861	0.4859	3.407	2.422	1.083	3.279	3.246	1.234	2.288	2.456	2.001	1.2	3.037	2.241	2.143
1.618	2.937	2.397	2.203	2.224	3.355	2.25	3.072	1.303	2.548	2.45	1.821	3.57	2.71	3.539	2.05	2.141	3.434	2.292	1.716	0.4563	3.298	2.706	2.615	3.308	1.912	3.381	1.548	0.6518	3.118	3.591	2.186	3.407	3.214	2.264	2.584	1.996	2.108	2.733	3.621	2.014	1.561	3.053	2.518	2.916	2.933	1.959	3.063	2.657	3.462	3.435	3.683	2.581	2.597	1.178	1.188	2.508	2.616	3.143	1.915	1.436	2.985	2.201	3.41	2.169	2.324	3.219	2.611	1.145	3.157	2.694	2.517	3.329	3.146	1.448	3.502	2.721	2.583	2.079	3.084	2.547	2.018	2.394	2.697	3.192	1.717	2.795	3.649	2.72	3.149	2.584	3.714	1.373	2.037	2.416	2.961	2.604	2.593	1.876	1.875
1.297	2.39	2.934	2.192	2.187	3.786	1.947	2.488	2.488	2.28	2.342	2.998	0.7564	0.7792	3.231	2.557	2.266	3.178	2.995	2.249	3.13	2.719	2.674	2.676	3.241	2.07	3.33	4.094	2.586	3.756	3.807	2.594	3.308	2.794	3.087	3.415	3.69	2.463	2.767	1.794	2.561	2.574	3.104	2.518	2.828	3.144	2.973	2.881	2.099	3.516	3.529	2.111	2.882	2.564	2.35	3.288	2.162	3.138	3.225	3.557	2.061	2.867	1.546	2.664	2.915	2.827	2.109	2.495	2.483	3.05	1.245	2.422	2.548	2.783	2.81	3.283	1.006	2.354	2.079	3.021	3.659	3.644	2.496	2.918	2.732	1.421	2.398	1.491	2.508	2.687	2.143	3.068	2.274	2.117	2.201	2.013	1.071	2.688	1.579	2.264
2.106	1.66	2.51	1.525	3.312	2.887	2.747	3.409	3.305	2.511	2.89	2.494	2.807	2.296	3.666	2.055	2.083	1.916	3.283	3.21	2.658	2.336	2.622	1.748	2.522	1.331	2.52	2.907	3.17	3.384	3.34	2.408	2.657	3.305	2.934	1.244	3.786	2.257	2.426	2.81	0.9296	2.695	3.958	1.228	2.445	3.411	2.917	3.112	2.336	3.651	3.305	3.707	3.054	2.716	2.969	2.363	2.644	2.786	3.408	2	1.594	3.136	1.927	1.011	2.796	2.448	3.295	3.71	1.755	3.576	1.877	1.738	2.02	2.484	2.554	3.215	3.756	3.466	2.75	3.608	2.793	3.07	3.983	2.302	3.173	1.709	2.015	4.35	2.362	3.066	3.507	4.016	2.401	2.186	2.45	2.376	2.938	2.136	2.963	3.238
1.277	3.204	3.672	1.975	3.038	3.552	1.91	3.468	2.474	2.873	2.533	3.812	3.105	2.827	2.433	2.536	0.9033	3.194	3.881	1.36	2.14	2.954	1.189	2.318	3.744	2.867	2.662	1.923	2.639	2.884	3.499	2.699	3.533	3.46	3.865	2.451	3.827	2.928	2.745	2.224	1.285	3.132	3.074	0.74	2.906	2.46	3.313	3.074	2.225	3.257	3.924	3.723	3.232	3.148	1.914	2.174	3.308	1.231	3.013	2.654	2.29	2.641	1.504	0.5961	2.755	2.335	3.997	2.033	3.236	3.143	2.037	2.241	1.425	2.307	2.804	2.571	2.33	1.259	2.27	3.359	1.265	2.911	0.4227	2.429	2.902	0.718	2.388	3.348	0.7767	3.962	3.005	2.952	1.003	2.675	2.21	1.947	3.837	2.868	0.5987	3.044
2.183	3.349	3.053	1.268	1.595	2.37	2.899	2.833	2.623	1.413	2.435	2.718	2.83	2.952	2.39	2.337	2.544	2.392	2.571	1.879	2.986	3.331	1.538	2.401	3.668	2.14	2.37	3.387	2.607	3.253	3.749	2.462	2.393	3.619	1.145	3.134	3.728	2.715	3.427	3.721	0.7857	3.003	2.919	2.666	2.465	1.423	3.894	3.337	0.5688	3.857	4.352	3.111	2.443	2.794	2.477	3.06	2.775	2.64	2.828	2.397	2.164	3.258	2.38	2.596	2.636	2.92	2.082	1.251	2.867	3.184	3.276	0.9881	3.185	2.136	2.385	3.798	2.538	1.691	1.921	4.135	2.794	3.428	2.699	2.333	0.9161	2.008	1.842	3.859	2.423	2.58	3.099	2.953	3.096	2.281	2.838	2.188	3.382	3.551	1.684	3.197
1.928	1.252	2.504	2.461	0.2411	3.287	2.138	2.639	2.327	2.918	3.092	3.639	3.549	2.122	3.595	1.971	3.28	2.458	3.343	2.633	2.655	2.733	1.652	3.157	3.403	0.9252	2.11	2.712	2.628	4.105	3.734	3.376	3.131	3.246	3.351	1.857	2.675	2.657	1.562	3.414	1.258	3.2	3.421	2.814	2.663	2.917	2.265	0.7284	2.087	3.358	3.33	2.795	2.153	3.278	3.531	2.41	2.289	3.341	2.879	2.241	2.097	2.483	2.527	3.921	2.095	2.642	2.205	3.128	3.671	4.178	3.512	1.833	2.91	2.407	2.84	3.726	2.011	1.243	1.068	3.501	2.209	3.43	2.533	1.812	2.298	1.809	3.138	4.204	3.512	1.517	3.161	2.582	2.175	2.303	2.359	3.287	2.719	3.05	0.3216	2.695
2.002	3.228	2.645	1.801	2.762	4.1	1.975	3.63	1.965	2.119	2.737	2.917	4.465	1.138	2.951	2.127	2.563	2.737	3.694	1.999	2.383	2.933	1.733	2.31	2.916	2.652	2.774	3.263	2.542	3.189	2.744	3.771	4.182	2.589	2.93	2.58	3.016	1.873	2.18	2.948	2.123	2.441	3.549	2.893	3.188	3.037	2.847	2.936	2.046	1.343	4.664	1.556	2.653	1.168	2.442	2.064	1.508	2.447	3.563	1.175	1.303	3.036	1.788	3.342	3.008	3.163	3.009	2.437	3.495	3.262	2.435	3.591	2.462	3.089	2.389	2.401	2.751	2.706	2.003	3.373	2.95	3.692	2.308	2.988	3.02	1.44	0.6295	3.774	1.818	2.067	1.989	3.311	2.549	0.8077	2.621	2.4	2.898	1.614	1.321	2.375
2.732	2.96	3.011	2.15	2.118	3.006	0.6179	4.046	2.686	2.888	3.254	1.894	2.784	3.244	4.194	3.181	2.772	2.439	3.837	2.013	2.883	3.313	1.743	2.87	2.616	2.68	2.959	3.713	2.853	3.173	3.572	2.494	3.407	3.978	2.876	2.185	3.816	2.426	1.725	3.284	2.282	2.414	2.493	3.291	3.165	3.627	3.082	3.494	2.731	3.222	3.65	3.511	2.685	2.233	1.153	3.161	2.769	2.33	3.148	3.432	2.121	3.64	2.75	3.631	3.17	3.509	2.852	3.204	2.491	3.341	0.928	2.178	2.351	3.088	3.138	3.624	1.112	2.9	1.667	3.012	2.827	3.699	2.615	1.298	2.997	1.393	2.475	3.393	2.023	3.241	3.059	4.351	2.084	0.7836	2.385	1.827	3.478	2.175	1.791	2.217
1.898	2.361	3.363	2.145	2.548	4.058	3.002	3.027	2.467	2.835	2.373	2.694	4.001	2.017	3.726	2.473	1.787	3.429	1.531	3.467	2.667	0.4168	3.057	2.934	3.343	2.827	3.211	3.579	2.799	3.24	3.838	2.963	4.147	3.653	3.742	3.015	3.245	2.821	1.097	3.012	1.654	2.007	3.443	3.793	3.24	3.526	3.338	2.478	3.189	3.916	4.167	2.451	3.019	2.515	2.002	2.745	2.057	3.161	2.313	1.881	1.924	3.381	2.777	3.177	2.307	1.027	3.647	3.037	3.017	3.585	1.96	1.941	2.101	1.949	3.303	3.815	3.097	1.649	2.629	4.362	2.439	3.676	2.725	2.947	1.991	0.1119	3.503	2.998	2.358	2.66	3.753	3.754	1.909	2.592	2.641	1.131	3.432	2.901	1.439	2.377
2.031	3.066	3.296	2.48	2.652	3.12	2.577	2.54	2.536	2.25	2.65	3.12	3.27	2.196	3.591	2.157	2.197	2.853	2.399	2.462	2.439	2.967	1.055	2.755	2.748	1.595	3.176	3.086	1.063	3.989	2.953	2.488	2.826	2.809	4.124	1.979	3.343	2.779	2.232	3.684	1.388	2.66	3.792	2.651	3.074	3.401	2.955	1.966	2.429	3.54	3.392	2.856	3.429	2.169	2.904	2.59	2.201	2.778	3.364	1.604	1.092	3.365	3.509	2.734	2.837	2.639	1.968	1.9	4.118	3.253	3.232	2.227	3.524	2.291	2.933	2.531	2.822	2.659	3.276	3.429	3.012	2.804	2.082	2.338	2.887	0.5525	2.006	3.753	2.236	3.302	3.522	3.218	1.965	2.881	1.323	2.533	3.443	2.751	1.923	2.805
3.22	2.92	2.64	2.537	1.284	3.467	1.863	3.679	2.325	2.144	2.578	2.063	3.408	3.073	1.53	2.303	1.984	1.817	2.399	2.701	2.485	3.329	1.919	2.754	3.324	2.741	3.131	2.505	1.729	2.022	3.588	3.388	2.198	3.462	4.018	2.784	3.555	3.848	2.504	2.561	2.669	3.455	3.088	2.181	2.568	2.349	2.495	2.918	2.51	3.641	3.76	3.87	2.494	2.217	2.286	3.877	2.121	3.062	3.122	2.179	2.164	3.606	2.392	3.743	2.533	3.72	2.846	4.355	2.977	3.891	2.378	2.112	2.615	1.981	1.406	3.06	2.499	3.701	2.771	2.774	2.121	3.082	2.487	3.112	2.837	1.748	2.367	3.821	2.233	3.571	3.675	2.988	2.756	1.884	2.477	2.026	2.704	2.36	1.639	2.908
1.839	2.778	2.023	2.382	2.919	1.699	1.951	2.818	2.258	3.078	2.607	2.958	2.968	2.286	3.112	1.818	1.434	2.767	2.268	3.096	2.484	3.135	1.971	2.198	3.348	1.804	3.208	2.22	1.724	4.46	3.215	3.123	2.479	3.128	4.132	2	3.389	2.556	3.141	2.973	1.545	2.447	2.805	4.8	2.6	2.873	4.484	2.522	2.564	3.521	3.28	3.615	2.777	3.459	0.7724	2.454	2.69	0.611	3.135	2.76	-0.1075	2.988	3.386	2.959	3.989	3.238	2.571	3.031	2.007	3.737	1.84	2.267	2.204	1.474	2.389	3.748	2.637	2.792	1.722	3.487	2.462	3.629	2.023	2.335	2.975	1.79	1.978	3.385	2.727	3.734	2.444	4.229	2.231	2.316	2.872	2.416	2.844	3.409	2.585	2.391
1.868	2.001	2.51	2.095	2.952	3.129	2.137	3.466	2.46	2.91	1.929	2.53	4.004	3.314	3.068	2.303	3.118	3.93	2.347	1.812	1.903	2.692	2.176	2.109	3.763	1.989	2.381	3.064	2.272	3.377	2.894	3.012	2.977	2.684	3.888	2.155	4.774	2.333	1.763	0.907	1.49	2.112	3.825	2.717	2.636	2.345	3.265	1.217	2.335	2.862	4.6	4.172	3.153	2.748	2.921	2.438	3.08	3.253	2.982	3.078	2.493	2.493	0.7483	2.707	3.248	3.257	2.446	1.904	1.251	3.011	3.682	2.68	2.538	2.324	1.448	3.148	2.319	2.706	2.555	3.232	2.593	3.63	2.302	2.48	2.364	-0.06011	2.29	2.841	0.895	2.874	2.55	3.413	2.02	2.056	3.343	1.406	2.78	2.692	1.521	2.423
2.017	3.269	3.931	1.501	1.991	4.187	1.973	3.586	2.351	2.269	3.292	2.277	2.67	2.932	3.023	1.673	0.7113	3.007	2.183	1.688	2.342	2.235	2.641	1.859	3.04	3.327	2.695	3.063	2.689	2.884	2.428	1.99	3.806	2.932	2.27	3.1	3.923	2.029	1.971	2.546	1.744	2.266	2.757	3.582	2.402	2.429	3.188	2.028	4.06	3.088	3.639	3.496	2.667	2.578	2.569	2.254	2.268	3.007	2.885	2.539	2.892	3.519	2.355	3.7	3.129	3.415	4.261	0.8218	2.309	3.595	1.645	2.539	2.702	2.494	2.527	3.067	2.263	3.471	2.716	2.701	2.057	4.562	1.759	3.082	2.781	1.421	1.786	2.749	1.677	2.129	4.15	2.667	2.061	3.263	2.548	1.955	3.238	2.31	1.677	3.047
1.43	3.258	3.314	1.725	0.6543	4.023	3.393	3.88	2.055	2.934	2.443	1.902	3.718	2.808	3.217	2.982	1.808	3.247	2.964	3.11	2.566	2.629	2.108	2.261	2.846	1.913	3.569	3.069	2.731	4.304	3.031	2.477	3.264	2.027	3.748	1.58	3.413	2.948	2.868	3.58	2.067	3.008	3.033	2.562	2.736	3.212	1.861	3.266	2.604	3.259	3.706	2.974	2.45	2.601	3.857	1.795	2.31	3.528	2.611	3.182	1.991	4.12	2.796	3.861	2.449	3.32	3.372	2.983	4.46	2.791	2.726	2.011	2.443	1.197	2.348	3.385	3.252	1.974	1.932	4.302	2.685	3.266	2.463	2.445	2.358	1.569	1.776	3.187	2.143	2.448	3.412	2.427	3.122	1.013	2.967	2.117	2.769	2.491	1.843	2.893
1.824	1.665	2.808	2.787	3.386	3.378	2.262	3.507	1.689	2.337	3.13	2.438	3.446	3.024	4.221	1.766	1.824	3.37	1.016	1.991	3.414	3.076	1.709	3.015	3.021	2.238	2.635	2.909	2.071	2.778	3.916	2.434	3.104	3.254	2.999	2.022	4.005	3.737	1.243	2.539	2.009	3.231	3.154	3.518	2.67	2.738	2.387	2.801	2.365	3.043	4.025	3.302	2.807	2.694	2.42	2.547	2.571	3.051	3.472	2.69	1.689	3.012	2.367	2.54	2.571	2.048	3.689	2.308	3.086	3.495	1.894	2.474	2.847	2.635	2.333	3.468	2.086	0.5665	2.748	3.302	3.116	3.026	3.1	2.512	3.467	1.329	1.255	2.41	2.728	3.258	3.208	4.265	2.465	2.012	2.37	1.889	2.93	2.152	2.904	2.358
2.814	2.869	1.826	2.315	2.595	3.531	2.637	3.089	2.222	2.465	2.744	1.666	3.236	3.243	3.249	1.307	2.941	3.518	1.923	1.331	2.386	2.986	1.678	2.285	2.416	2.061	2.624	2.103	2.53	2.823	3.142	2.701	3.484	3.213	4.298	2.377	2.743	2.901	0.9068	2.914	1.994	1.967	3.21	2.388	3.258	3.026	3.439	3.065	1.825	2.947	3.969	3.144	2.459	3.76	2.245	1.634	2.091	2.572	2.783	2.486	1.026	2.36	1.331	3.105	2.152	2.41	1.976	2.996	2.342	1.531	2.208	1.588	2.239	2.587	1.849	4.238	2.703	2.656	2.945	3.928	2.166	2.957	2.681	2.658	2.622	1.312	1.194	3.408	2.58	2.945	3.696	3.369	2.516	2.203	2.351	2.08	3.647	2.311	2.107	2.274
1.308	2.733	3.274	2.136	1.962	3.001	2.279	3.202	3.241	2.383	2.648	2.961	2.932	2.361	2.494	2.353	3.122	3.101	2.128	3.373	2.83	3.337	2.622	2.737	3.443	1.597	1.812	4.095	2.668	3.229	3.409	3.224	3.386	3.898	4.126	1.893	4.099	2.667	2.527	2.316	2.478	2.731	2.95	3.585	3.522	4.176	4.228	3.578	2.528	4.14	4.707	2.721	2.804	2.675	3.638	1.896	3.215	2.794	3.349	2.903	1.805	3.05	2.561	2.669	3.037	3.817	3.086	2.733	3.66	2.716	2.323	1.884	2.196	2.873	3.504	3.668	3.049	2.191	2.371	2.97	1.991	2.914	2.57	2.559	3.311	1.385	2.282	3.129	1.629	2.569	2.803	3.398	2.761	3.151	2.301	1.647	2.609	2.722	2.17	2.87
