6.464	4.735	13.02	9.182	11.22	29.25	10.23	2.85	12.37	5.791	8.745	7.261	3.973	3.087	4.175	4.964	13.27	10.18	15.4	9.316	5.881	6.042	6.744	10.98	6.31	9.958	10.07	13.45	10.06	14.32	7.715	8.949	10.11	12.35	11.77	20.97	9.662	17.65	2.496	7.562	3.58	4.903	3.058	12.12	8.82	6.891	6.342	17.95	13.12	11.39	9.407	13.83	9.553	10.83	3.11	7.171	4.123	8.072	4.244	13.88	15.15	7.856	6.743	7.556	12.92	2.154	10.74	4.13	7.549	9.509	3.833	15.18	9.781	3.207	5.61	7.72	17.86	5.376	4.731	9.972	10.52	15.38	10.72	21.13	8.335	11.41	10.96	10.36	12.93	11.24	5.015	20.57	9.212	3.836	11.16	4.958	15.93	18.17	16.14	25.08
6.403	4.721	12.92	9.117	11.13	28.99	10.15	2.858	12.27	5.775	8.692	7.213	3.953	3.072	4.148	4.922	13.19	10.08	15.28	9.249	5.844	6.015	6.706	10.89	6.268	9.896	10.01	13.37	10	14.2	7.66	8.895	10.05	12.26	11.66	20.79	9.589	17.51	2.505	7.517	3.571	4.881	3.029	12.03	8.77	6.833	6.252	17.8	13.03	11.31	9.354	13.71	9.499	10.75	3.063	7.142	4.102	8.001	4.243	13.78	15.02	7.8	6.712	7.527	12.81	2.167	10.65	4.109	7.5	9.449	3.798	15.08	9.702	3.211	5.591	7.671	17.72	5.349	4.708	9.911	10.46	15.25	10.65	20.95	8.257	11.33	10.9	10.29	12.82	11.17	5.014	20.38	9.154	3.848	11.07	4.906	15.8	18.02	16.03	24.86
6.341	4.706	12.83	9.052	11.04	28.74	10.06	2.865	12.18	5.758	8.639	7.165	3.934	3.056	4.122	4.88	13.11	9.984	15.16	9.181	5.807	5.988	6.667	10.81	6.225	9.833	9.947	13.29	9.938	14.08	7.606	8.841	9.983	12.17	11.56	20.62	9.516	17.37	2.513	7.473	3.562	4.859	3	11.94	8.72	6.776	6.161	17.65	12.94	11.23	9.301	13.6	9.445	10.68	3.015	7.114	4.081	7.93	4.241	13.67	14.9	7.744	6.68	7.498	12.71	2.18	10.57	4.088	7.452	9.388	3.764	14.97	9.624	3.215	5.572	7.622	17.58	5.323	4.686	9.851	10.4	15.12	10.57	20.76	8.18	11.25	10.84	10.22	12.72	11.11	5.013	20.2	9.095	3.859	10.99	4.854	15.67	17.88	15.92	24.64
6.28	4.692	12.73	8.987	10.94	28.49	9.968	2.872	12.09	5.742	8.586	7.116	3.915	3.04	4.095	4.838	13.04	9.884	15.04	9.113	5.771	5.961	6.629	10.73	6.183	9.771	9.888	13.21	9.875	13.96	7.551	8.787	9.921	12.08	11.46	20.45	9.444	17.23	2.522	7.429	3.553	4.836	2.971	11.86	8.669	6.718	6.071	17.5	12.85	11.15	9.248	13.49	9.39	10.6	2.968	7.086	4.06	7.858	4.24	13.56	14.78	7.687	6.648	7.469	12.6	2.193	10.48	4.067	7.403	9.328	3.729	14.87	9.545	3.219	5.553	7.573	17.44	5.297	4.664	9.79	10.33	14.99	10.5	20.58	8.102	11.16	10.78	10.16	12.62	11.05	5.012	20.01	9.036	3.871	10.91	4.802	15.54	17.73	15.81	24.42
6.218	4.677	12.64	8.922	10.85	28.24	9.879	2.88	11.99	5.726	8.533	7.068	3.896	3.024	4.068	4.796	12.96	9.785	14.92	9.046	5.734	5.934	6.59	10.65	6.141	9.708	9.829	13.12	9.813	13.84	7.497	8.733	9.859	11.99	11.36	20.27	9.371	17.09	2.53	7.385	3.544	4.814	2.942	11.77	8.619	6.661	5.981	17.35	12.76	11.08	9.195	13.37	9.336	10.53	2.921	7.057	4.039	7.787	4.238	13.45	14.65	7.631	6.617	7.441	12.49	2.207	10.39	4.046	7.355	9.268	3.694	14.76	9.467	3.223	5.534	7.524	17.31	5.27	4.642	9.73	10.27	14.86	10.42	20.39	8.024	11.08	10.72	10.09	12.52	10.99	5.011	19.83	8.977	3.882	10.83	4.75	15.4	17.58	15.7	24.19
6.156	4.663	12.54	8.857	10.76	27.99	9.79	2.887	11.9	5.71	8.48	7.019	3.877	3.008	4.042	4.754	12.88	9.685	14.8	8.978	5.697	5.907	6.551	10.56	6.098	9.645	9.769	13.04	9.751	13.73	7.442	8.679	9.798	11.89	11.26	20.1	9.299	16.95	2.539	7.34	3.536	4.792	2.914	11.69	8.569	6.603	5.89	17.21	12.67	11	9.142	13.26	9.282	10.45	2.874	7.029	4.018	7.716	4.237	13.34	14.53	7.575	6.585	7.412	12.38	2.22	10.31	4.025	7.307	9.208	3.66	14.66	9.388	3.227	5.516	7.474	17.17	5.244	4.619	9.669	10.2	14.72	10.34	20.21	7.947	11	10.66	10.02	12.42	10.93	5.011	19.64	8.919	3.894	10.75	4.698	15.27	17.44	15.59	23.97
6.095	4.648	12.45	8.793	10.66	27.74	9.701	2.894	11.8	5.694	8.426	6.971	3.858	2.992	4.015	4.712	12.81	9.586	14.68	8.91	5.661	5.88	6.513	10.48	6.056	9.583	9.71	12.96	9.688	13.61	7.388	8.625	9.736	11.8	11.15	19.93	9.226	16.81	2.548	7.296	3.527	4.769	2.885	11.6	8.519	6.546	5.8	17.06	12.58	10.92	9.089	13.15	9.227	10.37	2.827	7	3.998	7.645	4.235	13.23	14.41	7.519	6.554	7.383	12.28	2.233	10.22	4.004	7.258	9.147	3.625	14.55	9.31	3.231	5.497	7.425	17.03	5.218	4.597	9.609	10.14	14.59	10.27	20.03	7.869	10.91	10.6	9.956	12.31	10.87	5.01	19.46	8.86	3.905	10.66	4.646	15.14	17.29	15.48	23.75
6.033	4.633	12.35	8.728	10.57	27.49	9.612	2.901	11.71	5.677	8.373	6.922	3.839	2.976	3.988	4.671	12.73	9.486	14.56	8.842	5.624	5.853	6.474	10.4	6.013	9.52	9.651	12.88	9.626	13.49	7.333	8.571	9.674	11.71	11.05	19.75	9.153	16.67	2.556	7.252	3.518	4.747	2.856	11.52	8.468	6.488	5.709	16.91	12.49	10.85	9.036	13.03	9.173	10.3	2.78	6.972	3.977	7.574	4.234	13.12	14.28	7.463	6.522	7.354	12.17	2.246	10.14	3.982	7.21	9.087	3.59	14.45	9.231	3.235	5.478	7.376	16.89	5.191	4.575	9.548	10.08	14.46	10.19	19.84	7.792	10.83	10.54	9.889	12.21	10.81	5.009	19.27	8.801	3.917	10.58	4.594	15.01	17.15	15.37	23.53
5.972	4.619	12.26	8.663	10.48	27.24	9.523	2.909	11.62	5.661	8.32	6.874	3.819	2.96	3.962	4.629	12.66	9.386	14.44	8.775	5.588	5.826	6.436	10.32	5.971	9.458	9.592	12.8	9.563	13.37	7.279	8.517	9.612	11.62	10.95	19.58	9.081	16.53	2.565	7.208	3.509	4.725	2.827	11.43	8.418	6.431	5.619	16.76	12.4	10.77	8.983	12.92	9.119	10.22	2.733	6.944	3.956	7.503	4.232	13.01	14.16	7.406	6.491	7.325	12.06	2.259	10.05	3.961	7.161	9.027	3.556	14.34	9.153	3.238	5.459	7.327	16.75	5.165	4.552	9.488	10.01	14.33	10.12	19.66	7.714	10.75	10.48	9.822	12.11	10.75	5.008	19.09	8.742	3.928	10.5	4.542	14.88	17	15.26	23.31
5.91	4.604	12.17	8.598	10.38	26.99	9.434	2.916	11.52	5.645	8.267	6.825	3.8	2.944	3.935	4.587	12.58	9.287	14.32	8.707	5.551	5.799	6.397	10.23	5.929	9.395	9.532	12.72	9.501	13.25	7.224	8.463	9.55	11.53	10.85	19.41	9.008	16.39	2.573	7.164	3.5	4.702	2.798	11.34	8.368	6.373	5.528	16.61	12.31	10.69	8.93	12.81	9.064	10.14	2.686	6.915	3.935	7.431	4.231	12.9	14.04	7.35	6.459	7.297	11.95	2.273	9.967	3.94	7.113	8.967	3.521	14.24	9.074	3.242	5.44	7.278	16.61	5.139	4.53	9.427	9.947	14.2	10.04	19.47	7.636	10.66	10.42	9.756	12.01	10.69	5.007	18.9	8.684	3.94	10.42	4.49	14.75	16.86	15.16	23.09
5.849	4.59	12.07	8.533	10.29	26.73	9.345	2.923	11.43	5.629	8.214	6.777	3.781	2.928	3.908	4.545	12.5	9.187	14.2	8.639	5.514	5.772	6.359	10.15	5.886	9.333	9.473	12.64	9.439	13.13	7.17	8.409	9.488	11.44	10.74	19.24	8.935	16.25	2.582	7.119	3.491	4.68	2.769	11.26	8.317	6.316	5.438	16.47	12.22	10.62	8.877	12.69	9.01	10.07	2.639	6.887	3.914	7.36	4.229	12.79	13.91	7.294	6.427	7.268	11.85	2.286	9.882	3.919	7.064	8.906	3.487	14.13	8.996	3.246	5.421	7.229	16.47	5.112	4.508	9.367	9.883	14.06	9.964	19.29	7.559	10.58	10.36	9.689	11.9	10.62	5.006	18.72	8.625	3.951	10.33	4.438	14.62	16.71	15.05	22.87
5.787	4.575	11.98	8.468	10.2	26.48	9.256	2.931	11.33	5.613	8.161	6.729	3.762	2.913	3.882	4.503	12.43	9.088	14.08	8.571	5.478	5.746	6.32	10.07	5.844	9.27	9.414	12.56	9.376	13.01	7.115	8.355	9.426	11.35	10.64	19.06	8.863	16.11	2.59	7.075	3.483	4.657	2.741	11.17	8.267	6.258	5.348	16.32	12.13	10.54	8.823	12.58	8.956	9.993	2.592	6.859	3.893	7.289	4.228	12.68	13.79	7.238	6.396	7.239	11.74	2.299	9.797	3.898	7.016	8.846	3.452	14.03	8.918	3.25	5.402	7.179	16.33	5.086	4.486	9.306	9.819	13.93	9.888	19.11	7.481	10.5	10.3	9.622	11.8	10.56	5.006	18.53	8.566	3.963	10.25	4.386	14.49	16.57	14.94	22.65
5.725	4.561	11.88	8.403	10.1	26.23	9.167	2.938	11.24	5.597	8.108	6.68	3.743	2.897	3.855	4.461	12.35	8.988	13.96	8.504	5.441	5.719	6.281	9.986	5.802	9.208	9.355	12.48	9.314	12.9	7.06	8.301	9.364	11.25	10.54	18.89	8.79	15.97	2.599	7.031	3.474	4.635	2.712	11.09	8.217	6.201	5.257	16.17	12.04	10.46	8.77	12.47	8.901	9.917	2.544	6.83	3.873	7.218	4.226	12.57	13.66	7.182	6.364	7.21	11.63	2.312	9.711	3.877	6.967	8.786	3.417	13.92	8.839	3.254	5.383	7.13	16.19	5.06	4.463	9.246	9.755	13.8	9.812	18.92	7.404	10.41	10.24	9.556	11.7	10.5	5.005	18.35	8.507	3.974	10.17	4.335	14.35	16.42	14.83	22.43
5.664	4.546	11.79	8.338	10.01	25.98	9.078	2.945	11.15	5.58	8.055	6.632	3.724	2.881	3.828	4.419	12.27	8.889	13.84	8.436	5.404	5.692	6.243	9.904	5.759	9.145	9.295	12.4	9.251	12.78	7.006	8.247	9.303	11.16	10.44	18.72	8.717	15.83	2.608	6.987	3.465	4.613	2.683	11	8.167	6.143	5.167	16.02	11.95	10.38	8.717	12.35	8.847	9.841	2.497	6.802	3.852	7.147	4.225	12.46	13.54	7.125	6.333	7.181	11.53	2.326	9.626	3.856	6.919	8.725	3.383	13.82	8.761	3.258	5.364	7.081	16.05	5.033	4.441	9.185	9.691	13.67	9.736	18.74	7.326	10.33	10.18	9.489	11.6	10.44	5.004	18.16	8.449	3.986	10.09	4.283	14.22	16.28	14.72	22.21
5.602	4.532	11.69	8.273	9.916	25.73	8.989	2.952	11.05	5.564	8.002	6.583	3.705	2.865	3.802	4.378	12.2	8.789	13.72	8.368	5.368	5.665	6.204	9.821	5.717	9.082	9.236	12.31	9.189	12.66	6.951	8.193	9.241	11.07	10.33	18.54	8.645	15.69	2.616	6.942	3.456	4.59	2.654	10.91	8.116	6.086	5.076	15.87	11.86	10.31	8.664	12.24	8.793	9.765	2.45	6.773	3.831	7.076	4.223	12.35	13.42	7.069	6.301	7.152	11.42	2.339	9.54	3.835	6.87	8.665	3.348	13.71	8.682	3.262	5.346	7.032	15.91	5.007	4.419	9.125	9.627	13.54	9.66	18.55	7.248	10.25	10.12	9.422	11.5	10.38	5.003	17.98	8.39	3.997	10.01	4.231	14.09	16.13	14.61	21.98
5.541	4.517	11.6	8.208	9.823	25.48	8.9	2.96	10.96	5.548	7.949	6.535	3.685	2.849	3.775	4.336	12.12	8.69	13.6	8.301	5.331	5.638	6.166	9.739	5.675	9.02	9.177	12.23	9.127	12.54	6.897	8.139	9.179	10.98	10.23	18.37	8.572	15.55	2.625	6.898	3.447	4.568	2.625	10.83	8.066	6.028	4.986	15.73	11.77	10.23	8.611	12.13	8.738	9.688	2.403	6.745	3.81	7.004	4.222	12.24	13.29	7.013	6.27	7.124	11.31	2.352	9.455	3.814	6.822	8.605	3.313	13.61	8.604	3.266	5.327	6.983	15.77	4.981	4.397	9.064	9.563	13.41	9.584	18.37	7.171	10.16	10.06	9.356	11.39	10.32	5.002	17.79	8.331	4.009	9.924	4.179	13.96	15.99	14.5	21.76
5.479	4.502	11.5	8.143	9.729	25.23	8.811	2.967	10.86	5.532	7.896	6.486	3.666	2.833	3.748	4.294	12.05	8.59	13.48	8.233	5.294	5.611	6.127	9.656	5.632	8.957	9.117	12.15	9.064	12.42	6.842	8.085	9.117	10.89	10.13	18.2	8.5	15.41	2.633	6.854	3.439	4.546	2.596	10.74	8.016	5.971	4.895	15.58	11.68	10.15	8.558	12.01	8.684	9.612	2.356	6.717	3.789	6.933	4.22	12.13	13.17	6.957	6.238	7.095	11.2	2.365	9.369	3.792	6.773	8.545	3.279	13.5	8.525	3.27	5.308	6.934	15.63	4.954	4.374	9.004	9.499	13.27	9.508	18.19	7.093	10.08	10	9.289	11.29	10.26	5.001	17.61	8.272	4.02	9.842	4.127	13.83	15.84	14.39	21.54
5.417	4.488	11.41	8.078	9.636	24.98	8.722	2.974	10.77	5.516	7.843	6.438	3.647	2.817	3.722	4.252	11.97	8.491	13.36	8.165	5.258	5.584	6.088	9.573	5.59	8.895	9.058	12.07	9.002	12.3	6.788	8.031	9.055	10.8	10.03	18.03	8.427	15.27	2.642	6.81	3.43	4.523	2.568	10.66	7.965	5.913	4.805	15.43	11.59	10.08	8.505	11.9	8.63	9.536	2.309	6.688	3.769	6.862	4.219	12.02	13.05	6.9	6.207	7.066	11.1	2.378	9.284	3.771	6.725	8.484	3.244	13.4	8.447	3.273	5.289	6.884	15.49	4.928	4.352	8.943	9.434	13.14	9.433	18	7.016	9.998	9.945	9.222	11.19	10.2	5	17.42	8.214	4.032	9.76	4.075	13.7	15.7	14.28	21.32
5.356	4.473	11.31	8.013	9.543	24.73	8.634	2.982	10.68	5.5	7.789	6.389	3.628	2.801	3.695	4.21	11.89	8.391	13.24	8.097	5.221	5.557	6.05	9.491	5.548	8.832	8.999	11.99	8.939	12.18	6.733	7.976	8.993	10.7	9.925	17.85	8.354	15.13	2.651	6.766	3.421	4.501	2.539	10.57	7.915	5.856	4.714	15.28	11.5	10	8.452	11.79	8.576	9.46	2.262	6.66	3.748	6.791	4.217	11.91	12.92	6.844	6.175	7.037	10.99	2.392	9.199	3.75	6.677	8.424	3.21	13.29	8.368	3.277	5.27	6.835	15.35	4.902	4.33	8.883	9.37	13.01	9.357	17.82	6.938	9.915	9.886	9.156	11.09	10.14	5	17.24	8.155	4.043	9.678	4.023	13.57	15.55	14.17	21.1
5.294	4.459	11.22	7.948	9.45	24.48	8.545	2.989	10.58	5.483	7.736	6.341	3.609	2.785	3.668	4.168	11.82	8.292	13.12	8.03	5.184	5.53	6.011	9.408	5.505	8.77	8.94	11.91	8.877	12.06	6.679	7.922	8.931	10.61	9.822	17.68	8.282	14.99	2.659	6.721	3.412	4.479	2.51	10.49	7.865	5.798	4.624	15.13	11.41	9.923	8.399	11.67	8.521	9.384	2.215	6.631	3.727	6.72	4.216	11.8	12.8	6.788	6.143	7.008	10.88	2.405	9.113	3.729	6.628	8.364	3.175	13.19	8.29	3.281	5.251	6.786	15.21	4.875	4.308	8.822	9.306	12.88	9.281	17.63	6.86	9.831	9.826	9.089	10.98	10.07	4.999	17.05	8.096	4.055	9.596	3.971	13.44	15.41	14.06	20.88
5.233	4.444	11.12	7.883	9.356	24.22	8.456	2.996	10.49	5.467	7.683	6.292	3.59	2.77	3.642	4.126	11.74	8.192	13	7.962	5.148	5.503	5.973	9.326	5.463	8.707	8.88	11.83	8.815	11.95	6.624	7.868	8.869	10.52	9.72	17.51	8.209	14.85	2.668	6.677	3.403	4.456	2.481	10.4	7.815	5.741	4.534	14.99	11.33	9.846	8.346	11.56	8.467	9.308	2.168	6.603	3.706	6.649	4.214	11.69	12.68	6.732	6.112	6.98	10.78	2.418	9.028	3.708	6.58	8.303	3.14	13.08	8.212	3.285	5.232	6.737	15.08	4.849	4.285	8.762	9.242	12.75	9.205	17.45	6.783	9.748	9.766	9.023	10.88	10.01	4.998	16.87	8.037	4.066	9.514	3.919	13.3	15.26	13.95	20.66
5.171	4.43	11.03	7.819	9.263	23.97	8.367	3.003	10.39	5.451	7.63	6.244	3.571	2.754	3.615	4.084	11.66	8.093	12.88	7.894	5.111	5.476	5.934	9.243	5.421	8.644	8.821	11.75	8.752	11.83	6.57	7.814	8.808	10.43	9.618	17.33	8.136	14.71	2.676	6.633	3.394	4.434	2.452	10.31	7.764	5.683	4.443	14.84	11.24	9.769	8.293	11.45	8.413	9.232	2.12	6.575	3.685	6.578	4.213	11.58	12.55	6.676	6.08	6.951	10.67	2.431	8.942	3.687	6.531	8.243	3.106	12.98	8.133	3.289	5.213	6.688	14.94	4.823	4.263	8.701	9.178	12.61	9.129	17.27	6.705	9.665	9.707	8.956	10.78	9.952	4.997	16.68	7.979	4.078	9.431	3.867	13.17	15.12	13.84	20.44
5.11	4.415	10.93	7.754	9.17	23.72	8.278	3.011	10.3	5.435	7.577	6.196	3.551	2.738	3.588	4.043	11.59	7.993	12.76	7.826	5.074	5.449	5.895	9.161	5.378	8.582	8.762	11.67	8.69	11.71	6.515	7.76	8.746	10.34	9.515	17.16	8.064	14.57	2.685	6.589	3.386	4.412	2.423	10.23	7.714	5.626	4.353	14.69	11.15	9.692	8.24	11.34	8.358	9.156	2.073	6.546	3.664	6.506	4.211	11.47	12.43	6.619	6.049	6.922	10.56	2.445	8.857	3.666	6.483	8.183	3.071	12.87	8.055	3.293	5.194	6.639	14.8	4.796	4.241	8.641	9.114	12.48	9.053	17.08	6.628	9.582	9.647	8.889	10.68	9.891	4.996	16.5	7.92	4.089	9.349	3.815	13.04	14.97	13.73	20.22
5.048	4.4	10.84	7.689	9.076	23.47	8.189	3.018	10.21	5.419	7.524	6.147	3.532	2.722	3.562	4.001	11.51	7.894	12.64	7.759	5.038	5.422	5.857	9.078	5.336	8.519	8.702	11.58	8.627	11.59	6.461	7.706	8.684	10.25	9.413	16.99	7.991	14.43	2.693	6.544	3.377	4.389	2.395	10.14	7.664	5.568	4.262	14.54	11.06	9.615	8.186	11.22	8.304	9.08	2.026	6.518	3.644	6.435	4.21	11.36	12.3	6.563	6.017	6.893	10.45	2.458	8.771	3.645	6.434	8.123	3.036	12.77	7.976	3.297	5.176	6.589	14.66	4.77	4.218	8.58	9.05	12.35	8.977	16.9	6.55	9.499	9.588	8.823	10.57	9.83	4.995	16.31	7.861	4.101	9.267	3.763	12.91	14.83	13.62	19.99
4.986	4.386	10.74	7.624	8.983	23.22	8.1	3.025	10.11	5.402	7.471	6.099	3.513	2.706	3.535	3.959	11.44	7.794	12.52	7.691	5.001	5.396	5.818	8.995	5.294	8.457	8.643	11.5	8.565	11.47	6.406	7.652	8.622	10.16	9.311	16.82	7.918	14.29	2.702	6.5	3.368	4.367	2.366	10.06	7.613	5.511	4.172	14.39	10.97	9.538	8.133	11.11	8.25	9.004	1.979	6.49	3.623	6.364	4.208	11.25	12.18	6.507	5.986	6.864	10.35	2.471	8.686	3.623	6.386	8.062	3.002	12.66	7.898	3.301	5.157	6.54	14.52	4.744	4.196	8.52	8.986	12.22	8.901	16.71	6.472	9.415	9.528	8.756	10.47	9.769	4.995	16.13	7.802	4.112	9.185	3.711	12.78	14.68	13.51	19.77
4.925	4.371	10.65	7.559	8.89	22.97	8.011	3.033	10.02	5.386	7.418	6.05	3.494	2.69	3.508	3.917	11.36	7.695	12.4	7.623	4.965	5.369	5.78	8.913	5.251	8.394	8.584	11.42	8.503	11.35	6.352	7.598	8.56	10.06	9.208	16.64	7.846	14.15	2.711	6.456	3.359	4.345	2.337	9.971	7.563	5.453	4.081	14.25	10.88	9.461	8.08	11	8.195	8.928	1.932	6.461	3.602	6.293	4.207	11.14	12.06	6.451	5.954	6.836	10.24	2.484	8.601	3.602	6.337	8.002	2.967	12.56	7.819	3.305	5.138	6.491	14.38	4.717	4.174	8.459	8.922	12.09	8.825	16.53	6.395	9.332	9.469	8.689	10.37	9.708	4.994	15.94	7.744	4.124	9.103	3.66	12.65	14.54	13.4	19.55
4.863	4.357	10.55	7.494	8.797	22.72	7.922	3.04	9.924	5.37	7.365	6.002	3.475	2.674	3.482	3.875	11.28	7.595	12.28	7.556	4.928	5.342	5.741	8.83	5.209	8.332	8.525	11.34	8.44	11.23	6.297	7.544	8.498	9.973	9.106	16.47	7.773	14.01	2.719	6.412	3.35	4.322	2.308	9.885	7.513	5.396	3.991	14.1	10.79	9.384	8.027	10.88	8.141	8.852	1.885	6.433	3.581	6.222	4.205	11.03	11.93	6.395	5.922	6.807	10.13	2.497	8.515	3.581	6.289	7.942	2.933	12.46	7.741	3.308	5.119	6.442	14.24	4.691	4.152	8.399	8.858	11.95	8.749	16.35	6.317	9.249	9.409	8.623	10.27	9.647	4.993	15.76	7.685	4.135	9.021	3.608	12.52	14.39	13.29	19.33
4.802	4.342	10.46	7.429	8.703	22.47	7.833	3.047	9.83	5.354	7.312	5.953	3.456	2.658	3.455	3.833	11.21	7.496	12.16	7.488	4.891	5.315	5.703	8.748	5.167	8.269	8.465	11.26	8.378	11.12	6.243	7.49	8.436	9.882	9.004	16.3	7.701	13.87	2.728	6.368	3.341	4.3	2.279	9.8	7.462	5.338	3.901	13.95	10.7	9.307	7.974	10.77	8.087	8.776	1.838	6.404	3.56	6.151	4.204	10.92	11.81	6.338	5.891	6.778	10.02	2.511	8.43	3.56	6.24	7.882	2.898	12.35	7.662	3.312	5.1	6.393	14.1	4.665	4.129	8.338	8.794	11.82	8.673	16.16	6.24	9.166	9.35	8.556	10.17	9.586	4.992	15.57	7.626	4.147	8.939	3.556	12.39	14.25	13.18	19.11
4.74	4.328	10.36	7.364	8.61	22.22	7.744	3.054	9.737	5.338	7.259	5.905	3.437	2.642	3.428	3.791	11.13	7.396	12.04	7.42	4.855	5.288	5.664	8.665	5.124	8.207	8.406	11.18	8.315	11	6.188	7.436	8.374	9.79	8.901	16.12	7.628	13.73	2.736	6.323	3.333	4.278	2.25	9.714	7.412	5.281	3.81	13.8	10.61	9.23	7.921	10.66	8.032	8.699	1.791	6.376	3.539	6.079	4.202	10.81	11.69	6.282	5.859	6.749	9.917	2.524	8.344	3.539	6.192	7.821	2.863	12.25	7.584	3.316	5.081	6.343	13.96	4.638	4.107	8.278	8.73	11.69	8.597	15.98	6.162	9.083	9.29	8.489	10.06	9.525	4.991	15.39	7.567	4.158	8.857	3.504	12.25	14.1	13.07	18.89
4.679	4.313	10.27	7.299	8.517	21.96	7.655	3.062	9.643	5.322	7.206	5.856	3.417	2.627	3.401	3.75	11.05	7.297	11.92	7.352	4.818	5.261	5.625	8.583	5.082	8.144	8.347	11.1	8.253	10.88	6.134	7.382	8.313	9.699	8.799	15.95	7.555	13.59	2.745	6.279	3.324	4.255	2.221	9.628	7.362	5.223	3.72	13.65	10.52	9.153	7.868	10.54	7.978	8.623	1.744	6.348	3.519	6.008	4.201	10.7	11.56	6.226	5.828	6.72	9.81	2.537	8.259	3.518	6.143	7.761	2.829	12.14	7.505	3.32	5.062	6.294	13.82	4.612	4.085	8.217	8.666	11.56	8.521	15.79	6.084	8.999	9.23	8.423	9.961	9.464	4.99	15.2	7.509	4.17	8.774	3.452	12.12	13.96	12.96	18.67
4.617	4.298	10.17	7.234	8.423	21.71	7.566	3.069	9.549	5.305	7.152	5.808	3.398	2.611	3.375	3.708	10.98	7.197	11.8	7.285	4.781	5.234	5.587	8.5	5.04	8.081	8.288	11.02	8.191	10.76	6.079	7.328	8.251	9.607	8.697	15.78	7.483	13.45	2.754	6.235	3.315	4.233	2.193	9.542	7.312	5.166	3.629	13.51	10.43	9.076	7.815	10.43	7.924	8.547	1.696	6.319	3.498	5.937	4.199	10.59	11.44	6.17	5.796	6.691	9.703	2.55	8.173	3.497	6.095	7.701	2.794	12.04	7.427	3.324	5.043	6.245	13.68	4.586	4.063	8.156	8.602	11.43	8.445	15.61	6.007	8.916	9.171	8.356	9.859	9.403	4.99	15.02	7.45	4.181	8.692	3.4	11.99	13.81	12.85	18.45
4.555	4.284	10.08	7.169	8.33	21.46	7.477	3.076	9.455	5.289	7.099	5.76	3.379	2.595	3.348	3.666	10.9	7.098	11.68	7.217	4.745	5.207	5.548	8.418	4.997	8.019	8.228	10.94	8.128	10.64	6.024	7.274	8.189	9.516	8.594	15.6	7.41	13.31	2.762	6.191	3.306	4.211	2.164	9.457	7.261	5.109	3.539	13.36	10.34	8.999	7.762	10.32	7.869	8.471	1.649	6.291	3.477	5.866	4.198	10.48	11.31	6.113	5.765	6.663	9.596	2.564	8.088	3.476	6.046	7.64	2.759	11.93	7.349	3.328	5.025	6.196	13.54	4.559	4.04	8.096	8.537	11.3	8.369	15.43	5.929	8.833	9.111	8.289	9.757	9.342	4.989	14.83	7.391	4.193	8.61	3.348	11.86	13.66	12.74	18.23
4.494	4.269	9.982	7.104	8.237	21.21	7.388	3.084	9.361	5.273	7.046	5.711	3.36	2.579	3.321	3.624	10.82	6.998	11.56	7.149	4.708	5.18	5.51	8.335	4.955	7.956	8.169	10.86	8.066	10.52	5.97	7.22	8.127	9.425	8.492	15.43	7.337	13.17	2.771	6.147	3.297	4.188	2.135	9.371	7.211	5.051	3.448	13.21	10.25	8.922	7.709	10.2	7.815	8.395	1.602	6.262	3.456	5.795	4.197	10.37	11.19	6.057	5.733	6.634	9.488	2.577	8.003	3.454	5.998	7.58	2.725	11.83	7.27	3.332	5.006	6.147	13.4	4.533	4.018	8.035	8.473	11.16	8.293	15.24	5.852	8.75	9.052	8.223	9.654	9.28	4.988	14.65	7.332	4.204	8.528	3.296	11.73	13.52	12.63	18
4.432	4.255	9.888	7.039	8.144	20.96	7.3	3.091	9.267	5.257	6.993	5.663	3.341	2.563	3.295	3.582	10.75	6.899	11.44	7.081	4.671	5.153	5.471	8.252	4.913	7.894	8.11	10.77	8.003	10.4	5.915	7.166	8.065	9.333	8.39	15.26	7.265	13.03	2.779	6.102	3.288	4.166	2.106	9.285	7.161	4.994	3.358	13.06	10.16	8.845	7.656	10.09	7.761	8.319	1.555	6.234	3.435	5.724	4.195	10.26	11.07	6.001	5.701	6.605	9.381	2.59	7.917	3.433	5.95	7.52	2.69	11.72	7.192	3.336	4.987	6.098	13.26	4.507	3.996	7.975	8.409	11.03	8.217	15.06	5.774	8.667	8.992	8.156	9.552	9.219	4.987	14.46	7.274	4.216	8.446	3.244	11.6	13.37	12.52	17.78
4.371	4.24	9.793	6.974	8.05	20.71	7.211	3.098	9.173	5.241	6.94	5.614	3.322	2.547	3.268	3.54	10.67	6.799	11.31	7.014	4.635	5.126	5.432	8.17	4.87	7.831	8.05	10.69	7.941	10.29	5.861	7.112	8.003	9.242	8.287	15.09	7.192	12.89	2.788	6.058	3.28	4.144	2.077	9.199	7.11	4.936	3.268	12.91	10.07	8.768	7.602	9.976	7.706	8.243	1.508	6.206	3.415	5.653	4.194	10.15	10.94	5.945	5.67	6.576	9.274	2.603	7.832	3.412	5.901	7.46	2.655	11.62	7.113	3.34	4.968	6.048	13.12	4.48	3.973	7.914	8.345	10.9	8.141	14.88	5.696	8.583	8.933	8.089	9.45	9.158	4.986	14.28	7.215	4.227	8.364	3.192	11.47	13.23	12.41	17.56
4.309	4.226	9.698	6.91	7.957	20.46	7.122	3.105	9.079	5.224	6.887	5.566	3.303	2.531	3.241	3.498	10.6	6.7	11.19	6.946	4.598	5.099	5.394	8.087	4.828	7.769	7.991	10.61	7.879	10.17	5.806	7.058	7.941	9.15	8.185	14.91	7.119	12.75	2.796	6.014	3.271	4.121	2.048	9.114	7.06	4.879	3.177	12.77	9.98	8.691	7.549	9.862	7.652	8.167	1.461	6.177	3.394	5.581	4.192	10.04	10.82	5.889	5.638	6.547	9.167	2.616	7.746	3.391	5.853	7.399	2.621	11.51	7.035	3.343	4.949	5.999	12.99	4.454	3.951	7.854	8.281	10.77	8.065	14.69	5.619	8.5	8.873	8.023	9.348	9.097	4.985	14.09	7.156	4.239	8.282	3.14	11.34	13.08	12.3	17.34
4.248	4.211	9.603	6.845	7.864	20.21	7.033	3.113	8.985	5.208	6.834	5.517	3.283	2.515	3.215	3.456	10.52	6.6	11.07	6.878	4.561	5.072	5.355	8.005	4.785	7.706	7.932	10.53	7.816	10.05	5.752	7.004	7.879	9.059	8.083	14.74	7.047	12.61	2.805	5.97	3.262	4.099	2.02	9.028	7.01	4.821	3.087	12.62	9.891	8.614	7.496	9.749	7.598	8.091	1.414	6.149	3.373	5.51	4.191	9.932	10.7	5.832	5.607	6.519	9.059	2.63	7.661	3.37	5.804	7.339	2.586	11.41	6.956	3.347	4.93	5.95	12.85	4.428	3.929	7.793	8.217	10.64	7.989	14.51	5.541	8.417	8.813	7.956	9.245	9.036	4.985	13.91	7.097	4.25	8.2	3.088	11.2	12.94	12.19	17.12
4.186	4.197	9.508	6.78	7.77	19.96	6.944	3.12	8.891	5.192	6.781	5.469	3.264	2.499	3.188	3.415	10.44	6.501	10.95	6.811	4.525	5.046	5.317	7.922	4.743	7.643	7.873	10.45	7.754	9.929	5.697	6.95	7.818	8.967	7.98	14.57	6.974	12.47	2.814	5.925	3.253	4.077	1.991	8.942	6.96	4.764	2.996	12.47	9.801	8.537	7.443	9.636	7.543	8.015	1.367	6.12	3.352	5.439	4.189	9.822	10.57	5.776	5.575	6.49	8.952	2.643	7.575	3.349	5.756	7.279	2.552	11.3	6.878	3.351	4.911	5.901	12.71	4.401	3.907	7.733	8.153	10.5	7.913	14.32	5.463	8.334	8.754	7.89	9.143	8.975	4.984	13.72	7.039	4.262	8.117	3.037	11.07	12.79	12.08	16.9
4.124	4.182	9.413	6.715	7.677	19.71	6.855	3.127	8.797	5.176	6.728	5.42	3.245	2.483	3.161	3.373	10.37	6.401	10.83	6.743	4.488	5.019	5.278	7.84	4.701	7.581	7.813	10.37	7.691	9.811	5.643	6.896	7.756	8.876	7.878	14.39	6.901	12.33	2.822	5.881	3.244	4.054	1.962	8.856	6.909	4.706	2.906	12.32	9.712	8.46	7.39	9.523	7.489	7.939	1.32	6.092	3.331	5.368	4.188	9.712	10.45	5.72	5.544	6.461	8.845	2.656	7.49	3.328	5.707	7.218	2.517	11.2	6.799	3.355	4.892	5.852	12.57	4.375	3.884	7.672	8.089	10.37	7.837	14.14	5.386	8.251	8.694	7.823	9.041	8.914	4.983	13.54	6.98	4.273	8.035	2.985	10.94	12.65	11.97	16.68
4.063	4.167	9.318	6.65	7.584	19.45	6.766	3.135	8.703	5.16	6.675	5.372	3.226	2.468	3.135	3.331	10.29	6.302	10.71	6.675	4.451	4.992	5.24	7.757	4.658	7.518	7.754	10.29	7.629	9.692	5.588	6.842	7.694	8.784	7.776	14.22	6.829	12.19	2.831	5.837	3.235	4.032	1.933	8.77	6.859	4.649	2.815	12.17	9.622	8.383	7.337	9.409	7.435	7.863	1.273	6.064	3.31	5.297	4.186	9.603	10.33	5.664	5.512	6.432	8.738	2.669	7.405	3.307	5.659	7.158	2.482	11.09	6.721	3.359	4.873	5.803	12.43	4.349	3.862	7.612	8.025	10.24	7.761	13.96	5.308	8.167	8.635	7.756	8.939	8.853	4.982	13.35	6.921	4.285	7.953	2.933	10.81	12.5	11.86	16.46
4.001	4.153	9.223	6.585	7.491	19.2	6.677	3.142	8.609	5.144	6.622	5.324	3.207	2.452	3.108	3.289	10.21	6.202	10.59	6.607	4.415	4.965	5.201	7.674	4.616	7.456	7.695	10.21	7.567	9.573	5.534	6.788	7.632	8.693	7.673	14.05	6.756	12.05	2.839	5.793	3.227	4.01	1.904	8.685	6.809	4.591	2.725	12.03	9.532	8.306	7.284	9.296	7.38	7.787	1.225	6.035	3.29	5.226	4.185	9.493	10.2	5.608	5.481	6.403	8.631	2.682	7.319	3.286	5.61	7.098	2.448	10.99	6.642	3.363	4.855	5.753	12.29	4.322	3.84	7.551	7.961	10.11	7.685	13.77	5.231	8.084	8.575	7.69	8.836	8.792	4.981	13.17	6.862	4.296	7.871	2.881	10.68	12.36	11.75	16.24
3.94	4.138	9.128	6.52	7.397	18.95	6.588	3.149	8.515	5.127	6.569	5.275	3.188	2.436	3.081	3.247	10.14	6.103	10.47	6.54	4.378	4.938	5.162	7.592	4.574	7.393	7.635	10.13	7.504	9.455	5.479	6.734	7.57	8.601	7.571	13.88	6.684	11.91	2.848	5.749	3.218	3.987	1.875	8.599	6.758	4.534	2.635	11.88	9.443	8.229	7.231	9.183	7.326	7.71	1.178	6.007	3.269	5.154	4.183	9.383	10.08	5.551	5.449	6.374	8.523	2.696	7.234	3.264	5.562	7.038	2.413	10.88	6.564	3.367	4.836	5.704	12.15	4.296	3.818	7.491	7.897	9.977	7.61	13.59	5.153	8.001	8.516	7.623	8.734	8.731	4.98	12.98	6.804	4.308	7.789	2.829	10.55	12.21	11.64	16.02
3.878	4.124	9.033	6.455	7.304	18.7	6.499	3.156	8.421	5.111	6.515	5.227	3.169	2.42	3.055	3.205	10.06	6.003	10.35	6.472	4.342	4.911	5.124	7.509	4.531	7.331	7.576	10.05	7.442	9.336	5.425	6.68	7.508	8.51	7.469	13.7	6.611	11.77	2.857	5.704	3.209	3.965	1.847	8.513	6.708	4.476	2.544	11.73	9.353	8.153	7.178	9.07	7.272	7.634	1.131	5.979	3.248	5.083	4.182	9.273	9.954	5.495	5.417	6.346	8.416	2.709	7.148	3.243	5.513	6.977	2.378	10.78	6.486	3.371	4.817	5.655	12.01	4.27	3.795	7.43	7.833	9.845	7.534	13.4	5.075	7.918	8.456	7.556	8.632	8.67	4.98	12.8	6.745	4.319	7.707	2.777	10.42	12.07	11.53	15.79
3.817	4.109	8.938	6.39	7.211	18.45	6.41	3.164	8.327	5.095	6.462	5.178	3.149	2.404	3.028	3.163	9.986	5.904	10.23	6.404	4.305	4.884	5.085	7.427	4.489	7.268	7.517	9.964	7.379	9.218	5.37	6.625	7.446	8.418	7.366	13.53	6.538	11.63	2.865	5.66	3.2	3.942	1.818	8.427	6.658	4.419	2.454	11.58	9.263	8.076	7.125	8.956	7.217	7.558	1.084	5.95	3.227	5.012	4.18	9.163	9.831	5.439	5.386	6.317	8.309	2.722	7.063	3.222	5.465	6.917	2.344	10.67	6.407	3.375	4.798	5.606	11.87	4.243	3.773	7.37	7.769	9.713	7.458	13.22	4.998	7.835	8.397	7.49	8.529	8.608	4.979	12.61	6.686	4.331	7.625	2.725	10.29	11.92	11.42	15.57
3.755	4.095	8.844	6.325	7.118	18.2	6.321	3.171	8.234	5.079	6.409	5.13	3.13	2.388	3.001	3.122	9.91	5.804	10.11	6.336	4.268	4.857	5.047	7.344	4.447	7.205	7.458	9.883	7.317	9.099	5.316	6.571	7.384	8.327	7.264	13.36	6.466	11.49	2.874	5.616	3.191	3.92	1.789	8.342	6.608	4.361	2.363	11.43	9.174	7.999	7.072	8.843	7.163	7.482	1.037	5.922	3.206	4.941	4.179	9.054	9.707	5.383	5.354	6.288	8.202	2.735	6.977	3.201	5.416	6.857	2.309	10.57	6.329	3.378	4.779	5.557	11.73	4.217	3.751	7.309	7.704	9.581	7.382	13.04	4.92	7.751	8.337	7.423	8.427	8.547	4.978	12.43	6.627	4.342	7.543	2.673	10.15	11.78	11.31	15.35
3.693	4.08	8.749	6.26	7.024	17.95	6.232	3.178	8.14	5.063	6.356	5.081	3.111	2.372	2.975	3.08	9.833	5.705	9.992	6.269	4.232	4.83	5.008	7.262	4.404	7.143	7.398	9.802	7.254	8.98	5.261	6.517	7.323	8.236	7.161	13.18	6.393	11.35	2.882	5.572	3.182	3.898	1.76	8.256	6.557	4.304	2.273	11.29	9.084	7.922	7.018	8.73	7.109	7.406	0.9899	5.893	3.185	4.87	4.177	8.944	9.583	5.327	5.323	6.259	8.094	2.749	6.892	3.18	5.368	6.797	2.275	10.46	6.25	3.382	4.76	5.508	11.59	4.191	3.728	7.249	7.64	9.449	7.306	12.85	4.843	7.668	8.277	7.356	8.325	8.486	4.977	12.24	6.569	4.354	7.46	2.621	10.02	11.63	11.2	15.13
3.632	4.065	8.654	6.195	6.931	17.7	6.143	3.186	8.046	5.047	6.303	5.033	3.092	2.356	2.948	3.038	9.757	5.605	9.872	6.201	4.195	4.803	4.969	7.179	4.362	7.08	7.339	9.721	7.192	8.862	5.207	6.463	7.261	8.144	7.059	13.01	6.32	11.21	2.891	5.527	3.174	3.875	1.731	8.17	6.507	4.246	2.182	11.14	8.994	7.845	6.965	8.616	7.054	7.33	0.9428	5.865	3.165	4.799	4.176	8.834	9.46	5.27	5.291	6.23	7.987	2.762	6.806	3.159	5.32	6.736	2.24	10.36	6.172	3.386	4.741	5.458	11.45	4.164	3.706	7.188	7.576	9.317	7.23	12.67	4.765	7.585	8.218	7.29	8.223	8.425	4.976	12.06	6.51	4.365	7.378	2.569	9.892	11.49	11.09	14.91
3.57	4.051	8.559	6.13	6.838	17.45	6.054	3.193	7.952	5.03	6.25	4.984	3.073	2.34	2.921	2.996	9.681	5.505	9.751	6.133	4.158	4.776	4.931	7.096	4.32	7.018	7.28	9.64	7.13	8.743	5.152	6.409	7.199	8.053	6.957	12.84	6.248	11.07	2.899	5.483	3.165	3.853	1.702	8.084	6.457	4.189	2.092	10.99	8.905	7.768	6.912	8.503	7	7.254	0.8957	5.837	3.144	4.727	4.174	8.724	9.336	5.214	5.26	6.202	7.88	2.775	6.721	3.138	5.271	6.676	2.205	10.25	6.093	3.39	4.722	5.409	11.31	4.138	3.684	7.128	7.512	9.185	7.154	12.48	4.687	7.502	8.158	7.223	8.12	8.364	4.975	11.87	6.451	4.377	7.296	2.517	9.761	11.34	10.98	14.69
3.509	4.036	8.464	6.065	6.744	17.19	5.966	3.2	7.858	5.014	6.197	4.936	3.054	2.325	2.895	2.954	9.604	5.406	9.631	6.066	4.122	4.749	4.892	7.014	4.277	6.955	7.221	9.559	7.067	8.624	5.097	6.355	7.137	7.961	6.854	12.66	6.175	10.93	2.908	5.439	3.156	3.831	1.673	7.999	6.406	4.131	2.001	10.84	8.815	7.691	6.859	8.39	6.946	7.178	0.8486	5.808	3.123	4.656	4.173	8.614	9.212	5.158	5.228	6.173	7.773	2.788	6.636	3.117	5.223	6.616	2.171	10.15	6.015	3.394	4.703	5.36	11.17	4.112	3.662	7.067	7.448	9.054	7.078	12.3	4.61	7.418	8.099	7.156	8.018	8.303	4.975	11.69	6.392	4.388	7.214	2.465	9.63	11.2	10.87	14.47
3.447	4.022	8.369	6	6.651	16.94	5.877	3.207	7.764	4.998	6.144	4.887	3.035	2.309	2.868	2.912	9.528	5.306	9.511	5.998	4.085	4.722	4.854	6.931	4.235	6.893	7.161	9.478	7.005	8.506	5.043	6.301	7.075	7.87	6.752	12.49	6.102	10.79	2.917	5.395	3.147	3.808	1.645	7.913	6.356	4.074	1.911	10.69	8.725	7.614	6.806	8.277	6.891	7.102	0.8015	5.78	3.102	4.585	4.171	8.504	9.089	5.102	5.196	6.144	7.665	2.801	6.55	3.095	5.174	6.555	2.136	10.04	5.936	3.398	4.685	5.311	11.03	4.085	3.639	7.007	7.384	8.922	7.002	12.12	4.532	7.335	8.039	7.09	7.916	8.242	4.974	11.5	6.334	4.4	7.132	2.413	9.498	11.05	10.76	14.25
3.386	4.007	8.274	5.936	6.558	16.69	5.788	3.215	7.67	4.982	6.091	4.839	3.015	2.293	2.841	2.87	9.452	5.207	9.391	5.93	4.048	4.696	4.815	6.849	4.193	6.83	7.102	9.397	6.942	8.387	4.988	6.247	7.013	7.778	6.65	12.32	6.03	10.65	2.925	5.351	3.138	3.786	1.616	7.827	6.306	4.016	1.821	10.54	8.636	7.537	6.753	8.163	6.837	7.026	0.7544	5.751	3.081	4.514	4.17	8.395	8.965	5.045	5.165	6.115	7.558	2.815	6.465	3.074	5.126	6.495	2.101	9.937	5.858	3.402	4.666	5.262	10.9	4.059	3.617	6.946	7.32	8.79	6.926	11.93	4.455	7.252	7.98	7.023	7.813	8.181	4.973	11.32	6.275	4.411	7.05	2.362	9.367	10.91	10.65	14.03
3.324	3.993	8.179	5.871	6.465	16.44	5.699	3.222	7.576	4.966	6.038	4.791	2.996	2.277	2.815	2.828	9.376	5.107	9.27	5.862	4.012	4.669	4.776	6.766	4.15	6.768	7.043	9.316	6.88	8.269	4.934	6.193	6.951	7.687	6.547	12.15	5.957	10.51	2.934	5.306	3.129	3.764	1.587	7.741	6.256	3.959	1.73	10.4	8.546	7.46	6.7	8.05	6.783	6.95	0.7073	5.723	3.061	4.443	4.168	8.285	8.841	4.989	5.133	6.086	7.451	2.828	6.379	3.053	5.077	6.435	2.067	9.833	5.78	3.406	4.647	5.213	10.76	4.033	3.595	6.886	7.256	8.658	6.85	11.75	4.377	7.169	7.92	6.956	7.711	8.12	4.972	11.13	6.216	4.423	6.968	2.31	9.236	10.76	10.54	13.8
3.262	3.978	8.084	5.806	6.371	16.19	5.61	3.229	7.482	4.949	5.985	4.742	2.977	2.261	2.788	2.787	9.299	5.008	9.15	5.795	3.975	4.642	4.738	6.684	4.108	6.705	6.983	9.235	6.818	8.15	4.879	6.139	6.889	7.595	6.445	11.97	5.885	10.37	2.942	5.262	3.121	3.741	1.558	7.656	6.205	3.901	1.64	10.25	8.457	7.383	6.647	7.937	6.728	6.874	0.6602	5.695	3.04	4.372	4.167	8.175	8.718	4.933	5.102	6.058	7.344	2.841	6.294	3.032	5.029	6.375	2.032	9.728	5.701	3.41	4.628	5.163	10.62	4.006	3.573	6.825	7.192	8.526	6.774	11.56	4.299	7.086	7.86	6.89	7.609	8.059	4.971	10.95	6.157	4.434	6.885	2.258	9.105	10.62	10.43	13.58
3.201	3.963	7.989	5.741	6.278	15.94	5.521	3.237	7.388	4.933	5.931	4.694	2.958	2.245	2.761	2.745	9.223	4.908	9.03	5.727	3.938	4.615	4.699	6.601	4.066	6.642	6.924	9.154	6.755	8.031	4.825	6.085	6.828	7.504	6.343	11.8	5.812	10.23	2.951	5.218	3.112	3.719	1.529	7.57	6.155	3.844	1.549	10.1	8.367	7.306	6.594	7.823	6.674	6.798	0.6131	5.666	3.019	4.301	4.165	8.065	8.594	4.877	5.07	6.029	7.237	2.854	6.208	3.011	4.98	6.314	1.998	9.623	5.623	3.413	4.609	5.114	10.48	3.98	3.55	6.765	7.128	8.394	6.698	11.38	4.222	7.002	7.801	6.823	7.507	7.998	4.97	10.76	6.099	4.446	6.803	2.206	8.973	10.47	10.32	13.36
3.139	3.949	7.895	5.676	6.185	15.69	5.432	3.244	7.294	4.917	5.878	4.645	2.939	2.229	2.735	2.703	9.147	4.809	8.91	5.659	3.902	4.588	4.661	6.519	4.023	6.58	6.865	9.073	6.693	7.913	4.77	6.031	6.766	7.412	6.24	11.63	5.739	10.09	2.96	5.174	3.103	3.697	1.5	7.484	6.105	3.786	1.459	9.953	8.277	7.229	6.541	7.71	6.62	6.721	0.5659	5.638	2.998	4.229	4.164	7.955	8.47	4.821	5.039	6	7.129	2.868	6.123	2.99	4.932	6.254	1.963	9.518	5.544	3.417	4.59	5.065	10.34	3.954	3.528	6.704	7.064	8.262	6.622	11.2	4.144	6.919	7.741	6.757	7.404	7.936	4.969	10.58	6.04	4.457	6.721	2.154	8.842	10.33	10.21	13.14
3.078	3.934	7.8	5.611	6.091	15.44	5.343	3.251	7.2	4.901	5.825	4.597	2.92	2.213	2.708	2.661	9.071	4.709	8.789	5.592	3.865	4.561	4.622	6.436	3.981	6.517	6.806	8.992	6.63	7.794	4.716	5.977	6.704	7.321	6.138	11.45	5.667	9.95	2.968	5.129	3.094	3.674	1.472	7.398	6.054	3.729	1.368	9.805	8.188	7.152	6.488	7.597	6.565	6.645	0.5188	5.61	2.977	4.158	4.162	7.846	8.347	4.764	5.007	5.971	7.022	2.881	6.038	2.969	4.883	6.194	1.928	9.413	5.466	3.421	4.571	5.016	10.2	3.927	3.506	6.644	7	8.13	6.546	11.01	4.067	6.836	7.682	6.69	7.302	7.875	4.969	10.39	5.981	4.469	6.639	2.102	8.711	10.18	10.1	12.92
3.016	3.92	7.705	5.546	5.998	15.19	5.254	3.258	7.106	4.885	5.772	4.548	2.901	2.197	2.681	2.619	8.994	4.61	8.669	5.524	3.829	4.534	4.584	6.353	3.939	6.455	6.746	8.911	6.568	7.675	4.661	5.923	6.642	7.23	6.036	11.28	5.594	9.81	2.977	5.085	3.085	3.652	1.443	7.312	6.004	3.671	1.278	9.657	8.098	7.075	6.434	7.484	6.511	6.569	0.4717	5.581	2.956	4.087	4.161	7.736	8.223	4.708	4.976	5.942	6.915	2.894	5.952	2.948	4.835	6.133	1.894	9.308	5.387	3.425	4.552	4.967	10.06	3.901	3.483	6.583	6.936	7.999	6.47	10.83	3.989	6.753	7.622	6.623	7.2	7.814	4.968	10.21	5.922	4.48	6.557	2.05	8.58	10.03	9.993	12.7
2.954	3.905	7.61	5.481	5.905	14.93	5.165	3.266	7.012	4.869	5.719	4.5	2.881	2.181	2.655	2.577	8.918	4.51	8.549	5.456	3.792	4.507	4.545	6.271	3.896	6.392	6.687	8.83	6.506	7.557	4.607	5.869	6.58	7.138	5.933	11.11	5.521	9.669	2.985	5.041	3.076	3.63	1.414	7.227	5.954	3.614	1.188	9.509	8.008	6.998	6.381	7.37	6.457	6.493	0.4246	5.553	2.936	4.016	4.159	7.626	8.099	4.652	4.944	5.913	6.808	2.907	5.867	2.926	4.786	6.073	1.859	9.203	5.309	3.429	4.533	4.918	9.92	3.875	3.461	6.523	6.871	7.867	6.394	10.64	3.911	6.67	7.563	6.557	7.098	7.753	4.967	10.02	5.864	4.492	6.475	1.998	8.448	9.89	9.884	12.48
2.893	3.891	7.515	5.416	5.812	14.68	5.076	3.273	6.918	4.852	5.666	4.451	2.862	2.166	2.628	2.535	8.842	4.411	8.429	5.388	3.755	4.48	4.506	6.188	3.854	6.33	6.628	8.749	6.443	7.438	4.552	5.815	6.518	7.047	5.831	10.94	5.449	9.529	2.994	4.997	3.068	3.607	1.385	7.141	5.904	3.556	1.097	9.361	7.919	6.921	6.328	7.257	6.402	6.417	0.3775	5.524	2.915	3.945	4.158	7.516	7.976	4.596	4.912	5.885	6.7	2.92	5.781	2.905	4.738	6.013	1.824	9.098	5.23	3.433	4.515	4.868	9.78	3.848	3.439	6.462	6.807	7.735	6.318	10.46	3.834	6.586	7.503	6.49	6.995	7.692	4.966	9.838	5.805	4.503	6.393	1.946	8.317	9.744	9.774	12.26
2.831	3.876	7.42	5.351	5.718	14.43	4.987	3.28	6.824	4.836	5.613	4.403	2.843	2.15	2.601	2.493	8.765	4.311	8.308	5.321	3.719	4.453	4.468	6.106	3.812	6.267	6.569	8.668	6.381	7.319	4.498	5.761	6.456	6.955	5.729	10.76	5.376	9.389	3.002	4.953	3.059	3.585	1.356	7.055	5.853	3.499	1.007	9.213	7.829	6.844	6.275	7.144	6.348	6.341	0.3304	5.496	2.894	3.874	4.156	7.406	7.852	4.54	4.881	5.856	6.593	2.934	5.696	2.884	4.69	5.953	1.79	8.993	5.152	3.437	4.496	4.819	9.641	3.822	3.417	6.402	6.743	7.603	6.242	10.28	3.756	6.503	7.444	6.423	6.893	7.631	4.965	9.653	5.746	4.515	6.311	1.894	8.186	9.599	9.664	12.04
2.77	3.862	7.325	5.286	5.625	14.18	4.898	3.288	6.73	4.82	5.56	4.355	2.824	2.134	2.575	2.452	8.689	4.212	8.188	5.253	3.682	4.426	4.429	6.023	3.769	6.204	6.509	8.587	6.318	7.201	4.443	5.707	6.394	6.864	5.626	10.59	5.303	9.249	3.011	4.908	3.05	3.563	1.327	6.969	5.803	3.441	0.9163	9.065	7.739	6.767	6.222	7.031	6.294	6.265	0.2833	5.468	2.873	3.802	4.155	7.297	7.728	4.483	4.849	5.827	6.486	2.947	5.61	2.863	4.641	5.892	1.755	8.888	5.073	3.441	4.477	4.77	9.502	3.796	3.394	6.341	6.679	7.471	6.166	10.09	3.679	6.42	7.384	6.357	6.791	7.57	4.964	9.467	5.687	4.526	6.228	1.842	8.055	9.454	9.554	11.81
2.708	3.847	7.23	5.221	5.532	13.93	4.809	3.295	6.637	4.804	5.507	4.306	2.805	2.118	2.548	2.41	8.613	4.112	8.068	5.185	3.645	4.399	4.391	5.941	3.727	6.142	6.45	8.506	6.256	7.082	4.389	5.653	6.333	6.772	5.524	10.42	5.231	9.109	3.02	4.864	3.041	3.54	1.299	6.884	5.753	3.384	0.8259	8.917	7.65	6.69	6.169	6.917	6.239	6.189	0.2362	5.439	2.852	3.731	4.153	7.187	7.605	4.427	4.818	5.798	6.379	2.96	5.525	2.842	4.593	5.832	1.721	8.784	4.995	3.445	4.458	4.721	9.362	3.769	3.372	6.281	6.615	7.339	6.09	9.908	3.601	6.337	7.324	6.29	6.688	7.509	4.964	9.282	5.629	4.538	6.146	1.79	7.923	9.309	9.444	11.59
2.647	3.832	7.135	5.156	5.438	13.68	4.721	3.302	6.543	4.788	5.454	4.258	2.786	2.102	2.521	2.368	8.537	4.013	7.947	5.117	3.609	4.372	4.352	5.858	3.684	6.079	6.391	8.425	6.194	6.964	4.334	5.599	6.271	6.681	5.422	10.24	5.158	8.969	3.028	4.82	3.032	3.518	1.27	6.798	5.702	3.326	0.7354	8.769	7.56	6.613	6.116	6.804	6.185	6.113	0.1891	5.411	2.831	3.66	4.152	7.077	7.481	4.371	4.786	5.769	6.271	2.973	5.44	2.821	4.544	5.772	1.686	8.679	4.917	3.448	4.439	4.672	9.223	3.743	3.35	6.22	6.551	7.207	6.014	9.724	3.523	6.254	7.265	6.223	6.586	7.448	4.963	9.097	5.57	4.549	6.064	1.739	7.792	9.164	9.335	11.37
2.585	3.818	7.04	5.091	5.345	13.43	4.632	3.309	6.449	4.771	5.401	4.209	2.767	2.086	2.495	2.326	8.46	3.913	7.827	5.05	3.572	4.346	4.313	5.775	3.642	6.017	6.331	8.344	6.131	6.845	4.28	5.545	6.209	6.589	5.319	10.07	5.085	8.829	3.037	4.776	3.023	3.496	1.241	6.712	5.652	3.269	0.645	8.62	7.47	6.536	6.063	6.691	6.131	6.037	0.142	5.382	2.811	3.589	4.15	6.967	7.357	4.315	4.755	5.741	6.164	2.986	5.354	2.8	4.496	5.712	1.651	8.574	4.838	3.452	4.42	4.623	9.084	3.717	3.328	6.16	6.487	7.076	5.938	9.54	3.446	6.17	7.205	6.157	6.484	7.387	4.962	8.912	5.511	4.561	5.982	1.687	7.661	9.019	9.225	11.15
2.523	3.803	6.946	5.026	5.252	13.18	4.543	3.317	6.355	4.755	5.348	4.161	2.747	2.07	2.468	2.284	8.384	3.814	7.707	4.982	3.535	4.319	4.275	5.693	3.6	5.954	6.272	8.263	6.069	6.726	4.225	5.491	6.147	6.498	5.217	9.898	5.013	8.689	3.045	4.731	3.015	3.473	1.212	6.626	5.602	3.211	0.5546	8.472	7.381	6.459	6.01	6.577	6.076	5.961	0.09488	5.354	2.79	3.518	4.149	6.857	7.234	4.258	4.723	5.712	6.057	3	5.269	2.779	4.447	5.651	1.617	8.469	4.76	3.456	4.401	4.573	8.944	3.69	3.305	6.099	6.423	6.944	5.862	9.356	3.368	6.087	7.146	6.09	6.382	7.326	4.961	8.727	5.452	4.572	5.9	1.635	7.53	8.873	9.115	10.93
2.462	3.789	6.851	4.962	5.159	12.93	4.454	3.324	6.261	4.739	5.294	4.112	2.728	2.054	2.441	2.242	8.308	3.714	7.587	4.914	3.499	4.292	4.236	5.61	3.557	5.892	6.213	8.182	6.006	6.608	4.171	5.437	6.085	6.406	5.115	9.725	4.94	8.549	3.054	4.687	3.006	3.451	1.183	6.541	5.551	3.154	0.4641	8.324	7.291	6.382	5.957	6.464	6.022	5.885	0.04778	5.326	2.769	3.447	4.147	6.748	7.11	4.202	4.691	5.683	5.95	3.013	5.183	2.757	4.399	5.591	1.582	8.364	4.681	3.46	4.382	4.524	8.805	3.664	3.283	6.039	6.359	6.812	5.787	9.172	3.291	6.004	7.086	6.023	6.279	7.264	4.96	8.542	5.394	4.584	5.818	1.583	7.398	8.728	9.005	10.71
2.4	3.774	6.756	4.897	5.065	12.68	4.365	3.331	6.167	4.723	5.241	4.064	2.709	2.038	2.415	2.2	8.231	3.615	7.466	4.847	3.462	4.265	4.198	5.528	3.515	5.829	6.154	8.101	5.944	6.489	4.116	5.383	6.023	6.315	5.012	9.552	4.868	8.409	3.063	4.643	2.997	3.429	1.154	6.455	5.501	3.096	0.3737	8.176	7.202	6.305	5.904	6.351	5.968	5.809	0.0006712	5.297	2.748	3.375	4.146	6.638	6.986	4.146	4.66	5.654	5.843	3.026	5.098	2.736	4.35	5.531	1.547	8.259	4.603	3.464	4.364	4.475	8.666	3.638	3.261	5.978	6.295	6.68	5.711	8.988	3.213	5.921	7.027	5.957	6.177	7.203	4.959	8.357	5.335	4.595	5.736	1.531	7.267	8.583	8.895	10.49
2.339	3.76	6.661	4.832	4.972	12.42	4.276	3.339	6.073	4.707	5.188	4.015	2.69	2.023	2.388	2.159	8.155	3.515	7.346	4.779	3.425	4.238	4.159	5.445	3.473	5.767	6.094	8.02	5.882	6.37	4.061	5.328	5.961	6.224	4.91	9.379	4.795	8.269	3.071	4.599	2.988	3.406	1.126	6.369	5.451	3.039	0.2833	8.028	7.112	6.228	5.85	6.238	5.913	5.732	-0.04644	5.269	2.727	3.304	4.144	6.528	6.863	4.09	4.628	5.625	5.735	3.039	5.012	2.715	4.302	5.47	1.513	8.154	4.524	3.468	4.345	4.426	8.526	3.611	3.239	5.918	6.231	6.548	5.635	8.804	3.135	5.838	6.967	5.89	6.075	7.142	4.959	8.172	5.276	4.607	5.654	1.479	7.136	8.438	8.785	10.27
2.277	3.745	6.566	4.767	4.879	12.17	4.187	3.346	5.979	4.691	5.135	3.967	2.671	2.007	2.361	2.117	8.079	3.416	7.226	4.711	3.389	4.211	4.121	5.363	3.43	5.704	6.035	7.939	5.819	6.252	4.007	5.274	5.899	6.132	4.808	9.206	4.722	8.129	3.08	4.555	2.979	3.384	1.097	6.283	5.401	2.981	0.1928	7.88	7.022	6.151	5.797	6.124	5.859	5.656	-0.09354	5.24	2.707	3.233	4.143	6.418	6.739	4.034	4.597	5.596	5.628	3.053	4.927	2.694	4.253	5.41	1.478	8.049	4.446	3.472	4.326	4.377	8.387	3.585	3.216	5.857	6.167	6.416	5.559	8.62	3.058	5.754	6.908	5.823	5.973	7.081	4.958	7.987	5.217	4.618	5.571	1.427	7.005	8.293	8.676	10.05
2.216	3.73	6.471	4.702	4.785	11.92	4.098	3.353	5.885	4.674	5.082	3.918	2.652	1.991	2.335	2.075	8.003	3.316	7.106	4.643	3.352	4.184	4.082	5.28	3.388	5.641	5.976	7.858	5.757	6.133	3.952	5.22	5.838	6.041	4.705	9.033	4.65	7.989	3.088	4.51	2.97	3.362	1.068	6.197	5.35	2.924	0.1024	7.732	6.933	6.074	5.744	6.011	5.805	5.58	-0.1406	5.212	2.686	3.162	4.141	6.308	6.615	3.977	4.565	5.568	5.521	3.066	4.842	2.673	4.205	5.35	1.443	7.944	4.367	3.476	4.307	4.328	8.248	3.559	3.194	5.797	6.103	6.284	5.483	8.437	2.98	5.671	6.848	5.757	5.87	7.02	4.957	7.802	5.159	4.63	5.489	1.375	6.873	8.147	8.566	9.825
2.154	3.716	6.376	4.637	4.692	11.67	4.009	3.361	5.791	4.658	5.029	3.87	2.633	1.975	2.308	2.033	7.926	3.217	6.985	4.576	3.315	4.157	4.043	5.198	3.346	5.579	5.916	7.777	5.694	6.014	3.898	5.166	5.776	5.949	4.603	8.86	4.577	7.849	3.097	4.466	2.962	3.339	1.039	6.112	5.3	2.866	0.01197	7.584	6.843	5.997	5.691	5.898	5.75	5.504	-0.1878	5.184	2.665	3.091	4.14	6.199	6.491	3.921	4.534	5.539	5.414	3.079	4.756	2.652	4.156	5.29	1.409	7.84	4.289	3.48	4.288	4.278	8.108	3.532	3.172	5.736	6.039	6.152	5.407	8.253	2.902	5.588	6.788	5.69	5.768	6.959	4.956	7.617	5.1	4.641	5.407	1.323	6.742	8.002	8.456	9.604
2.092	3.701	6.281	4.572	4.599	11.42	3.92	3.368	5.697	4.642	4.976	3.822	2.613	1.959	2.281	1.991	7.85	3.117	6.865	4.508	3.279	4.13	4.005	5.115	3.303	5.516	5.857	7.696	5.632	5.896	3.843	5.112	5.714	5.858	4.501	8.687	4.504	7.709	3.105	4.422	2.953	3.317	1.01	6.026	5.25	2.809	-0.07847	7.436	6.753	5.92	5.638	5.784	5.696	5.428	-0.2349	5.155	2.644	3.02	4.138	6.089	6.368	3.865	4.502	5.51	5.306	3.092	4.671	2.631	4.108	5.229	1.374	7.735	4.21	3.483	4.269	4.229	7.969	3.506	3.149	5.676	5.974	6.021	5.331	8.069	2.825	5.505	6.729	5.623	5.666	6.898	4.955	7.432	5.041	4.653	5.325	1.271	6.611	7.857	8.346	9.383
2.031	3.687	6.186	4.507	4.506	11.17	3.831	3.375	5.603	4.626	4.923	3.773	2.594	1.943	2.254	1.949	7.774	3.018	6.745	4.44	3.242	4.103	3.966	5.032	3.261	5.454	5.798	7.615	5.57	5.777	3.789	5.058	5.652	5.766	4.398	8.514	4.432	7.569	3.114	4.378	2.944	3.295	0.9813	5.94	5.199	2.751	-0.1689	7.288	6.664	5.843	5.585	5.671	5.642	5.352	-0.282	5.127	2.623	2.949	4.137	5.979	6.244	3.809	4.47	5.481	5.199	3.105	4.585	2.61	4.06	5.169	1.34	7.63	4.132	3.487	4.25	4.18	7.83	3.48	3.127	5.615	5.91	5.889	5.255	7.885	2.747	5.421	6.669	5.557	5.563	6.837	4.954	7.247	4.982	4.664	5.243	1.219	6.48	7.712	8.236	9.162
1.969	3.672	6.091	4.442	4.412	10.92	3.742	3.382	5.509	4.61	4.87	3.725	2.575	1.927	2.228	1.907	7.697	2.918	6.624	4.372	3.206	4.076	3.928	4.95	3.219	5.391	5.739	7.534	5.507	5.659	3.734	5.004	5.59	5.675	4.296	8.342	4.359	7.429	3.123	4.333	2.935	3.272	0.9525	5.854	5.149	2.694	-0.2593	7.14	6.574	5.766	5.532	5.558	5.587	5.276	-0.3291	5.099	2.602	2.877	4.135	5.869	6.12	3.753	4.439	5.452	5.092	3.119	4.5	2.589	4.011	5.109	1.305	7.525	4.054	3.491	4.231	4.131	7.69	3.453	3.105	5.555	5.846	5.757	5.179	7.701	2.67	5.338	6.61	5.49	5.461	6.776	4.954	7.062	4.924	4.676	5.161	1.167	6.348	7.567	8.126	8.941
1.908	3.658	5.997	4.377	4.319	10.67	3.653	3.39	5.415	4.594	4.817	3.676	2.556	1.911	2.201	1.865	7.621	2.819	6.504	4.305	3.169	4.049	3.889	4.867	3.176	5.329	5.679	7.453	5.445	5.54	3.68	4.95	5.528	5.583	4.194	8.169	4.286	7.289	3.131	4.289	2.926	3.25	0.9236	5.769	5.099	2.636	-0.3498	6.992	6.484	5.689	5.479	5.445	5.533	5.2	-0.3762	5.07	2.582	2.806	4.134	5.759	5.997	3.696	4.407	5.424	4.985	3.132	4.414	2.567	3.963	5.048	1.27	7.42	3.975	3.495	4.212	4.082	7.551	3.427	3.083	5.494	5.782	5.625	5.103	7.517	2.592	5.255	6.55	5.424	5.359	6.715	4.953	6.877	4.865	4.687	5.079	1.115	6.217	7.421	8.017	8.72
1.846	3.643	5.902	4.312	4.226	10.42	3.564	3.397	5.321	4.577	4.764	3.628	2.537	1.895	2.174	1.824	7.545	2.719	6.384	4.237	3.132	4.022	3.85	4.785	3.134	5.266	5.62	7.372	5.382	5.421	3.625	4.896	5.466	5.492	4.091	7.996	4.214	7.149	3.14	4.245	2.917	3.227	0.8948	5.683	5.049	2.579	-0.4402	6.844	6.395	5.613	5.426	5.331	5.479	5.124	-0.4233	5.042	2.561	2.735	4.132	5.65	5.873	3.64	4.376	5.395	4.877	3.145	4.329	2.546	3.914	4.988	1.236	7.315	3.897	3.499	4.194	4.033	7.412	3.401	3.06	5.434	5.718	5.493	5.027	7.333	2.514	5.172	6.491	5.357	5.257	6.654	4.952	6.692	4.806	4.699	4.996	1.064	6.086	7.276	7.907	8.499
1.785	3.628	5.807	4.247	4.132	10.16	3.475	3.404	5.227	4.561	4.711	3.579	2.518	1.879	2.148	1.782	7.469	2.62	6.264	4.169	3.096	3.995	3.812	4.702	3.092	5.203	5.561	7.29	5.32	5.303	3.571	4.842	5.405	5.4	3.989	7.823	4.141	7.008	3.148	4.201	2.909	3.205	0.8659	5.597	4.998	2.521	-0.5306	6.696	6.305	5.536	5.373	5.218	5.424	5.048	-0.4704	5.013	2.54	2.664	4.131	5.54	5.749	3.584	4.344	5.366	4.77	3.158	4.244	2.525	3.866	4.928	1.201	7.21	3.818	3.503	4.175	3.983	7.272	3.374	3.038	5.373	5.654	5.361	4.951	7.149	2.437	5.089	6.431	5.29	5.154	6.592	4.951	6.507	4.747	4.71	4.914	1.012	5.955	7.131	7.797	8.277
1.723	3.614	5.712	4.182	4.039	9.914	3.387	3.412	5.133	4.545	4.657	3.531	2.498	1.864	2.121	1.74	7.392	2.52	6.143	4.102	3.059	3.969	3.773	4.62	3.049	5.141	5.502	7.209	5.258	5.184	3.516	4.788	5.343	5.309	3.886	7.65	4.069	6.868	3.157	4.157	2.9	3.183	0.8371	5.511	4.948	2.464	-0.6211	6.548	6.215	5.459	5.32	5.105	5.37	4.972	-0.5175	4.985	2.519	2.593	4.129	5.43	5.626	3.528	4.313	5.337	4.663	3.172	4.158	2.504	3.817	4.868	1.166	7.105	3.74	3.507	4.156	3.934	7.133	3.348	3.016	5.313	5.59	5.229	4.875	6.965	2.359	5.005	6.371	5.224	5.052	6.531	4.95	6.322	4.689	4.721	4.832	0.9597	5.823	6.986	7.687	8.056
1.661	3.599	5.617	4.117	3.946	9.663	3.298	3.419	5.04	4.529	4.604	3.482	2.479	1.848	2.094	1.698	7.316	2.421	6.023	4.034	3.022	3.942	3.735	4.537	3.007	5.078	5.442	7.128	5.195	5.065	3.462	4.734	5.281	5.218	3.784	7.477	3.996	6.728	3.166	4.112	2.891	3.16	0.8083	5.426	4.898	2.406	-0.7115	6.4	6.126	5.382	5.266	4.992	5.316	4.896	-0.5646	4.957	2.498	2.522	4.128	5.32	5.502	3.471	4.281	5.308	4.556	3.185	4.073	2.483	3.769	4.807	1.132	7	3.661	3.511	4.137	3.885	6.993	3.322	2.994	5.252	5.526	5.097	4.799	6.781	2.282	4.922	6.312	5.157	4.95	6.47	4.949	6.137	4.63	4.733	4.75	0.9078	5.692	6.841	7.577	7.835
1.6	3.585	5.522	4.053	3.853	9.412	3.209	3.426	4.946	4.513	4.551	3.434	2.46	1.832	2.068	1.656	7.24	2.321	5.903	3.966	2.986	3.915	3.696	4.454	2.965	5.016	5.383	7.047	5.133	4.947	3.407	4.68	5.219	5.126	3.682	7.304	3.923	6.588	3.174	4.068	2.882	3.138	0.7794	5.34	4.847	2.349	-0.8019	6.252	6.036	5.305	5.213	4.878	5.261	4.82	-0.6117	4.928	2.477	2.45	4.126	5.21	5.378	3.415	4.25	5.28	4.449	3.198	3.987	2.462	3.72	4.747	1.097	6.895	3.583	3.515	4.118	3.836	6.854	3.295	2.971	5.192	5.462	4.966	4.723	6.597	2.204	4.839	6.252	5.09	4.848	6.409	4.949	5.952	4.571	4.744	4.668	0.8559	5.561	6.695	7.468	7.614
1.538	3.57	5.427	3.988	3.759	9.161	3.12	3.433	4.852	4.496	4.498	3.386	2.441	1.816	2.041	1.614	7.163	2.222	5.783	3.898	2.949	3.888	3.657	4.372	2.922	4.953	5.324	6.966	5.07	4.828	3.353	4.626	5.157	5.035	3.579	7.131	3.851	6.448	3.183	4.024	2.873	3.116	0.7506	5.254	4.797	2.291	-0.8924	6.104	5.947	5.228	5.16	4.765	5.207	4.743	-0.6588	4.9	2.457	2.379	4.125	5.101	5.255	3.359	4.218	5.251	4.341	3.211	3.902	2.441	3.672	4.687	1.063	6.791	3.504	3.518	4.099	3.787	6.715	3.269	2.949	5.131	5.398	4.834	4.647	6.413	2.126	4.756	6.193	5.024	4.745	6.348	4.948	5.767	4.512	4.756	4.586	0.804	5.43	6.55	7.358	7.393
1.477	3.556	5.332	3.923	3.666	8.909	3.031	3.441	4.758	4.48	4.445	3.337	2.422	1.8	2.014	1.572	7.087	2.122	5.662	3.831	2.912	3.861	3.619	4.289	2.88	4.891	5.264	6.885	5.008	4.71	3.298	4.572	5.095	4.943	3.477	6.958	3.778	6.308	3.191	3.98	2.864	3.093	0.7217	5.168	4.747	2.234	-0.9828	5.956	5.857	5.151	5.107	4.652	5.153	4.667	-0.7059	4.871	2.436	2.308	4.123	4.991	5.131	3.303	4.186	5.222	4.234	3.224	3.816	2.42	3.623	4.627	1.028	6.686	3.426	3.522	4.08	3.738	6.575	3.243	2.927	5.071	5.334	4.702	4.571	6.229	2.049	4.673	6.133	4.957	4.643	6.287	4.947	5.582	4.454	4.767	4.504	0.7521	5.298	6.405	7.248	7.172
1.415	3.541	5.237	3.858	3.573	8.658	2.942	3.448	4.664	4.464	4.392	3.289	2.403	1.784	1.988	1.531	7.011	2.023	5.542	3.763	2.876	3.834	3.58	4.207	2.838	4.828	5.205	6.804	4.946	4.591	3.244	4.518	5.033	4.852	3.375	6.785	3.705	6.168	3.2	3.935	2.856	3.071	0.6929	5.082	4.697	2.176	-1.073	5.808	5.767	5.074	5.054	4.538	5.098	4.591	-0.753	4.843	2.415	2.237	4.122	4.881	5.007	3.247	4.155	5.193	4.127	3.238	3.731	2.398	3.575	4.566	0.9933	6.581	3.347	3.526	4.061	3.688	6.436	3.216	2.904	5.01	5.27	4.57	4.495	6.045	1.971	4.589	6.074	4.89	4.541	6.226	4.946	5.397	4.395	4.779	4.422	0.7001	5.167	6.26	7.138	6.951
1.354	3.527	5.142	3.793	3.479	8.407	2.853	3.455	4.57	4.448	4.339	3.24	2.384	1.768	1.961	1.489	6.935	1.923	5.422	3.695	2.839	3.807	3.542	4.124	2.795	4.766	5.146	6.723	4.883	4.472	3.189	4.464	4.971	4.76	3.272	6.612	3.633	6.028	3.209	3.891	2.847	3.049	0.664	4.997	4.646	2.119	-1.164	5.66	5.678	4.997	5.001	4.425	5.044	4.515	-0.8001	4.815	2.394	2.166	4.12	4.771	4.884	3.19	4.123	5.164	4.02	3.251	3.646	2.377	3.526	4.506	0.9587	6.476	3.269	3.53	4.042	3.639	6.297	3.19	2.882	4.95	5.206	4.438	4.419	5.861	1.894	4.506	6.014	4.824	4.438	6.165	4.945	5.212	4.336	4.79	4.339	0.6482	5.036	6.115	7.028	6.73
1.292	3.512	5.047	3.728	3.386	8.156	2.764	3.463	4.476	4.432	4.286	3.192	2.364	1.752	1.934	1.447	6.858	1.823	5.302	3.627	2.802	3.78	3.503	4.042	2.753	4.703	5.087	6.642	4.821	4.354	3.134	4.41	4.91	4.669	3.17	6.439	3.56	5.888	3.217	3.847	2.838	3.026	0.6352	4.911	4.596	2.061	-1.254	5.512	5.588	4.92	4.948	4.312	4.99	4.439	-0.8472	4.786	2.373	2.095	4.119	4.661	4.76	3.134	4.092	5.135	3.912	3.264	3.56	2.356	3.478	4.446	0.924	6.371	3.191	3.534	4.024	3.59	6.157	3.164	2.86	4.889	5.141	4.306	4.343	5.677	1.816	4.423	5.955	4.757	4.336	6.104	4.944	5.027	4.277	4.802	4.257	0.5963	4.905	5.969	6.918	6.509
1.23	3.497	4.953	3.663	3.293	7.905	2.675	3.47	4.382	4.416	4.233	3.143	2.345	1.736	1.908	1.405	6.782	1.724	5.181	3.56	2.766	3.753	3.465	3.959	2.711	4.64	5.027	6.561	4.758	4.235	3.08	4.356	4.848	4.577	3.068	6.266	3.487	5.748	3.226	3.803	2.829	3.004	0.6064	4.825	4.546	2.004	-1.345	5.364	5.498	4.843	4.895	4.199	4.935	4.363	-0.8943	4.758	2.352	2.024	4.117	4.551	4.636	3.078	4.06	5.107	3.805	3.277	3.475	2.335	3.429	4.385	0.8894	6.266	3.112	3.538	4.005	3.541	6.018	3.137	2.838	4.829	5.077	4.174	4.267	5.493	1.738	4.34	5.895	4.69	4.234	6.043	4.943	4.842	4.219	4.813	4.175	0.5444	4.773	5.824	6.809	6.288
1.169	3.483	4.858	3.598	3.2	7.654	2.586	3.477	4.288	4.399	4.18	3.095	2.326	1.721	1.881	1.363	6.706	1.624	5.061	3.492	2.729	3.726	3.426	3.877	2.668	4.578	4.968	6.48	4.696	4.116	3.025	4.302	4.786	4.486	2.965	6.093	3.415	5.608	3.234	3.759	2.82	2.982	0.5775	4.739	4.495	1.947	-1.435	5.216	5.409	4.766	4.842	4.085	4.881	4.287	-0.9415	4.73	2.332	1.952	4.116	4.442	4.513	3.022	4.029	5.078	3.698	3.291	3.389	2.314	3.381	4.325	0.8548	6.161	3.034	3.542	3.986	3.492	5.879	3.111	2.815	4.768	5.013	4.043	4.191	5.309	1.661	4.257	5.835	4.624	4.132	5.982	4.943	4.657	4.16	4.825	4.093	0.4925	4.642	5.679	6.699	6.067
1.107	3.468	4.763	3.533	3.106	7.403	2.497	3.484	4.194	4.383	4.127	3.046	2.307	1.705	1.854	1.321	6.63	1.525	4.941	3.424	2.693	3.699	3.387	3.794	2.626	4.515	4.909	6.399	4.634	3.998	2.971	4.248	4.724	4.394	2.863	5.92	3.342	5.468	3.243	3.714	2.811	2.959	0.5487	4.654	4.445	1.889	-1.525	5.068	5.319	4.689	4.789	3.972	4.827	4.211	-0.9886	4.701	2.311	1.881	4.114	4.332	4.389	2.966	3.997	5.049	3.591	3.304	3.304	2.293	3.333	4.265	0.8202	6.056	2.955	3.546	3.967	3.443	5.739	3.085	2.793	4.708	4.949	3.911	4.115	5.125	1.583	4.173	5.776	4.557	4.029	5.92	4.942	4.472	4.101	4.836	4.011	0.4405	4.511	5.534	6.589	5.846
1.046	3.454	4.668	3.468	3.013	7.152	2.408	3.492	4.1	4.367	4.074	2.998	2.288	1.689	1.828	1.279	6.553	1.425	4.82	3.357	2.656	3.672	3.349	3.711	2.584	4.453	4.849	6.318	4.571	3.879	2.916	4.194	4.662	4.303	2.761	5.748	3.269	5.328	3.251	3.67	2.803	2.937	0.5198	4.568	4.395	1.832	-1.616	4.92	5.229	4.612	4.736	3.859	4.772	4.135	-1.036	4.673	2.29	1.81	4.113	4.222	4.265	2.909	3.965	5.02	3.483	3.317	3.218	2.272	3.284	4.205	0.7855	5.951	2.877	3.55	3.948	3.393	5.6	3.058	2.771	4.647	4.885	3.779	4.039	4.941	1.506	4.09	5.716	4.49	3.927	5.859	4.941	4.287	4.042	4.848	3.929	0.3886	4.38	5.389	6.479	5.625
0.9841	3.439	4.573	3.403	2.92	6.901	2.319	3.499	4.006	4.351	4.02	2.949	2.269	1.673	1.801	1.237	6.477	1.326	4.7	3.289	2.619	3.645	3.31	3.629	2.541	4.39	4.79	6.237	4.509	3.76	2.862	4.14	4.6	4.211	2.658	5.575	3.197	5.188	3.26	3.626	2.794	2.915	0.491	4.482	4.345	1.774	-1.706	4.772	5.14	4.535	4.682	3.746	4.718	4.059	-1.083	4.644	2.269	1.739	4.111	4.112	4.142	2.853	3.934	4.991	3.376	3.33	3.133	2.251	3.236	4.144	0.7509	5.846	2.798	3.553	3.929	3.344	5.461	3.032	2.749	4.587	4.821	3.647	3.964	4.757	1.428	4.007	5.657	4.424	3.825	5.798	4.94	4.102	3.984	4.859	3.847	0.3367	4.248	5.243	6.369	5.404
0.9225	3.425	4.478	3.338	2.826	6.65	2.23	3.506	3.912	4.335	3.967	2.901	2.25	1.657	1.774	1.196	6.401	1.226	4.58	3.221	2.583	3.619	3.272	3.546	2.499	4.328	4.731	6.156	4.446	3.642	2.807	4.086	4.538	4.12	2.556	5.402	3.124	5.048	3.269	3.582	2.785	2.892	0.4622	4.396	4.294	1.717	-1.797	4.624	5.05	4.458	4.629	3.632	4.664	3.983	-1.13	4.616	2.248	1.668	4.11	4.002	4.018	2.797	3.902	4.963	3.269	3.343	3.047	2.229	3.187	4.084	0.7163	5.742	2.72	3.557	3.91	3.295	5.321	3.006	2.726	4.526	4.757	3.515	3.888	4.573	1.35	3.924	5.597	4.357	3.722	5.737	4.939	3.917	3.925	4.871	3.765	0.2848	4.117	5.098	6.259	5.182
0.8609	3.41	4.383	3.273	2.733	6.399	2.141	3.514	3.818	4.318	3.914	2.853	2.23	1.641	1.748	1.154	6.324	1.127	4.46	3.153	2.546	3.592	3.233	3.464	2.456	4.265	4.672	6.075	4.384	3.523	2.753	4.031	4.476	4.029	2.454	5.229	3.052	4.908	3.277	3.537	2.776	2.87	0.4333	4.311	4.244	1.659	-1.887	4.476	4.96	4.381	4.576	3.519	4.609	3.907	-1.177	4.588	2.228	1.597	4.108	3.893	3.894	2.741	3.871	4.934	3.162	3.357	2.962	2.208	3.139	4.024	0.6816	5.637	2.641	3.561	3.891	3.246	5.182	2.979	2.704	4.466	4.693	3.383	3.812	4.389	1.273	3.841	5.538	4.291	3.62	5.676	4.938	3.732	3.866	4.882	3.682	0.2329	3.986	4.953	6.15	4.961
0.7993	3.395	4.288	3.208	2.64	6.148	2.053	3.521	3.724	4.302	3.861	2.804	2.211	1.625	1.721	1.112	6.248	1.027	4.339	3.086	2.509	3.565	3.194	3.381	2.414	4.202	4.612	5.994	4.322	3.405	2.698	3.977	4.415	3.937	2.351	5.056	2.979	4.768	3.286	3.493	2.767	2.848	0.4045	4.225	4.194	1.602	-1.978	4.328	4.871	4.304	4.523	3.406	4.555	3.831	-1.224	4.559	2.207	1.525	4.107	3.783	3.771	2.685	3.839	4.905	3.055	3.37	2.877	2.187	3.09	3.963	0.647	5.532	2.563	3.565	3.872	3.197	5.043	2.953	2.682	4.405	4.629	3.251	3.736	4.205	1.195	3.757	5.478	4.224	3.518	5.615	4.938	3.547	3.807	4.894	3.6	0.1809	3.855	4.808	6.04	4.74
0.7378	3.381	4.193	3.143	2.547	5.897	1.964	3.528	3.63	4.286	3.808	2.756	2.192	1.609	1.694	1.07	6.172	0.9279	4.219	3.018	2.473	3.538	3.156	3.299	2.372	4.14	4.553	5.913	4.259	3.286	2.644	3.923	4.353	3.846	2.249	4.883	2.906	4.628	3.294	3.449	2.758	2.825	0.3756	4.139	4.143	1.544	-2.068	4.18	4.781	4.227	4.47	3.292	4.501	3.754	-1.271	4.531	2.186	1.454	4.105	3.673	3.647	2.628	3.808	4.876	2.947	3.383	2.791	2.166	3.042	3.903	0.6124	5.427	2.485	3.569	3.854	3.148	4.903	2.927	2.659	4.345	4.565	3.119	3.66	4.021	1.118	3.674	5.418	4.157	3.416	5.554	4.937	3.362	3.749	4.905	3.518	0.129	3.723	4.663	5.93	4.519
0.6762	3.366	4.098	3.079	2.453	5.646	1.875	3.535	3.536	4.27	3.755	2.707	2.173	1.593	1.668	1.028	6.096	0.8284	4.099	2.95	2.436	3.511	3.117	3.216	2.329	4.077	4.494	5.832	4.197	3.167	2.589	3.869	4.291	3.754	2.147	4.71	2.834	4.487	3.303	3.405	2.75	2.803	0.3468	4.053	4.093	1.487	-2.158	4.032	4.692	4.15	4.417	3.179	4.446	3.678	-1.318	4.502	2.165	1.383	4.104	3.563	3.523	2.572	3.776	4.847	2.84	3.396	2.706	2.145	2.993	3.843	0.5778	5.322	2.406	3.573	3.835	3.098	4.764	2.9	2.637	4.284	4.501	2.988	3.584	3.837	1.04	3.591	5.359	4.091	3.313	5.493	4.936	3.177	3.69	4.917	3.436	0.07711	3.592	4.518	5.82	4.298
0.6146	3.352	4.004	3.014	2.36	5.395	1.786	3.543	3.443	4.254	3.702	2.659	2.154	1.578	1.641	0.9862	6.019	0.7289	3.979	2.882	2.399	3.484	3.079	3.133	2.287	4.015	4.435	5.751	4.134	3.049	2.535	3.815	4.229	3.663	2.044	4.537	2.761	4.347	3.312	3.361	2.741	2.781	0.318	3.968	4.043	1.429	-2.249	3.883	4.602	4.073	4.364	3.066	4.392	3.602	-1.365	4.474	2.144	1.312	4.102	3.453	3.4	2.516	3.745	4.818	2.733	3.409	2.62	2.124	2.945	3.783	0.5431	5.217	2.328	3.577	3.816	3.049	4.625	2.874	2.615	4.224	4.437	2.856	3.508	3.654	0.9623	3.508	5.299	4.024	3.211	5.432	4.935	2.992	3.631	4.928	3.354	0.02519	3.461	4.372	5.71	4.077
0.553	3.337	3.909	2.949	2.267	5.144	1.697	3.55	3.349	4.238	3.649	2.61	2.135	1.562	1.614	0.9444	5.943	0.6293	3.858	2.815	2.363	3.457	3.04	3.051	2.245	3.952	4.375	5.67	4.072	2.93	2.48	3.761	4.167	3.571	1.942	4.364	2.688	4.207	3.32	3.316	2.732	2.758	0.2891	3.882	3.992	1.372	-2.339	3.735	4.512	3.996	4.311	2.953	4.338	3.526	-1.413	4.446	2.123	1.241	4.101	3.344	3.276	2.46	3.713	4.79	2.626	3.423	2.535	2.103	2.896	3.722	0.5085	5.112	2.249	3.581	3.797	3	4.485	2.848	2.593	4.163	4.373	2.724	3.432	3.47	0.8847	3.425	5.24	3.957	3.109	5.371	4.934	2.807	3.572	4.94	3.272	-0.02673	3.33	4.227	5.601	3.856
0.4915	3.323	3.814	2.884	2.173	4.892	1.608	3.557	3.255	4.221	3.596	2.562	2.116	1.546	1.588	0.9025	5.867	0.5298	3.738	2.747	2.326	3.43	3.002	2.968	2.202	3.89	4.316	5.589	4.01	2.811	2.426	3.707	4.105	3.48	1.84	4.191	2.616	4.067	3.329	3.272	2.723	2.736	0.2603	3.796	3.942	1.314	-2.43	3.587	4.423	3.919	4.258	2.839	4.283	3.45	-1.46	4.417	2.103	1.17	4.099	3.234	3.152	2.403	3.681	4.761	2.518	3.436	2.449	2.082	2.848	3.662	0.4739	5.007	2.171	3.585	3.778	2.951	4.346	2.821	2.57	4.103	4.309	2.592	3.356	3.286	0.8071	3.341	5.18	3.891	3.007	5.31	4.933	2.621	3.514	4.951	3.19	-0.07865	3.198	4.082	5.491	3.635
0.4299	3.308	3.719	2.819	2.08	4.641	1.519	3.565	3.161	4.205	3.543	2.513	2.096	1.53	1.561	0.8606	5.79	0.4303	3.618	2.679	2.289	3.403	2.963	2.886	2.16	3.827	4.257	5.508	3.947	2.693	2.371	3.653	4.043	3.388	1.737	4.018	2.543	3.927	3.337	3.228	2.714	2.714	0.2314	3.71	3.892	1.257	-2.52	3.439	4.333	3.842	4.205	2.726	4.229	3.374	-1.507	4.389	2.082	1.098	4.098	3.124	3.029	2.347	3.65	4.732	2.411	3.449	2.364	2.061	2.799	3.602	0.4392	4.902	2.092	3.588	3.759	2.902	4.207	2.795	2.548	4.042	4.244	2.46	3.28	3.102	0.7295	3.258	5.121	3.824	2.904	5.248	4.933	2.436	3.455	4.963	3.108	-0.1306	3.067	3.937	5.381	3.414
0.3683	3.293	3.624	2.754	1.987	4.39	1.43	3.572	3.067	4.189	3.49	2.465	2.077	1.514	1.534	0.8188	5.714	0.3308	3.497	2.612	2.253	3.376	2.924	2.803	2.118	3.765	4.197	5.427	3.885	2.574	2.317	3.599	3.981	3.297	1.635	3.845	2.47	3.787	3.346	3.184	2.705	2.691	0.2026	3.624	3.842	1.199	-2.611	3.291	4.243	3.765	4.152	2.613	4.175	3.298	-1.554	4.361	2.061	1.027	4.096	3.014	2.905	2.291	3.618	4.703	2.304	3.462	2.279	2.039	2.751	3.542	0.4046	4.797	2.014	3.592	3.74	2.853	4.067	2.769	2.526	3.982	4.18	2.328	3.204	2.918	0.6519	3.175	5.061	3.757	2.802	5.187	4.932	2.251	3.396	4.974	3.025	-0.1825	2.936	3.792	5.271	3.193
0.3067	3.279	3.529	2.689	1.894	4.139	1.341	3.579	2.973	4.173	3.436	2.417	2.058	1.498	1.508	0.7769	5.638	0.2313	3.377	2.544	2.216	3.349	2.886	2.721	2.075	3.702	4.138	5.346	3.822	2.455	2.262	3.545	3.92	3.205	1.533	3.672	2.398	3.647	3.354	3.14	2.697	2.669	0.1737	3.539	3.791	1.142	-2.701	3.143	4.154	3.688	4.099	2.499	4.12	3.222	-1.601	4.332	2.04	0.9562	4.095	2.904	2.781	2.235	3.587	4.674	2.197	3.476	2.193	2.018	2.703	3.481	0.37	4.693	1.935	3.596	3.721	2.803	3.928	2.742	2.504	3.921	4.116	2.196	3.128	2.734	0.5743	3.092	5.002	3.691	2.7	5.126	4.931	2.066	3.337	4.986	2.943	-0.2344	2.805	3.646	5.161	2.972
