118.3	142	135.1	118.7	129.3	114.7	120.2	51.07	120.8	104	81.66	146.7	175.9	115.6	87.32	70.77	111	97.4	93.39	128.1	130.5	136.9	92	86.82	118.7	87.74	103.8	71.35	101.9	97.74	126.8	78.99	82.64	126	77.57	123.7	155.9	80.34	114.8	108.1	102.7	122.8	109.7	115.6	77.7	126	91.84	68.12	110.1	123.3	78.04	44.21	65.07	186.6	132.3	120	102.7	131	79.17	107	121.7	90.09	128.9	117.7	94.64	103.4	121.8	60.05	114.4	93.35	101.5	104	85.71	91.71	110	65.77	141.5	97.63	144.5	88.09	67.51	128.5	118	72.27	87.87	168.3	76.55	153.5	61.62	151.1	150.5	90.75	88.23	94.39	100.9	122.2	88.3	111.9	76.5	126.7
117.1	140.6	133.8	117.6	128	113.6	119	50.57	119.6	102.9	80.84	145.2	174.2	114.4	86.48	70.04	109.9	96.44	92.53	126.8	129.2	135.5	91.11	86.02	117.5	86.86	102.8	70.65	100.9	96.79	125.6	78.28	81.83	124.8	76.82	122.5	154.3	79.52	113.7	107	101.7	121.6	108.6	114.5	76.95	124.7	91.04	67.46	109.1	122	77.26	43.79	64.41	184.7	131	118.8	101.7	129.7	78.49	106	120.5	89.2	127.6	116.5	93.68	102.4	120.6	59.44	113.3	92.39	100.5	102.9	84.84	90.85	108.9	65.12	140.1	96.69	143	87.26	66.84	127.3	116.8	71.55	86.99	166.6	75.8	152	61	149.7	149	89.89	87.36	93.44	99.83	121	87.44	110.8	75.81	125.5
116	139.2	132.4	116.4	126.7	112.5	117.8	50.08	118.4	101.8	80.03	143.8	172.4	113.3	85.64	69.32	108.8	95.48	91.68	125.5	127.9	134.2	90.21	85.21	116.4	85.97	101.8	69.96	99.91	95.84	124.3	77.58	81.01	123.6	76.07	121.3	152.7	78.71	112.6	106	100.7	120.4	107.6	113.3	76.19	123.5	90.23	66.79	108	120.8	76.49	43.36	63.76	182.9	129.7	117.6	100.8	128.4	77.82	104.9	119.3	88.31	126.3	115.3	92.71	101.3	119.4	58.83	112.2	91.43	99.42	101.9	83.97	89.98	107.8	64.47	138.8	95.75	141.6	86.43	66.16	126	115.6	70.84	86.1	165	75.04	150.5	60.39	148.3	147.6	89.03	86.48	92.49	98.81	119.8	86.58	109.8	75.11	124.2
114.8	137.8	131.1	115.2	125.4	111.4	116.6	49.59	117.2	100.8	79.22	142.3	170.7	112.2	84.79	68.6	107.7	94.51	90.82	124.3	126.6	132.8	89.32	84.41	115.3	85.09	100.7	69.26	98.93	94.89	123.1	76.87	80.19	122.3	75.32	120.1	151.2	77.89	111.5	104.9	99.76	119.2	106.5	112.2	75.44	122.3	89.42	66.12	106.9	119.5	75.72	42.94	63.1	181.1	128.4	116.4	99.76	127.1	77.14	103.9	118.2	87.41	125	114.1	91.75	100.3	118.2	58.21	111.1	90.47	98.39	100.9	83.1	89.11	106.7	63.82	137.4	94.81	140.1	85.6	65.49	124.7	114.5	70.12	85.22	163.3	74.29	149	59.77	146.8	146.1	88.18	85.61	91.54	97.78	118.6	85.72	108.7	74.42	123
113.7	136.4	129.8	114.1	124.1	110.3	115.3	49.1	116	99.73	78.4	140.9	168.9	111.1	83.95	67.87	106.6	93.55	89.97	123	125.2	131.4	88.43	83.61	114.1	84.2	99.73	68.56	97.94	93.94	121.9	76.16	79.37	121.1	74.57	118.9	149.6	77.07	110.4	103.9	98.79	118	105.4	111	74.68	121	88.62	65.45	105.8	118.2	74.94	42.51	62.45	179.2	127.1	115.2	98.77	125.8	76.47	102.9	117	86.52	123.8	112.9	90.78	99.23	117	57.6	110	89.51	97.35	99.82	82.23	88.25	105.6	63.17	136	93.87	138.7	84.77	64.82	123.4	113.3	69.41	84.33	161.6	73.53	147.6	59.15	145.4	144.6	87.32	84.73	90.59	96.76	117.3	84.86	107.6	73.72	121.7
112.5	135	128.4	112.9	122.8	109.2	114.1	48.6	114.7	98.67	77.59	139.4	167.2	110	83.11	67.15	105.4	92.59	89.11	121.7	123.9	130	87.54	82.81	113	83.32	98.71	67.86	96.95	92.99	120.6	75.46	78.55	119.8	73.82	117.7	148	76.26	109.3	102.8	97.81	116.8	104.4	109.9	73.93	119.8	87.81	64.78	104.8	117	74.17	42.09	61.79	177.4	125.8	114	97.78	124.5	75.79	101.8	115.8	85.63	122.5	111.7	89.82	98.19	115.8	56.98	108.8	88.55	96.31	98.79	81.36	87.38	104.5	62.52	134.7	92.93	137.2	83.94	64.15	122.1	112.2	68.69	83.44	160	72.78	146.1	58.54	144	143.1	86.46	83.86	89.64	95.74	116.1	84	106.5	73.03	120.5
111.3	133.6	127.1	111.7	121.4	108.1	112.9	48.11	113.5	97.61	76.78	138	165.4	108.9	82.27	66.43	104.3	91.62	88.26	120.4	122.6	128.6	86.64	82.01	111.8	82.43	97.7	67.16	95.96	92.05	119.4	74.75	77.74	118.6	73.07	116.5	146.5	75.44	108.2	101.8	96.84	115.6	103.3	108.7	73.17	118.5	87.01	64.11	103.7	115.7	73.39	41.67	61.14	175.6	124.5	112.8	96.79	123.2	75.12	100.8	114.6	84.74	121.2	110.5	88.86	97.15	114.6	56.37	107.7	87.59	95.28	97.75	80.49	86.52	103.4	61.87	133.3	91.99	135.7	83.11	63.48	120.9	111	67.98	82.56	158.3	72.02	144.6	57.92	142.5	141.6	85.6	82.98	88.69	94.72	114.9	83.14	105.4	72.33	119.2
110.2	132.2	125.8	110.5	120.1	107	111.7	47.62	112.3	96.55	75.97	136.5	163.7	107.7	81.43	65.7	103.2	90.66	87.4	119.1	121.3	127.3	85.75	81.2	110.7	81.55	96.68	66.46	94.98	91.1	118.1	74.04	76.92	117.3	72.31	115.3	144.9	74.62	107.1	100.8	95.86	114.4	102.2	107.6	72.42	117.3	86.2	63.44	102.6	114.5	72.62	41.24	60.48	173.7	123.2	111.6	95.8	121.9	74.44	99.74	113.5	83.85	119.9	109.3	87.89	96.1	113.4	55.76	106.6	86.63	94.24	96.71	79.62	85.65	102.2	61.22	131.9	91.05	134.3	82.28	62.81	119.6	109.8	67.26	81.67	156.6	71.26	143.2	57.3	141.1	140.1	84.75	82.11	87.74	93.69	113.7	82.28	104.3	71.64	118
109	130.8	124.4	109.4	118.8	105.9	110.4	47.12	111.1	95.49	75.15	135	161.9	106.6	80.58	64.98	102.1	89.69	86.54	117.8	120	125.9	84.86	80.4	109.5	80.66	95.66	65.76	93.99	90.15	116.9	73.34	76.1	116.1	71.56	114.1	143.3	73.81	106	99.71	94.89	113.2	101.2	106.4	71.66	116.1	85.4	62.78	101.5	113.2	71.85	40.82	59.83	171.9	121.9	110.4	94.8	120.6	73.76	98.7	112.3	82.96	118.6	108.1	86.93	95.06	112.2	55.14	105.5	85.67	93.2	95.67	78.75	84.78	101.1	60.57	130.5	90.1	132.8	81.45	62.13	118.3	108.7	66.55	80.78	155	70.51	141.7	56.68	139.7	138.6	83.89	81.24	86.79	92.67	112.5	81.42	103.3	70.94	116.8
107.9	129.3	123.1	108.2	117.5	104.8	109.2	46.63	109.9	94.44	74.34	133.6	160.2	105.5	79.74	64.25	101	88.73	85.69	116.6	118.7	124.5	83.97	79.6	108.4	79.78	94.65	65.06	93	89.2	115.6	72.63	75.28	114.8	70.81	112.9	141.8	72.99	104.9	98.67	93.92	112	100.1	105.3	70.91	114.8	84.59	62.11	100.4	111.9	71.07	40.39	59.17	170.1	120.6	109.2	93.81	119.3	73.09	97.66	111.1	82.06	117.4	106.9	85.96	94.01	111	54.53	104.4	84.71	92.17	94.63	77.88	83.92	100	59.92	129.2	89.16	131.4	80.62	61.46	117	107.5	65.83	79.9	153.3	69.75	140.2	56.07	138.2	137.1	83.03	80.36	85.84	91.65	111.3	80.56	102.2	70.24	115.5
106.7	127.9	121.8	107	116.2	103.7	108	46.14	108.6	93.38	73.53	132.1	158.4	104.4	78.9	63.53	99.9	87.77	84.83	115.3	117.4	123.1	83.07	78.8	107.3	78.89	93.63	64.36	92.02	88.25	114.4	71.92	74.46	113.6	70.06	111.7	140.2	72.17	103.8	97.63	92.94	110.8	99.06	104.1	70.15	113.6	83.78	61.44	99.35	110.7	70.3	39.97	58.52	168.2	119.2	108	92.82	118	72.41	96.62	109.9	81.17	116.1	105.7	85	92.97	109.8	53.91	103.2	83.75	91.13	93.59	77.01	83.05	98.91	59.27	127.8	88.22	129.9	79.79	60.79	115.7	106.3	65.12	79.01	151.6	69	138.8	55.45	136.8	135.7	82.17	79.49	84.89	90.62	110	79.7	101.1	69.55	114.3
105.6	126.5	120.4	105.9	114.9	102.6	106.8	45.64	107.4	92.32	72.71	130.7	156.6	103.3	78.06	62.81	98.79	86.8	83.98	114	116.1	121.7	82.18	77.99	106.1	78.01	92.62	63.66	91.03	87.3	113.2	71.22	73.65	112.3	69.31	110.5	138.6	71.36	102.7	96.59	91.97	109.6	98	103	69.39	112.3	82.98	60.77	98.27	109.4	69.53	39.55	57.86	166.4	117.9	106.8	91.83	116.7	71.74	95.58	108.8	80.28	114.8	104.5	84.03	91.93	108.6	53.3	102.1	82.79	90.1	92.55	76.14	82.19	97.8	58.62	126.4	87.28	128.4	78.96	60.12	114.4	105.2	64.4	78.12	150	68.24	137.3	54.83	135.4	134.2	81.32	78.61	83.94	89.6	108.8	78.84	100	68.85	113
104.4	125.1	119.1	104.7	113.6	101.5	105.6	45.15	106.2	91.26	71.9	129.2	154.9	102.2	77.21	62.08	97.68	85.84	83.12	112.7	114.7	120.3	81.29	77.19	105	77.12	91.6	62.97	90.04	86.35	111.9	70.51	72.83	111.1	68.56	109.4	137.1	70.54	101.5	95.54	91	108.4	96.94	101.8	68.64	111.1	82.17	60.1	97.19	108.2	68.75	39.12	57.21	164.6	116.6	105.6	90.84	115.4	71.06	94.54	107.6	79.39	113.5	103.3	83.07	90.88	107.4	52.68	101	81.83	89.06	91.51	75.27	81.32	96.69	57.96	125.1	86.34	127	78.13	59.45	113.2	104	63.69	77.24	148.3	67.49	135.8	54.22	133.9	132.7	80.46	77.74	82.99	88.58	107.6	77.98	98.94	68.16	111.8
103.3	123.7	117.8	103.5	112.3	100.4	104.3	44.66	105	90.21	71.09	127.8	153.1	101.1	76.37	61.36	96.57	84.88	82.27	111.4	113.4	119	80.4	76.39	103.8	76.24	90.58	62.27	89.05	85.4	110.7	69.81	72.01	109.9	67.81	108.2	135.5	69.73	100.4	94.5	90.02	107.2	95.88	100.7	67.88	109.9	81.37	59.43	96.11	106.9	67.98	38.7	56.55	162.7	115.3	104.4	89.85	114.1	70.39	93.5	106.4	78.5	112.2	102.1	82.1	89.84	106.2	52.07	99.88	80.87	88.02	90.47	74.4	80.45	95.58	57.31	123.7	85.4	125.5	77.3	58.78	111.9	102.8	62.97	76.35	146.7	66.73	134.3	53.6	132.5	131.2	79.6	76.86	82.04	87.56	106.4	77.12	97.86	67.46	110.5
102.1	122.3	116.4	102.3	111	99.34	103.1	44.17	103.8	89.15	70.28	126.3	151.4	99.95	75.53	60.63	95.46	83.91	81.41	110.1	112.1	117.6	79.5	75.59	102.7	75.35	89.57	61.57	88.07	84.45	109.4	69.1	71.19	108.6	67.06	107	133.9	68.91	99.35	93.46	89.05	106	94.81	99.52	67.13	108.6	80.56	58.77	95.03	105.6	67.2	38.28	55.9	160.9	114	103.2	88.85	112.8	69.71	92.46	105.2	77.6	111	101	81.14	88.8	105	51.46	98.76	79.91	86.99	89.43	73.53	79.59	94.47	56.66	122.3	84.46	124.1	76.47	58.11	110.6	101.7	62.26	75.46	145	65.98	132.9	52.98	131.1	129.7	78.74	75.99	81.09	86.53	105.2	76.26	96.78	66.77	109.3
100.9	120.9	115.1	101.2	109.7	98.24	101.9	43.67	102.5	88.09	69.46	124.8	149.6	98.83	74.69	59.91	94.35	82.95	80.56	108.9	110.8	116.2	78.61	74.78	101.5	74.47	88.55	60.87	87.08	83.5	108.2	68.39	70.37	107.4	66.31	105.8	132.4	68.09	98.25	92.42	88.08	104.8	93.75	98.37	66.37	107.4	79.76	58.1	93.95	104.4	66.43	37.85	55.24	159.1	112.7	102	87.86	111.5	69.04	91.42	104.1	76.71	109.7	99.76	80.17	87.75	103.8	50.84	97.64	78.95	85.95	88.39	72.66	78.72	93.36	56.01	120.9	83.52	122.6	75.64	57.43	109.3	100.5	61.55	74.58	143.3	65.22	131.4	52.36	129.6	128.2	77.89	75.11	80.14	85.51	104	75.4	95.7	66.07	108.1
99.78	119.5	113.8	100	108.4	97.14	100.7	43.18	101.3	87.03	68.65	123.4	147.9	97.72	73.85	59.19	93.24	81.98	79.7	107.6	109.5	114.8	77.72	73.98	100.4	73.58	87.54	60.17	86.09	82.56	106.9	67.69	69.56	106.1	65.56	104.6	130.8	67.28	97.15	91.38	87.1	103.6	92.69	97.22	65.62	106.1	78.95	57.43	92.87	103.1	65.66	37.43	54.59	157.2	111.4	100.8	86.87	110.2	68.36	90.38	102.9	75.82	108.4	98.56	79.21	86.71	102.6	50.23	96.53	77.99	84.92	87.36	71.79	77.86	92.25	55.36	119.6	82.58	121.1	74.81	56.76	108	99.34	60.83	73.69	141.7	64.47	129.9	51.75	128.2	126.7	77.03	74.24	79.19	84.49	102.7	74.54	94.62	65.38	106.8
98.63	118.1	112.4	98.83	107.1	96.04	99.46	42.69	100.1	85.98	67.84	121.9	146.1	96.6	73	58.46	92.13	81.02	78.85	106.3	108.2	113.4	76.83	73.18	99.26	72.7	86.52	59.47	85.1	81.61	105.7	66.98	68.74	104.9	64.81	103.4	129.2	66.46	96.04	90.33	86.13	102.4	91.63	96.07	64.86	104.9	78.14	56.76	91.79	101.9	64.88	37	53.93	155.4	110.1	99.65	85.88	108.9	67.68	89.34	101.7	74.93	107.1	97.37	78.24	85.67	101.4	49.61	95.41	77.03	83.88	86.32	70.92	76.99	91.14	54.71	118.2	81.64	119.7	73.98	56.09	106.8	98.18	60.12	72.8	140	63.71	128.5	51.13	126.8	125.3	76.17	73.37	78.24	83.46	101.5	73.68	93.54	64.68	105.6
97.47	116.7	111.1	97.65	105.8	94.95	98.24	42.19	98.89	84.92	67.02	120.5	144.4	95.49	72.16	57.74	91.02	80.06	77.99	105	106.9	112.1	75.93	72.38	98.12	71.81	85.5	58.77	84.12	80.66	104.5	66.27	67.92	103.6	64.06	102.2	127.7	65.64	94.94	89.29	85.16	101.2	90.57	94.92	64.11	103.7	77.34	56.09	90.72	100.6	64.11	36.58	53.28	153.6	108.8	98.45	84.89	107.6	67.01	88.3	100.5	74.04	105.8	96.17	77.28	84.62	100.2	49	94.29	76.07	82.84	85.28	70.04	76.12	90.03	54.06	116.8	80.7	118.2	73.15	55.42	105.5	97.02	59.4	71.92	138.3	62.96	127	50.51	125.3	123.8	75.31	72.49	77.29	82.44	100.3	72.82	92.46	63.99	104.3
96.32	115.3	109.8	96.48	104.4	93.85	97.02	41.7	97.67	83.86	66.21	119	142.6	94.37	71.32	57.01	89.91	79.09	77.14	103.7	105.5	110.7	75.04	71.58	96.98	70.93	84.49	58.07	83.13	79.71	103.2	65.57	67.1	102.4	63.31	101	126.1	64.83	93.84	88.25	84.18	100	89.5	93.77	63.35	102.4	76.53	55.42	89.64	99.33	63.34	36.16	52.62	151.7	107.5	97.25	83.9	106.4	66.33	87.26	99.37	73.14	104.6	94.97	76.31	83.58	99.03	48.39	93.17	75.11	81.81	84.24	69.17	75.26	88.92	53.41	115.5	79.76	116.7	72.32	54.75	104.2	95.85	58.69	71.03	136.7	62.2	125.5	49.9	123.9	122.3	74.46	71.62	76.34	81.42	99.1	71.96	91.38	63.29	103.1
95.16	113.9	108.4	95.31	103.1	92.75	95.8	41.21	96.45	82.8	65.4	117.6	140.9	93.26	70.48	56.29	88.8	78.13	76.28	102.5	104.2	109.3	74.15	70.77	95.83	70.04	83.47	57.37	82.14	78.76	102	64.86	66.28	101.1	62.56	99.81	124.5	64.01	92.74	87.21	83.21	98.83	88.44	92.62	62.6	101.2	75.73	54.75	88.56	98.07	62.56	35.73	51.97	149.9	106.2	96.06	82.9	105.1	65.66	86.22	98.2	72.25	103.3	93.78	75.35	82.53	97.83	47.77	92.05	74.15	80.77	83.2	68.3	74.39	87.81	52.76	114.1	78.82	115.3	71.49	54.08	102.9	94.69	57.97	70.15	135	61.45	124	49.28	122.5	120.8	73.6	70.74	75.39	80.4	97.88	71.1	90.29	62.6	101.8
94.01	112.5	107.1	94.14	101.8	91.66	94.58	40.72	95.23	81.75	64.58	116.1	139.1	92.15	69.63	55.57	87.69	77.17	75.43	101.2	102.9	107.9	73.26	69.97	94.69	69.16	82.45	56.67	81.15	77.81	100.7	64.15	65.47	99.89	61.81	98.62	123	63.19	91.64	86.16	82.24	97.63	87.38	91.47	61.84	99.95	74.92	54.09	87.48	96.81	61.79	35.31	51.31	148.1	104.9	94.86	81.91	103.8	64.98	85.18	97.02	71.36	102	92.58	74.38	81.49	96.64	47.16	90.93	73.19	79.74	82.16	67.43	73.52	86.7	52.11	112.7	77.87	113.8	70.66	53.41	101.6	93.52	57.26	69.26	133.3	60.69	122.6	48.66	121	119.3	72.74	69.87	74.44	79.37	96.66	70.24	89.21	61.9	100.6
92.85	111.1	105.8	92.97	100.5	90.56	93.36	40.22	94.02	80.69	63.77	114.6	137.4	91.03	68.79	54.84	86.58	76.2	74.57	99.89	101.6	106.5	72.36	69.17	93.55	68.27	81.44	55.98	80.17	76.86	99.49	63.45	64.65	98.65	61.06	97.43	121.4	62.38	90.54	85.12	81.26	96.44	86.32	90.32	61.09	98.71	74.12	53.42	86.4	95.55	61.01	34.88	50.66	146.2	103.6	93.66	80.92	102.5	64.31	84.14	95.85	70.47	100.7	91.39	73.42	80.45	95.44	46.54	89.81	72.23	78.7	81.12	66.56	72.66	85.59	51.46	111.3	76.93	112.4	69.83	52.73	100.3	92.36	56.54	68.37	131.7	59.94	121.1	48.04	119.6	117.8	71.88	68.99	73.49	78.35	95.45	69.38	88.13	61.2	99.35
91.7	109.7	104.4	91.8	99.22	89.46	92.14	39.73	92.8	79.63	62.96	113.2	135.6	89.92	67.95	54.12	85.47	75.24	73.72	98.61	100.3	105.2	71.47	68.37	92.41	67.39	80.42	55.28	79.18	75.91	98.24	62.74	63.83	97.4	60.31	96.23	119.8	61.56	89.44	84.08	80.29	95.24	85.25	89.17	60.33	97.47	73.31	52.75	85.32	94.29	60.24	34.46	50	144.4	102.3	92.46	79.93	101.2	63.63	83.1	94.67	69.58	99.43	90.19	72.45	79.4	94.24	45.93	88.69	71.27	77.66	80.08	65.69	71.79	84.48	50.81	110	75.99	110.9	69	52.06	99.06	91.2	55.83	67.49	130	59.18	119.6	47.43	118.2	116.3	71.03	68.12	72.54	77.33	94.23	68.52	87.05	60.51	98.11
90.54	108.2	103.1	90.62	97.91	88.37	90.92	39.24	91.58	78.57	62.15	111.7	133.9	88.8	67.11	53.39	84.36	74.27	72.86	97.33	98.98	103.8	70.58	67.56	91.26	66.51	79.41	54.58	78.19	74.96	97	62.03	63.01	96.16	59.56	95.04	118.3	60.74	88.34	83.04	79.32	94.04	84.19	88.02	59.58	96.23	72.51	52.08	84.24	93.03	59.47	34.04	49.35	142.5	101	91.27	78.94	99.86	62.95	82.06	93.5	68.68	98.15	89	71.49	78.36	93.05	45.32	87.57	70.31	76.63	79.04	64.82	70.93	83.37	50.16	108.6	75.05	109.4	68.17	51.39	97.78	90.03	55.11	66.6	128.3	58.42	118.2	46.81	116.7	114.9	70.17	67.25	71.59	76.31	93.01	67.66	85.97	59.81	96.86
89.39	106.8	101.8	89.45	96.6	87.27	89.7	38.74	90.36	77.51	61.33	110.3	132.1	87.69	66.27	52.67	83.25	73.31	72	96.04	97.67	102.4	69.69	66.76	90.12	65.62	78.39	53.88	77.2	74.01	95.76	61.33	62.19	94.91	58.81	93.85	116.7	59.93	87.24	81.99	78.34	92.85	83.13	86.87	58.82	95	71.7	51.41	83.16	91.77	58.69	33.61	48.69	140.7	99.72	90.07	77.95	98.56	62.28	81.02	92.33	67.79	96.87	87.8	70.53	77.32	91.85	44.7	86.45	69.35	75.59	78	63.95	70.06	82.26	49.51	107.2	74.11	108	67.34	50.72	96.49	88.87	54.4	65.71	126.7	57.67	116.7	46.19	115.3	113.4	69.31	66.37	70.64	75.28	91.8	66.8	84.89	59.12	95.62
88.23	105.4	100.4	88.28	95.29	86.17	88.48	38.25	89.14	76.46	60.52	108.8	130.4	86.57	65.42	51.95	82.15	72.35	71.15	94.76	96.36	101	68.79	65.96	88.98	64.74	77.37	53.18	76.22	73.07	94.52	60.62	61.38	93.67	58.06	92.66	115.1	59.11	86.14	80.95	77.37	91.65	82.07	85.72	58.07	93.76	70.89	50.74	82.08	90.51	57.92	33.19	48.04	138.9	98.41	88.87	76.95	97.26	61.6	79.98	91.15	66.9	95.59	86.61	69.56	76.27	90.66	44.09	85.33	68.39	74.55	76.96	63.08	69.19	81.15	48.86	105.9	73.17	106.5	66.51	50.05	95.21	87.7	53.68	64.83	125	56.91	115.2	45.58	113.9	111.9	68.45	65.5	69.69	74.26	90.58	65.94	83.81	58.42	94.38
87.07	104	99.1	87.11	93.99	85.07	87.26	37.76	87.92	75.4	59.71	107.4	128.6	85.46	64.58	51.22	81.04	71.38	70.29	93.48	95.04	99.64	67.9	65.16	87.84	63.85	76.36	52.48	75.23	72.12	93.27	59.92	60.56	92.42	57.31	91.46	113.6	58.29	85.04	79.91	76.39	90.45	81.01	84.57	57.31	92.52	70.09	50.08	81	89.25	57.15	32.76	47.38	137	97.11	87.67	75.96	95.97	60.93	78.94	89.98	66.01	94.31	85.41	68.6	75.23	89.46	43.47	84.21	67.43	73.52	75.93	62.21	68.33	80.04	48.21	104.5	72.23	105.1	65.68	49.38	93.93	86.54	52.97	63.94	123.3	56.16	113.8	44.96	112.4	110.4	67.6	64.62	68.74	73.24	89.36	65.08	82.73	57.73	93.13
85.92	102.6	97.77	85.94	92.68	83.98	86.04	37.26	86.7	74.34	58.89	105.9	126.9	84.34	63.74	50.5	79.93	70.42	69.44	92.2	93.73	98.26	67.01	64.35	86.69	62.97	75.34	51.78	74.24	71.17	92.03	59.21	59.74	91.18	56.56	90.27	112	57.48	83.93	78.87	75.42	89.26	79.94	83.42	56.56	91.28	69.28	49.41	79.92	87.99	56.37	32.34	46.73	135.2	95.81	86.48	74.97	94.67	60.25	77.9	88.81	65.12	93.03	84.22	67.63	74.18	88.26	42.86	83.09	66.47	72.48	74.89	61.34	67.46	78.93	47.55	103.1	71.29	103.6	64.85	48.71	92.65	85.37	52.25	63.05	121.7	55.4	112.3	44.34	111	108.9	66.74	63.75	67.79	72.21	88.15	64.22	81.65	57.03	91.89
84.76	101.2	96.43	84.77	91.37	82.88	84.82	36.77	85.49	73.28	58.08	104.5	125.1	83.23	62.9	49.77	78.82	69.46	68.58	90.92	92.42	96.88	66.12	63.55	85.55	62.08	74.32	51.08	73.26	70.22	90.79	58.5	58.92	89.93	55.81	89.08	110.4	56.66	82.83	77.83	74.45	88.06	78.88	82.27	55.8	90.04	68.48	48.74	78.84	86.73	55.6	31.92	46.07	133.4	94.51	85.28	73.98	93.37	59.58	76.85	87.63	64.23	91.75	83.02	66.67	73.14	87.07	42.25	81.97	65.51	71.45	73.85	60.47	66.6	77.82	46.9	101.7	70.35	102.1	64.02	48.03	91.37	84.21	51.54	62.17	120	54.65	110.8	43.72	109.6	107.4	65.88	62.87	66.84	71.19	86.93	63.36	80.57	56.34	90.65
83.61	99.81	95.1	83.6	90.06	81.78	83.6	36.28	84.27	72.23	57.27	103	123.4	82.11	62.06	49.05	77.71	68.49	67.73	89.63	91.11	95.5	65.22	62.75	84.41	61.2	73.31	50.38	72.27	69.27	89.54	57.8	58.1	88.69	55.06	87.88	108.9	55.84	81.73	76.78	73.47	86.86	77.82	81.12	55.05	88.8	67.67	48.07	77.76	85.47	54.83	31.49	45.42	131.5	93.21	84.08	72.99	92.07	58.9	75.81	86.46	63.33	90.47	81.82	65.7	72.1	85.87	41.63	80.85	64.55	70.41	72.81	59.6	65.73	76.71	46.25	100.4	69.41	100.7	63.19	47.36	90.08	83.05	50.82	61.28	118.3	53.89	109.3	43.11	108.1	105.9	65.02	62	65.89	70.17	85.72	62.5	79.48	55.64	89.4
82.45	98.4	93.77	82.42	88.75	80.69	82.38	35.79	83.05	71.17	56.46	101.5	121.6	81	61.21	48.33	76.6	67.53	66.87	88.35	89.79	94.12	64.33	61.95	83.27	60.31	72.29	49.68	71.28	68.32	88.3	57.09	57.28	87.44	54.31	86.69	107.3	55.03	80.63	75.74	72.5	85.67	76.76	79.97	54.29	87.56	66.87	47.4	76.68	84.21	54.05	31.07	44.76	129.7	91.9	82.88	72	90.77	58.22	74.77	85.28	62.44	89.19	80.63	64.74	71.05	84.67	41.02	79.73	63.59	69.37	71.77	58.73	64.86	75.6	45.6	99	68.47	99.22	62.36	46.69	88.8	81.88	50.11	60.39	116.7	53.14	107.9	42.49	106.7	104.4	64.17	61.12	64.94	69.15	84.5	61.64	78.4	54.95	88.16
81.3	97	92.43	81.25	87.45	79.59	81.16	35.29	81.83	70.11	55.64	100.1	119.9	79.88	60.37	47.6	75.49	66.56	66.02	87.07	88.48	92.74	63.44	61.15	82.12	59.43	71.28	48.99	70.29	67.37	87.06	56.38	56.47	86.2	53.56	85.5	105.7	54.21	79.53	74.7	71.53	84.47	75.69	78.82	53.54	86.32	66.06	46.73	75.6	82.95	53.28	30.64	44.11	127.9	90.6	81.69	71	89.48	57.55	73.73	84.11	61.55	87.91	79.43	63.77	70.01	83.48	40.4	78.61	62.63	68.34	70.73	57.86	64	74.49	44.95	97.62	67.53	97.76	61.53	46.02	87.52	80.72	49.39	59.51	115	52.38	106.4	41.87	105.3	103	63.31	60.25	63.99	68.12	83.28	60.78	77.32	54.25	86.92
80.14	95.59	91.1	80.08	86.14	78.49	79.94	34.8	80.61	69.05	54.83	98.62	118.1	78.77	59.53	46.88	74.38	65.6	65.16	85.79	87.17	91.36	62.55	60.34	80.98	58.54	70.26	48.29	69.31	66.42	85.82	55.68	55.65	84.95	52.8	84.31	104.2	53.39	78.43	73.66	70.55	83.28	74.63	77.67	52.78	85.08	65.25	46.06	74.52	81.69	52.5	30.22	43.45	126	89.3	80.49	70.01	88.18	56.87	72.69	82.94	60.66	86.62	78.24	62.81	68.97	82.28	39.79	77.49	61.67	67.3	69.69	56.99	63.13	73.38	44.3	96.25	66.59	96.29	60.7	45.35	86.24	79.55	48.68	58.62	113.4	51.63	104.9	41.26	103.8	101.5	62.45	59.38	63.04	67.1	82.07	59.92	76.24	53.56	85.67
78.99	94.18	89.76	78.91	84.83	77.39	78.72	34.31	79.39	68	54.02	97.17	116.3	77.66	58.69	46.16	73.27	64.64	64.31	84.51	85.85	89.98	61.65	59.54	79.84	57.66	69.24	47.59	68.32	65.47	84.57	54.97	54.83	83.71	52.05	83.11	102.6	52.58	77.33	72.61	69.58	82.08	73.57	76.52	52.03	83.84	64.45	45.4	73.44	80.43	51.73	29.8	42.8	124.2	88	79.29	69.02	86.88	56.2	71.65	81.76	59.77	85.34	77.04	61.84	67.92	81.08	39.18	76.37	60.71	66.27	68.65	56.12	62.27	72.27	43.65	94.88	65.64	94.83	59.87	44.68	84.95	78.39	47.97	57.73	111.7	50.87	103.5	40.64	102.4	99.99	61.59	58.5	62.09	66.08	80.85	59.06	75.16	52.86	84.43
77.83	92.78	88.43	77.74	83.52	76.3	77.49	33.81	78.17	66.94	53.2	95.71	114.6	76.54	57.84	45.43	72.16	63.67	63.45	83.22	84.54	88.6	60.76	58.74	78.7	56.77	68.23	46.89	67.33	64.52	83.33	54.26	54.01	82.46	51.3	81.92	101	51.76	76.23	71.57	68.61	80.88	72.51	75.37	51.27	82.61	63.64	44.73	72.36	79.16	50.96	29.37	42.14	122.4	86.7	78.09	68.03	85.58	55.52	70.61	80.59	58.87	84.06	75.85	60.88	66.88	79.89	38.56	75.25	59.75	65.23	67.61	55.25	61.4	71.16	43	93.51	64.7	93.37	59.04	44.01	83.67	77.23	47.25	56.85	110	50.12	102	40.02	101	98.5	60.74	57.63	61.13	65.05	79.63	58.21	74.08	52.16	83.19
76.67	91.37	87.1	76.57	82.21	75.2	76.27	33.32	76.96	65.88	52.39	94.25	112.8	75.43	57	44.71	71.05	62.71	62.6	81.94	83.23	87.22	59.87	57.94	77.55	55.89	67.21	46.19	66.34	63.58	82.09	53.56	53.19	81.22	50.55	80.73	99.48	50.95	75.13	70.53	67.63	79.69	71.45	74.22	50.52	81.37	62.84	44.06	71.28	77.9	50.18	28.95	41.49	120.5	85.39	76.9	67.04	84.28	54.85	69.57	79.42	57.98	82.78	74.65	59.91	65.83	78.69	37.95	74.13	58.78	64.19	66.57	54.38	60.53	70.05	42.35	92.14	63.76	91.91	58.21	43.33	82.39	76.06	46.54	55.96	108.4	49.36	100.5	39.4	99.53	97.01	59.88	56.75	60.18	64.03	78.42	57.35	73	51.47	81.94
75.52	89.96	85.76	75.39	80.91	74.1	75.05	32.83	75.74	64.82	51.58	92.79	111.1	74.31	56.16	43.98	69.94	61.75	61.74	80.66	81.91	85.84	58.98	57.13	76.41	55	66.19	45.49	65.36	62.63	80.85	52.85	52.38	79.97	49.8	79.53	97.91	50.13	74.03	69.49	66.66	78.49	70.38	73.07	49.76	80.13	62.03	43.39	70.2	76.64	49.41	28.53	40.83	118.7	84.09	75.7	66.05	82.99	54.17	68.53	78.24	57.09	81.5	73.46	58.95	64.79	77.49	37.33	73.01	57.82	63.16	65.53	53.51	59.67	68.94	41.7	90.77	62.82	90.45	57.38	42.66	81.11	74.9	45.82	55.08	106.7	48.61	99.05	38.79	98.1	95.53	59.02	55.88	59.23	63.01	77.2	56.49	71.92	50.77	80.7
74.36	88.56	84.43	74.22	79.6	73.01	73.83	32.33	74.52	63.77	50.76	91.34	109.3	73.2	55.32	43.26	68.83	60.78	60.89	79.38	80.6	84.46	58.08	56.33	75.27	54.12	65.18	44.79	64.37	61.68	79.6	52.15	51.56	78.73	49.05	78.34	96.34	49.31	72.93	68.45	65.69	77.29	69.32	71.92	49.01	78.89	61.23	42.72	69.12	75.38	48.64	28.1	40.18	116.9	82.79	74.5	65.05	81.69	53.49	67.49	77.07	56.2	80.22	72.26	57.98	63.75	76.3	36.72	71.89	56.86	62.12	64.5	52.64	58.8	67.83	41.05	89.39	61.88	88.99	56.55	41.99	79.83	73.73	45.11	54.19	105	47.85	97.58	38.17	96.66	94.04	58.16	55	58.28	61.99	75.99	55.63	70.84	50.08	79.46
73.21	87.15	83.1	73.05	78.29	71.91	72.61	31.84	73.3	62.71	49.95	89.88	107.6	72.08	54.48	42.54	67.72	59.82	60.03	78.1	79.29	83.08	57.19	55.53	74.13	53.23	64.16	44.09	63.38	60.73	78.36	51.44	50.74	77.48	48.3	77.15	94.78	48.5	71.82	67.4	64.71	76.1	68.26	70.77	48.25	77.65	60.42	42.05	68.04	74.12	47.86	27.68	39.52	115	81.49	73.3	64.06	80.39	52.82	66.45	75.89	55.31	78.94	71.06	57.02	62.7	75.1	36.1	70.77	55.9	61.09	63.46	51.77	57.94	66.72	40.4	88.02	60.94	87.53	55.72	41.32	78.54	72.57	44.39	53.3	103.4	47.1	96.11	37.55	95.23	92.55	57.31	54.13	57.33	60.96	74.77	54.77	69.76	49.38	78.21
72.05	85.74	81.76	71.88	76.98	70.81	71.39	31.35	72.08	61.65	49.14	88.42	105.8	70.97	53.63	41.81	66.61	58.85	59.18	76.81	77.97	81.7	56.3	54.73	72.98	52.35	63.15	43.39	62.39	59.78	77.12	50.73	49.92	76.23	47.55	75.96	93.21	47.68	70.72	66.36	63.74	74.9	67.2	69.62	47.49	76.41	59.61	41.39	66.96	72.86	47.09	27.25	38.87	113.2	80.19	72.11	63.07	79.09	52.14	65.41	74.72	54.41	77.66	69.87	56.05	61.66	73.91	35.49	69.65	54.94	60.05	62.42	50.9	57.07	65.61	39.75	86.65	60	86.07	54.89	40.65	77.26	71.4	43.68	52.42	101.7	46.34	94.64	36.94	93.8	91.07	56.45	53.25	56.38	59.94	73.55	53.91	68.68	48.69	76.97
70.9	84.34	80.43	70.71	75.68	69.72	70.17	30.86	70.86	60.59	48.33	86.97	104.1	69.85	52.79	41.09	65.5	57.89	58.32	75.53	76.66	80.32	55.41	53.92	71.84	51.46	62.13	42.7	61.41	58.83	75.87	50.03	49.1	74.99	46.8	74.76	91.64	46.86	69.62	65.32	62.77	73.7	66.13	68.47	46.74	75.17	58.81	40.72	65.88	71.6	46.31	26.83	38.21	111.4	78.88	70.91	62.08	77.79	51.47	64.37	73.55	53.52	76.38	68.67	55.09	60.62	72.71	34.88	68.53	53.98	59.01	61.38	50.03	56.2	64.5	39.1	85.28	59.06	84.61	54.06	39.98	75.98	70.24	42.96	51.53	100	45.58	93.17	36.32	92.36	89.58	55.59	52.38	55.43	58.92	72.34	53.05	67.59	47.99	75.73
69.74	82.93	79.1	69.54	74.37	68.62	68.95	30.36	69.64	59.53	47.51	85.51	102.3	68.74	51.95	40.36	64.39	56.93	57.46	74.25	75.35	78.94	54.51	53.12	70.7	50.58	61.11	42	60.42	57.88	74.63	49.32	48.29	73.74	46.05	73.57	90.08	46.05	68.52	64.28	61.79	72.51	65.07	67.32	45.98	73.93	58	40.05	64.8	70.34	45.54	26.41	37.56	109.5	77.58	69.71	61.09	76.49	50.79	63.33	72.37	52.63	75.1	67.48	54.12	59.57	71.51	34.26	67.41	53.02	57.98	60.34	49.16	55.34	63.39	38.45	83.91	58.12	83.14	53.23	39.3	74.7	69.08	42.25	50.64	98.36	44.83	91.7	35.7	90.93	88.09	54.73	51.51	54.48	57.89	71.12	52.19	66.51	47.3	74.49
68.59	81.52	77.76	68.36	73.06	67.52	67.73	29.87	68.43	58.48	46.7	84.05	100.6	67.62	51.11	39.64	63.28	55.96	56.61	72.97	74.03	77.56	53.62	52.32	69.56	49.69	60.1	41.3	59.43	56.93	73.39	48.61	47.47	72.5	45.3	72.38	88.51	45.23	67.42	63.23	60.82	71.31	64.01	66.17	45.23	72.69	57.2	39.38	63.72	69.08	44.77	25.98	36.9	107.7	76.28	68.51	60.1	75.2	50.12	62.29	71.2	51.74	73.82	66.28	53.16	58.53	70.32	33.65	66.29	52.06	56.94	59.3	48.29	54.47	62.28	37.8	82.54	57.18	81.68	52.4	38.63	73.42	67.91	41.53	49.76	96.7	44.07	90.23	35.08	89.5	86.61	53.88	50.63	53.53	56.87	69.9	51.33	65.43	46.6	73.24
67.43	80.12	76.43	67.19	71.75	66.42	66.51	29.38	67.21	57.42	45.89	82.6	98.82	66.51	50.26	38.92	62.17	55	55.75	71.68	72.72	76.18	52.73	51.52	68.41	48.81	59.08	40.6	58.44	55.98	72.15	47.91	46.65	71.25	44.55	71.18	86.94	44.41	66.32	62.19	59.85	70.11	62.95	65.02	44.47	71.46	56.39	38.71	62.65	67.82	43.99	25.56	36.25	105.9	74.98	67.32	59.1	73.9	49.44	61.25	70.02	50.85	72.54	65.09	52.2	57.49	69.12	33.03	65.17	51.1	55.9	58.26	47.42	53.6	61.17	37.14	81.16	56.24	80.22	51.57	37.96	72.13	66.75	40.82	48.87	95.03	43.32	88.76	34.47	88.06	85.12	53.02	49.76	52.58	55.85	68.69	50.47	64.35	45.91	72
66.28	78.71	75.1	66.02	70.44	65.33	65.29	28.88	65.99	56.36	45.07	81.14	97.07	65.4	49.42	38.19	61.06	54.04	54.9	70.4	71.41	74.8	51.84	50.72	67.27	47.92	58.06	39.9	57.46	55.03	70.9	47.2	45.83	70.01	43.8	69.99	85.38	43.6	65.22	61.15	58.87	68.92	61.89	63.87	43.72	70.22	55.59	38.04	61.57	66.56	43.22	25.13	35.59	104	73.68	66.12	58.11	72.6	48.77	60.21	68.85	49.95	71.26	63.89	51.23	56.44	67.92	32.42	64.05	50.14	54.87	57.22	46.55	52.74	60.06	36.49	79.79	55.3	78.76	50.74	37.29	70.85	65.58	40.1	47.98	93.37	42.56	87.29	33.85	86.63	83.64	52.16	48.88	51.63	54.83	67.47	49.61	63.27	45.21	70.76
65.12	77.3	73.76	64.85	69.14	64.23	64.07	28.39	64.77	55.3	44.26	79.68	95.32	64.28	48.58	37.47	59.95	53.07	54.04	69.12	70.1	73.41	50.94	49.91	66.13	47.04	57.05	39.2	56.47	54.09	69.66	46.49	45.01	68.76	43.05	68.8	83.81	42.78	64.12	60.11	57.9	67.72	60.82	62.72	42.96	68.98	54.78	37.37	60.49	65.3	42.45	24.71	34.94	102.2	72.37	64.92	57.12	71.3	48.09	59.17	67.68	49.06	69.98	62.7	50.27	55.4	66.73	31.81	62.93	49.18	53.83	56.18	45.68	51.87	58.95	35.84	78.42	54.36	77.3	49.91	36.62	69.57	64.42	39.39	47.1	91.7	41.81	85.82	33.23	85.2	82.15	51.3	48.01	50.68	53.8	66.26	48.75	62.19	44.52	69.51
63.96	75.9	72.43	63.68	67.83	63.13	62.85	27.9	63.55	54.25	43.45	78.22	93.57	63.17	47.74	36.74	58.84	52.11	53.19	67.84	68.78	72.03	50.05	49.11	64.99	46.16	56.03	38.5	55.48	53.14	68.42	45.79	44.2	67.52	42.3	67.61	82.24	41.96	63.02	59.07	56.92	66.52	59.76	61.57	42.21	67.74	53.97	36.71	59.41	64.04	41.67	24.29	34.28	100.4	71.07	63.73	56.13	70	47.41	58.13	66.5	48.17	68.7	61.5	49.3	54.35	65.53	31.19	61.81	48.22	52.8	55.14	44.81	51.01	57.84	35.19	77.05	53.41	75.84	49.08	35.95	68.29	63.26	38.67	46.21	90.04	41.05	84.35	32.61	83.76	80.66	50.45	47.13	49.73	52.78	65.04	47.89	61.11	43.82	68.27
62.81	74.49	71.09	62.51	66.52	62.04	61.63	27.4	62.33	53.19	42.64	76.77	91.82	62.05	46.9	36.02	57.73	51.14	52.33	66.56	67.47	70.65	49.16	48.31	63.84	45.27	55.02	37.8	54.5	52.19	67.18	45.08	43.38	66.27	41.55	66.41	80.68	41.15	61.92	58.02	55.95	65.33	58.7	60.42	41.45	66.5	53.17	36.04	58.33	62.78	40.9	23.86	33.63	98.52	69.77	62.53	55.14	68.71	46.74	57.09	65.33	47.28	67.42	60.31	48.34	53.31	64.33	30.58	60.69	47.26	51.76	54.1	43.94	50.14	56.72	34.54	75.68	52.47	74.38	48.25	35.28	67	62.09	37.96	45.32	88.37	40.3	82.88	32	82.33	79.18	49.59	46.26	48.78	51.76	63.82	47.03	60.03	43.12	67.03
61.65	73.08	69.76	61.33	65.21	60.94	60.41	26.91	61.11	52.13	41.82	75.31	90.06	60.94	46.05	35.3	56.62	50.18	51.48	65.27	66.16	69.27	48.27	47.51	62.7	44.39	54	37.1	53.51	51.24	65.93	44.38	42.56	65.03	40.8	65.22	79.11	40.33	60.82	56.98	54.98	64.13	57.64	59.27	40.7	65.26	52.36	35.37	57.25	61.52	40.12	23.44	32.97	96.68	68.47	61.33	54.14	67.41	46.06	56.05	64.16	46.39	66.14	59.11	47.37	52.27	63.14	29.96	59.57	46.3	50.72	53.07	43.07	49.27	55.61	33.89	74.31	51.53	72.92	47.42	34.6	65.72	60.93	37.24	44.44	86.71	39.54	81.41	31.38	80.9	77.69	48.73	45.38	47.83	50.73	62.61	46.17	58.95	42.43	65.78
60.5	71.68	68.43	60.16	63.91	59.84	59.19	26.42	59.9	51.07	41.01	73.85	88.31	59.82	45.21	34.57	55.51	49.22	50.62	63.99	64.84	67.89	47.37	46.7	61.56	43.5	52.98	36.4	52.52	50.29	64.69	43.67	41.74	63.78	40.05	64.03	77.54	39.51	59.71	55.94	54	62.93	56.57	58.12	39.94	64.02	51.56	34.7	56.17	60.26	39.35	23.01	32.32	94.85	67.16	60.13	53.15	66.11	45.39	55.01	62.98	45.5	64.86	57.91	46.41	51.22	61.94	29.35	58.45	45.34	49.69	52.03	42.2	48.41	54.5	33.24	72.93	50.59	71.46	46.59	33.93	64.44	59.76	36.53	43.55	85.04	38.79	79.94	30.76	79.46	76.2	47.87	44.51	46.88	49.71	61.39	45.31	57.87	41.73	64.54
59.34	70.27	67.09	58.99	62.6	58.75	57.97	25.93	58.68	50.02	40.2	72.4	86.56	58.71	44.37	33.85	54.4	48.25	49.77	62.71	63.53	66.51	46.48	45.9	60.42	42.62	51.97	35.71	51.53	49.34	63.45	42.96	40.92	62.54	39.3	62.83	75.98	38.7	58.61	54.9	53.03	61.74	55.51	56.97	39.19	62.78	50.75	34.03	55.09	59	38.58	22.59	31.66	93.01	65.86	58.94	52.16	64.81	44.71	53.97	61.81	44.6	63.58	56.72	45.44	50.18	60.74	28.74	57.33	44.38	48.65	50.99	41.33	47.54	53.39	32.59	71.56	49.65	70	45.76	33.26	63.16	58.6	35.81	42.66	83.38	38.03	78.47	30.15	78.03	74.72	47.02	43.64	45.93	48.69	60.17	44.45	56.78	41.04	63.3
58.19	68.86	65.76	57.82	61.29	57.65	56.75	25.43	57.46	48.96	39.38	70.94	84.81	57.59	43.53	33.12	53.29	47.29	48.91	61.43	62.22	65.13	45.59	45.1	59.28	41.73	50.95	35.01	50.55	48.39	62.2	42.26	40.11	61.29	38.55	61.64	74.41	37.88	57.51	53.85	52.06	60.54	54.45	55.82	38.43	61.54	49.95	33.36	54.01	57.74	37.8	22.17	31.01	91.18	64.56	57.74	51.17	63.51	44.04	52.93	60.63	43.71	62.3	55.52	44.48	49.14	59.55	28.12	56.21	43.42	47.62	49.95	40.46	46.68	52.28	31.94	70.19	48.71	68.53	44.93	32.59	61.88	57.43	35.1	41.78	81.71	37.28	77	29.53	76.6	73.23	46.16	42.76	44.98	47.67	58.96	43.59	55.7	40.34	62.05
57.03	67.46	64.43	56.65	59.98	56.55	55.52	24.94	56.24	47.9	38.57	69.48	83.06	56.48	42.69	32.4	52.18	46.33	48.06	60.15	60.9	63.75	44.7	44.3	58.13	40.85	49.94	34.31	49.56	47.44	60.96	41.55	39.29	60.05	37.8	60.45	72.84	37.06	56.41	52.81	51.08	59.34	53.39	54.67	37.68	60.3	49.14	32.7	52.93	56.48	37.03	21.74	30.35	89.34	63.26	56.54	50.18	62.22	43.36	51.89	59.46	42.82	61.01	54.33	43.51	48.09	58.35	27.51	55.09	42.46	46.58	48.91	39.59	45.81	51.17	31.29	68.82	47.77	67.07	44.1	31.92	60.59	56.27	34.38	40.89	80.05	36.52	75.53	28.91	75.16	71.74	45.3	41.89	44.03	46.64	57.74	42.73	54.62	39.65	60.81
55.88	66.05	63.09	55.48	58.67	55.45	54.3	24.45	55.02	46.84	37.76	68.03	81.3	55.36	41.84	31.68	51.07	45.36	47.2	58.86	59.59	62.37	43.8	43.49	56.99	39.96	48.92	33.61	48.57	46.49	59.72	40.84	38.47	58.8	37.05	59.26	71.28	36.25	55.31	51.77	50.11	58.15	52.33	53.52	36.92	59.07	48.33	32.03	51.85	55.22	36.26	21.32	29.7	87.51	61.96	55.34	49.19	60.92	42.68	50.85	58.29	41.93	59.73	53.13	42.55	47.05	57.16	26.89	53.97	41.5	45.54	47.87	38.71	44.94	50.06	30.64	67.45	46.83	65.61	43.27	31.25	59.31	55.11	33.67	40.01	78.38	35.77	74.06	28.29	73.73	70.26	44.44	41.01	43.08	45.62	56.53	41.87	53.54	38.95	59.57
54.72	64.64	61.76	54.3	57.37	54.36	53.08	23.95	53.8	45.79	36.94	66.57	79.55	54.25	41	30.95	49.96	44.4	46.35	57.58	58.28	60.99	42.91	42.69	55.85	39.08	47.9	32.91	47.58	45.54	58.48	40.14	37.65	57.56	36.3	58.06	69.71	35.43	54.21	50.73	49.14	56.95	51.26	52.37	36.17	57.83	47.53	31.36	50.77	53.95	35.48	20.89	29.04	85.68	60.65	54.15	48.19	59.62	42.01	49.81	57.11	41.04	58.45	51.94	41.58	46	55.96	26.28	52.85	40.54	44.51	46.83	37.84	44.08	48.95	29.99	66.08	45.89	64.15	42.44	30.58	58.03	53.94	32.96	39.12	76.72	35.01	72.58	27.68	72.3	68.77	43.59	40.14	42.13	44.6	55.31	41.01	52.46	38.26	58.32
53.57	63.24	60.43	53.13	56.06	53.26	51.86	23.46	52.58	44.73	36.13	65.11	77.8	53.14	40.16	30.23	48.85	43.43	45.49	56.3	56.96	59.61	42.02	41.89	54.71	38.19	46.89	32.21	46.6	44.6	57.23	39.43	36.83	56.31	35.55	56.87	68.14	34.61	53.11	49.69	48.16	55.75	50.2	51.22	35.41	56.59	46.72	30.69	49.69	52.69	34.71	20.47	28.39	83.84	59.35	52.95	47.2	58.32	41.33	48.77	55.94	40.14	57.17	50.74	40.62	44.96	54.76	25.67	51.73	39.58	43.47	45.79	36.97	43.21	47.84	29.34	64.71	44.95	62.69	41.61	29.9	56.75	52.78	32.24	38.23	75.05	34.26	71.11	27.06	70.86	67.28	42.73	39.26	41.18	43.57	54.09	40.15	51.38	37.56	57.08
52.41	61.83	59.09	51.96	54.75	52.16	50.64	22.97	51.37	43.67	35.32	63.65	76.05	52.02	39.32	29.5	47.74	42.47	44.64	55.02	55.65	58.23	41.13	41.09	53.56	37.31	45.87	31.51	45.61	43.65	55.99	38.72	36.02	55.07	34.8	55.68	66.58	33.8	52.01	48.64	47.19	54.56	49.14	50.08	34.66	55.35	45.92	30.02	48.61	51.43	33.94	20.05	27.73	82.01	58.05	51.75	46.21	57.02	40.66	47.73	54.77	39.25	55.89	49.55	39.65	43.92	53.57	25.05	50.61	38.62	42.44	44.75	36.1	42.35	46.73	28.69	63.33	44.01	61.23	40.78	29.23	55.46	51.61	31.53	37.35	73.39	33.5	69.64	26.44	69.43	65.8	41.87	38.39	40.23	42.55	52.88	39.29	50.3	36.87	55.84
51.25	60.42	57.76	50.79	53.44	51.07	49.42	22.48	50.15	42.61	34.51	62.2	74.29	50.91	38.47	28.78	46.63	41.51	43.78	53.74	54.34	56.85	40.23	40.29	52.42	36.42	44.85	30.81	44.62	42.7	54.75	38.02	35.2	53.82	34.05	54.48	65.01	32.98	50.91	47.6	46.22	53.36	48.08	48.93	33.9	54.11	45.11	29.35	47.53	50.17	33.16	19.62	27.08	80.17	56.75	50.55	45.22	55.73	39.98	46.69	53.59	38.36	54.61	48.35	38.69	42.87	52.37	24.44	49.49	37.66	41.4	43.71	35.23	41.48	45.62	28.04	61.96	43.07	59.77	39.95	28.56	54.18	50.45	30.81	36.46	71.72	32.74	68.17	25.83	68	64.31	41.01	37.51	39.28	41.53	51.66	38.43	49.22	36.17	54.59
50.1	59.02	56.43	49.62	52.14	49.97	48.2	21.98	48.93	41.55	33.69	60.74	72.54	49.79	37.63	28.06	45.52	40.54	42.92	52.45	53.02	55.47	39.34	39.48	51.28	35.54	43.84	30.11	43.63	41.75	53.5	37.31	34.38	52.58	33.29	53.29	63.44	32.16	49.81	46.56	45.24	52.17	47.01	47.78	33.15	52.87	44.31	28.68	46.45	48.91	32.39	19.2	26.42	78.34	55.45	49.36	44.23	54.43	39.31	45.65	52.42	37.47	53.33	47.16	37.72	41.83	51.17	23.82	48.37	36.7	40.36	42.67	34.36	40.61	44.51	27.38	60.59	42.13	58.31	39.12	27.89	52.9	49.29	30.1	35.57	70.06	31.99	66.7	25.21	66.56	62.82	40.16	36.64	38.33	40.51	50.44	37.57	48.14	35.48	53.35
48.94	57.61	55.09	48.45	50.83	48.87	46.98	21.49	47.71	40.5	32.88	59.28	70.79	48.68	36.79	27.33	44.42	39.58	42.07	51.17	51.71	54.09	38.45	38.68	50.14	34.65	42.82	29.41	42.65	40.8	52.26	36.6	33.56	51.33	32.54	52.1	61.88	31.35	48.71	45.52	44.27	50.97	45.95	46.63	32.39	51.63	43.5	28.02	45.37	47.65	31.61	18.77	25.77	76.5	54.14	48.16	43.24	53.13	38.63	44.61	51.24	36.58	52.05	45.96	36.76	40.79	49.98	23.21	47.25	35.74	39.33	41.63	33.49	39.75	43.4	26.73	59.22	41.19	56.85	38.29	27.22	51.62	48.12	29.38	34.69	68.39	31.23	65.23	24.59	65.13	61.34	39.3	35.77	37.38	39.48	49.23	36.71	47.06	34.78	52.11
47.79	56.2	53.76	47.27	49.52	47.77	45.76	21	46.49	39.44	32.07	57.83	69.04	47.56	35.95	26.61	43.31	38.62	41.21	49.89	50.4	52.71	37.56	37.88	48.99	33.77	41.81	28.72	41.66	39.85	51.02	35.9	32.74	50.09	31.79	50.91	60.31	30.53	47.6	44.47	43.3	49.77	44.89	45.48	31.64	50.39	42.69	27.35	44.29	46.39	30.84	18.35	25.11	74.67	52.84	46.96	42.24	51.83	37.95	43.57	50.07	35.68	50.77	44.76	35.8	39.74	48.78	22.6	46.13	34.78	38.29	40.6	32.62	38.88	42.29	26.08	57.85	40.24	55.38	37.46	26.55	50.34	46.96	28.67	33.8	66.73	30.48	63.76	23.97	63.7	59.85	38.44	34.89	36.43	38.46	48.01	35.85	45.98	34.08	50.87
46.63	54.8	52.43	46.1	48.21	46.68	44.54	20.5	45.27	38.38	31.25	56.37	67.29	46.45	35.11	25.89	42.2	37.65	40.36	48.61	49.08	51.33	36.66	37.08	47.85	32.88	40.79	28.02	40.67	38.9	49.78	35.19	31.93	48.84	31.04	49.71	58.74	29.72	46.5	43.43	42.32	48.58	43.83	44.33	30.88	49.15	41.89	26.68	43.21	45.13	30.07	17.93	24.46	72.83	51.54	45.76	41.25	50.53	37.28	42.53	48.9	34.79	49.49	43.57	34.83	38.7	47.58	21.98	45.01	33.82	37.26	39.56	31.75	38.02	41.18	25.43	56.48	39.3	53.92	36.63	25.88	49.05	45.79	27.95	32.91	65.06	29.72	62.29	23.36	62.26	58.37	37.58	34.02	35.48	37.44	46.8	34.99	44.89	33.39	49.62
45.48	53.39	51.09	44.93	46.9	45.58	43.32	20.01	44.05	37.32	30.44	54.91	65.53	45.33	34.26	25.16	41.09	36.69	39.5	47.32	47.77	49.95	35.77	36.27	46.71	32	39.77	27.32	39.68	37.95	48.53	34.49	31.11	47.6	30.29	48.52	57.18	28.9	45.4	42.39	41.35	47.38	42.77	43.18	30.13	47.91	41.08	26.01	42.13	43.87	29.29	17.5	23.8	71	50.24	44.57	40.26	49.23	36.6	41.49	47.72	33.9	48.21	42.37	33.87	37.66	46.39	21.37	43.89	32.86	36.22	38.52	30.88	37.15	40.07	24.78	55.1	38.36	52.46	35.8	25.2	47.77	44.63	27.24	32.03	63.4	28.97	60.82	22.74	60.83	56.88	36.73	33.14	34.53	36.41	45.58	34.13	43.81	32.69	48.38
44.32	51.98	49.76	43.76	45.6	44.48	42.1	19.52	42.84	36.27	29.63	53.46	63.78	44.22	33.42	24.44	39.98	35.72	38.65	46.04	46.46	48.57	34.88	35.47	45.57	31.11	38.76	26.62	38.7	37	47.29	33.78	30.29	46.35	29.54	47.33	55.61	28.08	44.3	41.35	40.37	46.18	41.7	42.03	29.37	46.68	40.28	25.34	41.05	42.61	28.52	17.08	23.15	69.16	48.94	43.37	39.27	47.94	35.93	40.45	46.55	33.01	46.93	41.18	32.9	36.61	45.19	20.75	42.77	31.9	35.18	37.48	30.01	36.28	38.96	24.13	53.73	37.42	51	34.97	24.53	46.49	43.47	26.52	31.14	61.73	28.21	59.35	22.12	59.4	55.39	35.87	32.27	33.58	35.39	44.36	33.27	42.73	32	47.14
43.17	50.58	48.42	42.59	44.29	43.39	40.88	19.02	41.62	35.21	28.82	52	62.03	43.1	32.58	23.71	38.87	34.76	37.79	44.76	45.15	47.19	33.99	34.67	44.42	30.23	37.74	25.92	37.71	36.05	46.05	33.07	29.47	45.11	28.79	46.13	54.04	27.27	43.2	40.31	39.4	44.99	40.64	40.88	28.62	45.44	39.47	24.67	39.97	41.35	27.75	16.66	22.49	67.33	47.63	42.17	38.28	46.64	35.25	39.41	45.37	32.12	45.65	39.98	31.94	35.57	43.99	20.14	41.65	30.94	34.15	36.44	29.14	35.42	37.85	23.48	52.36	36.48	49.54	34.14	23.86	45.21	42.3	25.81	30.25	60.06	27.46	57.88	21.51	57.96	53.91	35.01	31.39	32.63	34.37	43.15	32.41	41.65	31.3	45.89
42.01	49.17	47.09	41.42	42.98	42.29	39.66	18.53	40.4	34.15	28	50.54	60.28	41.99	31.74	22.99	37.76	33.8	36.94	43.48	43.83	45.81	33.09	33.87	43.28	29.34	36.72	25.22	36.72	35.1	44.81	32.37	28.65	43.86	28.04	44.94	52.48	26.45	42.1	39.26	38.43	43.79	39.58	39.73	27.86	44.2	38.67	24.01	38.89	40.09	26.97	16.23	21.84	65.49	46.33	40.97	37.29	45.34	34.58	38.37	44.2	31.22	44.37	38.79	30.97	34.52	42.8	19.52	40.53	29.98	33.11	35.4	28.27	34.55	36.74	22.83	50.99	35.54	48.08	33.31	23.19	43.92	41.14	25.09	29.37	58.4	26.7	56.41	20.89	56.53	52.42	34.15	30.52	31.68	33.35	41.93	31.55	40.57	30.61	44.65
40.85	47.76	45.76	40.24	41.67	41.19	38.44	18.04	39.18	33.09	27.19	49.08	58.53	40.88	30.89	22.27	36.65	32.83	36.08	42.2	42.52	44.43	32.2	33.06	42.14	28.46	35.71	24.52	35.73	34.16	43.56	31.66	27.83	42.62	27.29	43.75	50.91	25.63	41	38.22	37.45	42.59	38.52	38.58	27.11	42.96	37.86	23.34	37.81	38.83	26.2	15.81	21.18	63.66	45.03	39.78	36.29	44.04	33.9	37.33	43.03	30.33	43.09	37.59	30.01	33.48	41.6	18.91	39.41	29.02	32.07	34.36	27.4	33.68	35.63	22.18	49.62	34.6	46.62	32.48	22.52	42.64	39.97	24.38	28.48	56.73	25.95	54.94	20.27	55.1	50.93	33.29	29.64	30.73	32.32	40.71	30.69	39.49	29.91	43.41
39.7	46.36	44.42	39.07	40.37	40.1	37.22	17.55	37.96	32.04	26.38	47.63	56.77	39.76	30.05	21.54	35.54	31.87	35.23	40.91	41.21	43.05	31.31	32.26	41	27.57	34.69	23.82	34.75	33.21	42.32	30.95	27.02	41.37	26.54	42.56	49.34	24.82	39.9	37.18	36.48	41.4	37.46	37.43	26.35	41.72	37.05	22.67	36.73	37.57	25.42	15.38	20.53	61.82	43.73	38.58	35.3	42.74	33.22	36.29	41.85	29.44	41.81	36.4	29.04	32.44	40.41	18.3	38.29	28.06	31.04	33.32	26.53	32.82	34.52	21.53	48.25	33.66	45.16	31.65	21.85	41.36	38.81	23.66	27.6	55.07	25.19	53.47	19.65	53.66	49.45	32.44	28.77	29.78	31.3	39.5	29.83	38.41	29.22	42.16
38.54	44.95	43.09	37.9	39.06	39	36	17.05	36.74	30.98	25.56	46.17	55.02	38.65	29.21	20.82	34.43	30.91	34.37	39.63	39.89	41.67	30.42	31.46	39.85	26.69	33.68	23.12	33.76	32.26	41.08	30.25	26.2	40.12	25.79	41.36	47.78	24	38.8	36.14	35.51	40.2	36.39	36.28	25.6	40.48	36.25	22	35.65	36.31	24.65	14.96	19.87	59.99	42.43	37.38	34.31	41.45	32.55	35.25	40.68	28.55	40.53	35.2	28.08	31.39	39.21	17.68	37.17	27.1	30	32.28	25.66	31.95	33.41	20.88	46.87	32.72	43.7	30.82	21.17	40.08	37.64	22.95	26.71	53.4	24.44	52	19.04	52.23	47.96	31.58	27.9	28.83	30.28	38.28	28.97	37.33	28.52	40.92
37.39	43.54	41.76	36.73	37.75	37.9	34.78	16.56	35.52	29.92	24.75	44.71	53.27	37.53	28.37	20.09	33.32	29.94	33.52	38.35	38.58	40.28	29.52	30.66	38.71	25.8	32.66	22.42	32.77	31.31	39.83	29.54	25.38	38.88	25.04	40.17	46.21	23.18	37.7	35.09	34.53	39	35.33	35.13	24.84	39.24	35.44	21.33	34.57	35.05	23.88	14.54	19.22	58.16	41.12	36.18	33.32	40.15	31.87	34.21	39.51	27.66	39.25	34.01	27.11	30.35	38.01	17.07	36.05	26.14	28.97	31.24	24.79	31.09	32.3	20.23	45.5	31.78	42.23	29.99	20.5	38.8	36.48	22.23	25.82	51.74	23.68	50.53	18.42	50.8	46.47	30.72	27.02	27.88	29.26	37.07	28.11	36.25	27.83	39.68
36.23	42.14	40.42	35.56	36.44	36.8	33.56	16.07	34.31	28.86	23.94	43.26	51.52	36.42	27.53	19.37	32.21	28.98	32.66	37.07	37.27	38.9	28.63	29.86	37.57	24.92	31.64	21.73	31.79	30.36	38.59	28.83	24.56	37.63	24.29	38.98	44.64	22.37	36.6	34.05	33.56	37.81	34.27	33.98	24.08	38	34.64	20.66	33.5	33.79	23.1	14.11	18.56	56.32	39.82	34.99	32.33	38.85	31.2	33.17	38.33	26.77	37.97	32.81	26.15	29.31	36.82	16.45	34.93	25.18	27.93	30.2	23.92	30.22	31.19	19.58	44.13	30.84	40.77	29.16	19.83	37.51	35.32	21.52	24.94	50.07	22.93	49.06	17.8	49.36	44.99	29.86	26.15	26.93	28.23	35.85	27.25	35.17	27.13	38.43
35.08	40.73	39.09	34.39	35.13	35.71	32.33	15.57	33.09	27.81	23.12	41.8	49.76	35.3	26.68	18.65	31.1	28.01	31.81	35.79	35.95	37.52	27.74	29.05	36.43	24.04	30.63	21.03	30.8	29.41	37.35	28.13	23.74	36.39	23.54	37.78	43.08	21.55	35.49	33.01	32.59	36.61	33.21	32.83	23.33	36.76	33.83	19.99	32.42	32.53	22.33	13.69	17.91	54.49	38.52	33.79	31.34	37.55	30.52	32.13	37.16	25.87	36.69	31.61	25.18	28.26	35.62	15.84	33.81	24.22	26.89	29.17	23.05	29.35	30.08	18.93	42.76	29.9	39.31	28.33	19.16	36.23	34.15	20.8	24.05	48.41	22.17	47.59	17.19	47.93	43.5	29.01	25.27	25.98	27.21	34.63	26.39	34.08	26.44	37.19
33.92	39.32	37.76	33.21	33.83	34.61	31.11	15.08	31.87	26.75	22.31	40.34	48.01	34.19	25.84	17.92	29.99	27.05	30.95	34.5	34.64	36.14	26.85	28.25	35.28	23.15	29.61	20.33	29.81	28.46	36.11	27.42	22.93	35.14	22.79	36.59	41.51	20.73	34.39	31.97	31.61	35.41	32.14	31.68	22.57	35.53	33.03	19.33	31.34	31.27	21.56	13.26	17.25	52.65	37.22	32.59	30.34	36.25	29.85	31.09	35.98	24.98	35.4	30.42	24.22	27.22	34.42	15.23	32.69	23.26	25.86	28.13	22.18	28.49	28.97	18.28	41.39	28.96	37.85	27.5	18.49	34.95	32.99	20.09	23.16	46.74	21.42	46.12	16.57	46.5	42.01	28.15	24.4	25.03	26.19	33.42	25.53	33	25.74	35.95
32.77	37.92	36.42	32.04	32.52	33.51	29.89	14.59	30.65	25.69	21.5	38.89	46.26	33.07	25	17.2	28.88	26.09	30.1	33.22	33.33	34.76	25.95	27.45	34.14	22.27	28.59	19.63	28.82	27.51	34.86	26.72	22.11	33.9	22.04	35.4	39.94	19.92	33.29	30.93	30.64	34.22	31.08	30.53	21.82	34.29	32.22	18.66	30.26	30.01	20.78	12.84	16.6	50.82	35.91	31.39	29.35	34.96	29.17	30.05	34.81	24.09	34.12	29.22	23.25	26.17	33.23	14.61	31.57	22.3	24.82	27.09	21.31	27.62	27.86	17.63	40.02	28.01	36.39	26.67	17.82	33.67	31.82	19.38	22.28	45.08	20.66	44.65	15.95	45.06	40.53	27.29	23.52	24.08	25.16	32.2	24.67	31.92	25.04	34.7
31.61	36.51	35.09	30.87	31.21	32.42	28.67	14.09	29.43	24.63	20.69	37.43	44.51	31.96	24.16	16.47	27.77	25.12	29.24	31.94	32.01	33.38	25.06	26.65	33	21.38	27.58	18.93	27.84	26.56	33.62	26.01	21.29	32.65	21.29	34.21	38.38	19.1	32.19	29.88	29.67	33.02	30.02	29.38	21.06	33.05	31.41	17.99	29.18	28.75	20.01	12.42	15.94	48.98	34.61	30.2	28.36	33.66	28.5	29.01	33.64	23.2	32.84	28.03	22.29	25.13	32.03	14	30.45	21.34	23.79	26.05	20.44	26.76	26.75	16.97	38.64	27.07	34.93	25.84	17.15	32.38	30.66	18.66	21.39	43.41	19.9	43.18	15.33	43.63	39.04	26.43	22.65	23.13	24.14	30.98	23.81	30.84	24.35	33.46
30.46	35.1	33.76	29.7	29.9	31.32	27.45	13.6	28.21	23.57	19.87	35.97	42.76	30.84	23.32	15.75	26.66	24.16	28.38	30.66	30.7	32	24.17	25.84	31.86	20.5	26.56	18.23	26.85	25.61	32.38	25.3	20.47	31.41	20.54	33.01	36.81	18.28	31.09	28.84	28.69	31.82	28.96	28.23	20.31	31.81	30.61	17.32	28.1	27.48	19.23	11.99	15.29	47.15	33.31	29	27.37	32.36	27.82	27.97	32.46	22.31	31.56	26.83	21.32	24.09	30.83	13.38	29.33	20.38	22.75	25.01	19.57	25.89	25.64	16.32	37.27	26.13	33.47	25.01	16.47	31.1	29.5	17.95	20.5	41.75	19.15	41.71	14.72	42.2	37.56	25.58	21.78	22.18	23.12	29.77	22.95	29.76	23.65	32.22
29.3	33.7	32.42	28.53	28.6	30.22	26.23	13.11	26.99	22.52	19.06	34.51	41	29.73	22.47	15.03	25.55	23.19	27.53	29.38	29.39	30.62	23.28	25.04	30.71	19.61	25.55	17.53	25.86	24.67	31.14	24.6	19.65	30.16	19.79	31.82	35.24	17.47	29.99	27.8	27.72	30.63	27.9	27.08	19.55	30.57	29.8	16.65	27.02	26.22	18.46	11.57	14.63	45.31	32.01	27.8	26.38	31.06	27.14	26.93	31.29	21.41	30.28	25.64	20.36	23.04	29.64	12.77	28.21	19.42	21.71	23.97	18.7	25.02	24.53	15.67	35.9	25.19	32.01	24.18	15.8	29.82	28.33	17.23	19.62	40.08	18.39	40.24	14.1	40.76	36.07	24.72	20.9	21.23	22.1	28.55	22.09	28.68	22.96	30.98
28.14	32.29	31.09	27.36	27.29	29.12	25.01	12.62	25.78	21.46	18.25	33.06	39.25	28.62	21.63	14.3	24.44	22.23	26.67	28.09	28.07	29.24	22.38	24.24	29.57	18.73	24.53	16.83	24.87	23.72	29.89	23.89	18.84	28.92	19.04	30.63	33.68	16.65	28.89	26.76	26.75	29.43	26.83	25.93	18.8	29.33	29	15.98	25.94	24.96	17.69	11.14	13.98	43.48	30.71	26.6	25.39	29.76	26.47	25.89	30.12	20.52	29	24.44	19.39	22	28.44	12.16	27.09	18.46	20.68	22.93	17.83	24.16	23.42	15.02	34.53	24.25	30.55	23.35	15.13	28.54	27.17	16.52	18.73	38.42	17.64	38.77	13.48	39.33	34.58	23.86	20.03	20.28	21.07	27.33	21.23	27.6	22.26	29.73
26.99	30.89	29.75	26.18	25.98	28.03	23.79	12.12	24.56	20.4	17.43	31.6	37.5	27.5	20.79	13.58	23.33	21.27	25.82	26.81	26.76	27.86	21.49	23.44	28.43	17.84	23.51	16.13	23.89	22.77	28.65	23.18	18.02	27.67	18.29	29.43	32.11	15.83	27.79	25.71	25.77	28.23	25.77	24.78	18.04	28.09	28.19	15.32	24.86	23.7	16.91	10.72	13.32	41.64	29.4	25.41	24.39	28.47	25.79	24.85	28.94	19.63	27.72	23.25	18.43	20.96	27.24	11.54	25.97	17.5	19.64	21.89	16.96	23.29	22.31	14.37	33.16	23.31	29.09	22.52	14.46	27.26	26	15.8	17.84	36.75	16.88	37.3	12.87	37.9	33.1	23	19.15	19.33	20.05	26.12	20.37	26.52	21.57	28.49
25.83	29.48	28.42	25.01	24.67	26.93	22.57	11.63	23.34	19.34	16.62	30.14	35.75	26.39	19.95	12.85	22.22	20.3	24.96	25.53	25.45	26.48	20.6	22.63	27.29	16.96	22.5	15.44	22.9	21.82	27.41	22.48	17.2	26.43	17.54	28.24	30.54	15.02	26.69	24.67	24.8	27.04	24.71	23.63	17.29	26.85	27.39	14.65	23.78	22.44	16.14	10.3	12.67	39.81	28.1	24.21	23.4	27.17	25.12	23.81	27.77	18.74	26.44	22.05	17.47	19.91	26.05	10.93	24.85	16.54	18.61	20.85	16.09	22.43	21.2	13.72	31.79	22.37	27.62	21.69	13.79	25.97	24.84	15.09	16.96	35.09	16.13	35.83	12.25	36.46	31.61	22.15	18.28	18.38	19.03	24.9	19.51	25.44	20.87	27.25
24.68	28.07	27.09	23.84	23.36	25.83	21.35	11.14	22.12	18.29	15.81	28.69	33.99	25.27	19.1	12.13	21.11	19.34	24.11	24.25	24.14	25.1	19.71	21.83	26.14	16.07	21.48	14.74	21.91	20.87	26.16	21.77	16.38	25.18	16.79	27.05	28.97	14.2	25.59	23.63	23.83	25.84	23.65	22.48	16.53	25.61	26.58	13.98	22.7	21.18	15.37	9.873	12.01	37.97	26.8	23.01	22.41	25.87	24.44	22.77	26.59	17.85	25.16	20.85	16.5	18.87	24.85	10.31	23.73	15.58	17.57	19.81	15.22	21.56	20.09	13.07	30.41	21.43	26.16	20.86	13.12	24.69	23.67	14.37	16.07	33.42	15.37	34.35	11.63	35.03	30.12	21.29	17.4	17.43	18	23.69	18.65	24.36	20.18	26
23.52	26.67	25.75	22.67	22.06	24.74	20.13	10.64	20.9	17.23	15	27.23	32.24	24.16	18.26	11.41	20	18.38	23.25	22.96	22.82	23.72	18.81	21.03	25	15.19	20.46	14.04	20.92	19.92	24.92	21.06	15.56	23.94	16.04	25.86	27.41	13.38	24.49	22.59	22.85	24.65	22.58	21.33	15.78	24.37	25.77	13.31	21.62	19.92	14.59	9.449	11.36	36.14	25.5	21.81	21.42	24.57	23.77	21.73	25.42	16.95	23.88	19.66	15.54	17.82	23.66	9.699	22.61	14.61	16.53	18.77	14.35	20.69	18.98	12.42	29.04	20.49	24.7	20.04	12.45	23.41	22.51	13.66	15.18	31.76	14.62	32.88	11.01	33.6	28.64	20.43	16.53	16.48	16.98	22.47	17.79	23.28	19.48	24.76
22.37	25.26	24.42	21.5	20.75	23.64	18.91	10.15	19.68	16.17	14.18	25.77	30.49	23.04	17.42	10.68	18.89	17.41	22.4	21.68	21.51	22.34	17.92	20.23	23.86	14.3	19.45	13.34	19.94	18.97	23.68	20.36	14.75	22.69	15.29	24.66	25.84	12.57	23.38	21.55	21.88	23.45	21.52	20.18	15.02	23.14	24.97	12.64	20.54	18.66	13.82	9.025	10.7	34.31	24.2	20.62	20.43	23.27	23.09	20.69	24.25	16.06	22.6	18.46	14.57	16.78	22.46	9.085	21.49	13.65	15.5	17.74	13.48	19.83	17.87	11.77	27.67	19.55	23.24	19.21	11.77	22.13	21.35	12.94	14.3	30.09	13.86	31.41	10.4	32.16	27.15	19.57	15.65	15.53	15.96	21.25	16.93	22.19	18.79	23.52
21.21	23.85	23.09	20.33	19.44	22.54	17.69	9.658	18.46	15.11	13.37	24.32	28.74	21.93	16.58	9.959	17.78	16.45	21.54	20.4	20.2	20.96	17.03	19.43	22.72	13.42	18.43	12.64	18.95	18.02	22.44	19.65	13.93	21.45	14.54	23.47	24.27	11.75	22.28	20.5	20.9	22.25	20.46	19.03	14.27	21.9	24.16	11.97	19.46	17.4	13.05	8.601	10.05	32.47	22.89	19.42	19.44	21.97	22.41	19.65	23.07	15.17	21.32	17.27	13.61	15.74	21.26	8.471	20.37	12.69	14.46	16.7	12.61	18.96	16.76	11.12	26.3	18.61	21.78	18.38	11.1	20.84	20.18	12.23	13.41	28.43	13.11	29.94	9.78	30.73	25.66	18.72	14.78	14.58	14.94	20.04	16.07	21.11	18.09	22.27
20.06	22.45	21.75	19.15	18.13	21.45	16.47	9.165	17.25	14.06	12.56	22.86	26.99	20.81	15.74	9.235	16.67	15.48	20.69	19.12	18.88	19.58	16.14	18.62	21.57	12.53	17.42	11.94	17.96	17.07	21.19	18.95	13.11	20.2	13.79	22.28	22.71	10.93	21.18	19.46	19.93	21.06	19.4	17.88	13.51	20.66	23.36	11.3	18.38	16.14	12.27	8.177	9.394	30.64	21.59	18.22	18.44	20.68	21.74	18.61	21.9	14.28	20.04	16.07	12.64	14.69	20.07	7.857	19.25	11.73	13.42	15.66	11.74	18.1	15.65	10.47	24.93	17.67	20.32	17.55	10.43	19.56	19.02	11.51	12.53	26.76	12.35	28.47	9.163	29.3	24.18	17.86	13.91	13.63	13.91	18.82	15.21	20.03	17.4	21.03
18.9	21.04	20.42	17.98	16.82	20.35	15.25	8.672	16.03	13	11.74	21.4	25.23	19.7	14.89	8.511	15.56	14.52	19.83	17.84	17.57	18.2	15.24	17.82	20.43	11.65	16.4	11.24	16.97	16.12	19.95	18.24	12.29	18.96	13.03	21.08	21.14	10.12	20.08	18.42	18.96	19.86	18.34	16.73	12.76	19.42	22.55	10.64	17.3	14.88	11.5	7.753	8.739	28.8	20.29	17.02	17.45	19.38	21.06	17.57	20.73	13.39	18.76	14.88	11.68	13.65	18.87	7.243	18.13	10.77	12.39	14.62	10.87	17.23	14.53	9.817	23.56	16.73	18.86	16.72	9.76	18.28	17.85	10.8	11.64	25.1	11.6	27	8.546	27.86	22.69	17	13.03	12.68	12.89	17.6	14.35	18.95	16.7	19.79
17.75	19.63	19.09	16.81	15.52	19.25	14.03	8.179	14.81	11.94	10.93	19.94	23.48	18.58	14.05	7.787	14.45	13.56	18.98	16.55	16.26	16.82	14.35	17.02	19.29	10.76	15.38	10.54	15.99	15.18	18.71	17.53	11.47	17.71	12.28	19.89	19.57	9.302	18.98	17.38	17.98	18.66	17.27	15.58	12	18.18	21.75	9.968	16.22	13.62	10.72	7.329	8.084	26.97	18.99	15.83	16.46	18.08	20.39	16.53	19.55	12.49	17.48	13.68	10.71	12.61	17.67	6.629	17.01	9.814	11.35	13.58	9.996	16.36	13.42	9.167	22.18	15.78	17.4	15.89	9.088	17	16.69	10.08	10.75	23.43	10.84	25.53	7.928	26.43	21.2	16.14	12.16	11.73	11.87	16.39	13.49	17.87	16	18.54
16.59	18.23	17.75	15.64	14.21	18.15	12.81	7.686	13.59	10.88	10.12	18.49	21.73	17.47	13.21	7.063	13.34	12.59	18.12	15.27	14.94	15.44	13.46	16.22	18.15	9.879	14.37	9.843	15	14.23	17.46	16.83	10.66	16.47	11.53	18.7	18.01	8.485	17.88	16.33	17.01	17.47	16.21	14.43	11.25	16.94	20.94	9.299	15.14	12.36	9.95	6.905	7.429	25.13	17.69	14.63	15.47	16.78	19.71	15.49	18.38	11.6	16.2	12.49	9.748	11.56	16.48	6.015	15.89	8.854	10.32	12.54	9.125	15.5	12.31	8.516	20.81	14.84	15.94	15.06	8.417	15.72	15.53	9.369	9.866	21.77	10.09	24.06	7.311	25	19.72	15.29	11.28	10.78	10.84	15.17	12.63	16.79	15.31	17.3
15.43	16.82	16.42	14.47	12.9	17.06	11.59	7.193	12.37	9.825	9.305	17.03	19.98	16.36	12.37	6.339	12.23	11.63	17.27	13.99	13.63	14.06	12.57	15.41	17	8.994	13.35	9.144	14.01	13.28	16.22	16.12	9.838	15.22	10.78	17.51	16.44	7.669	16.78	15.29	16.04	16.27	15.15	13.28	10.49	15.7	20.13	8.631	14.06	11.1	9.177	6.481	6.774	23.3	16.38	13.43	14.48	15.48	19.04	14.45	17.2	10.71	14.92	11.29	8.783	10.52	15.28	5.401	14.77	7.893	9.281	11.5	8.255	14.63	11.2	7.866	19.44	13.9	14.47	14.23	7.745	14.43	14.36	8.654	8.979	20.1	9.331	22.59	6.694	23.56	18.23	14.43	10.41	9.828	9.821	13.96	11.77	15.71	14.61	16.06
14.28	15.41	15.09	13.3	11.59	15.96	10.36	6.7	11.15	8.768	8.492	15.57	18.23	15.24	11.52	5.615	11.12	10.67	16.41	12.71	12.32	12.68	11.67	14.61	15.86	8.109	12.34	8.445	13.03	12.33	14.98	15.41	9.02	13.98	10.03	16.31	14.87	6.852	15.68	14.25	15.06	15.07	14.09	12.13	9.737	14.46	19.33	7.962	12.98	9.838	8.403	6.057	6.119	21.46	15.08	12.24	13.49	14.19	18.36	13.41	16.03	9.819	13.64	10.1	7.818	9.475	14.08	4.787	13.66	6.933	8.244	10.46	7.385	13.76	10.09	7.215	18.07	12.96	13.01	13.4	7.074	13.15	13.2	7.939	8.093	18.44	8.575	21.12	6.077	22.13	16.74	13.57	9.533	8.877	8.799	12.74	10.91	14.63	13.92	14.81
13.12	14.01	13.75	12.12	10.29	14.86	9.144	6.207	9.934	7.71	7.679	14.12	16.47	14.13	10.68	4.891	10.01	9.702	15.56	11.43	11	11.3	10.78	13.81	14.72	7.224	11.32	7.746	12.04	11.38	13.74	14.71	8.201	12.73	9.283	15.12	13.31	6.036	14.58	13.21	14.09	13.88	13.02	10.98	8.982	13.22	18.52	7.294	11.9	8.578	7.629	5.633	5.464	19.63	13.78	11.04	12.49	12.89	17.68	12.37	14.86	8.927	12.36	8.9	6.853	8.431	12.89	4.173	12.54	5.973	7.208	9.422	6.515	12.9	8.984	6.564	16.7	12.02	11.55	12.57	6.403	11.87	12.03	7.225	7.206	16.77	7.82	19.65	5.46	20.7	15.26	12.71	8.659	7.927	7.776	11.52	10.05	13.55	13.22	13.57
11.97	12.6	12.42	10.95	8.978	13.77	7.924	5.714	8.715	6.652	6.866	12.66	14.72	13.01	9.841	4.168	8.905	8.739	14.7	10.14	9.691	9.916	9.889	13.01	13.58	6.34	10.3	7.047	11.05	10.43	12.49	14	7.383	11.49	8.532	13.93	11.74	5.219	13.48	12.17	13.12	12.68	11.96	9.831	8.226	11.98	17.72	6.626	10.82	7.317	6.856	5.209	4.809	17.79	12.48	9.84	11.5	11.59	17.01	11.33	13.68	8.035	11.08	7.704	5.889	7.388	11.69	3.559	11.42	5.013	6.172	8.383	5.644	12.03	7.873	5.914	15.33	11.08	10.09	11.74	5.731	10.59	10.87	6.51	6.32	15.11	7.065	18.18	4.843	19.26	13.77	11.86	7.784	6.977	6.753	10.31	9.191	12.47	12.53	12.33
10.81	11.19	11.08	9.781	7.67	12.67	6.703	5.221	7.497	5.595	6.053	11.2	12.97	11.9	8.998	3.444	7.795	7.775	13.84	8.861	8.378	8.535	8.996	12.21	12.43	5.455	9.286	6.348	10.06	9.481	11.25	13.29	6.565	10.24	7.782	12.73	10.17	4.403	12.38	11.12	12.14	11.48	10.9	8.681	7.471	10.75	16.91	5.957	9.744	6.057	6.082	4.786	4.154	15.96	11.18	8.643	10.51	10.29	16.33	10.29	12.51	7.143	9.795	6.509	4.924	6.344	10.49	2.944	10.3	4.053	5.136	7.344	4.774	11.17	6.763	5.263	13.95	10.14	8.63	10.91	5.06	9.305	9.704	5.795	5.433	13.44	6.309	16.71	4.225	17.83	12.29	11	6.91	6.027	5.73	9.091	8.331	11.38	11.83	11.08
9.657	9.786	9.751	8.61	6.362	11.57	5.483	4.728	6.278	4.537	5.24	9.745	11.22	10.78	8.156	2.72	6.685	6.811	12.99	7.579	7.065	7.155	8.104	11.4	11.29	4.57	8.27	5.649	9.076	8.532	10.01	12.59	5.747	8.996	7.032	11.54	8.608	3.586	11.27	10.08	11.17	10.29	9.838	7.531	6.716	9.507	16.11	5.289	8.664	4.796	5.308	4.362	3.499	14.12	9.873	7.445	9.519	8.994	15.66	9.249	11.33	6.251	8.515	5.313	3.959	5.3	9.298	2.33	9.176	3.092	4.1	6.305	3.904	10.3	5.653	4.612	12.58	9.199	7.169	10.08	4.388	8.023	8.54	5.08	4.547	11.78	5.554	15.24	3.608	16.4	10.8	10.14	6.036	5.077	4.707	7.874	7.471	10.3	11.14	9.842
8.501	8.379	8.418	7.438	5.055	10.47	4.262	4.235	5.06	3.479	4.427	8.288	9.465	9.668	7.314	1.996	5.576	5.847	12.13	6.297	5.752	5.774	7.211	10.6	10.15	3.685	7.254	4.95	8.088	7.583	8.766	11.88	4.929	7.75	6.281	10.35	7.041	2.77	10.17	9.039	10.2	9.09	8.776	6.381	5.961	8.268	15.3	4.62	7.585	3.536	4.534	3.938	2.844	12.29	8.571	6.248	8.527	7.696	14.98	8.209	10.16	5.36	7.234	4.118	2.995	4.257	8.102	1.716	8.056	2.132	3.064	5.266	3.033	9.434	4.543	3.962	11.21	8.258	5.708	9.246	3.717	6.74	7.376	4.366	3.66	10.11	4.799	13.77	2.991	14.96	9.313	9.284	5.161	4.127	3.684	6.658	6.611	9.223	10.44	8.599
7.346	6.973	7.084	6.267	3.747	9.378	3.041	3.742	3.841	2.422	3.614	6.831	7.713	8.553	6.472	1.272	4.466	4.884	11.28	5.015	4.438	4.394	6.319	9.798	9.007	2.8	6.238	4.251	7.101	6.634	7.523	11.18	4.111	6.505	5.531	9.156	5.474	1.953	9.073	7.996	9.222	7.894	7.714	5.231	5.206	7.029	14.49	3.952	6.505	2.275	3.761	3.514	2.189	10.46	7.269	5.05	7.535	6.398	14.31	7.169	8.987	4.468	5.954	2.922	2.03	3.213	6.905	1.102	6.936	1.172	2.028	4.227	2.163	8.568	3.432	3.311	9.84	7.318	4.247	8.416	3.045	5.458	6.212	3.651	2.774	8.445	4.044	12.3	2.374	13.53	7.826	8.426	4.287	3.177	2.662	5.442	5.752	8.142	9.746	7.355
6.19	5.566	5.751	5.095	2.439	8.281	1.821	3.249	2.623	1.364	2.801	5.374	5.961	7.439	5.63	0.5479	3.356	3.92	10.42	3.733	3.125	3.014	5.426	8.996	7.864	1.916	5.222	3.552	6.114	5.685	6.28	10.47	3.293	5.26	4.781	7.963	3.907	1.137	7.972	6.954	8.249	6.697	6.651	4.081	4.451	5.79	13.69	3.283	5.425	1.015	2.987	3.09	1.534	8.62	5.967	3.853	6.544	5.1	13.63	6.128	7.813	3.576	4.673	1.727	1.065	2.169	5.709	0.4881	5.816	0.2118	0.9917	3.188	1.293	7.702	2.322	2.66	8.468	6.377	2.786	7.587	2.374	4.176	5.048	2.936	1.888	6.78	3.288	10.83	1.757	12.1	6.34	7.569	3.412	2.226	1.639	4.226	4.892	7.061	9.051	6.112
5.035	4.159	4.417	3.923	1.131	7.184	0.6003	2.756	1.404	0.3066	1.988	3.917	4.208	6.324	4.788	-0.1761	2.247	2.956	9.568	2.451	1.812	1.633	4.534	8.193	6.722	1.031	4.205	2.854	5.126	4.736	5.037	9.762	2.475	4.015	4.03	6.771	2.341	0.3201	6.871	5.912	7.275	5.501	5.589	2.931	3.695	4.551	12.88	2.615	4.346	-0.2458	2.213	2.666	0.8787	6.786	4.665	2.656	5.552	3.802	12.96	5.088	6.64	2.684	3.393	0.5315	0.1004	1.126	4.512	-0.126	4.696	-0.7484	-0.04439	2.149	0.4226	6.836	1.212	2.01	7.097	5.436	1.325	6.757	1.702	2.894	3.883	2.222	1.001	5.114	2.533	9.358	1.14	10.66	4.853	6.711	2.538	1.276	0.616	3.009	4.032	5.98	8.356	4.869
3.879	2.753	3.083	2.752	-0.1765	6.087	-0.6202	2.263	0.1854	-0.7511	1.175	2.46	2.456	5.21	3.945	-0.9	1.137	1.992	8.713	1.169	0.499	0.2527	3.641	7.391	5.579	0.1461	3.189	2.155	4.139	3.787	3.795	9.056	1.657	2.77	3.28	5.578	0.774	-0.4965	5.77	4.87	6.302	4.304	4.527	1.782	2.94	3.312	12.08	1.946	3.266	-1.506	1.44	2.242	0.2237	4.951	3.363	1.458	4.56	2.503	12.28	4.048	5.466	1.792	2.112	-0.664	-0.8643	0.08191	3.316	-0.7401	3.576	-1.709	-1.08	1.11	-0.4477	5.97	0.1015	1.359	5.725	4.495	-0.1362	5.927	1.031	1.611	2.719	1.507	0.1146	3.449	1.778	7.888	0.5223	9.229	3.367	5.854	1.664	0.3261	-0.4069	1.793	3.172	4.899	7.66	3.626
2.724	1.346	1.75	1.58	-1.484	4.99	-1.841	1.77	-1.033	-1.809	0.3625	1.003	0.7041	4.095	3.103	-1.624	0.02718	1.029	7.858	-0.1135	-0.8141	-1.128	2.749	6.589	4.437	-0.7387	2.173	1.456	3.152	2.838	2.552	8.35	0.839	1.525	2.529	4.385	-0.7927	-1.313	4.669	3.827	5.328	3.108	3.465	0.6318	2.185	2.073	11.27	1.278	2.186	-2.767	0.6659	1.818	-0.4313	3.117	2.061	0.2607	3.569	1.205	11.6	3.008	4.292	0.9	0.8315	-1.859	-1.829	-0.9618	2.119	-1.354	2.456	-2.669	-2.117	0.07046	-1.318	5.104	-1.009	0.7085	4.353	3.555	-1.597	5.097	0.3592	0.3293	1.555	0.792	-0.7718	1.784	1.022	6.418	-0.09483	7.796	1.88	4.996	0.7891	-0.624	-1.43	0.5768	2.312	3.818	6.965	2.383
