2.833	2.389	1.521	2.437	2.966	-0.2198	3.974	3.348	1.796	2.457	3.029	2.107	3.388	0.06875	3.275	1.034	3.099	0.6254	1.456	6.171	2.548	3.269	5.929	1.951	3.315	2.244	2.802	0.4868	3.441	2.387	3.441	4.088	1.379	3.58	2.897	3.238	3.736	2.155	3.085	4.999	3.253	5.022	4.089	3.551	2.384	2.456	3.252	2.825	1.155	1.256	-0.2843	2.279	-1.465	2.502	4.14	1.168	2.576	3.2	3.446	3.225	1.421	3.022	3.074	2.75	4.588	2.912	2.408	1.188	2.581	4.949	2.155	3.442	2.768	0.8962	1.493	2.918	3.764	4.223	1.258	3.389	1.757	5.293	3.481	3.73	0.9952	3.879	3.789	2.794	3.122	3.926	2.867	3.016	2.643	4.42	3.467	2.149	1.84	2.172	4.325	2.106
3.093	2.965	4.015	3.987	4.293	3.115	1.963	4.37	-1.549	3.484	-1.005	3.995	2.531	2.937	2	1.966	2.246	2.054	2.418	4.261	3.502	3.622	0.3093	0.8456	2.807	-1.299	3.902	3.052	2.568	4.211	3.576	5.103	-0.2475	3.455	1.693	3.701	2.631	3.851	3.813	4.473	4.282	4.487	2.146	2.134	3.538	3.158	2.318	3.671	2.504	2.742	1.635	3.286	2.873	3.81	3.527	3.121	0.4671	1.477	1.341	4.316	3.258	2.782	4.131	5.355	3.114	1.234	2.377	3.166	3.555	1.953	0.9429	2.974	3.896	4.118	1.874	3.891	3.593	2.049	3.411	1.845	2.525	4.969	2.719	1.485	4.363	3.694	4.321	4.705	3.474	2.767	1.899	0.9977	2.803	-0.5245	2.808	2.082	3.962	1.752	4.113	2.432
-1.59	1.087	3.794	0.04937	2.627	2.504	4.232	3.374	2.936	2.65	2.616	2.157	3.498	2.377	3.168	2.728	1.987	2.389	2.162	5.52	2.658	2.242	4.957	3.584	2.67	3.153	0.828	2.627	2.039	4.839	2.768	4.023	2.574	1.363	0.4047	2.823	3.476	1.978	3.986	3.604	3.628	3.037	0.7829	2.18	3.535	2.418	2.185	1.355	2.398	2.377	1.934	3.788	3.185	3.296	2.995	3.14	4	-0.216	3.426	4.067	2.014	2.558	4.133	4.546	2.062	3.545	2.599	1.954	3.37	3.133	1.778	1.985	3.869	3.728	1.915	2.249	3.431	3.655	2.401	4.332	0.9559	4.323	2.913	4.173	2.973	4.517	4.359	3.844	3.088	5.329	2.523	3.106	3.146	3.192	2.746	1.997	3.127	2.432	3.036	2.704
1.702	2.462	3.793	0.4812	3.88	2.751	5.002	3.07	2.112	3.053	2.63	4.021	1.829	2.908	2.607	0.5987	3.264	2.338	0.4905	5.278	1.016	3.116	4.499	2.983	3.325	2.575	3.532	0.9507	2.695	3.794	3.375	5.029	2.604	4.019	3.791	1.481	3.752	3.671	3.194	3.216	3.62	3.744	2.222	0.4567	2.931	3.358	3.916	4.074	2.239	1.306	1.274	3.259	2.717	2.572	3.559	2.55	3.532	2.531	1.671	3.274	2.916	2.303	5.251	4.535	4.135	1.815	1.953	3.465	2.908	4.404	2.728	3.125	3.277	5.832	3.152	1.203	3.457	3.756	0.8578	2.615	1.252	2.627	3.795	3.766	3.988	4.486	4.872	4.309	1.449	4.802	0.3866	3.052	3.978	3.218	1.019	1.439	3.405	2.053	3.049	2.622
3.447	2.254	3.623	4.204	2.789	2.046	4.763	1.99	2.657	2.356	2.765	2.116	2.064	3.026	2.182	1.76	2.568	1.511	-0.2818	5.813	2.636	3.212	3.389	0.8058	4.767	2.64	3.473	3.874	2.388	3.707	3.089	4.442	2.063	2.25	3.319	2.856	1.064	2.919	2.935	1.512	3.889	3.886	4.65	1.786	3.27	3.133	3.017	1.729	1.137	3.433	0.2518	3.403	2.863	2.649	2.671	2.284	2.779	1.794	4.462	2.522	3.026	3.23	5.156	3.565	4.206	2.437	0.6284	2.749	2.095	0.9423	1.702	1.435	3.432	3.402	2.967	3.399	2.736	2.22	2.856	1.447	3.218	2.43	4.367	3.457	3.659	3.61	3.894	1.786	1.917	4.709	3.553	5.021	3.925	3.974	2.309	0.8055	1.798	0.2212	3.579	2.764
4.744	-0.2893	3.148	3.57	2.33	2.535	5.197	4.591	0.9107	2.1	0.2631	2.141	1.199	0.9808	0.1381	1.676	3.393	0.5455	2.845	5.298	1.954	2.726	3.312	2.944	1.73	0.6314	2.441	3.611	2.184	3.219	3.763	3.457	3.048	3.77	1.719	2.619	4.319	3.088	0.8895	4.106	1.96	2.448	2.151	0.7462	1.688	2.757	4.226	2.302	3.678	1.013	1.695	3.215	2.093	4.361	2.913	2.889	2.496	2.198	3.13	4.119	1.321	2.669	2.932	4.886	3.709	0.8958	0.4949	2.306	2.656	3.507	2.161	-0.5188	3.213	4.896	1.996	2.189	1.391	3.342	2.335	1.082	1.025	4.314	3.538	1.241	3.514	4.518	4.238	4.259	3.564	4.374	1.158	3.527	1.835	2.859	2.774	2.968	2.453	0.6337	2.872	3.804
2.142	2.546	2.436	3.273	1.353	1.76	4.864	4.368	3.089	2.212	3.064	4.513	2.292	3.083	-0.1219	0.5937	3.15	1.901	0.699	4.376	2.96	2.425	6.142	1.107	0.1865	3.013	2.796	1.579	2.601	4.502	3.145	2.908	3.645	4.533	2.418	3.199	3.753	2.626	1.813	4.546	4.546	0.6435	4.697	2.252	4.164	3.459	2.209	4.482	2.187	2.062	0.3415	4.168	1.291	2.515	4.118	2.778	3.152	3.046	3.25	4.241	3.77	1.526	1.873	1.914	3.458	-0.3534	2.402	3.298	3.155	3.411	3.065	2.776	3.365	2.083	2.849	3.384	1.171	3.32	2.275	1.277	1.777	4.187	3.266	3.09	1.728	2.021	1.834	3.227	2.117	3.848	2.472	4.304	2.989	3.099	2.991	1.281	2.462	0.2531	1.928	2.752
3.821	3.438	2.348	2.487	2.411	0.9744	2.961	3.511	2.172	0.08018	2.784	2.816	3.09	4.879	2.604	1.138	2.158	1.182	2.83	5.216	2.878	0.7086	4.128	1.301	4.185	3.563	2.327	2.023	2.264	3.457	2.559	3.931	0.9279	2.927	1.261	2.288	3.598	2.695	2.457	3.952	3.69	2.17	1.487	3.472	2.93	4.221	2.358	2.583	1.486	3.338	2.489	4.158	2.27	3.173	2.699	1.624	3.041	1.258	2.827	1.852	3.581	1.102	4.318	2.172	4.535	1.487	0.5434	2.868	2.608	4.733	0.4953	3.518	2.796	1.453	2.496	1.237	2.647	3.201	2.723	1.303	3.502	2.954	3.6	5.76	4.906	5.548	3.504	3.825	0.8433	6.78	3.208	1.617	1.619	4.259	3.124	0.2881	1.408	1.487	4.287	2.982
2.124	2.157	1.409	1.046	3.209	1.338	2.907	1.84	0.5785	3.696	2.801	1.417	3.391	1.377	-0.05131	3.275	1.322	1.248	1.535	5.48	1.629	3.702	4.774	2.48	1.868	1.958	3.098	1.754	3.219	2.65	3.998	3.492	3.358	2.043	2.918	2.427	4.168	2.242	1.214	2.711	3.198	1.85	1.591	1.323	1.901	2.134	2.637	5.234	-0.9293	3.29	1.683	2.605	0.3751	1.812	3.036	0.2726	1.926	0.6365	3.088	1.882	-0.1106	1.283	2.465	2.788	3.555	1.951	1.848	2.49	2.574	3.698	1.653	3.627	2.729	5.015	0.985	2.112	1.207	2.865	2.861	0.8683	1.463	4.506	2.829	3.848	2.357	2.25	4.721	3.64	0.9769	5.555	2.569	4.83	4.007	1.942	0.6562	1.729	1.385	2.422	4.124	2.728
0.284	3.061	2.072	2.353	4.428	3.488	2.574	3.856	2.259	2.951	1.306	2.151	0.9567	2.306	1.139	0.7406	1.897	2.04	2.374	3.944	2.825	0.4999	5.706	2.843	1.541	3.106	3.935	4.093	0.9335	1.617	4.362	5.649	3.339	5.019	1.932	1.054	2.412	3.931	2.308	2.836	5.394	4.837	1.576	3.211	4.769	1.403	4.981	4.498	3.356	2.351	1.907	1.61	3.308	3.407	4.5	1.152	4.183	1.339	2.746	3.212	4.527	1.739	1.866	2.944	3.764	2.605	0.1726	-0.7162	2.433	2.666	2.148	1.613	3.185	2.857	3.154	4.055	0.4777	1.118	1.285	3.594	2.549	3.082	2.912	3.4	1.647	4.57	2.372	3.827	2.936	3.14	1.356	1.891	3.924	3.163	2.769	2.901	0.1343	1.332	2.623	1.886
3.527	3.172	0.2139	1.957	4.56	3.324	4.237	3.238	1.112	3.723	0.5078	2.79	1.82	2.63	2.988	-0.3872	1.406	1.527	3.31	4.58	1.807	3.103	4.491	2.476	1.971	3.498	1.792	3.149	2.695	5.02	2.339	3.846	3.927	4.453	3.339	3.128	2.488	2.048	4.038	2.361	3.436	2.594	3.954	3.343	1.896	0.6701	4.016	4.608	1.936	1.158	0.296	3.107	2.337	3.046	3.052	1.94	2.014	2.284	3.029	2.228	3.135	2.261	2.57	4.717	2.957	2.462	2.463	-0.6452	1.225	1.395	1.14	1.861	2.556	2.982	0.4934	3.04	1.545	1.445	3.262	4.061	3.779	2.906	1.188	1.51	2.552	4.822	4.092	2.024	1.087	3.269	3.029	4.462	3.8	4.234	3.147	0.409	3.927	2.269	3.478	3.341
3.062	0.3314	3.949	3.049	4.364	-0.00435	4.187	3.125	1.259	1.952	2.988	2.689	2.241	3.467	1.353	2.154	1.869	2.225	2.365	5.443	3.341	3.406	6.19	2.097	0.7923	3.416	0.9098	2.421	2.78	3.325	3.68	3.674	3.709	4.507	1.613	1.49	4.716	3.771	2.751	4.197	0.4807	2.857	5.074	3.548	4.349	2.294	3.591	4.1	1.882	1.991	2.631	2.136	2.072	3.055	3.604	3.471	1.135	2.697	3.499	3.076	1.016	2.542	2.839	3.544	2.976	3.137	1.728	2.207	3.867	2.054	2.792	2.534	2.708	3.921	2.731	3.595	3.828	1.647	3.086	3.659	2.516	2.498	2.101	2.652	3.132	2.019	3.803	4.359	3.533	4.555	2.783	2.836	4.167	1.031	2.922	1.482	3.735	1.971	4.105	3.074
1.815	1.703	3.619	1.825	2.505	1.151	2.706	4.416	1.753	2.187	1.851	2.74	3.228	2.327	3.835	3.084	1.364	2.233	2.552	4.388	2.846	2.276	5.145	1.437	3.475	1.547	3.251	3.537	1.735	2.913	3.384	5.39	2.777	5.389	1.859	1.107	3.877	1.588	3.949	2.467	4.48	4.904	1.335	0.9163	3.42	3.137	3.432	2.821	2.306	2.18	2.254	4.954	2.651	2.469	3.093	2.311	2.363	2.691	2.374	2.92	2.235	3.076	4.276	3.889	4.4	2.262	2.162	1.785	3.37	4.972	1.58	3.238	3.29	3.519	3.15	1.439	1.81	4.326	1.444	4.044	4.231	3.011	4.33	2.361	3.144	4.198	3.886	2.974	3.514	5.583	2.07	4.991	2.597	3.648	0.8311	0.8505	2.335	2.587	3.383	2.237
3.96	0.9179	2.66	3.238	3.32	1.761	3.36	3.74	2	2.339	2.253	4.238	3.085	2.116	1.939	3.042	2.971	2.671	2.86	4.503	3.239	3.041	3.192	1.102	1.708	1.487	4.334	2.364	2.514	3.18	2.922	4.598	1.793	5.365	1.844	1.789	3.392	2.254	3.386	4.897	2.826	5.436	1.448	2.206	4.014	0.9785	0.5681	3.222	2.944	2.704	1.394	3.801	0.4581	2.345	3.101	1.896	2.434	-0.1334	3.606	2.823	2.123	2.91	3.608	5.672	3.417	1.817	3.067	4.459	2.048	5.504	1.905	1.593	2.968	3.56	1.201	2.635	1.308	3.734	1.41	3.15	3.8	3.152	2.028	2.642	3.615	2.128	3.79	3.045	1.033	1.107	3.277	3.207	3.587	2.042	2.366	2.544	1.967	2.09	3.235	1.378
2.792	3.198	2.064	3.214	4.121	2.919	5.021	3.401	2.624	2.571	3.257	2.267	2.347	2.531	2.143	2.92	3.618	2.097	2.973	5.005	2.578	2.776	3.417	1.595	2.633	2.726	2.654	3.491	2.238	3.8	3.192	4.124	1.236	5.324	1.838	3.871	3.314	2.636	3.087	3.762	2.696	3.391	3.292	1.229	2.552	1.752	3.638	4.283	2.723	2.784	1.599	4.764	1.386	2.792	4.203	3.793	3.94	1.232	2.904	3.879	3.365	2.475	5.152	5.165	4.662	4.076	3.371	2.403	1.652	4.153	2.816	2.704	4.345	4.596	2.395	1.872	2.654	3.82	3.23	3.057	2.212	5.46	3.187	2.943	2.801	2.53	3.484	3.014	2.913	4.683	1.235	4.515	2.471	4.009	1.142	2.454	3.007	2.937	5.007	2.018
3.575	2.789	2.668	4.069	2.689	2.573	2.98	3.221	2.487	2.496	1.599	3.862	2.678	3.389	3.045	1.135	0.2672	2.094	2.757	4.788	3.508	3.089	5.177	0.8758	3.129	4.074	1.607	2.707	1.854	3.382	2.989	4.512	3.727	5.378	2.131	3.919	3.992	2.985	4.586	2.719	4.134	5.187	2.762	3.793	4.843	2.481	4.665	3.21	1.542	2.559	1.491	4.404	0.6096	3.278	3.355	2.454	3.351	2.125	2.572	5.064	1.916	2.271	3.125	2.937	3.086	-0.7615	1.574	3.253	2.591	5.167	1.615	4.49	3.45	4.331	1.944	3.331	1.821	2.747	2.69	2.9	2.011	3.893	3.193	4.499	3.032	3.339	3.026	3.864	2.941	3.981	2.775	3.254	3.951	1.778	3.6	1.59	4.366	2.044	4.956	3.333
2.196	2.236	2.836	3.246	3.033	2.534	3.656	3.619	2.538	2.204	1.396	3.705	1.653	2.718	2.686	3.519	2.388	0.9761	2.504	5.749	2.87	3.047	2.773	2.172	3.319	3.005	3.869	3.28	3.405	1.959	3.659	5.388	3.702	2.829	2.54	1.495	3.576	3.716	3.17	3.158	2.435	3.855	3.797	2.142	4.661	3.317	4.353	5.021	3.776	2.818	2.017	3.973	1.675	2.289	3.776	3.167	2.081	2.722	3.507	3.92	3.894	1.745	3.873	3.577	3.095	1.881	2.797	4.158	2.64	3.771	0.6095	3.249	2.9	5.543	1.539	2.979	3.176	2.919	2.398	3.373	3.355	3.948	2.799	5.504	5.138	4.189	4.916	3.48	2.449	5.096	2.815	4.223	3.186	0.7672	3	1.647	2.809	1.312	2.778	2.751
4.556	3.44	2.839	2.502	2.102	3.304	5.157	4.088	1.932	3.694	1.661	2.754	1.35	2.195	3.216	3.743	2.353	1.749	1.312	4.663	1.412	2.261	3.904	2.601	2.821	2.256	2.12	2.552	2.142	3.33	4.003	3.401	2.568	2.877	3.587	3.816	3.513	3.356	4.35	3.919	4.533	3.599	1.392	3.117	3.382	2.854	3.807	4.56	3.055	4.082	2.383	4.182	1.215	2.84	4.309	2.522	3.305	-0.6379	4.785	0.8577	3.731	3.094	3.368	3.793	4.867	2.844	2.395	2.423	2.555	2.6	2.329	3.332	3.535	4.023	1.201	3.833	3.783	3.634	3.551	2.672	0.9947	4.351	3.448	5.511	4.974	3.952	5.91	5.188	3.433	4.792	3.847	4.269	3.756	3.112	1.093	1.858	3.884	3.105	2.144	1.734
3.671	3.141	1.938	3.129	4.153	2.111	3.3	4.126	2.888	0.01535	3.186	2.93	3.432	4.051	2.528	3.13	3.706	0.7594	2.164	4.174	2.608	1.478	3.22	1.121	2.72	1.832	4.636	2.931	3.534	2.984	2.84	5.283	0.8437	3.475	2.72	3.194	3.943	3.986	1.983	3.834	4.381	4.04	2.519	2.506	2.703	3.259	2.53	3.288	1.847	3.292	2.705	3.524	1.847	2.576	2.513	2.8	4.655	2.483	4.402	4.527	2.18	2.265	4.605	5.648	1.884	4.738	2.399	2.574	3.327	2.528	2.881	3.578	3.85	4.446	2.388	2.805	2.737	4.111	2.916	1.706	4.542	4.829	2.115	5.546	1.743	5.653	4.804	3.595	2.126	4.46	3.835	3.031	3.859	4.514	2.174	2.681	3.762	1.614	3.187	3.636
2.977	1.604	4.225	0.9144	3.838	2.608	3.024	1.862	2.724	2.338	3.555	3.297	1.871	3.454	1.249	2.36	2.864	1.593	3.37	6.019	3.964	3.93	3.233	2.558	4.646	-0.4045	2.822	3.818	2.925	4.57	4.46	5.06	1.077	4.408	3.121	4.281	3.078	2.663	3.395	4.66	4.087	4.421	-0.05858	2.397	2.629	2.051	3.67	3.82	3.364	1.403	1.831	3.653	2.091	4.203	2.181	2.583	4.295	2.816	3.221	4.538	2.206	3.187	3.101	5.595	5.698	2.991	1.222	2.346	2.836	2.898	2.26	3.134	3.542	5.01	2.47	2.554	2.57	3.82	2.441	3.818	1.251	3.971	3.919	4.324	3.697	3.764	2.53	4.05	3.47	4.668	2.768	2.798	4.28	3.485	2.588	2.701	3.008	0.2922	4.34	2.761
4.199	4.382	3.538	0.8684	4.861	3.655	5.448	3.382	2.355	4.15	2.185	1.858	3.055	2.615	2.289	4.272	1.251	2.205	2.363	4.527	3.028	2.717	4.001	2.497	3.535	2.936	3.185	3.102	3.623	5.031	3.179	5.797	2.679	4.32	2.011	2.544	4.357	1.946	4.636	4.151	3.948	3.073	1.226	2.384	4.894	4.036	3.326	4.961	3.665	3.663	1.786	3.59	3.059	3.518	3.382	3.04	1.177	2.443	2.6	3.45	3.71	3.632	2.787	4.441	4.784	1.703	2.676	2.795	3.341	1.913	1.693	2.595	3.203	4.461	2.759	3.243	3.636	3.481	2.449	3.754	3.761	5.294	3.523	3.292	3.307	1.818	4.316	5.53	2.951	3.11	2.686	4.432	3.305	2.959	0.771	2.504	2.138	0.3248	3.847	1.6
2.197	2.236	2.656	3.211	2.651	3.256	3.963	3.292	1.564	2.314	0.7313	4.106	2.668	3.568	1.786	2.72	2.667	2.434	1.93	5.443	3.29	0.7571	4.609	2.73	2.959	3.751	4.801	1.855	2.608	4.255	4.162	3.802	4.045	4.297	3.502	0.797	2.233	3.331	3.493	5.154	3.914	3.775	3.463	2.451	3.724	4.078	4.033	4.725	2.782	3.819	2.01	3.249	1.41	3.293	3.356	1.491	1.842	2.776	4.352	4.675	2.892	3.68	4.443	4.916	3.378	4.087	2.653	4.329	1.369	2.947	3.064	3.04	4.084	4.372	2.408	3.004	2.181	3.605	2.587	2.103	3.107	6.064	1.282	1.48	2.209	3.963	3.629	3.45	2.402	3.47	4.178	3.954	2.977	3.46	1.536	1.898	3.1	1.243	3.207	1.955
3.763	3.952	5.416	3.928	2.242	2.226	3.568	3.354	3.355	3.057	2.526	4.952	2.307	2.273	2.506	2.297	1.812	1.939	2.783	5.916	3.307	2.186	3.236	2.938	3.952	1.677	4.439	2.341	1.871	4.179	4.748	4.991	3.755	3.959	2.66	2.537	2.46	4.245	2.026	3.513	4.095	4.871	3.639	-1.089	4.616	3.16	3.337	4.501	2.576	4.092	-0.04326	4.488	3.561	3.563	4.081	1.093	3.655	3.255	2.975	3.452	3.555	1.86	4.4	4.288	4.703	1.855	1.767	2.897	1.989	3.962	1.64	-0.1585	4.125	3.974	2.463	1.196	4.177	2.912	-0.3945	3.238	2.615	3.998	3.542	4.759	2.819	3.611	2.737	4.126	1.958	3.159	3.078	4.151	2.414	4.27	1.771	-0.2612	3.539	2.401	3.869	2.922
3.421	3.376	3.083	2.499	3.629	4.059	3.94	5.014	1.894	1.777	2.194	3.475	3.198	1.638	2.886	-1.371	1.034	1.489	0.7025	3.979	2.582	2.877	4.672	0.9596	4.1	2.826	3.511	3.794	2.305	2.829	3.693	5.392	1.532	4.454	1.209	3.97	4.146	3.768	3.858	2.945	5.421	2.147	3.753	2.122	3.542	1.213	3.159	4.128	3.241	2.796	1.047	3.612	1.567	2.187	2.613	1.482	2.963	1.304	2.667	4.161	2.058	2.22	4.788	4.513	2.894	2.222	1.871	2.074	1.432	3.789	2.194	1.431	3.662	4.147	3.034	4.848	2.119	2.46	1.566	3.009	3.077	3.069	3.572	4.901	4.926	4.826	5.036	3.482	1.112	5.178	2.606	4.67	3.423	2.664	3.336	0.9867	2.91	2.034	2.614	3.153
3.085	1.654	1.859	2.027	3.827	2.141	4.224	3.44	2.371	2.545	2.062	3.316	2.524	2.778	2.557	0.3887	3.004	1.67	3.326	3.997	2.741	2.333	3.841	1.473	3.218	2.602	1.617	3.08	1.882	3.098	3.361	4.771	3.044	4.092	1.737	3.061	2.756	3.158	3.165	4.234	4.38	4.815	1.542	1.445	4.606	1.294	2.698	4.449	2.733	1.836	1.909	3.7	2.803	2.655	3.934	1.043	2.294	2.111	3.034	4.183	4.27	2.978	4.524	3.499	3.164	4.647	0.9658	-0.1284	3.218	4.173	1.727	3.471	3.919	5.382	2.944	3.962	4.367	4.515	3.445	4.519	3.819	2.536	3.645	4.097	3.16	4.32	4.65	3.216	3.258	4.185	1.904	3.292	4.634	1.524	3.123	2.167	2.763	0.2757	3.752	2.89
4.532	2.423	3.767	2.337	2.019	2.72	3.411	3.221	1.247	3.725	2.981	4.823	1.381	4.381	3.627	2.179	4.203	1.319	2.185	5.716	1.697	3.197	3.286	1.242	4.106	2.92	3.665	4.504	2.692	4.08	3.116	3.719	3.34	1.464	4.097	3.643	3.322	2.309	3.887	4.286	3.907	4.654	3.784	2.81	3.034	3.544	3.857	3.915	2.007	2.964	0.4377	2.819	2.513	3.176	4.145	0.4703	4.019	1.478	3.323	3.079	1.483	2.19	4.082	4.269	3.529	-0.3877	1.683	2.147	2.551	3.217	1.823	3.091	3.901	4.616	2.476	3.308	3.844	3.63	2.483	1.398	2.462	4.002	3.231	4.527	5.123	3.592	3.626	4.076	2.568	4.034	2.633	2.825	2.73	2.885	1.751	1.837	2.376	2.314	3.238	2.098
3.62	2.145	3.852	3.42	1.99	3.188	3.929	2.745	3.63	0.5837	2.275	3.51	3.746	3.824	2.584	3.799	1.762	2.678	2.407	5.832	3.256	2.719	6.059	2.085	4.051	1.335	3.376	3.885	2.636	3.597	3.683	4.67	2.64	4.226	2.708	3.513	3.001	3.03	1.943	5.661	2.612	4.431	1.396	2.517	4.641	2.589	3.129	3.096	1.89	3.211	2.284	2.257	0.3325	3.706	4.746	3.79	3.888	2.554	5.009	4.071	4.255	2.562	3.715	5.119	3.613	2.326	2.26	2.069	1.297	2.536	3.06	2.594	3.308	5.62	3.441	2.961	3.235	4.683	1.895	0.9512	2.793	5.03	3.557	4.165	4.755	3.944	4.212	4.042	2.412	4.236	0.4543	2.416	4.039	3.835	2.643	1.079	4.1	1.128	4.154	3.086
3.694	2.482	3.419	3.025	4.941	0.8503	5.069	2.201	2.932	2.633	3.125	4.916	4.036	3.53	3.533	3.414	0.7925	-1.255	1.75	6.892	3.922	2.531	3.498	2.587	1.993	3.994	2.458	2.835	1.018	3.686	3.207	3.871	3.546	2.825	1.783	2.289	3.423	3.387	3.122	4.629	4.375	4.115	2.995	2.057	3.914	2.442	2.219	4.064	3.931	2.019	2.315	3.838	1.8	2.314	5.057	1.187	2.047	3.78	4.53	4.263	3.115	1.502	2.733	3.453	3.334	2.193	0.6677	2.815	2.942	3.188	2.518	2.681	2.786	5.906	2.456	3.664	2.083	4.159	2.874	2.275	3.456	4.83	3.423	4.121	3.467	4.755	4.497	3.735	3.019	4.684	2.661	2.195	4.23	1.913	2.309	3.596	2.77	1.229	4.937	3.402
3.293	1.287	2.737	2.35	1.893	1.981	3.518	3.681	2.619	2.466	0.8253	4.071	1.54	2.739	1.886	2.912	0.9077	0.5594	3.435	6.754	2.737	3.086	5.427	2.459	2.673	4.051	4.464	1.402	3.093	3.99	4.264	4.341	0.9597	5.636	2.63	2.845	3.729	2.317	2.375	4.085	4.61	4.526	2.334	1.331	4.305	2.656	2.478	3.469	2.564	2.774	2.722	3.147	4.028	3.642	3.25	1.999	2.075	0.1693	4.813	2.909	3.119	3.545	4.058	5.022	2.748	1.604	3.526	2.578	3.796	5.679	2.132	1.851	3.702	4.392	1.451	4.313	3.48	3.522	3.037	4.084	1.836	4.829	2.806	4.379	3.131	4.688	5.648	3.474	3.019	4.448	2.597	1.865	3.474	4.363	2.872	1.574	1.797	0.6962	4.113	2.145
2.911	2.155	2.017	2.249	0.792	0.6369	4.153	4.342	2.151	2.504	2.848	3.512	2.508	1.755	2.409	2.202	2.93	0.3464	2.216	4.75	2.922	4.002	4.966	2.642	4.926	1.626	3.348	2.929	3.061	3.717	3.405	4.469	4.16	4.138	1.761	2.185	2.498	2.637	4.219	4.802	4.866	4.983	3.262	3.422	4.092	3.275	3.323	3.263	2.697	3.865	1.109	4.661	1.668	3.18	3.424	1.369	2.968	3.166	1.927	2.832	2.438	1.053	2.527	4.084	2.446	0.6974	1.588	1.551	2.745	2.455	2.219	2.217	3.226	5.752	2.248	2.546	2.898	2.646	2.167	2.001	4.782	4.419	4.34	3.365	1.887	3.022	3.886	3.943	4.652	2.473	3.283	3.309	3.252	2.627	1.943	2.21	3.074	0.6258	2.184	2.808
1.472	3.801	2.554	2.707	3.823	3.238	3.772	5.209	2.121	3.192	3.575	0.9116	3.347	4.134	1.971	3.683	3.764	2.866	1.24	5.475	1.662	2.645	3.514	2.58	2.932	2.323	3.895	2.855	0.931	2.499	3.626	4.149	1.998	3.59	2.752	3.897	3.29	3.911	3.029	4.011	3.926	3.637	3.299	3.584	2.214	1.74	2.666	4.15	3.609	1.315	0.8926	5.356	3.267	4.197	2.205	2.725	4.661	1.7	3.219	2.873	3.586	1.941	2.852	4.265	2.775	-0.1481	1.625	3.637	3.809	1.983	3.796	2.981	3.658	3.529	2.538	3.046	3.169	2.168	1.291	1.937	2.841	5.601	2.825	2.886	3.863	4.191	5.985	3.477	3.987	5.35	1.59	3.842	2.275	2.705	2.981	2.625	3.576	1.593	1.896	3.143
3.572	2.011	3.514	1.557	5.729	3.534	4.174	5.324	3.366	2.089	2.188	3.409	0.8977	1.84	4.417	4.055	0.5145	2.424	2.308	4.344	2.262	1.168	4.152	2.628	2.714	1.338	1.693	1.344	1.296	4.039	4.891	2.909	1.99	3.609	3.027	4.723	3.211	3.111	3.882	3.868	3.177	4.43	0.9078	3.518	2.122	2.412	2.981	3.186	2.307	3.043	1.232	5.527	1.89	2.221	3.395	1.485	3.555	1.283	4.614	2.485	2.988	1.566	3.664	5.317	1.886	2.284	2.314	3.284	2.916	4.556	1.283	1.467	2.392	4.568	2.201	2.908	2.393	2.734	2.617	2.762	2.093	3.617	2.959	4.211	3.936	3.239	2.623	2.852	2.825	5.348	4.334	3.473	3.69	2.7	2.135	2.644	3.521	3.594	3.594	2.573
1.893	2.754	2.557	1.84	6.561	1.899	3.497	3.251	1.549	2.161	1.889	3.33	3.094	4.397	0.2653	1.893	2.374	1.689	2.247	6.678	3.542	1.651	6.033	2.165	2.767	2.827	3.066	4.239	0.5318	4.211	3.337	4.72	2.721	3.166	2.063	3.785	4.583	3.343	2.591	3.256	2.462	3.158	2.497	2.138	5.087	2.735	3.081	3.774	1.414	3.293	1.948	2.205	2.247	3.016	2.892	1.817	2.021	1.709	1.217	2.573	3.919	2.526	4.441	5.684	2.656	2.372	1.655	3.02	3.98	4.813	1.317	3.524	4.061	2.293	2.464	1.609	2.642	2.713	1.827	1.129	2.583	2.586	3.458	3.096	4.328	4.069	4.607	3.981	-0.9503	4.375	3.94	3.655	3.975	3.031	3.474	3.425	3.52	2.698	5.144	3.539
2.106	0.7415	4.009	2.684	2.115	1.591	3.795	3.856	2.904	2.435	2.515	2.819	3.313	1.68	0.916	3.257	2.487	1.317	1.087	6.306	2.311	1.759	4.326	2.237	3.039	1.764	1.992	2.028	3.609	4.875	2.567	4.934	1.315	4.443	3.742	2.482	1.992	3.465	2.725	3.72	3.889	3.699	2.653	2.049	3.468	2.604	2.442	4	2.945	4.223	2.024	5.514	2.849	1.63	1.895	2.147	4.099	2.305	2.858	4.785	2.846	2.739	2.944	3.776	3.514	1.636	-0.8403	4.151	4.312	5.069	1.015	3.537	3.892	2.798	3.498	2.943	3.121	2.534	3.682	2.328	4.083	4.821	1.653	2.93	3.505	3.103	4.46	5.149	2.329	5.181	2.836	3.29	3.687	2.033	1.089	1.232	3.993	0.3455	4.529	2.798
3.09	-0.06603	3.199	2.094	2.877	2.039	5.391	3.334	1.753	2.487	2.277	3.232	2.775	2.391	2.319	0.6139	0.6266	0.8454	1.559	7.192	2.824	2.505	4.79	2.156	5.541	2.481	2.505	2.853	0.7327	4.175	1.996	5.207	3.448	4.165	3.441	2.891	2.874	2.254	2.882	4.175	3.42	3.153	1.381	1.775	3.568	2.126	2.089	3.919	3.163	3.346	1.82	2.863	2.821	1.83	2.985	2.908	3.108	1.784	3.348	1.307	3.227	1.485	3.529	6.077	3.021	1.754	1.512	2.153	3.301	5.278	1.547	2.294	3.615	4.572	0.8469	2.745	2.786	3.583	3.682	4.123	3.054	5.867	3.232	3.037	4.195	3.112	5.417	5.625	1.992	5.855	3.781	4.453	4.181	3.536	2.837	0.6512	2.827	0.3554	4.926	3.043
4.116	3.791	2.63	1.727	3.724	1.266	5.444	2.741	1.356	4.799	2.498	2.169	2.176	3.126	3.056	3.716	1.063	1.709	2.758	5.061	2.269	2.668	4.508	0.6453	2.131	2.146	3.507	2.176	3.654	5.358	1.454	6.314	2.913	4.923	2.831	2.778	1.503	3.441	3.446	5.047	4.991	3.427	2.73	2.395	3.167	1.956	3.841	3.156	3.523	1.968	1.249	4.125	2.821	2.441	2.975	-0.05427	2.101	2.576	2.375	3.616	2.186	1.515	4.742	4.125	2.77	3.6	1.989	1.324	2.861	5.225	3.044	3.098	3.197	3.029	3.983	2.172	3.798	3.807	2.392	1.706	2.056	6.503	3.221	3.114	4.899	3.992	5.878	4.327	1.994	5.431	2.323	3.212	3.263	4.354	3.101	1.6	2.748	1.475	3.796	1.728
2.603	1.616	4.377	4.191	3.832	4.727	2.287	4.01	2.501	2.691	2.747	2.586	2.45	2.199	0.847	0.115	1.692	1.309	1.607	6.045	1.52	1.792	4.352	4.244	2.976	2.509	3.857	3.911	2.472	3.95	4.294	4.241	2.184	3.825	3.199	2.008	3.648	1.75	2.848	4.04	3.387	3.936	1.852	3.023	3.087	2.599	2.647	3.611	2.126	2.878	1.557	3.047	1.97	2.524	4.88	1.618	2.771	4.231	3.187	3.641	3.425	2.278	5.455	2.916	4.968	2.123	2.563	1.885	1.021	1.638	3.114	3.328	3.818	6.492	0.6409	1.999	3.177	3.039	1.941	2.152	3.009	4.011	4.046	2.057	4.891	2.178	4.097	4.807	2.789	2.883	2.902	3.895	2.127	3.116	0.7794	1.953	3.582	0.9873	5.115	2.51
2.448	2.707	2.383	3.081	2.567	1.673	1.965	3.46	1.641	2.236	0.8724	2.431	3.657	1.712	4.223	2.504	2.399	1.417	2.099	4.011	2.006	1.611	3.242	1.94	5.042	4.528	2.189	3.988	2.476	3.171	3.087	4.177	3.984	5.57	2.779	2.614	4.127	1.969	1.57	4.294	4.315	2.979	3.733	3.038	1.738	0.9468	4.381	6.089	1.818	2.116	1.533	5.057	3.489	3.87	2.446	2.075	4.275	2.073	4.478	2.834	1.061	0.8248	3.088	2.896	3.043	1.17	-0.3994	3.102	1.724	4.953	1.601	2.482	2.526	1.647	2.461	2.532	4.459	2.559	2.67	0.9474	3.112	4.365	2.755	4.274	2.779	4.069	3.472	4.744	1.91	6.155	4.217	3.29	4.453	2.221	2.466	1.908	2.434	0.9831	2.809	2.873
2.871	1.462	3.754	0.9221	3.28	0.8741	3.649	4.676	2.853	1.751	2.073	2.563	2.347	3.913	1.622	1.4	0.002923	1.228	4.077	5.273	2.439	1.851	4.31	1.99	1.344	1.988	2.163	2.93	1.159	4.013	3.099	6.372	4.766	1.539	1.986	2.766	4.402	4.563	1.382	3.161	5.503	5.308	-3.013	4.405	3.473	4.811	3.717	3.514	1.806	2.623	1.565	3.435	2.426	0.8163	2.802	2.173	5.824	1.797	3.219	2.984	2.308	2.902	3.11	3.978	3.269	4.542	1.204	1.537	2.711	2.945	0.836	2.298	3.094	5.403	1.819	2.249	3.104	1.574	2.716	3.059	1.901	4.617	2.082	4.229	3.897	2.729	4.626	4.533	3.779	3.374	3.201	3.063	3.146	1.12	2.825	0.8954	3.377	-0.1859	3.498	1.819
2.957	2.985	4.119	2.442	3.535	2.406	4.388	3.635	0.9874	0.2733	1.169	1.653	3.167	-0.7036	0.963	0.4738	3.158	1.194	1.387	3.794	3.694	1.657	4.414	3.686	4.117	2.554	3.019	2.806	2.81	3.661	2.366	4.863	2.396	3.377	1.31	3.575	2.692	2.705	3.351	2.433	5.588	4.126	2.925	0.423	3.276	1.44	1.885	4.071	2.114	3.294	1.325	3.482	1.135	2.163	2.193	2.709	2.289	2.897	1.585	3.685	0.7349	-0.5439	4.026	6.161	2.717	2.185	1.845	4.638	2.472	3.84	3.97	1.922	3.31	6.139	2.416	-0.06591	3.173	2.561	2.285	3.169	3.084	4.413	2.391	3.678	4.028	3.915	2.805	5.431	2.524	4.863	3.671	2.771	2.118	2.029	1.802	0.3485	4.512	0.9145	2.361	2.28
0.09231	3.182	1.293	1.195	2.556	2.824	3.365	5.8	2.016	2.862	2.219	3.478	1.73	1.337	1.734	2.108	2.162	1.046	1.833	5.436	3.564	2.882	1.694	1.946	2.834	2.288	3.335	-0.2207	1.062	2.4	2.941	2.686	3.641	4.296	4.837	0.7462	2.399	1.83	3.109	4.647	3.653	3.215	4.238	3.226	4.88	1.469	3.443	3.765	2.809	2.333	0.7276	2.336	2.619	4.729	3.26	1.206	3.265	2.932	5.338	0.3776	2.742	4.713	2.832	4.559	4.44	1.434	2.887	2.875	1.8	4.952	1.921	2.73	2.791	4.651	2.356	2.488	3.259	3.517	1.762	0.03423	2.456	4.244	4.184	3.362	2.295	3.002	4.622	2.61	3.102	3.246	3.39	2.004	2.736	1.955	2.593	1.096	2.727	2.131	4.362	2.984
2.383	3.555	2.719	1.93	3.077	2.033	3.591	4.104	3.067	0.2744	1.758	3.401	3.426	5.126	1.273	2.762	0.6733	2.073	1.803	4.923	1.93	0.5336	3.522	2.034	3.488	3.139	3.091	1.753	1.404	3.253	2.903	3.853	5.156	2.273	3.021	3.726	2.441	2.264	3.182	3.411	4.077	2.586	2.587	1.205	3.505	2.15	4.722	3.186	2.892	4.006	0.8627	4.134	2.613	3.248	3.211	1.496	-0.002692	0.5257	2.629	2.865	2.201	0.5965	3.502	3.2	3.047	1.97	2.117	3.473	0.8702	3.512	1.461	2.741	3.534	4.083	2.604	0.7178	4.088	2.361	2.486	2.062	3.229	5.573	3.016	2.635	3.295	3.871	1.94	5.835	2.807	5.509	3.423	3.738	1.839	1.721	0.3554	1.696	3.167	1.556	3.239	1.697
1.549	1.37	2.456	2.36	2.805	1.721	2.701	3.385	1.636	1.428	-1.767	3.076	2.057	2.44	1.03	3.064	1.133	1.492	1.648	4.566	2.219	3.132	3.347	3.418	2.337	2.976	3.201	0.23	1.861	5.36	5.005	4.835	1.667	4.353	2.362	-0.282	2.396	4.804	2.788	0.939	1.769	3.688	3.321	2.46	2.854	-0.1475	3.286	3.088	0.5797	3.132	3.467	2.311	2.075	1.63	3.345	1.879	2.49	2.192	4.802	2.291	3.506	-0.08877	3.808	4.809	2.953	1.701	2.352	2.114	0.2127	4.618	2.44	1.607	3.162	3.123	2.066	2.286	3.316	3.426	2.378	3.212	2.737	5.239	3.007	3.888	3.34	3.32	2.869	4.342	3.103	3.71	3.015	2.78	2.461	2.677	3.475	1.223	4.926	2.583	3.602	0.8827
2.085	2.109	-0.2577	2.027	4.958	2.002	3.975	5.331	1.446	4.317	2.676	2.78	3.016	2.486	2.756	2.12	1.984	2.593	1.755	7.972	1.669	2.012	3.137	1.701	2.958	2.587	2.75	5.434	2.056	6.538	3.066	3.84	2.049	3.904	1.983	5.331	3.283	0.9692	2.56	3.564	4.788	-0.9645	5.409	1.196	2.462	2.22	-4.513	6.593	1.902	1.086	1.148	2.696	2.457	2.942	1.434	1.247	1.326	2.515	3.17	1.515	1.841	2.848	2.965	2.899	3.803	2.652	1.425	0.7619	3.113	3.176	2.045	3.216	4.469	4.589	2.294	2.769	3.073	3.404	3.18	2.206	2.742	3.779	2.466	2.311	3.486	2.956	5.42	2.977	2.117	5.742	1.825	1.665	2.052	2.375	1.955	2.31	4.195	1.27	2.998	3.134
1.205	2.482	2.909	2.938	-0.6808	1.555	3.829	3.84	1.133	2.765	2.461	2.337	1.486	2.652	2.185	2.416	1.756	3.594	1.982	3.611	4.244	2.104	5.454	1.028	4.029	1.844	3.143	3.106	2.668	4.653	2.783	4.029	1.566	3.693	3.14	2.555	1.535	1.709	3.012	2.993	3.856	3.671	0.1128	2.626	3.063	0.8637	3.524	3.694	4.382	1.748	1.05	3.049	1.304	2.522	2.562	1.892	3.066	1.844	1.865	3.153	4.316	3.047	3.177	1.466	3.496	3.278	1.292	-0.8163	2.845	0.6611	1.955	3.498	2.323	4.784	2.841	0.9675	2.47	3.086	2.15	2.67	2.591	4.058	3.693	3.827	2.367	2.749	4.306	3.811	3.594	5.592	2.754	4.184	3.63	3.321	1.129	1.265	4.838	3.03	2.262	2.708
3.451	1.669	3.423	1.864	3.202	1.35	3.378	2.895	3.055	2.474	4.272	2.658	2.374	2.15	0.9356	4.621	-0.3957	-0.8566	2.158	3.951	-1.002	2.585	3.838	1.407	5.114	2.725	2.115	0.8189	2.57	3.444	4.538	4.995	2.789	3.01	2.4	0.2086	3.559	2.049	5.446	3.114	3.106	1.925	2.459	1.59	4.888	1.972	3.755	2.285	3.069	3.182	-1.338	1.533	1.479	1.944	2.72	2.872	2.037	1.786	3.387	3.331	3.483	2.306	0.6708	6.624	3.381	2.67	1.757	2.226	1.973	3.01	1.732	2.443	3.927	4.387	4.555	2.218	2.918	3.651	2.043	1.369	3.096	3.433	3.066	0.4523	2.018	3.718	3.858	3.798	2.435	3.902	2.471	3.301	2.884	2.006	3.085	1.266	2.517	1.176	2.385	1.638
1.395	2.422	-0.09126	-0.2233	2.158	3.634	5.671	4.182	1.444	2.984	2.51	3.586	2.035	2.572	3.159	2.427	4.844	1.197	2.316	3.504	2.706	2.732	2.051	2.231	-0.3381	2.813	3.177	2.555	0.7521	3.345	3.299	5.7	3.026	2.617	2.597	3.937	3.471	1.742	2.042	3.886	3.651	0.9131	2.328	2.121	3.963	0.7328	2.976	5.094	2.685	1.946	-0.3519	3.386	1.508	3.611	5.42	1.721	3.162	1.79	0.06088	3.049	2.707	2.614	3.884	5.205	3.505	2.351	2.476	3.884	3.267	2.357	2.271	2.807	4.009	3.785	1.777	-0.5814	2.531	2.547	1.691	1.575	3.015	3.826	1.368	2.88	2.645	4.489	5.908	2.963	2.975	2.182	1.958	4.287	2.914	5.449	1.718	0.3116	2.105	4.159	4.12	2.521
2.547	0.8096	2.839	1.699	3.626	2.844	3.34	3.296	2.017	2.784	2.003	4.039	1.151	2.247	1.377	1.54	2.834	1.252	0.884	4.013	3.743	2.409	2.609	2.333	3.468	2.548	2.884	2.443	0.4388	2.669	3.653	6.738	0.8697	2.829	3.63	3.173	2.456	2.434	2.215	3.546	6.003	2.766	0.1292	1.96	3.415	1.324	2.666	4.212	2.815	1.045	1.483	2.661	3.456	3.714	2.832	1.614	4.002	2.574	3.49	3.774	2.724	0.7844	3.026	2.433	2.559	1.444	-0.1763	1.734	3.232	2.701	3.952	2.944	1.289	7.271	1.432	2.934	1.847	3.607	-0.5406	2.758	2.082	3.992	2.139	3.122	3.064	3.052	3.236	2.773	2.73	3.43	2.271	3.679	3.497	3.256	1.559	2.157	1.317	1.055	3.025	2.669
3.912	1.734	1.165	3.147	3.497	1.575	3.866	2.269	1.128	2.674	3.107	1.76	0.8258	0.7557	2.075	0.6023	3.378	1.764	2.748	6.882	1.106	4.371	3.375	1.676	2.99	-3.984	1.757	3.078	2.593	2.249	3.524	3.889	2.609	3.583	2.129	2.327	3.693	3.399	1.807	-2.186	3.205	3.786	2.36	2.507	0.8278	2.575	1.874	3.712	2.39	2.849	1.823	4.683	0.9895	1.66	2.337	2.766	2.751	2.934	4.05	3.282	-1.822	2.124	4.683	3.112	4.322	3.706	2.202	1.766	3.193	3.689	1.82	3.611	3.655	4.539	1.276	1.972	0.5967	4.866	2.331	3.16	2.242	2.825	2.75	4.2	6.472	3.454	1.57	0.704	2.501	2.736	3.119	3.415	2.477	2.473	2.077	3.287	0.8122	0.8538	2.171	1.811
2.516	2.51	2.391	3.437	2.296	2.644	3.263	3.988	1.769	2.527	2.017	2.247	1.796	3.317	2.719	2.214	2.825	1.299	2.442	5.235	2.775	2.665	5.019	2.336	2.06	2.322	3.704	0.04708	3.103	3.036	3.943	5.074	2.061	3.36	3.917	2.736	3.928	4.091	3.931	4.135	2.875	3.085	2.748	3.581	2.597	3.74	3.728	3.867	2.287	2.887	0.9431	1.326	2.851	1.84	2.305	0.6874	2.774	0.1804	2.298	3.974	4.279	-3.478	2.642	2.814	5.1	1.816	2.05	0.9399	1.428	2.015	1.816	2.498	2.231	4.435	1.335	4.882	3.413	3.877	1.917	3.209	-0.08322	3.929	3.123	1.032	2.839	2.977	3.898	5.545	2.355	3.14	2.804	5.071	3.655	5.918	-0.08754	-2.879	3.314	1.08	4.459	2.431
3.308	-1.408	2.044	1.99	3.046	2.508	0.8157	3.189	2.367	1.616	2.237	3.592	3.041	2.959	2.222	1.266	1.273	1.786	-0.7688	5.563	5.095	1.711	3.999	0.617	3.481	2.751	1.928	1.155	2.095	3.604	2.296	4.105	2.361	2.395	3.285	0.9648	3.281	2.682	4.489	4.192	2.69	5.044	2.302	2.051	1.499	2.056	3.613	3.942	-2.716	2.2	0.2969	2.424	1.333	1.416	3.595	0.2419	0.1798	1.187	2.456	1.533	3.123	2.541	3.648	3.937	3.775	2.122	2.128	4.526	3.06	3.492	1.562	2.501	3.111	4.551	-0.2926	2.662	2.214	2.268	2.496	3.82	2.03	4.339	2.486	3.143	2.885	1.808	1.302	2.875	4.225	4.324	2.971	3.414	2.923	4.4	4.262	1.775	2.3	1.602	2.837	1.315
3.217	2.049	1.987	2.651	5.858	2.435	2.423	3.053	3.059	2.889	3.657	2.252	1.373	2.597	1.992	1.485	2.866	0.5844	2.195	6.046	1.916	3.375	5.981	2.328	3.506	2.351	1.758	3.208	2.742	3.598	3.842	4.363	2.051	0.7074	0.7664	2.846	4.372	2.676	2.302	5.203	2.117	0.5196	3.306	1.52	3.891	2.324	4.739	5.095	2.178	2.079	2.256	3.497	1.783	2.5	3.627	2.272	2.927	2.229	2.741	3.173	3.064	1.541	3.733	3.2	2.911	0.788	2.087	2.328	3.48	4.509	2.5	2.459	2.613	3.685	2.181	0.6197	2.904	2.117	3.525	1.427	3.991	2.801	3.232	3.321	4.168	3.356	4.502	3.598	1.194	3.97	5.115	3.713	3.297	2.514	3.011	2.769	2.717	1.644	4.066	1.871
3.314	2.034	1.405	0.6173	2.728	2.188	3.324	4.094	1.402	2.59	4.197	3.54	3.498	1.599	-4.014	1.516	2.135	1.981	2.268	4.405	1.357	1.714	2.725	2.437	3.472	2.78	3.26	3.362	3.265	1.702	2.356	6.483	3.451	2.493	2.629	2.544	3.293	2.009	2.985	2.202	1.656	4.003	3.553	2.604	3.295	2.729	3.023	3.256	2.72	3.004	1.474	2.01	2.298	2.812	3.178	2.45	1.46	1.536	3.981	3.086	3.888	0.5536	3.335	4.349	2.256	4.338	2.357	1.996	2.328	2.588	3.889	2.004	2.861	2.217	1.656	2.442	3.524	3.207	2.982	2.995	2.295	4.218	3.608	3.041	3.278	3.788	2.836	3.616	1.589	3.436	2.253	3.01	1.193	3.624	2.949	-0.04907	2.97	1.683	4.122	2.045
2.06	2.955	1.773	2.253	1.641	2.931	6.877	3.275	2.104	0.6481	1.892	1.888	1.487	0.6768	2.687	2.209	1.654	1.874	2.109	4.464	3.212	2.21	2.973	2.765	1.76	2.451	3.56	2.819	1.643	3.314	5.266	4.528	3.094	3.687	2.136	2.438	2.667	2.424	3.909	3.216	4.117	3.316	2.797	3.933	1.757	2.711	3.393	2.723	2.805	2.991	1.851	2.713	2.735	1.797	1.066	2.391	2.817	1.268	3.974	3.737	1.597	2.217	2.961	-14.35	4.818	-1.66	2.127	1.042	3.166	2.53	1.201	1.311	3.243	4.294	2.718	2.518	3.145	2.52	1.918	2.768	2.609	6.001	2.355	5.125	4.012	4.648	4.77	3.421	2.883	3.201	3.174	3.923	2.92	5.01	2.529	0.1744	4.788	0.6799	3.421	2.808
2.572	1.575	2.107	2.169	3.032	2.433	3.767	3.759	1.597	2.624	2.628	3.78	4.332	2.646	2.955	2.398	4.191	2.472	1.484	5.289	3.409	0.5891	7.597	3.002	3.125	2.566	2.336	3.004	0.948	3.388	3.515	4.177	3.289	4.745	1.145	2.779	3.098	2.509	2.749	4.289	3.801	2.124	2.468	1.808	3.578	1.612	2.456	3.598	1.42	3.934	1.383	5.715	2.016	1.968	1.397	2.352	3.852	1.613	0.7713	3.235	1.557	1.492	3.831	5.791	4.089	2.023	2.103	3.654	3.685	4.086	2.825	1.573	4.565	2.799	2.269	4.483	2.987	3.211	3.202	0.1928	2.875	4.229	3.068	3.9	3.342	3.837	3.673	4.021	0.4463	2.735	2.541	5.001	5.094	3.757	2.352	-1.369	1.704	2.292	3.696	2.826
2.713	0.5589	3.028	2.408	2.344	2.22	4.572	2.265	0.8461	1.97	1.049	5.418	1.282	3.446	2.272	-0.114	-1.008	1.297	0.4437	4.556	3.241	2.839	4.284	1.781	3.526	0.8087	2.74	2.769	2.484	3.147	2.713	4.723	2.175	3.223	2.567	2.917	4.746	5.095	4.274	3.994	3.86	3.582	2.575	1.497	5.557	3.186	0.5902	2.424	1.281	0.6135	1.111	3.267	2.269	2.637	3.777	1.744	3.851	0.09854	3.554	1.724	6.459	1.516	3.716	2.073	4.038	1.063	2.66	1.771	3.309	3.184	2.315	1.304	3.037	2.572	0.6322	3.66	1.749	3.113	2.177	-0.0108	2.78	2.844	2.189	3.136	0.6021	3.391	3.997	4.16	2.155	2.475	1.15	4.617	1.882	2.622	0.6215	2.575	1.447	3.847	3.843	1.651
-1.389	1.858	3.812	3.107	2.262	2.99	4.339	3.881	0.8569	2.692	2.754	3.557	2.473	0.4112	2.722	1.141	2.133	1.139	1.905	3.899	2.445	2.522	4.595	3.01	1.542	4.504	3.6	2.201	0.9163	4.743	2.683	7.304	0.6954	3.482	1.337	2.52	2.62	0.2958	3.272	4.48	3.123	3.103	1.576	2.813	3.111	0.8046	3.147	3.673	2.637	2.465	1.019	3.787	2.068	3.662	3.116	0.7736	3.392	1.594	2.961	2.569	2.791	2.642	3.299	3.191	0.9375	4.112	0.5705	1.526	2.876	1.49	1.333	2.628	2.519	3.608	0.8334	2.1	2.502	3.307	3.808	2.845	2.582	3.001	3.122	3.593	3.768	5.162	4.587	3.753	2.33	2.974	2.727	1.644	4.632	3.415	4.285	2.526	6.055	2.236	2.093	4.15
2.008	2.171	3.452	2.984	4.339	2.938	3.828	3.116	1.935	1.783	0.9736	3.582	3.778	-0.4716	2.751	-0.8701	1.907	1.961	2.315	3.15	1.094	2.345	3.053	0.8638	2.953	2.508	1.899	1.273	2.546	3.917	3.581	4.544	5.454	3.548	2.592	0.4958	4.198	3.007	3.229	0.6583	2.916	4.128	2.724	2.178	3.694	2.36	5.341	1.845	1.684	2.396	1.561	2.388	0.7212	2.833	3.013	1.828	2.31	1.331	3.728	2.715	1.604	2.998	3.848	1.994	5.752	0.9175	2.137	3.924	3.074	1.917	2.681	5.307	2.77	3.705	0.7457	1.394	4.826	3.076	-1.935	2.403	5.147	5.695	3.296	4.31	3.514	4.309	2.427	3.873	4.552	3.191	2.055	4.585	3.709	2.982	1.771	1.161	2.809	2.184	3.304	2.441
3.472	0.4167	2.258	2.396	2.765	3.282	3.764	3.901	3.024	2.191	2.884	2.58	2.594	3.052	0.3959	1.547	1.629	1.092	2.167	4.966	2.74	2.228	3.33	-0.1882	2.131	1.617	3.184	2.732	2.49	4.495	2.58	3.829	2.145	4.876	3.947	0.9952	3.531	2.851	4.326	3.594	3.634	5.841	2.826	2.266	3.317	1.131	3.71	3.324	0.2106	2.412	1.53	2.677	1.464	1.444	1.703	0.3843	0.6138	0.08019	0.8831	0.1133	3.463	2.188	3.185	7.219	4.649	1.623	0.8134	2.442	1.373	4.269	2.486	0.1304	3.296	3.711	1.227	1.051	2.747	2.876	1.968	2.845	2.777	2.738	3.187	3.694	2.989	1.536	3.902	3.232	1.603	7.265	1.864	2.259	5.026	4.128	2.537	-0.7546	3.06	2.239	3.182	2.261
4.558	3.051	1.565	3.501	4.938	1.098	4.628	3.667	3.036	1.763	1.377	5.95	1.655	2.751	0.7886	1.901	3.12	2.953	2.014	2.959	2.438	2.351	2.885	1.265	2.633	3.797	2.604	1.952	1.999	3.601	3.865	4.356	3.807	-3.559	2.515	3.366	2.508	3.414	3.715	3.908	4.513	-3.276	2.998	3.538	2.644	2.213	3.967	1.67	2.903	2.937	1.642	3.731	1.955	2.963	3.205	2.847	1.738	1.196	4.569	3.747	1.706	-1.273	6.07	1.861	4.836	1.795	2.417	4.558	2.901	4.827	2.725	-0.8551	4.315	4.299	1.744	2.665	3.482	3.026	3.787	2.168	2.333	4.329	2.896	3.203	5.851	6.782	6.522	2.818	3.292	4.134	2.149	3.595	3.499	3.397	1.365	0.5815	2.436	2.382	3.11	3.083
1.972	3.104	3.522	-0.2938	3.966	4.028	2.525	6.122	1.399	1.672	1.226	5.207	2.554	2.4	4.207	-0.04992	2.309	0.4155	1.908	9.434	3.114	0.07418	6.703	3.941	2.064	3.632	0.8305	2.876	2.373	3.639	2.952	4.438	2.604	3.836	2.149	2.742	2.453	3.31	4.002	2.92	3.741	3.867	1.278	3.115	2.484	0.1372	4.675	3.326	1.126	2.625	2.105	1.622	3.608	2.878	3.405	-1.591	4.058	0.99	5.955	3.686	3.014	2.04	3.25	3.685	4.137	4.618	2.138	4.005	2.956	3.282	1.731	2.532	3.941	5.022	3.276	1.517	3.122	3.129	1.422	1.632	0.5097	3.965	3.438	3.619	3.154	3.658	4.982	3.774	3.432	3.724	2.174	1.294	2.113	3.124	2.732	-0.2284	3.331	2.141	3.455	1.918
4.493	-0.06458	3.52	3.011	2.208	3.453	3.626	3.524	0.3442	3.122	2.633	4.94	4.079	2.448	2.488	2.195	2.953	0.4085	0.4965	5.703	1.376	2.439	4.003	4.73	2.02	2.25	3.434	2.916	-0.6824	2.481	3.49	6.109	-0.2124	3.381	2.033	1.218	0.6795	2.125	2.382	2.147	3.303	4.328	2.205	1.897	3.772	3.1	1.247	4.814	0.552	2.313	1.006	2.311	2.56	2.671	1.901	0.8735	0.971	-1.028	4.871	4.313	2.476	1.958	2.931	2.511	3.067	2.272	1.6	1.461	3.571	4.285	0.7201	2.479	3.009	3.458	2.611	1.877	2.313	0.6154	1.32	1.061	1.621	2.015	4.312	3.965	2.784	1.8	3.677	3.818	2.713	4.722	4.377	2.432	2.736	2.227	0.3879	1.888	4.422	0.6	2.684	2.651
1.636	2.808	3.12	0.7706	4.892	3.049	3.353	3.768	3.441	5.328	1.946	5.203	3.085	2.532	1.325	4.219	0.3344	0.3628	2.517	5.12	2.699	2.276	1.926	2.245	1.768	2.918	3.18	2.61	0.7397	3.021	2.576	3.332	2.658	4.401	3.818	1.979	3.06	1.852	2.724	4.621	3.326	2.671	1.581	2.874	5.863	3.233	2.129	3.238	4.415	1.68	-1.16	3.665	3.952	2.678	5.348	1.96	1.598	2.254	1.796	1.601	4.734	3.104	2.975	3.877	3.026	4.164	3.737	0.8711	4.04	3.386	1.681	3.104	1.121	3.663	1.11	3.331	2.136	3.477	1.541	4.382	4.699	4.319	2.561	4.479	2.406	3.397	2.442	3.592	4.623	2.79	2.747	3.451	2.417	2.527	2.289	0.1402	3.51	0.3381	3.659	0.4153
3.282	1.084	0.693	2.359	2.887	1.832	5.271	2.902	2.359	3.869	-0.4205	3.797	1.558	1.219	3.404	1.418	2.832	0.1948	2.232	5.591	2.879	2.162	3.833	3.109	1.538	2.664	2.08	1.267	1.928	3.476	5.531	5.564	4.43	2.713	2.791	3.403	0.9884	3.067	2.132	0.8181	3.945	4.593	6.649	1.728	3.321	2.672	4.957	3.129	3.486	1.485	3.324	3.595	2.874	3.368	4.213	1.406	2.834	1.469	4.755	3.715	3	1.948	1.681	3.915	2.778	4.428	1.673	0.9694	2.881	5.301	1.115	1.802	1.771	0.3909	2.377	1.18	4.145	2.02	0.6487	5.198	0.8216	1.695	0.6669	3.225	3.718	2.642	4.234	3.097	2.917	5.141	3.349	4.349	2.513	2.1	2.508	1.629	2.141	2.181	4.641	2.119
1.948	3.95	2.23	3.25	1.9	1.544	4.521	5.497	2.861	1.189	1.995	1.823	1.216	4.095	2.511	3.259	1.594	1.752	2.576	4.411	2.93	1.151	3.059	3.192	4.864	2.65	2.004	2.156	2.5	4.023	2.01	4.28	3.74	5.54	1.683	3.551	3.524	1.668	2.928	4.091	4.412	4.509	3.767	3.926	1.906	3.466	2.774	2.696	-0.2861	3.72	1.305	-0.09735	1.05	1.909	3.161	2.507	4.656	1.405	4.974	3.805	2.269	-0.7631	3.235	4.421	3.209	3.594	4.323	0.7322	4.127	4.697	1.901	3.281	2.535	2.697	2.643	3.68	1.442	3.003	1.738	3.234	1.575	3.807	3.165	3.854	2.737	4.637	3.938	3.814	0.9785	7.067	3.217	2.051	5.371	1.826	1.671	0.547	3.87	0.1582	3.279	2.084
-1.019	2.822	1.437	0.4173	2.684	2.563	2.372	3.636	3.968	3.371	4.165	3.396	2.98	3.929	0.5247	2.031	-0.2388	1.045	2.206	4.596	2.187	1.686	5.659	1.787	4.733	5.011	4.192	2.814	1.388	2.88	3.165	2.405	1.811	5.266	1.43	1.485	3.372	3.248	3.96	3.987	1.632	3.062	2.25	1.213	3.378	1.323	5.21	4.818	3.837	1.447	0.4207	4.226	3.668	0.96	3.867	4.88	1.562	1.177	3.526	2.607	0.8656	3.804	5.659	5.102	2.196	1.105	1.573	1.531	3.735	2.971	2.766	4.206	3.156	3.119	3.137	1.422	3.515	5.001	-0.5178	2.083	1.322	3.619	2.283	4.832	4.76	0.169	3.071	1.458	1.104	4.173	1.892	3.186	2.14	2.261	2.441	3.231	3.051	0.7969	2.667	2.883
4.342	4.947	4.938	1.662	1.596	2.847	3.76	3.941	2.743	4.445	3.168	2.754	4.007	3.689	4.583	2.204	4.025	2.239	3.021	4.746	3.313	3.955	3.663	2.776	3.482	0.9699	2.217	2.735	4.088	3.096	5.271	6.62	0.8651	3.372	4.505	1.628	4.049	3.554	6.155	5.423	2.981	1.436	0.01518	2.394	4.336	1.324	2.318	4.602	3.124	1.242	1.783	2.146	3.157	2.884	2.629	1.494	3.331	3.925	4.449	3.133	1.906	1.709	2.294	5.256	5.743	0.2223	1.215	1.942	2.761	5.749	1.151	5.297	2.632	2.694	2.219	2.266	2.898	2.674	2.377	4.05	2.295	3.793	3.378	4.091	4.213	3.491	4.456	2.108	2.865	5.532	3.891	3.122	2.749	3.561	2.746	3.043	2.358	-1.129	2.337	1.639
3.222	2.885	2.781	2.812	4.07	2.071	5.608	2.699	3.578	0.683	2.615	3.459	4.007	1.262	2.566	1.204	3.301	1.498	2.745	4.018	2.562	4.963	5.036	1.368	1.46	1.464	2.058	2.668	3.097	3.237	2.742	6.356	1.417	0.4406	1.739	2.624	3.756	2.042	3.477	3.999	3.784	3.754	2.919	2.376	2.217	2.854	5.198	6.261	1.001	2.641	1.526	2.741	4.832	1.667	0.7228	0.6302	4.121	2.409	3.946	3.115	4.472	0.8937	2.26	6.663	3.304	3.991	1.094	0.2755	1.673	1.995	2.015	1.713	3.351	5.651	0.8427	-0.4453	2.972	4.163	2.089	1.798	2.635	4.208	3.491	4.329	3.363	3.85	3.916	3.609	1.284	5.781	2.768	3.385	2.484	3.23	2	2.702	3.713	1.765	3.221	3.118
5.039	2.764	-1.041	4.073	3.862	0.7168	3.697	5.13	1.399	1.992	1.353	3.132	3.733	3.161	3.068	0.8852	1.097	2.055	1.751	2.839	1.236	1.435	2.02	2.133	4.857	2.252	4.048	1.673	2.269	2.706	2.493	3.987	2.298	3.692	2.537	3.187	2.271	2.003	0.5709	2.811	4.116	4.81	-0.09521	1.937	2.208	2.593	3.334	3.98	2.196	2.073	2.92	0.4944	0.8743	2.377	4.367	1.943	4.338	-0.3987	4.88	3.93	3.077	1.911	4.021	2.707	2.473	4.558	0.9335	3.26	4.092	3.581	0.2213	1.356	3.223	5.837	1.563	2.118	2.21	2.073	2.51	0.7789	2.234	4.546	2.15	1.157	0.8509	4.047	2.846	3.082	2.081	6.075	3.186	3.432	3.828	2.302	2.17	0.3406	2.176	-0.4516	1.05	2.541
3.115	3.26	2.467	2.105	2.341	2.614	2.944	3.889	1.376	2.183	1.261	2.573	2.331	3.546	1.422	0.8758	2.036	3.181	-0.3132	6.167	-0.3749	3.607	4.393	2.716	4.275	2.594	1.759	4.407	1.996	3.932	5.062	3.981	2.94	3.164	1.87	3.541	4.775	5.394	3.909	3.857	4.616	4.492	1.682	3.204	2.341	2.561	2.577	3.143	2.032	3.899	1.52	3.182	2.733	3.054	5.32	2.24	3.76	0.9027	2.958	6.096	1.273	4.471	3.453	4.811	2.834	0.564	1.761	2.696	4.693	4.452	0.7006	4.733	3.035	4.473	2.442	4.066	2.838	2.616	4.449	3.311	1.867	5.779	1.758	2.352	2.327	3.354	6.094	3.932	2.101	6.478	2.257	5.483	3.099	5.476	2.222	0.9085	2.489	1.21	3.71	4.356
2.162	1.725	5.499	2.137	4.143	1.529	6.062	3.595	2.255	2.652	3.344	3.815	1.605	4.868	3.92	2.478	2.612	4.09	1.856	5.525	2.633	0.9911	2.548	1.417	4.337	1.86	2.75	3.699	3.785	3.543	2.688	5.755	2.228	3.034	3.479	2.317	2.956	2.032	2.037	3.729	5.809	1.239	2.994	2.605	1.938	2.077	3.945	3.03	2.924	2.917	2.391	5.25	3.406	4.069	3.59	2.512	2.471	-0.4007	4.029	2.879	1.713	4.166	5.973	6.072	5.239	0.3302	0.8742	2.447	2.398	5.325	2.292	1.83	2.527	5.903	0.9312	-0.1334	2.896	0.7421	2.084	4.203	0.5469	6.952	2.657	3.707	6.115	3.222	5.381	3.509	3.11	3.112	2.939	2.136	2.002	2.452	1.103	1.693	3.576	1.434	4.261	2.998
6.082	2.654	4.778	4.45	1.527	3.136	3.534	2.351	2.322	2.897	5.145	3.26	4.653	2.014	1.844	2.024	2.513	0.9524	2.516	6.286	1.6	1.64	5.691	2.124	3.013	0.5636	2.582	2.436	2.135	3.452	3.679	5.663	2.87	2.747	3.429	3.302	2.79	3.565	3.72	4.503	4.365	2.443	4.751	0.6933	3.357	4.868	2.52	3.958	1.019	2.545	2.082	2.854	1.249	1.747	4.122	3.844	1.84	2.181	3.587	2.261	3.287	2.124	2.327	5.283	5.577	3.889	1.583	0.8142	2.24	2.093	3.452	1.397	4.528	3.001	0.6861	1.171	2.811	2.414	2.507	2.131	1.889	3.352	2.588	3.306	2.014	4.882	4.811	3.219	0.6718	6.787	1.334	4.731	3.584	-0.03468	1.456	2.292	3.869	1.929	2.944	2.069
1.784	4.18	3.682	2.176	1.775	2.825	4.016	3.008	2.31	3.115	0.9587	3.823	3.321	3.51	0.2033	0.8421	4.57	3.104	1.724	4.663	0.03556	1.829	6.004	2.05	2.673	3.107	3.245	1.059	3.546	2.566	4.03	3.877	2.974	5.969	0.9778	3.295	5.087	4.544	2.81	4.813	1.949	5.444	5.616	2.531	2.92	3.599	2.425	3.518	3.13	2.308	0.653	5.243	4.214	3.621	4.065	3.006	3.717	1.308	3.448	3.676	3.109	1.295	4.382	4.341	5.523	0.6706	1.65	2.86	0.6065	2.618	1.291	1.406	2.891	3.209	3.177	1.56	3.787	3.878	3.385	3.452	2.444	3.644	1.114	5.201	0.0602	3.044	4.967	3.593	2.284	3.317	2.517	3.137	3.789	2.849	1.562	2.619	1.41	2.57	2.649	2.776
4.816	1.011	2.983	3.54	3.388	1.845	3.246	4.543	2.592	1.357	3.494	1.785	2.7	1.022	0.6748	3.132	0.9844	2.509	2.79	3.776	3.762	0.3697	4.942	2.368	2.236	1.252	3.363	3.357	3.311	5.124	2.874	2.479	3.114	4.127	3.512	1.419	1.689	3.304	2.098	2.714	3.472	3.535	1.904	0.9982	3.102	1.168	3.874	3.757	2.65	3.295	1.568	2.87	4.477	3.624	3.798	0.9603	3.774	1.626	1.941	4.921	1.116	3.277	2.291	3.407	3.375	3.1	1.44	3.129	3.594	3.682	0.7558	1.298	3.056	5.099	1.124	1.894	0.8482	1.897	2.735	-0.5177	3.877	4.765	2.155	5.742	1.352	4.217	6.966	4.839	2.485	4.719	2.706	5.361	4.091	4.885	1.309	1.664	1.818	0.7401	2.333	2.605
4.499	2.152	2.718	1.077	4.945	1.583	3.804	3.165	1.856	3.36	1.447	0.7389	-0.1325	1.997	2.104	1.425	0.1371	0.9215	1.708	5.559	2.518	1.64	3.242	-0.004423	3.902	2.246	4.284	3.468	1.604	2.677	2.132	4.49	1.813	4.883	3.382	3.418	3.808	4.223	2.126	2.305	3.734	3.449	2.422	3.234	3.921	0.9886	3.778	5.611	2.471	3.989	1.155	4.066	2.842	2.962	3.035	2.909	2.501	3.518	4.013	3.457	1.982	1.488	0.5829	1.993	3.548	0.2286	1.836	1.812	3.454	1.548	2.624	1.644	2.513	6.121	2.908	2.918	2.267	2.982	4.975	1.961	1.015	4.241	4.549	5.18	4.876	5.228	1.821	5.263	1.618	2.772	2.283	5.382	2.566	3.734	1.302	2.407	3.021	1.089	3.043	2.204
1.12	1.98	2.395	3.016	3.013	1.902	1.033	2.632	2.094	3.836	3.27	3.769	3.394	2.552	1.319	3.356	1.665	0.9257	3.02	6.334	3.201	2.472	6.194	3.289	4.03	2.206	2.61	1.462	1.78	2.41	3.64	1.714	2.323	5.478	0.7755	3.387	2.752	2.47	3.991	3.021	4.347	3.174	4.086	2.108	2.511	1.713	3.388	2.727	3.283	2.867	0.656	3.228	1.947	3.368	2.411	2.379	3.556	0.5627	2.229	2.605	2.829	2.325	3.099	3.881	4.4	3.565	1.705	1.68	3.267	2.158	2.371	0.6049	3.56	3.927	1.856	2.614	4.072	4.967	0.435	2.975	2.407	1.587	2.862	2.633	2.201	2.63	2.387	2.603	2.7	3.833	2.093	2.622	4.125	5.767	2.892	1.229	2.502	2.981	3.806	3.809
1.014	0.7207	1.262	2.224	1.013	3.167	3.668	2.778	-1.973	2.573	3.049	4.269	2.894	2.117	2.629	0.5653	1.518	1.522	2.004	5.314	1.46	2.964	4.703	1.889	4.055	1.206	1.866	2.225	1.968	2.79	2.53	4.395	2.651	4.825	1.291	2.692	2.667	2.875	2.699	3.385	3.884	2.831	5.194	0.9557	3.272	2.87	3.471	2.862	1.103	1.563	3.755	3.892	1.127	3.146	3.531	1.349	2.219	2.143	2.744	2.731	3.15	2.634	3.905	4.58	3.004	2.193	1.109	2.147	1.726	2.503	3.002	1.535	4.347	2.742	1.321	1.773	2.179	3.047	1.697	2.067	3.32	3.412	1.366	4.784	4.655	2.711	4.752	6.378	3.1	3.816	1.588	4.283	3.043	0.6604	3.596	-1.928	2.265	1.36	2.372	2.386
4.915	1.425	2.364	-0.5542	2.391	1.492	1.646	3.741	2.084	2.642	1.756	3.611	0.03438	4.422	2.545	2.67	0.9621	1.649	2.074	5.951	1.133	1.662	4.919	2.573	1.306	1.638	4.069	2.202	3.155	2.816	2.934	3.529	3.125	1.601	2.596	2.873	2.181	2.714	1.991	4.214	2.332	3.842	3.72	4.085	2.22	1.288	2.38	4.056	1.955	4.759	2.852	3.31	1.877	2.65	2.595	1.918	2.691	1.845	2.731	2.168	4.112	0.5117	0.4001	2.399	4.297	2.41	1.531	3.49	2.736	1.795	4.191	3.119	2.714	3.667	1.985	2.05	3.476	2.765	4.748	3.652	4.348	4.205	2.827	6.319	2.978	2.602	6.182	3.53	1.704	5.029	4.587	1.694	2.581	3.483	3.021	0.9185	5.243	2.225	4.123	1.062
0.9447	2.113	2.132	2.521	2.336	2.545	2.306	3.186	2.582	2.672	2.124	2.522	1.428	2.689	0.3486	0.81	0.9319	1.736	2.211	2.862	2.546	2.398	6.45	3.392	2.815	2.338	3.928	0.6135	0.9589	3.378	3.593	5.384	2.892	3.113	2.079	3.579	2.482	2.805	2.795	3.83	5.698	5.554	2.879	3.505	5.535	1.057	4.064	2.767	1.845	3.133	2.593	2.036	2.638	2.24	3.077	1.87	2.769	1.335	2.029	2.643	0.5088	1.478	3.973	5.059	2.688	1.602	0.3168	2.35	2.47	0.9684	1.913	1.216	3.485	4.174	-0.8846	2.58	2.88	3.895	3.478	3.785	1.293	4.687	1.922	3.663	3.037	2.663	3.984	5.069	3.248	4.164	1.728	2.926	2.942	4.794	3.61	-0.9215	2.629	0.1586	4.884	2.164
1.431	3.19	2.849	3.632	4.706	1.46	3.16	2.824	-0.3952	1.892	2.65	4.736	2.589	2.324	2.71	2.779	1.77	2.132	3.166	6.528	4.888	-0.0935	3.349	2.356	4.154	1.085	3.84	2.032	1.339	4.088	2.802	4.942	0.5349	2.531	0.5803	3.828	3.072	2.996	1.926	3.83	2.477	2.482	1.94	4.379	1.5	1.007	4.005	2.991	2.411	0.7978	2.103	3.174	1.195	2.574	2.183	-0.539	2.52	1.308	4.207	4.107	3.403	-0.2607	1.483	3.842	2.253	2.902	1.452	0.6248	-0.3912	4.346	2.968	3.632	3.054	4.825	-0.5115	1.943	3.517	1.798	3.438	1.726	2.022	2.856	4.814	3.082	2.894	2.764	2.864	4.966	2.672	5.817	3.916	2.658	3.233	2.59	1.91	0.8464	2.613	3.264	3.928	2.033
2.606	1.108	1.922	1.65	4.063	3.657	4.38	4.288	0.9599	2.865	1.347	3.715	0.9096	1.228	3.165	1.73	2.703	1.397	3.323	5.073	3.846	2.911	3.444	1.948	3.759	1.076	2.464	1.384	2.813	2.644	3.76	3.724	2.096	3.467	1.648	2.236	0.6975	1.561	3.648	3.607	3.729	4.612	2.788	2.522	1.795	3.498	3.418	4.003	2.961	2.336	0.6785	3.054	1.419	2.216	3.472	0.9349	1.602	2.048	3.67	2.894	1.5	1.711	2.873	3.063	1.443	1.822	2.265	1.683	2.532	3.8	1.725	3.404	2.455	3.055	1.983	2.93	4.331	2.757	3.931	3.128	2.669	4.337	3.295	3.571	3.887	3.112	3.618	3.088	1.629	4.46	2.533	4.457	3.329	2.277	1.848	1.277	3.607	0.5441	2.371	3.2
2.675	2.86	3.338	2.434	3.099	3.906	4.544	3.609	1.933	3.388	2.932	1.001	1.321	1.465	1.006	2.199	1.101	2.984	1.837	4.031	4.137	2.565	4.62	2.604	3.714	2.731	2.399	3.879	3.332	3.214	3.626	5.086	3.459	4.053	2.396	3.107	3.389	3.46	2.964	5.885	2.312	3.755	3.498	3.086	3.99	2.024	1.995	2.855	0.6404	1.893	1.128	2.523	1.923	1.653	3.58	2.027	3.078	1.698	4.972	3.914	3.135	2.03	3.564	3.799	4.182	2.44	1.896	3.014	3.446	4.122	2.656	2.404	3.011	3.528	1.637	2.195	2.771	1.589	3.104	2.631	3.109	4.204	2.53	3.226	1.923	2.356	5.064	3.983	2.803	3.233	2.095	3.287	2.934	2.568	2.142	3.013	1.755	2.948	2.28	1.518
1.499	3.655	3.049	3.253	3.841	2.501	3.807	3.664	3.013	1.937	0.3755	3.302	2.312	2.488	3.741	0.2978	0.02102	1.525	2.358	3.628	1.558	2.541	3.754	2.254	1.75	1.525	2.481	2.808	0.6257	2.461	3.624	5.08	2.738	4.197	3.039	2.638	2.355	0.8163	2.385	4.349	2.932	4.092	3.271	4.643	3.922	2.688	4.324	2.279	4.246	2.584	0.03011	3.377	1.311	2.833	2.948	3.151	2.55	2.587	2.956	4.834	2.512	0.9413	3.218	4.406	4.779	3.474	3.229	2.554	2.791	3.853	2.533	2.557	2.5	4.282	0.7266	2.19	1.38	1.162	2.947	3.312	4.063	2.98	3.508	1.383	4.032	3.649	5.148	2.852	3.506	3.341	1.359	3.129	4.249	0.4274	2.515	2.874	3.321	2.809	4.618	1.485
3.381	2.826	2.436	2.685	2.352	2.591	4.809	4.789	2.107	3.746	1.755	2.802	2.346	2.697	2.814	0.0523	2.331	2.226	1.363	5.286	1.073	2.099	2.596	1.675	3.951	3.781	3.185	3.802	2.03	3.18	3.27	4.246	2.493	3.778	1.384	2.629	2.734	2.128	3.478	3.077	4.459	0.2123	3.145	1.816	2.26	-0.5156	2.962	2.901	2.663	2.302	2.112	4.754	1.904	3.375	3.288	2.049	4.057	2.592	3.086	1.726	2.048	2.43	3.028	1.854	3.341	5.462	0.1458	2.506	1.3	2.521	2.73	2.816	3.83	5.635	2.928	1.153	2.88	1.766	0.502	4.284	1.908	4.116	0.1446	3.797	2.078	4.837	3.179	3.48	1.176	3.085	3.537	3.729	4.163	1.701	1.137	1.55	4.914	0.8915	5.548	1.595
3.713	1.204	3.959	2.91	3.074	2.312	3.206	5.348	2.232	2.304	2.064	2.709	1.794	1.069	2.475	2.949	1.37	0.9242	2.785	6.548	4.603	3.629	4.538	1.829	3.008	3.062	0.4483	1.936	2.308	5.07	1.265	5.825	2.04	2.042	3.919	1.916	2.833	2.759	3.37	4.107	4.091	2.015	2.527	1.776	2.791	2.902	3.247	3.519	1.707	3.87	1.092	2.812	1.176	1.654	4.647	1.319	2.429	2.64	3.059	4.121	1.4	2.167	5.144	2.215	5.418	3.338	0.6658	2.433	2.279	2.568	-0.03256	3.334	3.91	4.288	0.7975	3.251	2.481	2.074	1.468	2.953	2.053	3.492	2.921	4.437	4.587	4.98	4.939	4.742	1.746	5.506	3.597	3.414	3.368	3.636	2.963	2.174	3.546	2.167	4.252	2.544
3.164	1.377	3.923	2.702	3.204	0.9584	5.405	4.297	3.428	2.377	1.933	4.16	2.304	1.398	1.815	3.87	2.825	3.83	2.264	5.131	2.024	1.732	1.186	2.504	3.109	2.032	2.357	1.969	0.8659	4.447	2.472	4.972	2.696	3.125	2.471	1.977	3.236	3.798	2.937	5.396	3.52	3.121	3.916	2.619	3.899	2.393	2.76	2.174	0.4905	2.592	1.699	1.844	0.2187	3.748	2.654	1.274	2.388	1.939	1.67	3.441	0.2173	2.559	2.647	5.692	4.201	2.028	2.219	3.609	4.038	2.412	1.601	2.889	2.459	3.882	3.536	3.066	3.325	3.008	2.772	4.725	3.112	1.334	2.679	2.685	2.513	3.439	2.306	2.278	4.465	3.081	2.054	3.824	4.014	3.918	2.622	3.745	1.6	1.239	2.401	3.419
2.648	2.243	3.587	1.457	2.404	2.334	4.519	3.447	1.987	2.053	0.1151	3.453	2.073	1.929	0.2358	3.612	1.693	3.208	1.866	3.218	2.839	3.586	4.301	1.485	3.261	3.167	3.671	2.262	2.337	3.083	3.174	4.183	4.635	2.462	3.668	2.525	2.368	3.011	4.412	4.147	3.617	3.796	2.943	2.214	1.438	2.384	2.844	4.314	2.873	2.685	0.3077	2.705	3.106	2.762	1.533	2.822	4.354	2.11	2.487	3.05	3.027	2.224	3.172	3.843	3.594	4.463	3.134	1.206	1.595	2.859	1.883	2.472	4.954	3.889	2.893	3.11	1.923	2.285	1.553	2.495	2.335	2.834	3.829	4.121	2.273	4.081	3.703	4.905	2.894	2.874	3.938	3.605	2.901	3.142	1.374	1.035	3.458	2.113	2.155	2.303
3.704	1.242	2.461	2.066	2.006	1.347	4.103	3.04	1.704	2.106	2.592	3.417	2.41	1.297	-0.6334	2.278	3.318	3.413	1.281	2.434	2.219	2.304	3.057	2.513	1.925	2.158	1.503	2.917	1.451	4.243	3.547	5.201	1.811	1.524	2.113	1.161	2.699	2.855	2.601	2.775	5.008	3.516	3.483	2.597	3.731	3.798	2.26	3.264	2.289	2.597	0.981	1.049	1.479	3.121	3.331	1.245	2.706	4.256	2.582	2.877	4.34	1.379	3.652	3.743	5.321	0.1414	1.558	2.198	2.057	2.865	3.127	3.329	2.834	4.424	2.662	3.968	2.674	4.013	2.74	2.77	2.996	4.463	2.404	2.507	3.955	3.637	2.192	4.743	1.056	3.312	2.98	4.557	2.05	4.689	1.782	3.255	2.411	0.8494	2.545	2.02
2.943	3.158	2.945	2.655	3.34	2.426	4.141	3.026	1.269	1.409	-0.5923	1.489	4.259	2.623	1.511	2.599	0.7744	1.871	1.97	4.765	2.001	2.371	4.697	2.611	2.805	1.876	3.601	1.933	2.013	3.067	3.658	5.086	0.8808	2.377	0.9924	3.472	1.518	2.654	2.934	4.561	1.763	3.667	2.308	2.212	2.844	2.291	1.252	2.957	1.388	1.243	1.873	2.556	4.113	4.561	3.872	1.045	1.952	1.122	2.265	4.345	2.674	1.161	2.807	4.867	3.911	2.641	2.037	1.589	1.914	4.51	1.743	0.7562	3.224	3.609	2.93	1.422	1.927	4.407	3.458	0.8558	2.633	4.141	2.568	3.952	4.226	2.723	2.567	3.111	4.043	5.422	2.809	2.119	2.43	2.003	3.581	1.42	2.923	-1.34	2.925	2.263
3.242	2.899	2.521	1.962	1.548	2.168	3.585	3.626	1.193	2.271	3.512	3.197	1.134	1.752	1.986	2.349	1.332	-0.4519	1.223	4.844	2.173	2.642	3.686	2.427	1.729	3.035	2.051	2.483	2.077	3.987	3.572	5.308	2.315	3.69	2.636	2.942	1.271	1.943	0.8416	3.732	2.101	4.307	3.107	0.1228	4.514	1.85	3.565	3.67	2.698	2.352	1.805	2.135	2.172	1.743	3.404	4.328	2.536	0.6383	2.614	3.727	3.499	2.826	3.113	2.038	3.326	2.285	2.46	4.927	3.002	4.632	4.462	2.175	3.205	3.594	1.811	1.396	4.077	2.845	2.94	2.853	0.9819	2.481	2.699	3.703	2.763	3.802	2.802	3.677	3.718	3.816	2.738	2.568	3.519	4.34	2.118	1.608	2.658	1.142	2.137	2.128
3.565	1.52	1.907	1.463	4.465	2.424	3.49	3.128	1.394	3.847	2.794	3.216	2.828	1.401	1.717	3.437	3.211	1.434	1.207	5.404	3.257	3.477	4.433	1.845	2.638	2.758	3.031	3.146	2.671	1.086	2.407	5.351	2.788	4.565	2.866	2.976	1.632	2.325	3.12	3.933	2.903	4.985	0.6514	2.226	3.883	2.246	2.919	1.559	3.063	2.227	0.7306	2.94	2.9	3.364	2.762	1.124	3.447	2.672	3.65	3.897	0.8147	2.621	3.647	3.343	1.373	2.678	1.274	2.71	3.676	4.029	2.192	2.306	3.477	5.715	3.138	2.514	2.542	4.282	2.504	1.905	2.416	3.39	3.685	1.964	3.449	4.806	4.325	5.173	3.976	4.054	3.124	3.308	1.857	3.148	1.776	-0.8505	2.602	1.568	4.013	2.506
2.39	1.397	3.098	0.8024	3.873	2.017	4.054	5.528	3.251	3.223	3.07	1.887	2.937	3.581	2.793	2.785	1.733	1.862	0.8893	6.303	2.264	1.017	3.9	2.418	2.31	2.409	2.156	4.636	0.6388	2.956	3.625	3.573	2.383	4.371	3.055	2.908	3.566	3.411	2.908	2.738	3.451	3.276	2.54	1.242	2.77	1.558	2.72	4.182	1.533	2.759	2.987	3.783	2.663	2.712	1.914	1.567	2.635	0.98	3.134	3.444	0.3107	2.434	2.961	3.706	4.406	0.4289	1.995	1.711	0.7681	3.117	2.586	3.336	3.341	3.526	1.435	1.476	4.245	3.294	3.868	2.469	1.439	4.112	4.336	3.445	3.542	4.007	0.7419	3.601	1.737	4.596	2.93	1.993	4.076	3.866	2.955	2.75	2.997	0.3688	2.711	2.695
3.281	1.465	3.68	0.1994	2.124	2.622	4.953	4.628	3.104	3.683	2.142	2.664	3.536	1.921	2.434	2.048	2.889	1.924	2.36	4.211	2.084	1.679	4.585	2.08	4.129	2.765	2.876	2.42	1.3	4.134	4.156	3.928	1.863	4.623	2.044	2.638	1.758	3.117	3.783	4.4	2.52	4.073	4.004	3.188	3.263	1.433	4.005	4.991	2.651	1.37	1.605	4.188	3.303	0.5809	1.858	2.28	3.269	2.729	5.009	2.157	3.134	1.389	4.029	2.316	3.766	2.411	1.559	0.9382	1.651	4.204	2.62	4.021	3.968	4.093	1.226	3.521	2.524	2.741	2.07	3.281	2.253	6.25	2.727	3.869	2.404	3.596	4.883	4.534	3.443	5.133	3.711	3.513	3.471	2.691	2.26	3.092	3.213	1.806	3.514	2.929
2.664	0.9791	2.885	1.887	3.518	3.153	3.057	3.942	1.144	1.775	0.6644	4.929	3.47	2.984	1.474	2.117	1.362	2.435	3.793	4.173	1.787	1.593	2.991	1.819	3.602	1.403	3.45	1.553	1.755	2.306	3.353	3.007	1.544	2.801	0.7394	2.037	2.107	2.729	3.455	3.792	3.214	3.373	1.985	2.293	3.025	2.917	2.765	2.736	2.139	2.325	0.3198	3.691	1.468	2.046	2.822	1.81	2.495	2.962	1.965	3.093	3.35	1.092	3.959	3.533	1.989	1.014	2.242	2.556	1.749	2.587	1.614	2.825	3.622	2.727	2.127	3.171	3.197	3.038	2.491	1.48	1.397	3.93	3.631	2.801	3.088	5.414	3.888	2.543	2.462	5.183	2.256	3.822	3.652	4.707	2.509	1.94	2.604	1.223	3.424	1.588
2.226	3.549	1.72	2.924	3.429	1.86	4.258	2.339	2.027	3.407	2.25	3.422	3.353	2.872	3.05	2.067	0.8862	1.754	2.275	4.699	2.141	1.111	3.041	1.525	2.579	1.493	3.477	1.207	1.726	3.155	5.191	6.327	1.491	1.582	2.354	1.453	4.234	2.358	3.308	5.593	3.483	1.762	2.512	2.048	2.676	2.851	5.188	4.562	4.522	3.92	2.273	4.379	2.24	3.307	3.048	3.176	1.605	1.655	3.384	4.218	4.222	0.8331	2.843	4.406	2.636	1.554	0.3834	1.076	1.989	2.156	1.181	2.399	2.15	3.61	2.33	3.094	0.8633	3.372	3.401	2.88	4.696	3.716	2.255	4.258	2.993	4.514	4.354	3.604	3.069	3.4	2.544	4.406	2.22	2.503	3.795	1.95	3.794	0.8116	3.987	2.352
2.289	2.526	3.468	2.962	1.934	3.328	3.516	4.782	1.81	1.446	0.8	2.091	2.747	2.856	2.5	1.609	1.292	0.8952	2.695	4.275	1.857	0.7795	2.707	1.999	1.921	1.175	2.445	3.81	2.572	4.038	3.292	3.599	1.721	4.133	1.558	1.56	2.965	1.759	3.043	2.726	2.642	3.703	2.973	2.368	1.885	3.631	1.849	5.343	2.298	3.867	0.3442	2.254	1.405	2.422	1.739	3.364	2.441	1.778	1.843	5.403	2.327	3.511	2.975	3.913	2.416	1.936	1.873	3.274	1.448	2.91	1.563	2.086	1.911	4.367	3.251	3.499	2.789	3.581	2.118	3.593	1.518	4.618	2.987	3.067	2.914	4.042	2.641	4.086	2.861	4.669	3.573	3.572	3.187	1.854	2.661	0.8108	2.977	1.508	2.942	3.404
1.568	1.892	3.874	2.174	1.734	1.057	2.732	4.682	2.183	2.311	2.038	3.509	2.279	1.498	2.26	3.566	1.772	1.643	2.556	6.312	3.618	1.029	6.275	2.33	2.609	1.402	5.374	2.758	3.21	3.118	3.17	3.855	1.766	1.99	2.198	1.425	2.352	2.506	1.859	4.369	2.312	5.111	2.752	1.855	3.022	3.056	3.325	2.915	3.471	2.523	1.62	3.786	1.605	2.084	3.191	0.8709	1.438	1.81	3.753	1.737	3.304	2.354	3.304	0.1989	4.16	2.325	2.405	1.094	1.502	3.727	3.072	2.377	2.099	1.897	3.535	1.282	3.997	1.495	0.8012	3.942	2.504	3.752	2.905	6.308	2.481	2.319	3.446	4.503	0.5339	4.416	1.192	2.352	4.308	2.982	2.721	0.8771	2.815	0.7458	2.131	1.686
2.213	3.316	3.151	1.38	3.487	2.197	4.236	3.965	1.796	1.147	2.311	3.891	1.898	1.217	4.285	2.21	2.657	1.592	2.291	4.41	3.208	2.527	4.353	3.582	1.794	1.817	2.241	2.734	2.03	2.73	3.419	6.038	2.672	4.327	1.144	2.214	2.424	2.323	2.355	2.697	3.234	2.883	2.461	2.903	2.04	2.64	3.819	2.25	3.95	1.82	1.43	3.953	2.297	2.926	3.75	2.547	2.562	0.615	4.193	4.005	1.927	0.09258	5.792	2.46	2.558	3.174	2.113	3.507	3.569	3.098	0.7781	1.55	4.914	2.928	2.055	2.167	3.845	2.674	0.9568	3.913	3.568	2.375	2.325	2.849	3.201	4.486	3.681	2.347	4.385	4.841	2.405	2.751	3.821	3.38	1.283	2.095	3.168	1.51	3.224	3.302
3.039	2.849	1.164	1.959	3.242	3.32	4.866	3.53	3.041	2.328	1.619	1.556	4.328	3.429	1.136	1.439	2.528	1.631	1.901	5.472	3.239	3.161	4.623	2.623	1.585	3.938	1.773	1.784	2.445	3.016	4.059	4.748	2.274	2.687	1.166	3.529	4.278	2.183	3.246	3.228	2.37	2.44	1.265	2.052	4.95	1.795	4.583	2.683	2.922	3.809	0.4371	3.415	3.657	3.149	3	3.342	2.627	1.003	4.092	2.599	4.238	1.846	3.105	3.438	2.559	2.064	3.071	0.1479	3.157	3.14	1.787	3.064	3.125	6.17	3.038	3.446	3.218	1.744	1.242	0.9612	2.523	4.861	3.554	4.206	3.105	2.083	4.025	3.95	3.377	2.998	1.774	4.863	2.317	3.702	2.061	1.515	1.983	0.5983	3.34	2.044
3.79	1.439	2.031	3.23	2.168	1.172	3.648	3.144	1.191	2.107	1.22	2.23	2.898	2.085	1.975	3.042	2.314	1.538	1.963	5.195	3.114	2.75	5.637	2.636	4.136	3.733	3.245	2.541	2.646	3.365	5.188	4.13	2.173	2.632	3.497	3.253	3.116	4.284	3.013	5.523	4.215	3.809	3.08	2.729	3.72	2.689	3.813	4.462	1.759	3.679	1.572	4.047	1.533	4.05	2.479	2.555	1.605	2.884	1.923	2.259	3.402	3.303	3.539	3.502	2.289	2.472	1.683	3.077	3.13	5.518	1.651	1.029	3.824	2.736	2.363	2.793	1.674	2.041	1.335	1.632	3.393	5.292	2.677	3.541	3.924	3.868	4.681	2.908	4.45	7.021	2.001	3.752	3.317	3.581	3.226	0.7633	1.034	1.357	3.476	3.964
4.551	2.584	5.09	1.591	4.638	1.683	4.1	3.03	1.435	4.315	2.982	3.879	2.195	2.929	1.573	0.9536	0.2066	1.017	2.916	4.775	2.072	2.586	3.029	2.154	3.706	2.291	3.991	3.835	3.617	2.53	3.904	5.578	3.355	5.672	2.207	3.125	3.54	3.128	2.299	2.418	3.713	3.659	4.222	1.11	3.643	2.946	1.911	5.34	2.255	2.766	1.575	4.05	3.306	1.478	1.746	2.647	3.82	2.73	3.687	5.202	3.378	2.746	2.968	6.115	4.964	3.795	1.089	2.188	2.649	5.113	1.178	2.486	2.31	3.296	3.365	1.599	1.806	2.138	2.47	2.217	2.946	3.655	3.263	2.317	2.07	4.481	4.294	3.159	3.191	3.949	2.796	3.399	3.089	3.493	2.696	3.725	2.599	-0.2529	1.981	2.59
1.448	3.462	2.551	4.701	1.978	1.721	3.617	5.185	2.997	2.989	2.252	2.239	2.168	4.716	3.559	2.474	2.862	-0.08351	3.369	4.408	1.507	3.376	3.844	3.172	2.669	1.515	3.946	3.202	3.614	3.677	4.09	3.734	1.377	4.232	3.731	2.405	2.704	3.212	4.544	4.439	2.32	3.735	2.435	2.054	3.568	2.725	3.355	5.416	2.92	1.678	2.552	4.365	0.7788	2.893	3.567	1.93	3.27	1.487	2.128	3.258	3.64	2.485	1.691	2.965	3.957	3.705	3.144	2.434	2.432	2.928	0.5822	2.846	3.196	4.028	2.586	2.231	4.256	1.921	3.384	3.526	2.843	2.254	3.574	2.995	1.874	3.753	2.759	5.314	3.268	3.077	3.322	2.564	5.083	1.366	3.437	0.3428	5.09	2.162	4.16	2.459
2.964	1.266	3.413	3.591	4.16	1.094	4.032	3.762	3.622	1.995	0.5516	2.479	2.471	3.211	2.242	2.863	3.415	0.298	2.34	5.512	1.492	1.208	4.364	1.309	3.507	3.378	2.527	3.047	2.273	2.123	2.631	4.685	3.366	2.671	3.872	1.753	1.644	3.769	3.426	2.786	5.555	3.409	2.473	2.022	2.212	3.105	2.833	2.421	2.473	2.457	0.7761	3.815	1.515	3.087	1.769	2.571	1.414	1.891	2.338	3.635	4.054	1.937	3.892	2.912	2.695	1.113	1.193	1.543	2.577	3.405	2.035	3.429	4.912	3.843	1.865	2.363	2.998	2.641	2.71	1.83	1.482	5.694	2.558	3.857	5.457	2.706	4.061	3.559	2.1	2.708	2.866	3.052	4.306	3.711	1.75	0.8177	2.149	0.1755	3.269	2.899
4.64	2.576	1.085	1.329	4.68	3.32	3.464	4.709	1.498	1.236	2.555	2.539	0.1281	2.944	2.128	0.7738	2.039	1.395	3.221	4.977	2.418	2.753	3.715	1.928	2.468	2.157	1.883	3.082	3.352	3.381	2.796	4.581	2.094	4.797	2.339	2.712	4.137	2.811	2.864	5.754	3.171	3.711	3.939	3.492	2.971	1.742	-0.5647	4.156	2.872	2.698	0.6417	2.404	3.745	3.787	2.768	2.257	3.966	3.022	3.839	4.562	4.28	2.962	4.357	4.689	4.822	0.8118	2.541	1.63	1.976	2.358	3.459	1.185	2.614	6.155	2.329	3.479	2.63	4.403	2.411	0.6156	2.188	3.517	2.762	5.67	2	4.108	3.947	4.144	1.417	2.598	1.973	4.553	3.57	2.557	2.238	1.388	1.666	3.223	3.788	2.922
3.282	1.426	2.927	3.265	3.92	2.919	5.55	3.673	1.186	2.189	1.572	2.321	2.317	1.038	0.7432	1.964	2.463	2.504	1.473	4.267	2.112	1.134	4.913	1.737	3.861	3.367	4.958	1.602	3.344	3.069	3.456	4.653	2.151	2.756	2.476	2.453	2.69	3.848	3.027	3.047	3.742	4.057	3.263	2.545	4.76	0.8399	2.625	2.956	2.859	1.461	2.171	3.928	2.677	2.968	2.42	0.7258	4.707	0.8024	2.766	2.933	1.234	2.886	2.974	4.508	4.154	0.9306	2.205	4.254	2.44	2.87	3.025	2.105	2.997	5.73	0.2784	3.069	2.515	3.593	2.819	2.313	1.743	4.654	4.169	2.256	2.99	2.888	4.438	4.305	3.426	4.301	1.725	3.705	3.156	3.496	1.996	1.461	2.701	2.125	2.087	3.115
3.426	1.854	0.7729	2.825	1.741	2.909	5.25	2.927	1.139	2.547	3.163	3.434	2.829	2.039	2.771	2.327	2.658	1.607	2.96	4.896	1.423	2.446	3.186	1.206	3.479	1.396	3.692	2.382	3.083	2.528	3.763	5.575	2.307	4.537	1.398	1.715	3.937	3.321	3.594	2.094	4.179	2.37	4.322	1.746	2.214	0.03474	2.864	3.195	1.899	2.657	2.478	2.523	4.173	2.376	5.11	1.1	2.558	1.286	3.222	3.891	2.247	3.23	2.692	3.009	3.344	1.951	2.457	1.61	3.478	3.841	1.467	2.902	5.123	2.871	3.22	3.319	1.906	3.412	2.87	4.628	3.106	2.798	3.594	1.545	4.481	3.523	2.634	3.313	2.893	2.501	3.742	4.826	4.439	2.185	2.565	1.321	2.538	1.574	2.971	1.289
0.9552	1.491	3.622	3.096	4.001	1.784	2.445	3.787	2.648	-0.2246	1.359	4.253	3.515	2.847	1.377	0.9109	1.277	1.792	3.002	7.154	3.661	1.338	2.751	4.025	4.189	1.952	3.372	4.296	2.843	4.058	3.498	4.407	1.575	3.215	2.875	3.791	3.753	1.575	2.632	5.775	2.83	4.124	2.425	2.362	4.199	2.882	3.591	4.284	2.665	3.849	1.069	4.085	1.401	2.565	2.277	1.303	3.595	2.93	2.204	3.887	2.506	2.676	3.846	5.226	3.63	3.136	2.595	0.5363	2.271	2.805	1.453	2.887	3.078	3.692	0.5635	1.884	2.028	2.852	3.436	2.434	2.39	3.355	3.054	5.055	2.911	1.83	4.548	3.352	1.692	3.864	1.892	4.744	3.477	3.421	2.364	0.6936	1.381	0.3399	5.451	2.061
2.164	2.59	3.206	1.463	1.713	1.438	2.994	3.347	1.089	1.459	0.7682	2.777	1.011	3.48	2.456	0.439	1.135	2.279	1.959	2.762	2.78	2.064	3.862	1.417	2.075	3.368	3.708	2.745	1.357	2.404	2.543	4.513	2.194	2.638	2.94	2.118	2.748	4.619	1.571	5.018	2.393	2.242	4.44	1.891	4.501	3.265	4.371	2.93	0.6498	3.719	1.218	2.705	4.155	3.897	3.7	4.114	3.574	1.439	2.375	3.083	3.373	1.652	4.539	4.789	5.186	1.767	2.256	2.893	3.705	3.039	2.046	4.018	4.605	3.058	1.933	1.449	3.564	4.928	2.127	3.039	2.506	0.9566	3.151	2.471	2.928	2.559	2.962	4.441	3.319	3.285	3.085	5.87	3.282	3.362	2.798	2.279	3.125	1.41	4.147	2.609
3.037	3.542	3.621	1.899	1.738	1.999	5.612	2.515	2.119	3.454	2.734	2.255	3.201	3.211	0.7307	0.4764	3.097	1.475	1.697	4.491	3.386	3.117	3.128	1.739	4.229	2.464	5.081	1.91	3.297	3.224	3.217	6.55	-0.191	4.627	1.684	1.936	5.632	1.816	3.942	1.839	4.281	4.135	3.786	1.113	2.414	3.095	4.393	5.737	1.749	2.2	2.043	1.804	2.799	3.292	-0.02958	2.271	2.101	2.996	2.452	3.598	3.795	1.789	2.002	2.726	3.57	4.436	0.9622	3.039	2.557	3.177	3.184	3.422	3.314	3.892	0.7732	1.965	2.247	3.942	1.476	1.484	2.998	3.719	2.336	4.57	4.797	2.982	5.025	2.531	3.818	6.509	2.419	2.541	2.292	3.365	1.718	2.56	3.224	2.542	3.335	2.251
3.623	3.78	4.015	2.928	2.048	2.862	3.298	2.887	4.16	0.9389	1.664	1.161	2.654	1.641	2.752	3.996	1.54	2.325	3.699	3.972	3.242	1.432	3.793	1.41	5.242	4.47	2.674	3.219	0.8341	5.437	3.31	6.717	1.775	2.854	4.43	1.791	4.204	2.725	2.18	4.511	5.6	3.618	1.783	3.499	3.234	1.038	4.396	2.774	4.26	2.268	0.399	3.789	1.446	3.117	3.538	-1.907	2.582	1.729	1.027	3.029	3.448	-0.3876	4.264	4.844	4.039	3.153	1.908	1.721	2.041	3.946	1.109	3.482	3.919	4.388	2.949	4.9	1.973	2.261	3.117	2.873	3.943	3.237	5.178	2.302	1.961	3.837	3.874	3.324	2.062	3.612	1.533	3.006	2.428	1.939	3.101	1.052	3.48	1.279	2.318	2.33
3.652	1.986	3.755	1.688	3.608	1.701	3.134	2.723	1.031	1.058	1.848	2.337	3.06	1.615	2.023	0.8682	1.507	2.022	1.633	5.803	2.08	1.862	3.27	2.858	4.387	0.3869	1.858	2.246	3.165	2.717	2.417	4.667	1.825	1.552	2.371	2.039	3.396	3.5	2.954	3.404	3.694	4.661	3.431	0.3099	2.299	2.431	0.851	1.826	2.088	3.619	0.9011	2.985	2.194	2.59	3.68	-0.3085	-0.5819	2.822	3.392	2.515	0.4687	4.221	5.733	2.622	2.757	2.363	2.98	3.304	2.204	3.4	2.446	1.633	2.557	3.893	1.682	1.853	2.216	3.187	3.137	2.041	2.507	5.72	3.654	4.324	2.502	1.497	4.726	3.053	4.248	5.568	2.297	3.557	3.261	2.27	2.022	2.87	2.334	-0.3308	4.51	0.8741
0.9353	1.583	3.829	1.578	2.581	1.482	3.843	4.184	1.105	2.988	1.723	2.442	2.089	2.448	1.589	2.979	3.97	0.07949	3.75	3.207	2.234	1.293	2.767	-0.4225	1.761	1.3	3.009	-0.2971	3.15	4.472	3.748	5.581	2.203	4.662	1.658	4.298	3.031	3.626	2.926	5.157	2.834	3.528	2.661	3.8	2.764	3.083	2.993	4.525	2.145	3.021	2.136	2.529	1.338	1.653	2.619	1.962	2.483	0.8485	3.598	1.613	2	1.559	2.644	3.899	3.66	2.849	1.153	3.498	2.494	3.349	2.543	3.029	2.89	5.719	2.013	3.099	4.534	2.857	1.589	2.107	2.059	4.18	2.114	2.632	1.956	4.666	4.133	2.716	3.313	1.83	4.42	4.539	2.628	1.184	1.861	-1.979	4.092	2.168	3.546	2.219
2.37	1.907	0.1914	2.225	2.734	3	4.918	4.174	2.384	0.5495	1.997	2.909	3.051	1.923	1.596	2.188	1.343	3.751	2.825	5.725	2.068	1.404	2.21	1.615	2.266	3.287	3.739	1.765	2.108	4.071	2.526	2.226	3.631	5.142	1.368	2.339	2.876	2.302	1.978	3.546	4.352	3.308	3.537	1.669	2.328	1.759	3.801	4.61	1.63	1.621	1.584	2.68	1.114	2.406	4.04	0.5973	2.089	1.222	2.566	2.769	1.394	1.69	3.758	3.11	3.08	3.445	3.07	2.371	2.423	2.722	2.336	1.135	3.514	4.903	2.27	2.092	3.576	3.877	2.353	4.446	-0.1043	4.843	5.471	4.005	2.692	4.233	4.693	4.663	1.299	3.8	2.046	3.523	5.469	3.508	1.361	0.7796	2.787	0.5431	5.736	2.618
3.094	2.821	4.598	1.842	2.555	2.041	4.531	3.191	1.333	3.464	2.453	2.188	3.253	1.457	2.961	2.507	1.538	-0.7923	1.905	5.006	1.799	1.876	4.721	2.409	3.64	1.784	2.365	3.63	2.205	2.582	2.82	3.506	0.7288	2.183	0.7557	3.156	2.64	1.781	3.968	1.187	5.244	3.414	1.778	2.369	3.921	2.04	4.091	4.14	2.902	2.779	0.3819	2.55	1.7	2.278	1.935	-0.004443	4.907	-0.4203	2.891	3.231	1.773	1.961	2.834	4.07	4.579	1.886	1.697	-2.443	1.196	3.953	0.1273	1.809	2.95	3.105	1.418	2.944	2.245	3.737	1.66	1.695	1.69	2.877	3.96	-0.9113	3.987	5.09	3.019	4.388	3.305	1.582	2.564	2.848	4.059	2.716	1.621	2.261	3.571	-1.675	2.255	2.687
1.566	0.6819	4.167	2.504	2.488	1.876	3.7	3.539	0.7045	1.963	2.965	2.514	0.7173	2.028	0.284	1.263	3.116	3.29	2.187	5.628	0.9387	-1.014	3.466	1.498	-0.4869	2.907	3.833	1.625	-0.6334	2.647	4.065	4.389	2.313	3.94	2.992	1.594	2.949	2.355	3.129	3.946	3.006	2.814	2.062	1.757	2.098	2.757	2.353	2.683	1.981	1.595	1.61	3.61	2.893	2.621	1.481	1.808	3.665	1.015	0.4885	3.366	2.529	1.343	4.383	2.962	6.138	4.581	2.036	3.147	2.867	3.057	3.768	4.551	3.595	3.764	1.981	3.541	2.61	3.38	1.745	-0.6034	0.5322	4.467	3.39	2.788	4.004	2.725	4.406	4.707	2.476	3.869	3.61	2.029	3.031	4.389	2.628	0.9039	2.969	3.116	3.493	3.389
2.208	1.93	3.81	1.817	2.227	-0.4791	3.104	3.355	1.234	2.598	1.535	-1.527	1.854	2.363	1.205	1.99	1.446	2.405	1.733	3.814	2.007	1.674	-0.4739	1.904	5.322	2.044	4.183	1.041	3.133	3.733	2.523	4.559	3.368	3.055	0.7118	2.143	2.821	2.05	2.518	2.949	2.97	5.474	2.342	1.23	2.597	2.159	4.217	3.024	2.151	1.719	0.9815	1.527	2.196	3.185	2.458	0.5601	1.561	1.621	2.854	2.574	3.642	3.244	3.813	4.529	4.318	1.585	2.076	1.408	2.318	3.31	1.453	3.673	2.545	3.977	1.903	2.08	1.754	3.875	1.981	2.303	2.761	3.326	3	5.974	2.049	1.691	3.532	2.495	2.766	3.716	3.05	3.382	3.145	3.032	1.877	0.4314	2.058	1.654	2.867	3.492
2.87	2.267	1.962	2.748	2.647	3.005	4.372	3.026	2.295	2.703	2.081	1.654	2.266	1.854	1.518	2.274	1.824	0.8606	2.017	6.069	1.791	2.765	1.975	2.485	3.141	2.146	3.088	2.858	1.874	2.9	2.764	5.524	1.331	3.18	2.691	2.167	2.607	3.52	2.767	2.498	4.322	3.979	1.936	2.135	3.13	2.7	2.756	3.643	1.768	1.77	2.274	3.843	4.426	1.852	3.055	2.15	1.735	1.34	3.17	3.31	1.801	2.381	3.369	3.987	3.45	0.8585	0.1774	3.256	2.191	3.964	3.134	1.386	2.693	2.95	1.337	2.63	3.397	2.175	1.747	3.365	1.751	4.426	2.913	3.571	3.261	3.875	4.507	3.864	2.456	3.492	2.22	4.805	1.8	2.392	1.827	1.666	2.038	2.133	3.334	2.198
4.765	2.846	3.204	1.581	2.985	2.891	3.744	3.058	1.366	3.004	2.321	2.575	2.854	1.469	1.447	2.66	1.704	1.241	1.081	3.772	2.636	2.63	4.241	2.38	2.507	2.583	4.096	2.763	1.15	4.533	2.745	3.885	3.331	3.251	1.787	1.973	2.225	3.706	1.66	2.851	2.288	2.703	2.764	0.905	2.414	1.404	0.5533	2.604	0.8	2.666	2.188	3.181	3.93	1.032	3	1.275	2.121	2.171	2.939	2.26	1.868	1.139	4.172	4.102	3.358	0.1947	1.988	2.264	1.904	3.421	1.825	1.254	2.759	3.542	2.628	2.413	2.582	2.917	2.09	1.985	2.709	4.043	3.219	3.167	1.932	3.49	5	3.557	2.005	3.23	3.309	3.046	3.506	1.311	2.287	0.8317	3.447	2.172	2.824	0.8543
0.5678	2.565	3.029	0.8394	1.377	1.631	3.683	3.805	1.518	1.719	2.556	3.474	2.455	2.363	2.549	0.7556	1.789	1.67	1.765	5.492	3.002	1.181	3.33	1.147	0.3416	2.154	3.721	2.438	1.42	1.626	3.753	4.034	2.113	2.576	2.594	3.244	2.956	2.257	2.819	3.44	4.038	2.988	-1.391	1.6	4.282	2.875	2.772	3.798	1.515	2.62	0.813	3.208	3.125	2.468	3.464	-0.1712	2.59	0.7087	2.204	3.477	2.244	2.668	2.982	2.511	3.399	1.338	2.15	1.423	3.04	3.128	1.828	2.094	2.836	2.657	3.057	3.066	1.501	1.921	1.864	1.784	-0.547	2.462	2.533	3.215	2.582	4.034	3.138	3.016	1.389	2.997	0.1372	3.161	2.964	3.183	2.008	3.138	3.054	1.099	3.115	2.282
4.56	2.091	3.06	2.543	2.774	1.665	3.225	3.29	2.6	2.583	1.546	2.176	1.59	2.303	1.749	2.186	1.88	0.7818	1.954	4.514	1.97	1.469	5.067	2.223	3	2.935	2.434	1.319	1.409	3.077	2.886	4.236	1.925	3.157	1.695	1.855	2.806	2.937	2.655	3.695	3.68	3.853	1.341	1.349	2.758	2.224	3.827	3.784	2.241	1.559	0.8477	3.504	2.88	2.343	2.423	2.487	3.365	0.542	3.15	3.672	2.726	2.193	3.979	2.313	3.349	1.151	2.058	2.3	2.405	4.22	-0.5684	2.788	3.017	4.382	1.373	1.866	2.313	2.959	1.651	2.658	2.353	3.617	2.345	3.538	4.261	2.407	1.756	3.178	1.618	4.037	2.223	5.481	2.735	1.756	0.9002	0.5839	1.428	0.9693	1.702	2.505
1.047	2.906	2.039	2.285	4.367	2.275	4.543	2.184	1.108	1.567	3.957	5.05	1.182	2.204	2.024	2.889	1.225	2.929	2.13	6.696	1.089	2.242	3.122	2.625	3.472	2.087	3.304	2.341	4.07	3.452	3.597	5.132	2.632	2.393	2.84	2.569	3.635	2.863	2.103	4.944	4.286	2.129	2.433	3.888	3.5	1.817	3.029	3.182	3.173	1.397	0.3136	1.688	2.201	2.597	5.045	2.466	2.438	0.7975	2.085	2.058	3.353	1.32	2.961	2.999	2.322	0.7572	1.969	1.487	1.487	3.046	1.404	2.568	4.569	3.156	1.831	3.124	2.461	2.812	4.05	2.468	1.389	4.512	1.983	2.407	3.12	3.675	3.105	3.331	2.731	5.656	2.511	4.121	2.706	4.422	1.988	1.564	2.475	0.369	0.3706	2.926
2.312	1.67	2.408	2.567	1.748	1.739	3.445	3.571	0.9163	2.856	1.848	4.905	2.949	1.63	1.058	0.8212	3.309	1.719	1.923	5.664	2.603	0.6516	3.15	3.172	2.958	2.332	3.293	1.941	1.243	2.845	3.918	4.67	1.309	3.748	1.48	2.644	1.56	3.417	2.345	5.298	3.462	3.302	2.364	2.121	2.869	2.193	2.649	5.416	4.102	1.614	1.751	1.82	3.159	1.874	4.536	0.9969	1.389	2.155	1.878	3.055	3.171	2.391	2.572	3.204	4.151	3.28	3.895	1.221	1.424	4.16	1.426	2.546	3.087	3.512	3.162	3.465	2.745	4.946	1.152	1.717	1.586	5.721	2.568	3.338	3.105	5.311	4.51	2.633	1.506	3.784	2.898	4.082	2.026	2.687	2.294	1.55	1.959	3.148	2.826	2.815
2.348	1.581	2.031	1.522	2.442	1.962	3.833	3.732	1.246	3.76	2.797	1.988	2.733	1.995	3.094	1.036	2.678	1.535	2.634	4.033	2.242	3.227	4.856	2.002	2.763	1.538	1.693	3.252	2.352	2.945	2.112	3.292	2.099	3.794	2.539	3.504	4.73	2.704	3.952	3.02	3.894	2.314	2.68	2.489	3.844	2.061	3.705	2.158	3.155	3.661	1.016	3.876	1.199	3.084	3.722	3.139	4.762	1.184	4.202	2.734	2.853	0.5446	5.214	5.319	3.636	1.591	0.8705	3.392	2.57	3.937	2.031	4.203	2.9	4.705	1.13	2.534	2.165	3.74	3.083	3.413	4.042	3.814	3.529	2.67	4.922	4.168	3.143	3.046	4.313	3.089	1.793	2.727	2.259	2.806	1.039	0.9467	4.342	-0.04731	4.367	3.765
2.886	1.61	2.659	2.248	2.993	2.238	2.756	3.331	1.521	2.178	1.137	3.343	2.089	2.002	2.229	2.027	1.624	1.781	1.377	5.04	1.121	1.481	3.783	2.312	1.687	2.229	2.202	2.602	1.79	2.998	2.315	4.407	3.186	3.561	1.491	2.555	2.069	2.047	3.598	3.115	3.088	2.682	2.419	1.396	2.748	1.473	3.146	3.53	2.544	2.08	0.7683	1.971	1.984	2.546	2.915	1.997	3.717	3.594	2.547	3.216	2.192	1.819	4.187	3.66	2.813	2.883	2.901	3.929	2.125	4.265	3.669	2.412	2.561	3.243	2.545	2.188	2.201	2.226	1.459	2.543	1.231	4.388	3.259	2.849	1.661	3.615	3.042	3.029	2.789	3.736	3.562	3.725	3.282	3.137	1.562	1.56	2.285	1.627	2.536	2.728
