0.5104	0.1551	-0.3036	2.509	-4.507	-1.758	-2.854	-30.53	2.802	1.731	-1.074	-1.605	-0.6354	1.27	3.405	-0.9694	-0.5504	1.564	-4.677	-13.75	0.02187	-2.314	-11.93	-6.581	-14.54	-12.06	0.1334	-5.564	0.4799	7.156	4.605	3.393	6.338	1.622	3.676	1.981	-1.34	-0.2331	-8.89	-25.01	-2.505	2.183	3.75	3.666	1.813	-5.337	-16.76	0.8892	0.9769	0.676	5.284	1.532	-16.48	-0.9571	0.3394	-0.7143	3.008	-1.636	-11.4	-8.176	1.72	4.566	-19.33	-0.0105	-11.18	-0.3068	1.914	13.25	-2.588	-7.619	3.016	5.427	2.431	1.202	4.561	4.553	-1.166	-22.58	0.09524	-3.986	3.932	0.8256	-18.75	3.406	-4.221	1.71	4.24	-1.427	0.09566	2.926	-22.13	5.428	-3.743	-7.911	6.497	7.83	0.04104	2.426	-3.324	-6.438
0.07357	0.3537	0.8274	1.953	-5.001	-1.198	-2.961	-28.34	2.155	2.678	-0.7364	-2.048	-0.4874	0.7571	3.747	-1.552	-0.8351	1.472	-4.737	-14.12	-0.08555	-2.774	-13.72	-5.419	-13.33	-12.7	0.8413	-5.33	1.866	6.747	6.985	2.939	6.178	2.355	2.176	0.7208	-0.4211	0.3624	-8.011	-23.14	-2.923	2.416	3.543	4.723	2.187	-6.943	-17.06	1.087	1.025	1.661	4.76	1.679	-16.02	-0.4575	0.02566	-1.253	2.588	0.0927	-9.835	-5.797	1.627	5.95	-19.02	-0.9038	-10.38	-0.176	2.393	12.65	-3.36	-6.703	2.301	5.308	2.084	0.4678	4.85	3.663	-2.242	-23.34	0.7714	-4.1	4.005	0.7601	-18.3	3.122	-3.281	1.753	4.854	-1.426	0.6736	3.311	-20.3	5.57	-2.608	-6.4	5.991	8.769	0.5057	1.26	-2.052	-3.302
0.4109	0.0665	-0.568	3.203	-6.516	-2.049	-3.316	-29.49	2.759	2.008	-1.816	-2.653	-0.3634	1.187	4.235	-2.168	-1.104	2.265	-3.561	-14.62	-0.396	-2.471	-12.52	-5.867	-13.74	-14.74	1.03	-5.573	0.555	8.512	4.944	3.899	5.154	1.768	3.374	0.3909	-1.231	0.4844	-8.461	-23.81	-3.209	1.935	4.078	3.726	1.964	-4.207	-15.55	1.497	0.9638	1.36	3.766	2.166	-14.03	0.07838	-0.3013	-0.8827	2.005	-0.4379	-12.67	-6.308	1.053	3.949	-19.03	-1.23	-9.968	1.051	1.776	13.04	-3.504	-5.741	2.656	4.949	2.645	0.3735	6.214	2.616	-1.242	-22.03	1.551	-3.24	4.607	0.4937	-18.76	3.9	-3.59	1.166	5.57	-0.671	-0.1123	1.501	-19.32	5.809	-2.487	-7.661	7.06	9.031	0.7128	0.8356	-1.174	-3.066
0.6883	-0.4626	0.9173	1.687	-5.864	-1.33	-3.409	-28.19	3.641	2.196	-1.59	-2.209	-0.08696	-0.1446	3.59	-0.2394	-0.0226	1.914	-5.282	-14.16	-0.004312	-2.561	-12.61	-5.268	-13.73	-13.16	-0.3446	-5.115	0.9996	7.893	5.229	3.401	5.16	1.715	2.657	2.329	-0.8005	-0.1619	-6.751	-23.72	-2.56	2.164	2.912	3.47	1.804	-5.106	-17.71	2.156	1.567	3.417	5.963	1.709	-15.39	-0.04864	0.1614	-1.57	1.991	-1.367	-11.79	-6.515	1.698	4.181	-18.99	-1.283	-9.875	1.028	1.697	12.95	-2.501	-6.433	2.65	4.508	1.983	1.216	4.929	3.685	-1.246	-22.2	1.106	-4.569	5.719	1.097	-19.43	4.39	-2.697	2.23	4.197	-1.256	-0.2238	3.786	-19.8	7.437	-3.316	-7.064	5.668	7.675	0.9709	2.215	-2.004	-4.262
0.3174	0.3755	1.19	1.888	-5.344	-0.2654	-2.516	-28.53	2.486	2.129	-0.6944	-2.775	-0.3255	0.04834	4.318	-1.847	0.3918	1.322	-3.889	-13.38	-0.3685	-3.279	-12.97	-5.841	-13.84	-12.45	0.6133	-6.012	1.425	7.425	6.133	3.483	4.535	2.203	2.839	1.148	-0.5495	-0.1176	-8.238	-24.29	-3.147	2.33	4.681	3.857	1.168	-4.334	-15.9	1.246	0.9727	3.777	5.584	2.031	-16.09	-0.2098	0.514	0.8558	2.832	-0.1176	-9.982	-6.469	2.502	5.233	-18.04	-2.08	-11.16	0.67	2.365	14.63	-2.94	-7.227	3.781	4.203	3.182	-0.3478	5.817	4.018	-0.4882	-22.15	0.4709	-3.375	3.895	2.255	-19.78	3.29	-4.071	3.274	5.461	-2.507	0.8471	4.032	-19.18	6.816	-3.918	-7.855	7.733	7.181	-0.1261	1.692	-1.928	-3.902
0.1961	0.1789	0.4375	3.112	-5.202	-2.177	-3.585	-28.43	4.153	2.051	-1.076	-2.27	-1.248	1.688	3.122	-0.4262	-0.2533	2.29	-4.011	-13.52	-0.4325	-2.356	-13.65	-5.814	-12.99	-11.75	1.52	-4.458	1.07	6.763	4.467	4.201	3.811	2.114	4.325	0.6882	-0.2512	-0.03652	-8.592	-23.3	-1.51	3.662	3.88	3.347	1.217	-4.496	-15.8	2.161	1.097	2.055	5.106	1.824	-15.62	-1.349	0.9926	0.8196	2.906	-1.016	-8.93	-5.644	2.63	5.011	-18.39	-1.432	-10.97	0.4902	2.001	13.19	-3.111	-6.687	3.363	5.272	3.334	1.056	5.037	4.295	-0.5891	-21.95	0.6118	-4.206	5.362	2.345	-18.58	3.733	-3.552	1.903	5.571	-0.9069	1.005	2.621	-20.06	7.604	-2.883	-7.979	6.69	8.529	-0.05705	0.9975	-1.995	-2.395
1.568	1.87	1.167	1.623	-5.627	-1.285	-2.359	-27.77	3.946	1.695	-0.4673	-2.89	-1.341	0.1597	3.275	-1.903	-0.3359	1.507	-4.85	-13.99	1.101	-2.4	-13.16	-5.906	-14.52	-13.88	1.268	-4.573	-0.03672	7.04	4.079	2.919	4.41	2.386	2.608	1.728	-1.499	0.4928	-6.658	-24.17	-2.264	3.057	3.319	3.222	2.348	-5.604	-16.24	1.071	1.104	3.068	4.324	3.987	-13.82	-1.726	1.214	-0.1268	0.8891	-1.641	-10.55	-7.824	2.019	4.746	-18.26	-0.1661	-10.01	-0.1409	1.872	12.69	-2.889	-6.037	3.981	6.615	3.726	0.3886	4.622	3.041	-0.8739	-22.17	0.5085	-2.905	4.884	1.653	-19.51	3.586	-3.394	2.413	4.219	-1.304	0.7565	2.546	-19.42	5.544	-2.653	-7.785	6.866	7.924	-0.2192	1.337	-1.254	-5.076
0.1269	1.211	0.5674	2.353	-4.774	-1.887	-2.96	-29.08	2.867	1.8	-0.3308	-3.432	-0.2874	1.261	4.708	-0.5031	-0.5675	2.275	-4.286	-14.51	-0.2863	-2.332	-13.72	-5.523	-14.51	-13.13	0.7674	-5.695	0.439	7.225	5.269	3.119	7.046	0.6305	2.374	0.6716	-1.292	0.8932	-7.873	-24.12	-2.779	3.082	4.111	5.03	0.4871	-4.351	-18.54	1.707	1.267	1.814	5.331	3.08	-14.4	-1.449	0.6425	-0.7879	1.855	-1.262	-10.44	-5.623	1.781	4.234	-19.65	-1.125	-9.773	1.561	2.414	14.04	-2.703	-6.283	2.685	5.251	2.446	0.9873	5.483	4.208	-3.459	-21.67	0.3512	-3.66	4.221	1.239	-19.31	3.552	-3.401	3.229	5.607	-0.8467	0.8188	2.685	-20.99	7.092	-3.071	-6.771	6.923	8.491	0.3981	1.887	-2.543	-3.51
1.047	-0.06993	1.133	2.957	-6.061	-1.459	-2.307	-28.29	3.622	1.92	-1.04	-2.853	0.553	0.6175	4.06	-0.5299	-0.2197	2.281	-5.691	-14.52	0.4416	-3.619	-12.88	-5.374	-15.93	-12.6	0.0752	-4.824	0.3381	5.19	6.103	3.418	4.497	2.318	3.577	1.279	-0.8005	0.7218	-8.488	-22.94	-2.392	3.439	2.848	3.33	2.155	-5.328	-14.98	1.377	1.669	2.564	4.42	3.229	-15.34	-0.6001	0.9025	-1.243	1.543	-0.8839	-11.91	-6.597	1.615	3.396	-19.09	-0.5725	-9.005	0.4118	2.55	13.54	-1.847	-4.68	4.13	5.568	2.924	1.762	4.109	3.083	0.9228	-23.15	-0.3653	-4.535	5.008	2.385	-19.21	3.372	-3.39	1.598	4.137	-2.246	0.6495	2.95	-20.82	6.581	-3.299	-7.516	5.827	8.16	0.09003	1.564	-1.88	-4.963
0.546	1.455	0.005571	2.001	-4.564	-2.002	-2.631	-28.67	3.63	2.123	0.5409	-2.17	-0.04614	0.255	3.736	-0.5235	-0.7638	1.436	-3.719	-12.86	0.2918	-3.164	-14.14	-5.009	-13.1	-13.76	0.5794	-5.409	1.857	7.435	3.099	2.65	6.264	2.633	3.825	1.528	-0.3714	0.6443	-8.423	-23.33	-2.321	2.781	4.744	3.438	1.7	-4.103	-16.52	1.327	0.7021	0.9343	4.236	3.233	-15.55	-1.323	0.3853	-0.455	2.192	-0.7239	-9.989	-6.652	2.371	5.397	-19.7	-1.049	-9.934	1.191	2.212	12.86	-2.638	-7.569	2.915	4.324	2.388	0.8954	4.145	3.511	0.733	-22.72	-1.09	-2.619	4.856	0.7944	-19.7	3.436	-4.527	2.49	5.281	-0.9014	-0.1439	3.097	-20.02	7.004	-4.118	-8.098	6.13	9.617	0.1756	0.648	-3.52	-1.912
1.142	0.2286	0.3136	1.343	-5.59	-0.9007	-3.044	-28.61	3.111	2.18	-0.9368	-3.512	0.1467	1.003	4.219	-1.563	0.138	1.137	-5.65	-13.67	1.094	-3.317	-13.49	-6.57	-14.94	-12.87	0.3678	-4.551	1.278	8.504	5.704	3.614	4.564	2.221	2.489	-0.08896	-1.978	0.8348	-7.387	-21.5	-2.363	2.973	2.983	4.25	0.109	-5.246	-16.46	1.745	2.217	1.357	5.74	2.361	-14.82	-0.8055	1.474	-1.208	2.863	-0.6219	-10.99	-6.768	1.513	3.916	-19.17	-0.09963	-11.21	-0.2414	2.614	11.23	-2.607	-7.328	3.369	7.027	2.273	0.312	4.259	2.873	-0.4128	-23.06	1.022	-3.314	4.244	0.7977	-21.06	3.448	-2.656	2.406	3.973	-2.429	-0.5034	3.041	-19.5	5.705	-3.688	-7.732	5.569	8.98	0.4496	0.4667	-0.5662	-4.561
0.3682	0.1193	-0.1037	1.839	-6.288	-1.21	-2.525	-29.05	2.721	1.397	-1.172	-2.728	0.02025	1.469	4.224	-1.676	0.09304	2.021	-4.099	-14.19	0.2158	-2.985	-12.63	-6.178	-13.9	-13.44	1.48	-4.998	1.655	7.809	4.458	2.584	5.444	1.786	4.08	1.943	-0.6116	0.7632	-7.392	-22.46	-2.214	2.199	3.872	3.97	1.769	-5.195	-15.54	1.805	1.708	3.38	6.055	3.611	-14.1	0.07257	0.2133	0.9527	2.545	-1.18	-10.82	-6.69	2.176	5.283	-18.3	-0.2866	-9.037	1.261	1.981	12.19	-2.364	-7.022	2.899	5.928	2.877	-0.2559	5.031	2.931	0.6751	-21.88	0.7962	-4.499	2.802	1.85	-19.03	3.765	-2.433	1.066	4.415	-0.7013	1.129	1.658	-20.14	7.589	-2.716	-7.853	7.783	9.203	-0.6102	0.7865	-3.118	-3.253
1.075	1.25	0.9869	2.978	-5.693	-1.582	-4.344	-28.68	2.972	2.168	0.04868	-2.562	-0.7635	0.9803	4.477	-0.2953	-0.09134	1.586	-4.909	-14.61	0.8551	-1.792	-13.73	-6.436	-13.48	-13.47	-1.149	-4.885	1.058	8.443	6.202	3.598	6.536	2.744	3.309	1.595	-0.5209	1.239	-7.986	-22.14	-3.994	2.972	3.238	4.277	2.869	-6.271	-18	2.02	1.736	1.749	5.392	3.529	-16.01	-0.6562	0.08848	-0.5785	3.404	0.06074	-11.41	-4.933	2.22	3.671	-18.11	-1.396	-10.12	0.6359	2.621	12.98	-1.703	-6.095	2.658	6.191	1.93	1.131	3.672	3.401	-0.4589	-21.48	0.8958	-3.967	5.288	0.9292	-19.99	3.027	-3.063	1.593	5.048	-1.847	0.02707	1.753	-19.53	5.697	-4.06	-7.809	7.522	9.848	0.4367	2.59	-3.311	-2.935
0.7139	0.7751	-0.2881	2.018	-3.905	-1.366	-2.025	-30.27	2.584	2.105	0.4937	-3.111	0.08293	0.06135	4.346	-2.582	0.6935	1.852	-4.275	-15.2	0.4724	-2.988	-13.2	-5.116	-13.22	-12.04	1.219	-5.786	1.444	6.78	6.026	2.987	5.492	2.908	3.442	1.697	-0.5575	-0.08496	-6.895	-22.48	-2.084	3.152	3.448	4.086	1.475	-4.37	-16.94	-7.439e-05	1.686	2.709	6.101	-1.271	-14.07	-1.16	0.002332	-1.16	2.758	-0.0187	-10.97	-4.773	1.882	5.65	-20.99	-1.43	-7.902	-0.5459	3.177	12.21	-0.9227	-8.342	2.606	4.744	1.829	1.168	4.98	4.011	-0.3457	-23.56	0.4257	-5.052	4.072	1.21	-18.77	4.714	-3.411	3.402	4.991	-0.5497	0.8567	4.341	-21.25	6.644	-3.872	-8.719	5.214	7.398	0.5591	1.539	-2.19	-3.037
0.3103	-0.6739	0.2741	3.458	-5.877	-2.423	-3.888	-30.31	3.811	2.179	-0.1612	-2.388	-0.5902	0.02875	4.26	-1.411	0.3215	2.078	-4.767	-13.84	0.04366	-2.151	-15.11	-5.381	-13.21	-13.01	0.9819	-5.376	1.293	8.276	4.444	2.884	5.075	0.7624	4.404	1.747	-0.3264	0.5465	-8.407	-23.77	-2.79	1.641	2.735	3.638	1.918	-4.566	-17.81	1.855	-0.03989	2.422	4.185	2.992	-16.99	0.3766	0.535	0.2735	3.027	-0.1325	-10.53	-7.714	1.015	4.788	-17.71	-0.5468	-8.26	-0.2409	1.481	14.62	-3.462	-3.959	2.625	3.868	2.831	2.543	3.529	2.65	0.4574	-21.3	1.387	-3.502	3.73	1.051	-20.6	3.431	-3.581	1.739	5.109	-0.4412	0.5172	2.578	-18.83	6.722	-2.491	-6.276	7.067	8.203	0.3305	0.3079	-0.3113	-3.516
-0.007261	-0.3002	1.579	2.526	-5.056	-0.9571	-2.95	-31.13	1.493	1.126	-0.6994	-2.663	-0.1996	0.9112	4.178	-1.531	-0.5124	2.403	-5.437	-14.63	0.3311	-2.144	-13.27	-5.463	-13.44	-11.97	0.3878	-4.697	2.132	8.297	5.483	3.155	5.6	1.794	2.937	0.8627	-1.672	-0.9297	-8.46	-23.04	-2.619	2.233	4.331	2.82	-0.6289	-4.207	-14.99	2.125	1.284	1.897	4.68	3.362	-16.7	-0.7327	0.5063	-1.43	2.611	0.3091	-10.34	-6.158	1.189	4.597	-18.83	-0.8911	-9.06	0.7344	2.799	11.34	-1.726	-6.271	2.266	7.175	2.6	0.5018	4.779	3.725	-1.183	-21.24	-1.426	-3.414	4.295	2.275	-19.55	2.616	-3.778	1.531	3.486	-1.828	0.4127	2.942	-20.13	7.034	-3.432	-7.377	8.016	7.276	0.007717	1.114	-1.655	-2.815
1.071	1.526	1.142	2.456	-4.053	-2.62	-2.398	-28.97	2.823	2.644	-0.715	-2.295	0.943	0.2629	4.227	-0.7522	0.173	2.265	-4.144	-13.58	0.9868	-3.975	-12.52	-5.054	-15.32	-10.73	0.2316	-5.256	1.724	7.326	4.008	3.796	6.554	2.889	4.031	1.483	-0.4719	0.379	-6.667	-23.36	-2.634	2.926	4.287	2.157	1.291	-6.399	-16.81	1.814	1.618	2.5	5.233	2.267	-15.54	-1.041	-0.9324	0.04465	1.102	-0.565	-11.32	-6.532	2.007	4.773	-19.79	-0.3961	-8.408	0.5663	1.815	12.68	-1.765	-7.15	2.962	3.987	3.003	1.362	5.089	4.898	-0.05193	-22.66	-0.9884	-3.203	4.37	1.027	-21.26	3.5	-4.166	1.647	6.525	-1.672	1.058	1.132	-19.91	5.329	-1.956	-8.644	6.329	8.998	-0.2326	1.52	-1.617	-4.43
1.133	0.07417	0.8937	2.611	-5.036	-2.173	-2.89	-28.29	3.096	1.929	-0.4532	-2.768	-1.217	-0.07422	4.625	-0.4717	-0.6984	2.227	-6.164	-13.98	-0.157	-2.969	-14.99	-4.386	-11.34	-12.27	0.9046	-5.186	-0.4197	8.987	5.54	4.083	6.159	2.509	3.567	-0.07115	0.1537	0.6515	-5.924	-22.61	-1.516	3.305	3.71	3.215	1.817	-4.97	-18.12	1.008	1.691	1.69	4.648	2.643	-16.49	-2.054	-0.6951	0.7652	2.29	-0.3783	-11.03	-7.583	2.323	4.551	-19.36	-0.6331	-9.943	1.773	1.357	12.57	-2.184	-4.444	2.675	5.442	3.21	1.22	4.796	4.488	-1.4	-20.89	0.1254	-3.62	3.098	1.29	-19.89	3.968	-3.991	1.879	4.039	-0.6919	0.6868	3.674	-20.84	6.99	-3.628	-8.392	7.304	7.51	-0.8066	1.957	-2.06	-0.8231
1.402	0.7154	1.724	2.501	-5.744	-1.497	-2.68	-27.8	4.288	2.399	-0.459	-3.667	-1.063	0.1416	4.16	-1.704	-0.7689	2.416	-5.562	-13.64	0.3073	-2.986	-13.4	-6.63	-15.16	-14.18	-0.2092	-5.558	1.79	7.277	4.633	3.118	4.873	1.549	3.087	0.5383	-1.388	0.01692	-6.158	-21.56	-2.821	3.432	2.085	5.25	1.174	-6.709	-16.46	0.8058	1.654	4.039	5.395	2.447	-15.86	-1.902	1.029	0.7704	2.001	-2.567	-10.29	-7.561	2.122	2.937	-21.07	-0.1917	-9.845	0.7105	2.551	12.47	-2.311	-7.36	2.916	5.971	3.298	1.636	2.583	4.144	-2.067	-22.95	1.079	-2.24	3.994	0.2491	-18.96	4.086	-5.72	3.285	5.556	-1.217	0.04189	3.974	-19.33	7.668	-2.554	-7.616	6.071	7.667	1.16	1.011	-0.3709	-2.333
0.8755	-0.845	-0.4512	2.822	-4.324	-0.9258	-3.49	-28.55	2.046	2.479	0.00444	-1.999	-0.3113	1.179	5.034	-1.121	0.6742	1.698	-4.878	-13.37	0.5271	-2.506	-12.84	-5.361	-13.51	-14.29	0.528	-4.266	0.538	6.963	3.844	3.406	5.785	3.002	2.125	2.233	-0.911	-0.5293	-7.064	-23.36	-2.725	2.253	3.666	3.461	0.6487	-5.417	-15.89	1.483	1.204	3.734	5.032	3.152	-14.93	-0.1214	0.7302	-0.6921	3.098	-1.276	-10.48	-6.668	2.2	4.166	-19.25	-0.517	-11.83	0.3535	2.584	13.29	-4.163	-7.598	3.046	5.648	3.228	0.6043	5.725	4.509	-2.005	-21.54	0.1231	-3.933	2.324	1.582	-18.94	3.868	-3.373	2.569	5.216	-0.257	0.8741	2.589	-20.77	7.127	-3.737	-7.376	6.492	7.953	1.476	2.093	-0.001429	-2.614
2.038	0.549	0.3103	2.527	-6.425	-1.566	-2.227	-30.14	2.922	1.886	-2.125	-2.923	-0.4459	1.294	2.606	-1.869	0.2261	1.849	-5.75	-13.98	0.03339	-1.93	-13.01	-5.339	-13	-12.13	0.702	-5.898	1.43	8.322	3.462	2.81	5.399	2.48	3.714	1.704	-1.001	0.7299	-7.408	-21.83	-2.128	1.561	4.103	2.598	1.899	-5.116	-16.05	1.744	1.229	2.551	4.388	3.432	-15.27	-0.545	0.934	0.5611	2.716	-1.064	-11.11	-5.717	2.322	2.595	-20.25	-1.499	-10.27	1.533	2.714	13.24	-1.593	-7.725	3.588	5.568	2.615	0.9048	5.025	3.378	-1.904	-22.36	-1.461	-3.847	4.816	0.6449	-19.88	4.861	-2.862	2.537	3.775	0.008112	2.273	3.038	-19.2	7.142	-3.897	-6.296	7.315	8.285	0.1989	2.082	-0.87	-2.836
0.4249	0.4546	1.102	2.769	-5.145	-2.734	-3.113	-26.63	3.413	1.985	-0.2833	-2.242	0.05984	0.898	3.791	-1.192	-1.132	2.421	-4.604	-14.85	0.5313	-3.31	-13.85	-4.866	-16.02	-11.57	1.407	-5.67	1.287	5.84	3.867	4.596	6.14	2.795	3.374	1.17	-0.7453	-0.9309	-6.273	-22.99	-2.951	2.872	2.893	4.505	2.758	-5.186	-16.15	1.276	1.691	2.683	5.705	3.096	-12.17	-1.642	0.1804	-0.256	2.28	-1.332	-10.14	-6.103	2.925	4.201	-18.51	-0.4725	-10.92	0.3285	1.881	12.9	-2.961	-6.897	4.035	5.065	2.146	0.9562	6.385	3.544	-0.6707	-22.94	1.23	-3.155	4.531	1.931	-19.38	3.446	-4.273	2.206	4.753	-0.9976	0.6545	2.146	-20.14	6.379	-3.253	-8.525	7.028	8.667	0.8673	1.357	-0.1717	-1.859
0.02781	1.017	1.181	3.349	-6.606	-0.486	-3.088	-29.01	2.896	2.53	-1.14	-2.982	0.5269	1.278	3.925	-0.6109	1.409	2.584	-4.793	-14.47	-0.07592	-4.964	-15.45	-6.194	-14.08	-14.17	0.6919	-4.815	-0.5638	7.687	4.905	2.173	5.241	1.96	4.34	0.586	-0.4001	0.3956	-8.988	-25.98	-2.922	3.296	3.559	2.298	-0.0186	-4.432	-15.08	2.865	1.174	2.283	5.774	2.853	-15.52	-0.2119	1.512	-1.147	2.826	-0.2455	-8.339	-7.123	1.542	3.875	-19.26	-0.7789	-9.501	-0.4801	2.594	13.32	-3.306	-5.503	1.797	4.472	2.863	-0.1214	4.85	4.628	-0.3258	-23.47	0.8645	-3.257	5.168	1.063	-19.02	4.105	-2.62	1.894	5.13	-0.1647	1.852	3.717	-19.77	7.307	-2.774	-8.172	6.479	9.259	1.027	0.6228	-2.343	-4.645
0.9044	1.324	-0.003231	3.064	-4.391	-1.265	-2.483	-27.31	2.774	2.142	-0.5227	-2.126	-0.4636	1.41	4.35	-1.024	1.027	0.2111	-4.37	-13.47	1.413	-2.886	-13.86	-5.078	-16.06	-11.06	0.2344	-4.881	1.375	7.41	4.6	4.345	5.463	2.3	2.636	0.9355	-0.5213	0.1693	-7.862	-22.52	-2.485	4.137	5.292	4.058	2.661	-5.572	-16.49	1.26	0.7538	1.1	5.053	3.207	-14.85	-0.3487	0.2032	0.03041	3.221	-0.7945	-11.05	-6.668	2.459	5.668	-18.65	-0.4785	-8.818	0.9593	1.961	13.28	-2.37	-5.471	3.02	5.47	2.736	1.472	4.989	3.189	0.5251	-21.54	0.7063	-2.791	4.699	1.304	-18.8	3.278	-3.003	2.015	4.941	-1.339	0.6818	1.137	-21.04	7.447	-2.837	-7.022	7.416	8.435	0.1694	2.822	-0.3096	-4.718
1.357	-0.0124	1.539	2.989	-4.666	-1.283	-3.183	-31.49	3.363	3.105	-1.31	-2.767	0.4092	2.196	3.963	-1.094	0.5073	2.056	-4.306	-14.18	-0.2889	-2.473	-13.72	-5.147	-13.71	-11.62	0.6385	-5.473	0.6837	7.203	4.265	3.908	5.437	2.438	3.505	3.036	-1.34	0.3945	-7.496	-22.55	-1.938	2.628	3.363	4.282	2.744	-4.663	-15.86	0.9395	2.26	2.613	5.992	3.319	-15.61	-0.4256	0.1088	-0.3608	3.79	-0.3542	-11.19	-7.325	1.886	3.514	-18.53	-0.7051	-9.377	0.5137	2.341	13.38	-2.338	-5.452	2.555	4.657	1.544	0.7353	4.612	4.634	-0.3284	-21.05	-0.004508	-3.243	5.742	0.7664	-19.38	3.364	-4.416	2.127	5.303	-0.6017	1.287	3.524	-19.6	6.821	-3.112	-6.494	7.436	8.155	-0.4469	1.855	-1.834	-3.236
-1.223	1.175	1.191	1.92	-5.754	0.65	-2.672	-28.46	3.135	1.549	0.2128	-2.576	-1.5	1.87	3.857	-0.6618	0.4068	1.789	-4.041	-13.4	0.4571	-1.902	-14.19	-5.68	-13.68	-13.27	1.323	-5.133	0.5678	8.013	4.112	4.45	5.193	2.646	4.113	1.029	-1.086	0.3661	-7.56	-23.72	-1.501	1.847	4.757	4.201	1.621	-6.73	-15.94	2.417	1.424	2.341	5.412	3.891	-15.56	-0.496	1.191	-0.4606	2.467	-1.277	-10.83	-5.925	2.726	5.057	-17.75	-0.6178	-10.4	0.1807	2.47	12.84	-2.634	-5.658	3.431	5.997	2.883	1.042	5.007	3.223	-1.881	-22.8	-0.1138	-3.875	4.918	2.114	-18.21	4.388	-3.089	3.043	4.897	-2.006	0.7965	2.483	-19.91	6.184	-3.475	-7.287	6.586	9.004	-0.8193	2.165	-1.121	-3.181
1.473	0.02532	1.19	2.899	-4.973	-0.6396	-2.836	-28.46	4.355	1.344	-0.3452	-1.519	0.2341	0.8955	4.363	-0.5014	-0.4359	1.78	-3.967	-12.56	-0.8421	-3.731	-12.63	-6.328	-13.12	-12.32	0.344	-3.687	1.266	7.962	6.088	3.41	5.852	1.8	3.206	2.137	-1.386	0.6119	-6.579	-23.53	-1.837	1.668	4.092	4.103	2.486	-4.852	-18.02	1.409	1.733	2.395	6.295	2.66	-15.4	-1.487	0.07026	-0.8811	2.532	0.3963	-9.878	-6.539	1.695	4.405	-16.52	-0.5291	-10.31	0.06699	2.704	13.29	-2.818	-5.999	3.629	5.38	2.227	0.6014	5.277	3.975	-1.588	-22.28	2.115	-3.873	4.907	1.273	-20.44	3.918	-3.666	3.519	4.97	-1.308	0.03261	3.573	-19.93	7.234	-3.205	-6.318	5.986	9.42	1.34	1.437	-2.364	-3.907
0.9376	0.4126	0.3686	3.177	-5.04	-1.861	-1.596	-30.48	3.63	1.088	-0.9164	-2.332	-0.8667	1.323	3.712	-1.636	-0.7711	2.471	-4.909	-14.21	0.8466	-2.554	-13.98	-5.762	-13.08	-12.47	-0.03235	-4.342	1.661	6.237	3.534	3.74	6.815	2.185	2.406	1.007	-0.5574	0.3886	-8.856	-22.37	-3.092	2.349	3.019	4.475	1.098	-5.147	-16.13	1.003	1.253	1.394	5.968	1.48	-15.43	-1.167	-0.7842	-0.3311	2.282	-0.9386	-11.62	-7.381	1.622	6.546	-19.16	0.6884	-10.36	1.519	1.519	13.27	-2.775	-5.996	2.018	4.714	2.435	2.074	2.537	3.996	-0.6333	-23.42	1.036	-2.724	4.811	1.961	-20.2	4.645	-3.579	1.687	5.107	0.06348	0.5546	2.714	-19.55	5.755	-2.933	-7.572	7.22	8.126	0.3293	1.383	-1.234	-2.794
1.31	1.305	1.689	1.503	-4.659	-2.132	-2.981	-29.09	3.315	1.583	-0.3589	-1.917	-1.17	1.967	3.596	0.02695	-0.04676	2.127	-4.38	-14.59	-1.499	-2.924	-12.73	-5.6	-14.63	-13.39	1.917	-4.954	1.237	7.551	6.354	3.581	4.643	2.667	2.599	1.352	-0.3459	0.5313	-5.524	-23.93	-1.529	1.71	2.293	4.633	2.489	-4.754	-15.97	1.777	1.144	2.606	4.579	3.195	-14.12	-1.077	0.6047	-0.08041	2.31	-0.6013	-9.587	-6.221	2.719	5.219	-19.22	-1.197	-11.14	0.9821	3.652	12.85	-2.1	-7.332	2.318	6.666	2.227	1.103	3.503	4.056	0.9802	-21.81	0.4122	-3.617	4.912	2.24	-19.31	4.23	-2.895	1.889	5.822	-1.801	0.8062	3.278	-18.97	5.281	-3.523	-7.036	7.399	9.11	-0.02578	1.947	-3.645	-4.254
0.2938	0.4024	1.091	2.842	-4.374	-2.133	-2.685	-29.59	4	1.637	-0.3306	-3.294	-0.6189	1.515	3.405	-0.8998	-0.6149	1.901	-5.259	-14.08	0.6828	-2.568	-13.67	-5.463	-13.46	-12.71	-0.3934	-5.513	0.6916	7.419	5.445	3.555	5.855	2.002	3.143	2.108	-0.8484	0.2808	-6.505	-22.05	-2.016	2.88	2.723	4.502	0.2486	-5.855	-18.29	2.422	0.4681	1.666	4.396	1.834	-16.67	-1.395	0.4275	0.0188	2.902	-1.909	-10.14	-6.393	3.298	3.603	-18.63	-0.6339	-10.71	1.679	2.307	13.94	-2.276	-6.421	2.456	6.058	3.258	-0.1501	5.111	4.281	-0.3913	-21.53	0.5376	-3.645	4.487	1.513	-19.12	3.588	-3.409	2.854	3.933	0.6173	0.0899	3.43	-19.64	5.27	-2.783	-8.586	7.823	9.042	-0.6672	2.099	-1.845	-3.562
1.134	0.784	-1.321	2.538	-5.27	-1.157	-3.337	-27.26	2.69	2.483	1.038	-1.937	-0.5188	1.908	3.653	-1.176	-0.4951	3.024	-5.686	-13.06	0.1558	-2.729	-13.16	-5.52	-13.56	-12.77	0.9495	-4.93	1.599	7.546	5.461	3.341	6.116	1.729	2.646	1.677	-0.6691	0.5472	-5.351	-23.76	-3.722	3.607	3.902	3.234	0.7955	-4.249	-17	1.53	1.909	3.214	5.471	3.993	-15.73	-0.9855	1.373	0.6471	1.933	-1.859	-10.94	-6.955	1.796	3.776	-19.27	-0.05074	-9.339	1.488	2.232	12.58	-1.498	-8.614	3.823	4.755	2.003	2.044	2.28	3.717	-1.232	-23.64	1.214	-4.102	3.155	1.658	-19.65	2.819	-4.069	2.988	5.718	-1.369	-0.2956	3.72	-19.64	7.945	-3.492	-6.695	6.998	8.694	-0.1891	1.523	-2.063	-2.852
-0.2592	0.9833	-0.7007	1.725	-5.419	-2.75	-2.057	-28.82	3.499	2.537	-0.2968	-2.494	0.1194	0.6061	3.149	-1.451	-0.2129	2.679	-4.141	-15.18	0.08708	-2.793	-12.81	-5.698	-13.73	-13.96	1.657	-5.6	2.562	7.308	4.976	3.459	5.544	1.721	3.722	1.371	-0.7206	0.6562	-7.299	-21.66	-3.092	2.945	2.627	4.236	1.242	-4.402	-17.62	2.201	1.728	1.23	4.008	3.208	-14.61	-1.345	0.4344	0.09828	1.797	-1.422	-10.64	-6.421	1.441	1.897	-17.75	-1.232	-9.561	0.4351	2.61	13.53	-3.087	-5.664	3.495	5.365	2.583	1.72	4.252	4.302	1.254	-23.99	0.3242	-3.68	2.863	2.182	-19.26	2.633	-3.341	1.579	5.697	-0.9563	0.7558	3.698	-20.82	7.188	-2.578	-7.351	5.523	8.445	0.3967	1.354	-2.332	-4.14
1.954	0.001746	0.04765	3.15	-4.93	-0.122	-2.172	-27.85	3.593	3.128	-0.6462	-1.507	-1.052	1.209	4.476	-1.202	0.3675	2.272	-3.331	-14.08	1.255	-1.746	-13.62	-6.538	-14.48	-12.58	1.591	-4.498	0.4125	8.754	5.313	3.96	5.291	1.751	3.995	1.131	-1.566	0.7249	-7.438	-24.87	-1.913	3.458	3.476	4.687	1.253	-4.915	-17.61	1.216	0.7432	2.878	5.104	3.215	-16.17	0.2085	1.845	-1.376	2.414	0.01381	-10.98	-6.568	1.741	3.167	-18.61	-0.2213	-10.81	0.02172	2.422	12.55	-0.9821	-7.275	4.266	5.792	2.657	1.486	4.269	4.294	-1.725	-21.99	0.5699	-4.626	4.596	1.13	-20.1	3.138	-3.615	3.402	5.183	-1.077	0.5988	2.588	-21.16	6.083	-2.54	-6.782	6.397	9.011	0.442	1.453	-1.326	-0.9885
-0.8472	0.2469	0.4241	2.315	-5.632	-3.211	-2.169	-27.46	2.562	1.887	-1.118	-1.274	-0.3507	1.041	3.667	-1.705	-1.389	1.525	-4.718	-13.38	-0.6401	-2.774	-13.34	-5.765	-13.85	-14.11	0.3009	-4.236	1.563	8.181	6.298	3.448	4.932	2.678	2.977	0.2958	-1.132	0.2847	-9.187	-21.61	-3.184	3.47	3.017	2.96	2.611	-5.942	-15.13	1.365	1.813	2.715	4.97	2.25	-14.88	-1.318	1.819	-1.095	2.663	-1.538	-10.75	-7.984	0.8351	3.96	-18.38	-0.06195	-9.985	2.204	1.65	12.9	-2.754	-6.407	3.548	4.072	2.757	1.614	5.336	3.201	-1.139	-22.84	-0.7626	-2.806	3.887	1.239	-19.62	4.706	-3.133	2.203	5.102	-0.7471	0.1436	3.312	-21.19	7.403	-2.498	-9.105	6.672	10.19	0.07394	1.78	-1.19	-4.188
0.3279	-0.9706	0.5064	3.102	-5.039	-3.526	-3.087	-29.29	3.282	2.091	-0.5135	-2.355	-0.6095	0.3566	3.527	-1.568	0.9683	1.939	-3.701	-13.67	0.3084	-2.199	-12.87	-6.012	-14.32	-12.59	0.8481	-5.313	1.275	7.424	4.453	3.818	5.259	2.704	3.064	1.7	-1.464	1.001	-7.934	-21.53	-3.208	2.397	4.833	4.321	1.105	-6.237	-15.79	0.7076	1.071	1.375	4.505	2.16	-18.02	-0.9916	0.6574	0.341	2.462	-2.026	-11.41	-6.201	2.604	4.15	-18.46	-2.674	-11.24	0.3893	2.642	11.8	-2.963	-6.751	3.546	6.073	2.18	0.4467	4.706	2.859	-1.092	-21.17	-0.3237	-4.159	4.676	0.1258	-20.56	3.913	-2.965	1.365	4.566	-0.9856	-0.2735	2.371	-19.44	5.282	-3.529	-7.127	6.37	6.767	0.191	0.1362	-1.365	-4.048
-0.1985	0.3264	-0.3353	1.543	-4.522	-3.31	-2.679	-27.82	2.909	2.394	-1.275	-1.551	-1.38	0.04048	3.389	-0.5513	-0.4243	2.469	-5.418	-14.18	1.3	-2.133	-13.71	-5.022	-14.15	-13.21	1.053	-6.598	0.454	7.615	5.005	3.004	6.758	3.68	2.773	-0.5653	-0.6293	1.831	-8.075	-21.66	-3.232	2.805	4.15	4.962	1.79	-4.823	-16.59	1.37	1.387	1.766	4.679	3.369	-16.2	-0.2955	0.3591	0.157	1.974	-1.131	-10.6	-6.763	1.396	4.986	-18.3	-0.3153	-12.23	-0.6652	1.582	12.13	-1.979	-7.96	3.622	5.111	2.841	0.2518	5.647	5.164	-0.4517	-22.05	0.541	-4.406	5.254	1.401	-18.48	4.211	-5.36	2.627	5.27	-1.402	-1.118	2.953	-20.74	5.913	-3.331	-8.387	4.453	9.459	-0.3635	0.7851	-0.5942	-5.15
0.2527	0.426	0.7393	3.048	-5.715	-1.342	-3.268	-29.76	3.839	1.592	-2.384	-2.197	-0.5542	-0.2905	3.712	-1.829	-0.4331	1.561	-5.2	-15.69	1.477	-2.962	-13.23	-4.672	-14.32	-15.26	0.7459	-4.573	0.7249	7.405	4.923	2.365	6.267	2.157	2.905	-0.08755	-1.593	0.1152	-6.217	-23.05	-1.976	3.55	3.279	3.511	2.221	-6.769	-17.46	1.189	0.7729	2.479	4.159	2.662	-15.01	-0.891	0.6246	-1.301	2.141	-0.8708	-10.28	-4.725	1.321	4.243	-20.28	-1.035	-9.078	1.29	3.322	11.8	-1.75	-7.558	3.362	5.697	2.753	0.02296	5.906	4.683	-1.187	-20.52	0.4454	-3.38	1.76	1.507	-19.98	3.498	-3.168	2.929	4.654	-1.012	1.234	3.061	-20.25	5.409	-2.46	-7.519	7.659	8.54	-1.717	2.026	-1.274	-3.997
1.583	1.384	-0.516	2.982	-4.489	-1.718	-2.782	-29.98	2.048	2.328	-1.515	-3.13	0.07307	1.107	4.527	-1.219	-0.399	2.784	-3.9	-13.37	0.2534	-3.301	-14.41	-5.785	-14.73	-13.3	1.263	-4.432	2.138	7.722	4.059	2.383	7.394	2.914	1.968	1.481	-0.5349	0.01952	-7.432	-23.44	-2.73	2.601	4.474	3.987	1.644	-5.837	-16.65	1.024	0.8923	-0.9677	4.862	1.787	-15.38	-0.247	0.9721	0.5098	2.07	-1.623	-10.43	-6.64	1.773	2.35	-19.07	-1.191	-12.55	0.5882	2.81	12.94	-2.989	-5.557	3.495	6.112	2.314	-0.6019	5.757	4.237	-0.8781	-23.04	1.131	-3.741	3.896	0.5123	-19.54	4.221	-4.213	2.766	5.229	-1.965	0.9247	2.835	-21.66	6.242	-4.216	-8.699	5.957	7.94	-0.3363	1.726	-1.591	-4.845
1.658	-0.1718	-0.1622	3.643	-5.865	-1.947	-1.984	-28.09	4.238	2.672	-1.595	-3.575	-1.305	1.511	4.337	0.04174	0.3183	1.753	-3.767	-13.45	0.8977	-4.517	-14.69	-5.966	-13.49	-13.41	0.8612	-5.855	1.517	7.157	5.102	3.329	5.094	2.883	4.153	-0.3862	-0.005876	0.2593	-7.496	-23.07	-2.314	3.25	2.877	3.867	2.362	-6.264	-16.17	1.47	1.334	1.337	4.696	0.8977	-14.72	-1.548	0.1892	0.2731	3.699	-1.047	-9.916	-8.197	2.462	4.973	-20.31	-0.2819	-11.02	-0.3556	0.3309	12.41	-2.111	-6.689	3.442	6.032	2.14	0.7481	3.894	3.2	-0.7623	-21.5	-0.1193	-3.94	5.232	2.071	-19.45	3.998	-2.737	1.79	5.355	-1.324	0.04636	3.377	-19.2	4.478	-5.361	-8.212	6.01	8.39	-0.9224	1.26	-1.809	-3.201
1.182	-0.02507	1.445	2.861	-6.737	-1.487	-2.553	-29.69	3.094	1.093	-0.3867	-1.325	-0.14	0.4647	4.332	-0.5824	-0.2112	0.8771	-3.907	-13.92	0.5044	-2.445	-13.69	-5.47	-12.81	-15.89	0.8285	-5.064	0.3956	6.446	3.435	2.483	4.489	2.633	2.17	-0.5231	-0.7688	-1.169	-6.157	-23.97	-2.086	2.623	2.763	4.478	1.812	-5.032	-15.9	1.551	1.79	-0.2421	4.177	1.746	-15.39	-1.153	0.1016	-0.1878	2.214	-0.566	-10.82	-6.71	1.896	4.236	-19	-0.7473	-10.42	1.183	1.126	11.63	-2.275	-6.159	3.682	5.776	1.253	0.8742	5.484	4.972	-0.614	-24.46	0.5823	-4.864	4.916	1.535	-19.3	4.201	-3.443	1.849	3.633	-1.491	0.04054	4.029	-20.81	5.065	-2.08	-7.602	8.341	7.985	0.2995	2.15	-1.339	-2.618
-0.8992	1.324	0.9192	2.224	-4.89	-0.5002	-3.774	-30	3.72	1.297	-0.5799	-3.47	-1.124	-0.8468	3.935	-2.017	-0.6216	1.691	-6.26	-14.25	1.077	-2.977	-13.35	-4.713	-14.57	-14.62	0.07387	-5.818	1.12	7.155	5.52	1.625	5.18	3.012	3.235	1.519	-1.472	-0.3895	-6.508	-24.27	-2.138	2.956	3.683	5.075	1.314	-4.967	-17.42	1.711	1.284	1.382	4.954	2.776	-15.63	-1.238	-0.2332	-1.358	1.885	0.1532	-9.604	-7.268	2.324	3.559	-19.99	-0.71	-9.306	1.444	1.83	11.57	-3.799	-5.756	2.589	4.578	2.169	0.5323	5.098	4.392	-3.573	-22.8	-0.3233	-3.275	4.263	1.321	-19.5	2.714	-2.727	1.889	5.402	-0.1919	0.1823	2.354	-21.03	6.774	-3.389	-6.442	7.909	8.542	-1.337	1.497	-1.82	-1.869
0.4974	-0.6752	1.051	1.329	-6.56	-2.474	-3.39	-30.18	3.101	2.871	-0.4966	-1.88	-1.007	0.1348	3.534	-1.497	-1.784	2.434	-5.275	-15.11	0.01406	-2.885	-13.76	-6.659	-14.41	-13.24	0.3824	-5.288	1.242	8.747	4.749	2.873	5.162	3.999	2.617	0.7797	-0.5018	0.7986	-7.951	-24.28	-2.834	2.518	3.562	2.701	1.041	-5.396	-15.95	1.439	1.047	0.5797	4.452	1.201	-16.72	-1.86	1.941	-0.1321	1.774	-1.562	-10.49	-6.661	2.528	5.004	-18.44	-0.5552	-10.47	0.7495	2.05	12	-3.408	-7.638	3.55	5.793	2.661	0.1607	4.367	3.958	-1.745	-23.34	1.095	-3.833	5.48	1.488	-21.33	3.705	-2.831	3.065	4.409	-1.601	0.121	1.774	-19.33	6.22	-3.913	-7.626	6.495	9.641	0.6592	1.686	-1.782	-3.899
1.888	0.3394	-0.2327	2.705	-4.144	-2.131	-2.93	-30	2.713	2.258	-0.6766	-1.786	-0.613	1.284	4.174	-1.432	-1.018	2.569	-3.798	-13.06	1.594	-2.954	-14	-6.013	-17.85	-14.42	1.286	-6.339	0.5403	7.746	4.766	4.374	5.058	3.997	3.014	1.438	-0.6376	0.3004	-7.11	-24.74	-1.329	2.098	4.805	3.683	2.662	-5.795	-15.82	0.4288	0.719	1.344	4.579	3.542	-15.09	-1.889	0.3151	-0.3392	1.585	-1.746	-10.5	-7.344	2.061	6.005	-20.58	-1.479	-9.177	-0.1608	2.6	13.52	-2.704	-7.879	3.043	4.228	2.027	0.1644	4.379	2.185	-0.3943	-21.79	-0.9495	-3.065	5.268	0.9502	-20.02	3.205	-4.302	2.357	5.486	1.062	0.06695	2.141	-19.2	5.475	-3.346	-7.325	6.807	9.029	0.2012	1.308	-1.678	-2.404
0.6365	1.283	-0.581	1.956	-5.187	-0.983	-2.892	-27.93	3.454	0.9791	-0.1032	-2.284	-0.04655	1.585	3.497	-0.6896	-0.9715	1.719	-6.038	-12.9	0.3618	-3.881	-12.32	-5.705	-15.07	-12.11	-0.3811	-6.575	0.9622	5.992	6.229	4.859	4.663	2.364	3.151	2.374	-0.7245	1.457	-8.106	-22.18	-1.955	3.939	3.883	4.102	1.431	-6.808	-16.62	1.367	1.294	0.2949	5.46	3.029	-13.73	-0.1189	0.9	-0.8776	2.107	-1.93	-10.65	-4.983	2.891	5.169	-19.02	-0.5064	-11.18	0.2469	2.781	13.26	-3.096	-5.551	3.026	5.84	3.304	1.117	3.996	3.972	-0.2142	-23.65	-0.5643	-3.49	3.327	0.9426	-20.13	3.005	-4.193	2.218	5.654	-0.6162	1.021	1.313	-21.07	6.25	-3.483	-8.638	6.159	9.035	0.6844	1.163	-1.365	-3.558
1.175	0.4988	1.383	2.146	-5.395	-0.2423	-2.222	-28.47	2.37	2.507	-1.124	-1.579	-0.9256	0.5294	3.765	-0.5747	-2.174	1.28	-4.76	-13.79	-0.1918	-2.528	-12.81	-7.098	-14.01	-13.79	-0.262	-5.271	1.3	8.481	3.993	4.039	4.919	2.339	3.217	0.6448	-1.221	0.5858	-9.849	-25.16	-3.618	2.57	2.953	4.664	2.512	-5.057	-17.21	1.326	0.4171	2.201	5.655	3.354	-15.2	-1.481	-0.5307	-0.799	2.72	-0.562	-10.74	-6.51	1.35	5.436	-17.34	-1.486	-9.941	1.357	3.187	12.76	-2.551	-5.487	3.19	4.302	3.45	0.486	5.466	2.54	-2.449	-21.89	1.734	-3.52	4.697	1.329	-21.27	3.844	-4.042	2.453	4.146	0.05293	1.586	2.602	-19.51	4.08	-4.199	-7.787	6.926	7.572	-0.1085	2.967	-0.8027	-2.922
1.005	1.124	1.221	2.434	-4.381	-2.196	-2.911	-28.21	3.815	2.85	-0.6332	-3.147	-0.568	0.5994	4.04	-2.079	-1.174	2.31	-4.915	-12.66	1.044	-2.333	-14.74	-7.542	-15.79	-12.21	0.2191	-4.814	1.158	5.701	4.553	2.927	4.15	2.748	3.481	3.156	-0.3954	-0.4074	-8.59	-24.12	-5.106	0.6891	4.095	4.186	2.695	-5.543	-16.89	0.004479	0.402	1.981	6.215	2.433	-15.24	-0.9133	-1.306	-0.05804	1.964	-1.64	-10.37	-6.478	1.63	4.048	-17.78	-1.024	-8.961	0.9518	2.766	13.72	-3.88	-6.094	2.568	5.268	3.093	0.5308	2.851	4.225	-1.384	-24.11	1.121	-3.536	3.79	0.2403	-18.78	4.019	-4.28	3.618	4.565	-1.399	0.04325	3.643	-19.73	6.466	-4.732	-7.213	6.764	9.095	0.3822	0.9048	-1.272	-2.53
1.428	0.4627	0.2116	3.122	-3.674	-0.9915	-3.284	-28.12	3.508	1.515	-0.4717	-1.812	0.123	1.004	3.847	-0.9737	-0.482	1.975	-3.624	-12.72	-0.3875	-1.473	-12.48	-5.638	-14.85	-12.99	0.6056	-6.747	0.8591	6.229	5.429	3.783	5.652	-0.5574	3.625	0.3668	-0.02987	-0.07802	-7.071	-22.86	-3.45	1.199	4.424	3.618	1.558	-5.008	-16.2	1.368	1.431	2.422	4.828	2.612	-16.47	-0.5545	-0.8906	0.1611	2.393	-0.8131	-10.7	-5.409	2.123	3.563	-19.57	-0.3903	-9.836	1.505	3.15	12.78	-3.103	-7.633	3.322	5.479	2.48	1.155	3.847	3.357	-1.032	-21.11	1.043	-4.022	4.709	1.538	-20.48	2.666	-3.415	1.113	4.741	0.04072	0.828	3.812	-20.57	6.74	-3.911	-6.139	6.955	7.4	-0.2847	2.49	-1.563	-3.483
0.7105	0.7077	0.8558	2.212	-5.215	-2.007	-2.814	-28.21	2.068	0.865	-0.5343	-0.646	-0.5728	1.031	3.619	-0.2586	-0.4648	2.406	-4.074	-14.4	-0.4183	-1.695	-13.56	-4.931	-15.6	-13.22	0.4374	-5.265	0.08637	7.915	5.467	2.697	5.763	1.672	2.653	1.946	-1.149	0.1204	-7.745	-24.38	-3.03	2.41	4.345	3.69	2.175	-4.229	-17.6	0.8923	1.92	1.533	4.226	2.872	-15.53	-0.8658	1.809	-0.0109	2.094	-1.258	-9.275	-5.422	2.267	4.922	-18.67	-0.2956	-9.799	0.7063	3.129	13.14	-1.825	-7.03	3.126	4.772	1.554	1.652	4.49	4.088	0.9117	-21.43	-0.218	-3.535	3.767	1.923	-19.51	3.98	-4.245	2.9	5.372	-1.785	-0.08435	2.021	-20.52	6.821	-4.834	-6.744	7.805	8.997	0.4053	0.4784	-0.6352	-2.954
0.3334	0.5419	1.751	2.717	-4.41	-0.715	-2.81	-29.91	2.318	0.8311	0.03777	-2.948	-0.4376	-0.2985	4.239	-0.807	-0.3802	2.395	-4.651	-14.89	-0.0252	-3.152	-13.13	-5.562	-12.84	-12.56	0.3297	-6.2	0.8992	6.129	3.886	3.679	4.575	0.1727	2.149	0.6546	-0.999	0.5858	-7.859	-23.92	-3.761	2.356	4.038	4.43	2.228	-5.449	-17.94	0.6447	1.345	3.15	5.337	3.023	-14.53	-1.929	0.5605	-0.4962	2.422	-0.7739	-11.02	-6.759	2.372	4.756	-19.18	-1.48	-9.463	-0.1466	2.568	12.74	-2.346	-6.424	3.071	4.987	3.081	0.2154	5.092	4.583	-1.895	-21.44	-0.2597	-3.878	4.549	2.061	-19.44	4.59	-3.543	2.455	4.279	0.2199	0.5821	3.66	-19.15	6.191	-3.505	-6.796	7.856	9.133	-0.287	0.2501	-2.516	-3.026
1.069	0.7794	-1.162	3.213	-6.171	-1.107	-3.452	-28.15	4.247	2.145	-1.015	-4.175	-0.691	0.7654	3.153	-1.308	0.5113	1.901	-3.952	-12.41	-0.2747	-2.437	-11.95	-5.372	-14.13	-13.94	1.136	-5.138	-0.01345	7.585	4.869	3.936	5.957	1.932	3.253	1.216	-0.0008648	0.7509	-7.773	-22.79	-1.718	2.947	3.324	3.697	1.247	-4.709	-15.68	0.9036	0.5139	2.221	6.278	3.512	-14.33	-1.327	-1.016	-0.2087	3.046	-1.181	-10.22	-6.962	2.05	3.125	-19.47	-0.5267	-9.747	0.6931	2.759	12.92	-2.449	-6.382	2.666	5.876	2.953	1.237	3.352	4.652	-0.6464	-21.79	1.566	-3.801	5.618	1.212	-20.86	4.628	-3.337	2.434	5.068	-1.008	0.7862	1.004	-20.19	6.401	-3.673	-8.442	6.129	8.714	1.223	2.079	-1.889	-3.761
1.065	1.086	0.5904	2.532	-5.332	-1.563	-2.6	-28.72	3.773	2.302	-1.043	-3.352	-0.5872	0.1694	3.788	-1.391	-0.3392	1.895	-3.793	-15.88	0.2635	-2.556	-13.28	-5.336	-14.88	-13.79	-0.1932	-5.183	-0.616	7.763	5.724	2.925	5.339	2.458	2.981	0.8079	0.02213	1.049	-7.608	-22.79	-2.566	2.761	2.74	3.523	0.7492	-4.469	-16.34	2.002	1.311	3.248	5.48	2.35	-17.08	-0.6711	-0.02999	0.8838	2.647	-1.562	-10.7	-6.599	2.069	4.111	-21.99	-0.6815	-11.13	0.8471	2.354	12.79	-2.262	-5.778	2.855	6.085	1.945	-0.5879	5.568	4.338	-1.031	-22.18	0.495	-2.908	5.409	0.09955	-19.38	3.698	-3.593	1.809	5.27	-1.59	0.2513	1.209	-20.89	7.826	-2.607	-7.6	6.963	8.51	-0.03809	1.594	-3.296	-4.203
1.222	0.03033	0.7575	3.512	-6.366	-1.688	-2.137	-29.8	3.563	2.055	-0.3518	-2.844	-0.6889	1.263	4.098	-2.886	-0.1308	1.536	-5.647	-14.8	-0.2595	-3.68	-12.55	-5.523	-13.49	-11.78	1.143	-5.047	0.5532	8.602	5.08	3.001	5.522	3.039	3.194	1.49	-0.6944	0.5089	-8.457	-24.12	-2.013	2.387	3.442	3.657	1.961	-4.958	-16.44	1.238	0.7674	2.443	3.864	3.311	-15.19	-0.2397	1.284	-0.4003	2.231	-0.4444	-11.08	-7.745	1.295	5.963	-18.43	-2.503	-9.945	0.2112	3.117	12.29	-2.579	-7.103	3.054	3.654	1.68	1.081	4.855	4.582	-1.074	-22.97	-0.4203	-3.601	5	0.1867	-17.99	3.482	-4.414	2.81	4.043	-0.9791	-0.4162	2.477	-21.12	6.434	-3.407	-7.738	6.038	7.2	-0.2863	1.567	-1.034	-4.971
0.3849	-0.5091	-0.6955	2.837	-5.964	-1.43	-3.03	-28.88	2.622	2.292	-0.7063	-2.388	-2.299	1.718	4.273	-0.357	-0.01936	2.055	-5.392	-14.04	0.714	-2.816	-14.66	-5.643	-13.37	-13.11	0.8888	-4.578	0.704	7.703	4.509	2.993	5.587	3.186	3.943	1.186	-1.268	-0.1545	-8.19	-24.67	-2.463	2.355	3.343	3.925	1.126	-5.634	-16.06	1.628	0.8383	2.342	5.162	2.673	-15.23	-1.511	1.745	0.3867	2.259	-1.63	-10.76	-6.955	1.27	5.558	-21.15	-0.6031	-10.89	0.1903	2.711	12.42	-2.275	-6.888	3.406	5.324	2.978	0.06517	5.106	3.42	-2.997	-24.7	0.5485	-4.03	3.507	2.157	-19.73	3.421	-4.798	1.727	2.763	-1.232	0.3784	3.434	-20.17	6.083	-3.051	-8.833	5.388	9.482	0.4953	2.498	-3.894	-6.265
0.4192	-0.2135	1.352	2.547	-5.382	-0.6355	-2.335	-28.55	2.024	2.604	-0.359	-2.984	-0.7478	0.4698	3.994	-1.671	0.175	2.56	-5.178	-14.18	0.4376	-2.186	-13.11	-6.663	-13.96	-13.53	0.2532	-4.742	0.09919	7.125	4.338	2.85	5.553	3.423	1.902	1.892	-1.801	0.8027	-7.75	-21.88	-2.414	3.55	3.179	3.293	1.792	-5.047	-17.31	0.932	1.096	3.011	6.364	2.22	-14.95	-0.5389	1.533	-0.2081	2.352	-0.4081	-10.35	-6.381	2.367	3.058	-17.48	-0.6993	-10.21	0.436	2.315	12.46	-3.325	-7.094	1.614	5.93	1.723	0.6955	3.788	4.109	0.8509	-24.17	0.5628	-4.651	4.411	0.02591	-19.8	3.208	-3.708	3.052	3.915	-0.3899	0.4405	1.98	-19.8	6.369	-4.283	-7.701	6.315	9.504	0.523	1.734	-1.729	-2.538
-0.2365	0.7046	-0.3555	2.833	-4.949	-1.207	-2.846	-29.47	2.14	1.83	-0.3939	-1.428	-0.1129	0.5821	4.571	-1.327	0.1481	2.291	-4.194	-15.19	0.2977	-3.335	-13.37	-4.486	-14.58	-13.71	1.584	-5.094	0.8751	7.531	6.067	3.476	5.471	2.815	3.215	2.2	-1.058	0.006352	-7.833	-22.77	-2.238	2.409	4.32	4.741	1.813	-6.23	-15.13	1.256	0.9003	1.606	6.106	2.036	-16.24	-0.3591	-0.2794	-0.5901	0.4605	-0.9937	-10.34	-6.524	2.722	5.823	-19.19	-1.094	-9.471	-0.4748	0.9866	12.06	-2.362	-6.393	3.406	5.598	1.752	1.797	3.516	4.227	0.4762	-22.55	-0.6722	-3.89	4.714	1.274	-19.36	3.91	-4.037	2.432	4.639	-1.008	1.134	3.611	-20.28	5.511	-4.096	-6.988	8.4	7.606	-0.6786	0.6751	-0.5139	-2.385
0.07182	0.9825	-0.4525	3.579	-5.152	-0.846	-2.55	-28.74	2.874	1.774	-0.1722	-3.029	-0.06081	-1.032	3.921	-1.148	0.08303	1.998	-4.562	-13.99	1.086	-3.159	-13.84	-4.999	-14.79	-15.48	1.168	-6.274	0.9079	7.934	5.136	3.405	5.775	3.673	3.628	0.9979	-0.8409	0.5808	-6.344	-24.12	-2.178	3.027	3.482	4.112	1.42	-5.053	-15.64	1.468	1.121	1.719	4.179	2.874	-14.68	-0.5941	0.5481	-0.5867	2.642	-0.4355	-12.31	-7.637	1.622	4.625	-19.88	-0.751	-9.621	-0.06584	1.143	11.61	-2.147	-5.243	2.551	4.882	2.57	1.181	3.959	2.171	1.069	-22.6	0.4818	-3.016	4.359	0.9087	-19.33	4.124	-3.051	2.085	4.325	-0.6845	0.612	3.185	-19.04	6.058	-4.328	-6.04	7.324	8.738	0.3316	1.707	-1.502	-3.183
1.494	0.2225	-1.119	1.672	-5.434	-1.378	-1.576	-29.86	3.512	2.448	-1.494	-2.569	0.4076	1.399	3.498	-1.265	-0.2135	2.292	-3.346	-13.33	0.3976	-2.751	-12.96	-5.075	-13.76	-14.37	0.3986	-4.366	1.885	8.225	4.913	2.958	5.854	1.091	2.737	0.7951	-0.2781	-0.2711	-7.514	-23.1	-2.558	3.732	3.31	4.597	1.664	-4.327	-16.9	0.8393	1.298	1.803	3.905	3.515	-16.71	-1.591	0.5339	-0.2763	1.541	-1.197	-10.47	-5.717	1.884	4.641	-18.41	-0.4286	-10.54	0.944	3.151	11.78	-2.79	-6.907	2.885	6.035	2.361	0.7897	4.449	3.16	-1.067	-21.59	0.9548	-3.867	4.087	0.6091	-20.75	4.376	-4.276	1.576	5.225	-1.093	-0.2761	2.52	-20.56	6.126	-3.749	-6.362	6.724	7.593	-0.2207	1.246	-0.5189	-3.866
0.1959	1.147	0.2641	1.663	-5.702	-2.76	-3.358	-27.85	2.304	1.835	-0.6008	-1.616	-0.6703	0.2619	4.047	-0.9712	-0.491	1.407	-4.82	-14.25	0.4737	-2.754	-13.18	-5.326	-12.9	-13.41	0.3386	-4.587	0.9496	7.055	5.991	2.645	5.784	3.057	3.061	1.709	-0.8049	0.002112	-7.22	-24.28	-1.603	3.236	3.43	3.207	1.448	-5.332	-18.59	1.053	0.9179	1.335	5.423	3.15	-15.11	0.3741	0.249	0.1552	1.406	-0.3365	-11.95	-4.654	1.953	3.3	-18.97	-1.316	-9.065	0.1314	2.502	13.45	-2.634	-7.144	2.584	4.712	2.407	0.2212	5.245	3.258	-1.168	-22.05	-0.2691	-4.38	4.769	1.843	-19.08	3.546	-4.019	1.897	5.038	-1.413	0.4806	2.849	-21.2	6.537	-3.077	-7.668	5.911	8.415	1.065	1.757	-1.892	-2.205
0.3291	0.0239	0.838	3.136	-4.678	-1.252	-1.918	-28.63	3.371	0.9482	-1.787	-2.265	-1.251	0.1863	3.871	-1.808	-0.1697	2.828	-4.464	-14.01	0.01146	-3.217	-12.95	-5.476	-12.89	-13.17	0.2087	-4.814	1.008	7.413	3.855	3.778	4.979	3.086	4.416	1.599	-0.6384	0.598	-6.863	-23.59	-2.115	3.752	4.549	4.121	1.552	-5.414	-17.64	0.8391	1.166	2.303	5.672	3.154	-17.12	-0.7984	0.8221	-1.236	1.266	-1.332	-11.17	-7.53	2.631	3.592	-19.55	-0.6157	-9.315	1.099	1.577	13.5	-1.819	-6.429	3.635	4.361	2.341	0.07499	5.037	3.406	-0.1342	-22.23	-0.5839	-4.245	3.825	1.206	-19.08	3.742	-3.914	1.651	5.611	-0.8691	-0.002522	2.196	-20.26	6.762	-1.992	-8.053	7.328	9.127	-0.4154	2.496	-1.746	-3.747
0.3443	0.2149	0.8046	2.425	-7.028	-3.016	-2.228	-28.99	2.792	2.134	-1.068	-2.308	-1.848	0.5497	4.899	-1.476	0.1761	1.715	-5.247	-13.39	0.5133	-2.487	-13.35	-5.724	-15.44	-13.44	0.4466	-5.653	0.5902	6.749	3.893	3.532	6.22	2.932	2.457	0.8711	-1.272	0.7983	-8.853	-22.52	-2.133	4.064	3.669	3.24	2.295	-4.995	-16.7	0.8173	0.9779	0.6683	4.542	1.687	-15.99	-0.7791	0.9365	-1.999	3.182	-1.685	-10.52	-7.029	1.454	4.576	-18.44	-1.283	-10.61	0.03671	2.355	11.56	-2.164	-7.295	2.824	5.031	1.938	0.4847	3.437	4.121	-0.6269	-22.2	-0.4003	-2.843	4.884	1.99	-18.46	2.974	-4.508	2.171	5.971	-1.523	0.8398	3.303	-19.59	6.577	-2.812	-7.56	6.828	9.143	0.04719	0.3941	-1.468	-5.731
-0.9681	0.5835	-0.7882	3.294	-4.329	-1.607	-2.424	-28.63	1.354	2.398	-0.1426	-2.965	-0.5367	0.6197	3.342	-2.074	0.2293	1.424	-3.485	-13.16	0.0399	-2.569	-14.27	-6.169	-14.76	-13.63	0.02561	-5.572	1.262	7.583	4.138	3.758	5.568	2.198	1.938	1.692	-1.068	0.5173	-8.46	-22.39	-2.937	2.885	4.163	1.511	1.283	-4.782	-15.92	0.6161	1.277	1.501	5.372	3.883	-16.54	-0.6389	0.2647	-0.4571	2.821	-0.4157	-11.27	-6.828	2.772	3.27	-18.48	-0.3165	-10.91	1.205	2.71	12.4	-3.614	-5.849	2.449	5.11	2.701	1.207	4.445	4.04	-1.705	-23.51	-1.122	-3.491	4.369	-0.1538	-18.65	2.796	-3.128	3.145	3.984	-1.847	0.6611	3.322	-19.82	7.09	-3.291	-7.853	6.522	8.065	-1.122	0.9345	-0.2082	-3.036
0.8925	1.813	0.5327	3.314	-5.245	-2.207	-2.952	-29.17	4.449	2.185	-0.4795	-3.866	-1.384	1.205	4.054	-0.8482	-0.5542	1.816	-5.07	-15.13	0.08842	-3.762	-13.43	-5.507	-14.07	-12.41	-0.9764	-4.52	1.294	6.723	5.163	3.721	5.05	2.206	4.194	2.321	-1.044	0.8422	-6.38	-23.21	-2.241	2.46	2.987	4.14	1.449	-4.787	-18.35	2.141	1.558	1.324	4.763	3.017	-15.71	0.05156	1.653	-0.5704	2.776	-0.8419	-10.4	-7.471	1.77	4.599	-19.25	-0.8807	-11.26	1.289	2.861	10.56	-2.608	-6.046	2.963	5.521	2.57	0.9673	5.305	3.596	-2.735	-23.03	0.1201	-4.004	5.633	1.8	-19.39	4.139	-3.801	2.072	5.133	-1.126	0.3452	1.463	-19.8	6.277	-3.093	-8.185	5.529	9.596	0.6184	1.656	-1.794	-4.924
0.4851	0.687	1.318	3.175	-4.892	-2.646	-2.49	-29.42	3.236	1.977	0.5977	-3.586	1.029	0.894	4.603	-1.439	-0.6699	1.514	-2.983	-14.58	-0.07801	-3.381	-13.07	-5.237	-13.82	-13.54	1.55	-5.501	0.8325	7.375	4.646	3.147	5.763	2.545	3.004	2.14	-1.629	0.8435	-8.185	-24.02	-2.898	2.126	3.813	2.703	1.08	-4.994	-16.89	2.017	2.066	3.718	5.768	1.749	-15.03	-2.04	0.2514	-1.256	2.17	-0.6482	-12.21	-5.512	2.073	4.442	-19.11	0.2071	-9.614	1.771	2.633	12.66	-2.749	-6.959	3.452	5.781	1.943	0.045	4.177	4.4	-1.467	-20.82	-0.5551	-3.763	4.866	0.3466	-18.63	4.503	-3.398	1.956	3.636	-0.1044	1.156	3.844	-19.79	5.864	-4.149	-6.923	6.202	8.944	0.3842	0.6091	-2.095	-5.052
0.4321	1.967	-0.3212	2.845	-4.831	-1.549	-3.559	-29.87	2.811	1.625	-1.507	-2.924	-0.882	1.94	3.791	-0.4297	0.136	1.658	-4.404	-14.48	0.8923	-1.939	-14.14	-5.497	-14.48	-12.95	-0.5131	-4.712	1.42	7.449	4.49	3.831	5.512	2.337	2.743	2.059	-2.358	0.05439	-7.58	-25.93	-2.55	2.591	3.256	3.439	1.167	-3.729	-15.91	1.162	1.039	2.054	4.518	3.314	-14	-0.6208	0.3885	-1.067	2.428	-1.286	-9.588	-6.255	1.507	6.047	-20.77	-0.927	-10.15	0.8903	1.307	12.79	-2.563	-6.089	2.357	5.47	3.257	0.9318	4.896	4.349	-0.05585	-21.62	0.1563	-3.863	4.651	0.8727	-20.07	2.929	-2.99	2.716	4.562	-2.799	0.4545	3.031	-21.51	6.591	-3.472	-7.032	5.725	7.286	0.4696	1.156	-0.0462	-2.021
0.6902	0.05343	-0.08011	2.725	-4.302	-2.117	-1.716	-26.73	3.29	2.366	-0.4529	-3.932	-1.979	1.286	4.775	-0.9879	-0.05429	1.797	-3.179	-14.03	-0.3471	-1.91	-13.25	-5.757	-13.87	-13.43	1.111	-4.668	-0.8828	7.271	4.577	3.189	5.245	0.7188	4.193	1.592	-0.8492	1.115	-8.48	-23.1	-2.276	3.183	4.381	3.093	1.309	-5.401	-16.24	1.881	0.9629	1.021	5.603	2.992	-15.36	-0.8945	0.2129	-0.3731	2.787	-1.734	-9.844	-6.334	1.772	4.665	-17.62	-0.3255	-9.282	-0.1968	1.906	11.9	-3.263	-7.64	2.781	5.068	2.394	-0.07607	5.705	4.737	-1.435	-24.2	0.3501	-4.35	4.996	2.331	-20.21	4.449	-2.95	2.294	4.954	-0.6446	0.4993	3.803	-20.56	5.958	-3.861	-7.803	5.081	8.941	-0.02707	0.8776	-2.824	-3.009
0.9679	0.6993	0.2763	1.511	-6.157	-0.9146	-2.827	-29.63	2.751	1.932	-0.9697	-2.984	-0.9893	0.09066	3.237	-0.2625	0.8582	0.6099	-4.246	-15.09	-0.1521	-3.254	-13.09	-6.309	-14.65	-12.79	0.8971	-6.044	0.7688	5.523	4.641	3.633	5.041	2.555	3.625	0.9935	-1.214	0.04015	-7.053	-23.45	-3.055	3.732	3.92	4.534	1.197	-5.817	-17.86	2.305	2.485	0.1386	5.638	2.904	-15.05	-1.868	0.5514	0.3698	2.916	-1.525	-10.32	-6.42	2.506	3.937	-18.81	-0.2127	-8.692	0.3477	2.433	13.12	-1.821	-6.854	2.386	5.405	3.104	-0.3686	4.648	3.684	-2.861	-21.32	0.2781	-3.039	3.239	1.331	-20.56	4.154	-3.648	2.813	5.829	-1.597	0.5889	4.072	-20.49	5.427	-3.75	-7.829	7.75	8.848	-0.122	0.9402	-0.9104	-4.752
0.7353	-0.3373	0.1025	1.791	-6.295	-2.555	-2.902	-28.98	3.301	2.981	-1.344	-3.675	-1.182	0.6014	3.701	-1.063	-0.1164	1.789	-4.623	-14.96	-0.1324	-3.276	-13.02	-5.548	-13.95	-12.24	1.278	-5.093	0.3856	7.044	4.806	3.093	4.915	1.816	2.39	0.9652	-1.559	0.9554	-9.877	-22.66	-2.689	3.336	4.633	4.14	1.938	-4.576	-16.72	1.779	1.027	2.258	4.615	3.014	-16.23	-0.7524	0.5681	-1.495	2.29	-1.141	-10.66	-6.807	2.192	3.651	-20.06	-1.872	-10.13	0.3305	2.528	13.24	-2.122	-6.404	3.808	5.054	2.058	1.606	3.214	4.955	-1.686	-23.96	-0.8154	-3.085	5.072	2.458	-18.99	3.607	-3.231	2.007	5.552	-1.067	0.4383	3.523	-19.58	6.752	-3.544	-7.972	6.103	8.337	0.718	1.411	-1.634	-3.625
0.1372	0.1648	0.6305	2.644	-6.607	-1.172	-2.676	-27.07	2.674	1.512	-0.2271	-2.243	-1.063	0.8634	4.116	-1.066	-0.6028	1.306	-4.638	-14.04	-0.7409	-2.56	-13.95	-4.791	-13.72	-14.12	0.5307	-4.424	0.3838	7.106	4.205	2.201	5.971	3.834	2.285	1.035	-0.6142	-0.3455	-7.139	-22.94	-1.841	3.307	5.333	3.613	-0.1989	-5.558	-16.97	1.981	0.751	1.075	4.696	2.316	-14.55	-1.016	-0.1597	-0.8066	3.115	-1.115	-9.92	-5.806	2.475	5.494	-19.67	-1.092	-10.7	0.6299	1.886	11.48	-2.797	-6.156	2.838	5.233	2.413	1.462	4.761	3.532	-1.557	-26.14	-0.05208	-4.328	5.078	0.8493	-19.61	3.332	-3.26	2.01	4.745	-2.205	1.41	3.925	-20.63	6.41	-2.49	-6.025	7.37	8.996	-0.2944	1.517	-2.149	-4.149
0.6819	1.285	-0.6126	3.133	-6.915	-2.696	-3.056	-29.02	3.83	1.131	0.2536	-2.608	0.3843	0.4003	3.924	-1.683	0.175	1.222	-4.028	-13.56	1.004	-2.65	-13.18	-5.606	-13.44	-13.29	0.7625	-5.421	-0.05293	8.554	3.518	3.446	5.472	2.691	3.017	0.7426	0.06291	0.5388	-9.61	-23.33	-2.124	3.08	4.122	3.727	0.5114	-5.66	-17.64	1.354	0.7865	2.172	4.79	3.513	-14.75	-0.02974	1.185	-0.8237	3.221	-1.813	-11.04	-4.918	1.117	3.325	-18.26	-0.09322	-9.389	-0.8152	3.101	12	-1.815	-5.529	2.839	5.883	2.377	1.159	4.478	4.919	0.6644	-19.95	0.2307	-3.578	4.343	2.072	-19.38	4.398	-4.773	1.194	4.585	-1.369	0.4142	2.361	-21.26	6.178	-4.304	-8.629	7.597	8.251	0.4894	1.234	-0.9542	-3.387
1.123	1.63	-1.327	2.79	-3.277	-2.404	-1.924	-29.87	3.073	2.219	0.7984	-3.122	-1.924	0.1343	4.417	-1.202	-0.529	1.948	-4.124	-12.85	0.4897	-3.328	-12.96	-4.593	-14.67	-13.95	0.69	-5.589	1.973	7.654	3.201	1.971	3.753	1.442	2.276	-0.7038	-0.9809	-0.1608	-6.605	-23.88	-1.769	3.047	2.729	2.566	1.736	-4.131	-14.04	1.553	1.782	3.186	5.443	2.691	-14.63	-0.3821	0.6477	0.4926	1.891	-0.801	-9.233	-8.012	0.9345	5.823	-20.28	-0.2989	-10.3	-0.2373	2.48	12.79	-3.231	-8.348	2.856	3.959	2.054	1.759	4.948	3.409	-0.6543	-23.37	-0.3434	-3.903	4.304	0.8565	-19.68	3.411	-4.136	2.149	4.387	-0.5302	-0.3984	3.2	-21.62	7.308	-3.443	-7.492	5.644	9.37	0.6508	1.223	-1.06	-5.454
1.311	0.3856	0.221	2.231	-6.72	-2.758	-3.384	-28.97	3.304	2.008	0.349	-1.449	-1.21	0.8321	3.562	-1.725	-0.4595	1.979	-5.391	-14.41	0.2341	-3.361	-13.96	-6.46	-13.42	-11.65	0.8509	-5.821	0.814	8.503	4.287	3.154	3.956	2.25	4.559	1.257	-1.087	1.235	-8.214	-22.81	-2.754	3.585	4.704	4.706	3.085	-6.969	-15.29	0.08471	1.57	3.192	5.439	1.471	-15.96	-0.4159	0.4594	-1.131	2.633	-0.6004	-10.09	-6.685	2.953	4.725	-17.99	-1.124	-10.31	-0.2106	2.555	13.35	-2.795	-5.713	1.943	4.285	2.345	1.913	4.082	4.528	-1.332	-22.62	-0.9292	-3.52	4.303	0.8354	-19.76	3.476	-3.089	2.054	5.102	-0.6639	1.487	2.409	-18.31	6.961	-3.603	-7.133	6.795	7.235	0.07632	2.473	-1.567	-1.805
0.8657	0.607	1.827	4.237	-4.047	-0.8945	-1.874	-28.06	3.511	1.958	0.2081	-1.859	-1.278	0.7195	5.184	-1.493	-1.268	1.347	-2.928	-13.88	-0.2171	-3.857	-13.08	-5.331	-14.58	-15.18	0.8767	-4.056	0.7365	7.311	4.58	3.063	7.19	2.306	4.142	1.333	-0.4175	1.128	-7.973	-21.01	-2.304	3.225	2.738	3.612	1.268	-5.87	-15.88	1.052	1.385	1.497	5.839	2.843	-15.47	-0.7731	0.2686	-0.448	1.325	0.1884	-10.93	-6.532	1.947	5.591	-19	0.3782	-10.04	-0.3746	3.628	13.86	-1.644	-6.007	3.274	6.622	2.314	1.14	5.277	4.297	-1.859	-23.33	-0.3549	-3.462	3.685	1.45	-20.37	4.357	-4.223	2.249	5.044	-1.162	0.2812	3.187	-19.87	7.031	-3.895	-8.599	9.234	9.044	0.5005	1.29	-0.2398	-2.834
0.7766	0.9858	0.1461	3.687	-6.357	-0.0858	-3.016	-28.39	2.878	2.021	-1.177	-2.948	-0.5292	0.6865	3.871	-0.1703	-0.529	1.853	-4.666	-13.99	0.2782	-2.974	-14.38	-5.712	-11.74	-13.91	1.117	-4.183	-0.3458	8.347	5.961	3.581	5.051	2.287	2.998	2.203	-1.104	0.4472	-5.448	-21.97	-2.872	2.356	4.483	2.941	1.239	-4.862	-17.17	0.9016	1.185	2.234	4.67	2.225	-16.33	-1.11	-0.3424	-1.427	3.062	-0.8031	-10.33	-6.649	2.345	6.074	-19.64	-0.4835	-9.327	1.487	1.35	12.8	-2.395	-7.142	3.588	4.341	3.356	1.019	3.114	3.078	-1.028	-21.83	-0.5152	-3.472	3.098	1.129	-19.31	4.269	-4.563	2.595	4.81	-1.849	0.5853	3.723	-19.4	6.526	-3.065	-8.333	7.166	10.14	-0.6061	2.125	-2.907	-3.356
0.7544	0.2747	-1.018	3.471	-4.803	-0.7017	-2.439	-28.95	3.588	1.924	-0.2136	-1.094	0.243	0.6141	3.751	-0.8934	-0.1057	2.075	-5.742	-15.65	0.6724	-3.743	-13.84	-5.523	-12.96	-15.59	0.9485	-5.17	0.8751	8.004	5.29	2.745	4.576	3.167	1.947	1.847	-1.204	0.08638	-8.628	-22.49	-2.171	2.581	3.421	3.21	1.391	-5.225	-17.16	1.245	1.435	3.517	5.463	3.872	-15.2	-0.5232	0.79	-1.373	1.619	-1.606	-9.468	-6.346	2.56	5.138	-18.83	-1.475	-11.22	0.7536	2.373	13.01	-2.433	-5.363	3.224	5.451	2.635	0.6778	4.588	3.721	1.083	-22.85	1.326	-3.443	5.273	0.7417	-18.89	3.808	-4.471	2.04	5.284	-0.5558	0.6091	3.372	-20.23	6.014	-2.958	-6.939	6.713	8.765	-0.9151	3.023	-2.086	-1.631
1.584	1.61	0.8853	2.589	-6.218	-1.137	-2.559	-30.58	1.536	2.372	-0.5486	-1.573	-0.2938	0.2407	4.113	-1.148	-0.4477	1.626	-5.162	-13.46	0.3843	-3.108	-12.95	-4.851	-13.23	-13.68	0.5014	-4.935	1.739	7.045	5.29	3.516	5.119	2.229	3.91	0.9316	-0.5206	0.8417	-8.279	-31.49	-1.94	2.938	4.214	5.498	2.743	-4.602	-15.95	2.163	1.054	2.582	5.12	2.815	-13.22	0.3356	0.6315	0.9318	3.409	-1.153	-11.13	-6.548	1.95	4.346	-19.78	-1.539	-9.478	0.1517	2.685	11.76	-3.251	-6.493	3.045	6.278	2.588	0.8985	3.961	2.869	-1.246	-23.26	2.116	-4.545	4.025	2.11	-20.51	3.605	-3.49	3.596	5.617	-1.336	0.9539	2.747	-19.6	6.868	-2.256	-7.183	6.744	8.564	-0.1106	0.9687	-1.863	-3.865
0.4801	0.2395	1.188	2.531	-4.749	-0.4744	-3.188	-28.87	2.893	2.292	-2.129	-1.41	0.5066	1.788	4.165	-0.6747	-0.6399	2.159	-4.873	-14.45	-0.4288	-1.974	-14.94	-5.417	-13.41	-12.55	-0.1771	-4.971	-0.5729	6.811	5.103	4.394	5.265	2.386	3.34	1.572	-0.6815	0.3049	-5.262	-21.42	-3.029	3.678	2.892	4.407	0.8592	-4.869	-15.84	0.003184	1.133	4.292	5.143	2.377	-16.49	-0.5506	0.0009263	-0.2757	2.313	-1.197	-11.21	-5.274	2.436	4.514	-19.41	-0.2677	-10.14	0.2692	2.383	13.77	-2.509	-6.549	4.008	4.909	2.655	0.3341	4.097	3.052	-1.271	-22.49	-0.8535	-3.623	4.71	1.53	-18.87	3.831	-3.548	1.465	4.186	-2.141	-0.136	2.789	-20.25	5.968	-4.49	-6.719	6.462	9.639	-0.1007	0.8674	-1.865	-3.599
1.113	0.2607	0.5333	1.658	-5.484	-1.044	-3.193	-30.71	0.824	1.732	-0.3112	-2.218	-0.2046	0.8228	3.947	-0.3489	-0.6044	2.101	-4.354	-13.77	0.8485	-2.743	-13.4	-4.697	-13.36	-13.12	0.4289	-5.186	1.938	7.224	5.686	3.677	5.19	1.083	3.116	1.839	-1.086	0.8216	-7.473	-24.97	-2.255	1.4	3.972	3.414	1.901	-5.337	-16.94	0.9502	0.9518	0.5488	5.871	2.517	-14.97	-0.4721	0.1017	-0.7706	2.323	-0.8613	-10.95	-7.785	2.937	5.711	-19.92	0.1272	-8.848	0.7129	2.471	12.7	-3.074	-6.414	3.202	5.708	2.369	2.012	5.033	4.309	-1.474	-22.71	1.518	-2.661	4.019	0.5319	-18.28	3.64	-3.549	3.202	4.974	-1.466	0.5242	2.807	-19.62	6.76	-3.298	-7.198	8.561	8.33	-0.258	0.8711	-1.646	-0.2062
0.8986	1.104	0.8049	1.711	-5.01	-1.355	-1.831	-28.37	3.415	2.021	-0.1183	-2.389	0.1172	1.501	4.252	-1.518	0.282	2.638	-4.554	-13.16	-0.9457	-2.263	-14.58	-6.316	-14.24	-12.37	0.5239	-5.069	0.9299	7.439	4.513	3.446	5.926	4.309	3.332	2.184	-0.4391	1.2	-7.05	-22.07	-1.978	3.968	4.628	3.506	0.8659	-4.727	-15.61	1.187	1.087	2.93	5.103	2.21	-14.39	-1.186	0.4182	-1.212	2.093	-1.153	-10.27	-6.282	2.357	3.814	-18.22	-1.269	-10.14	0.5973	2.147	12.36	-2.874	-6.78	3.749	6.257	2.922	1.181	4.301	3.351	-1.291	-22.18	1.872	-4.021	4.475	1.27	-20.33	4.937	-4.1	2.553	5.083	-1.412	0.4042	4.415	-21.84	7.356	-4.108	-7.672	8.948	8.953	-0.505	1.688	-0.2438	-2.541
0.9332	0.9852	0.2237	3.265	-4.748	-2.77	-1.92	-29.56	2.982	1.777	-1.109	-2.224	0.1376	1.935	2.37	-0.444	-0.4065	1.443	-7.168	-12.54	-0.06851	-1.874	-14.56	-6.006	-12.54	-12.03	-0.1529	-6.515	0.1031	8.482	5.149	3.274	4.897	2.563	2.922	1.466	-2.232	0.1501	-5.832	-23.97	-2.827	2.493	3.45	4.638	2.104	-6.31	-16.56	1.471	2.14	2.64	5.676	2.796	-14.74	-0.1948	0.6757	-0.2045	3.072	-0.2846	-11.42	-5.497	2.053	4.088	-19.53	-0.292	-9.299	-0.8247	1.791	12.78	-2.091	-5.308	3.626	5.09	3.482	0.4892	3.959	3.81	-2.863	-21.81	1.923	-3.479	3.493	1.22	-18.98	3.613	-4.053	1.917	2.614	-0.7148	-0.1104	2.547	-19.34	6.413	-2.258	-7.524	6.815	9.137	-0.201	1.448	-0.7509	-6.278
1.69	-0.1983	0.9796	2.666	-5.546	-1.615	-2.743	-27.84	2.533	2.001	-2.613	-1.911	1.572	0.8942	3.43	-0.7501	0.3255	2.383	-4.292	-14.36	-0.1735	-3.803	-13.49	-5.585	-13.94	-13.21	0.5929	-4.095	0.9385	8.001	5.168	3.883	5.385	1.376	2.353	-0.6861	-0.8702	0.1895	-9.803	-23.52	-1.659	3.084	4.618	4.928	1.077	-4.983	-16.93	1.226	1.159	2.746	3.73	3.75	-15.66	-0.1262	0.3979	-0.04859	2.424	-0.789	-10.5	-7.601	0.9775	4.76	-18.94	-0.2349	-10.91	1.125	3.13	13.19	-2.358	-8.371	3.82	2.931	2.698	0.7596	3.995	4.132	-1.849	-23.25	1.664	-4.173	4.423	0.9885	-20.96	3.901	-3.966	2.284	4.735	-0.6264	-0.6158	3.67	-22.73	7.231	-4.008	-6.092	6.334	9.848	-0.8889	2.413	-2.1	-2.8
1.416	1.593	-0.06347	3.462	-5.233	-2.303	-2.428	-27.73	3.085	2.284	-0.6977	-1.692	-0.7112	0.5754	4.412	-2.752	-0.1664	2.404	-3.441	-14.89	1.184	-3.161	-13.65	-5.345	-13.23	-13.56	0.4689	-4.532	0.9752	7.045	3.504	2.617	5.313	4.026	4.291	1.312	-2.603	1.187	-7.364	-22.92	-2.385	3.166	3.653	4.421	1.399	-4.144	-17.14	1.206	2.252	2.143	5.712	2.642	-15.88	-1.473	0.2124	-1.14	3.129	-0.02257	-11.83	-5.25	2.751	3.78	-19.76	-0.7488	-9.788	-1.149	2.415	13.44	-2.577	-5.265	3.306	6.258	2.73	1.331	3.091	3.839	0.01259	-22.76	0.6527	-3.45	4.332	1.653	-20.91	4.153	-3.929	2.719	5.113	-0.8121	0.931	2.357	-19.34	6.229	-3.48	-7.469	6.863	8.556	0.9163	1.531	-0.8502	-4.333
1.216	1.815	1.389	1.374	-5.256	-2.42	-2.922	-28.37	3.06	2.637	0.5043	-2.595	0.6308	1.163	4.608	-0.5016	-1.643	2.138	-5.89	-13.66	0.5539	-2.127	-12.52	-5.348	-13.6	-13.48	1.481	-4.877	0.8128	7.744	5.175	3.678	5.948	1.739	2.862	2.264	-1.025	0.4498	-6.6	-24.05	-1.473	3.052	3.527	3.582	2.528	-4.215	-16.25	1.404	1.065	1.62	3.464	4.216	-16.66	-0.8529	0.5713	-0.1487	3.014	-0.3623	-10.52	-5.82	3.538	5.181	-20.01	-0.3256	-10.55	0.8523	2.373	12.69	-2.68	-5.127	3.792	6.173	2.547	0.4568	2.157	3.37	-1.369	-21.18	-0.9807	-3.322	4.697	0.3375	-20.88	4.362	-3.137	2.43	4.906	-0.2596	0.3853	3.028	-19.64	4.354	-4.396	-7.221	5.77	9.522	1.155	1.366	-2.745	-3.072
1.952	1.212	1.441	3.201	-4.833	-0.4495	-3.18	-30.21	3.292	3.008	-2.501	-2.595	-0.3778	0.5542	4.289	-1.314	-0.0997	1.941	-5.108	-13.68	0.1941	-2.055	-12.45	-5.558	-13.45	-11.51	1.302	-5.258	1.644	7.587	5.266	1.749	5.198	2.398	2.734	1.06	-0.6707	0.4275	-9.435	-24.5	-2.888	2.91	3.815	3.474	1.609	-4.536	-17.32	1.783	1.379	0.2398	5.625	2.179	-14.87	-0.235	1.109	-0.3292	2.776	-0.4277	-10.15	-5.229	2.769	4.665	-18.4	-0.3071	-8.693	1.287	2.54	13.2	-1.935	-5.444	2.771	6.246	2.516	0.9658	4.512	5.171	1.821	-21.98	-0.3911	-4.035	3.684	2.643	-19.84	3.611	-4.357	3.678	4.692	-1.039	0.3772	5.223	-20.49	6.343	-3.726	-7.592	7.124	6.742	0.2075	1.956	-1.825	-4.156
1.744	0.2197	1.846	2.178	-5.847	-2.394	-3.512	-28.13	3.41	2.184	-0.03852	-2.825	-0.4808	-1.011	4.19	-1.315	0.02991	3.073	-3.867	-13.19	0.4927	-2.205	-13.43	-5.201	-13.61	-11.38	-0.2332	-5.649	1.675	7.144	5.529	3.442	5.637	2.275	3.293	0.9097	0.06167	0.881	-7.677	-26.36	-1.961	1.495	4.548	2.925	1.398	-4.355	-18.5	2.056	2.016	1.756	5.289	2.196	-15.52	-0.6259	0.966	0.1097	2.236	-0.7136	-10.58	-7.342	2.133	3.977	-17.91	-0.7824	-10.79	0.539	2.593	13.32	-3.016	-6.15	3.916	3.044	2.876	1.584	6.002	3.917	-0.112	-22.9	-0.7068	-3.571	4.883	1.746	-20.04	3.807	-3.416	3.22	5.673	-0.2355	0.3135	2.872	-20.03	5.187	-3.309	-6.857	6.871	8.555	0.0867	1.333	-0.113	-2.164
1.807	0.7971	0.8172	3.447	-4.799	-1.123	-2.323	-27.28	3.12	2.723	0.04532	-1.655	-2.055	0.9018	4.219	-1.086	-2.065	3.132	-5.375	-15.73	-0.5556	-2.885	-12.45	-5.123	-13.97	-13.33	0.7491	-5.348	1.625	6.843	5.971	3.732	6.075	3.73	2.988	2.544	0.1737	0.6884	-8.132	-21.25	-1.316	3.149	3.484	4.219	2.593	-4.095	-15.28	2.121	1.5	2.624	5.425	3.046	-15.03	0.04023	0.6481	0.04492	3.131	-1.05	-11.19	-6.614	1.747	5.767	-19.4	-0.607	-10.67	1.449	2.834	12.69	-3.084	-6.522	2.574	4.772	2.58	-0.8846	4.17	3.344	-2.111	-23.57	1.84	-2.909	5.974	2.738	-20.3	3.025	-4.32	2.913	5.828	-2.814	0.8914	2.465	-20.49	8.171	-3.651	-6.39	7.123	8.409	0.5889	2.029	-1.467	-2.95
0.6541	0.3067	1.085	3.043	-4.711	-2.085	-2.764	-26.95	4.187	1.87	-1.179	-2.612	-0.1983	1.896	4.82	-1.481	-0.1175	1.63	-3.62	-13.92	-0.215	-1.756	-13.88	-4.82	-15.93	-13.65	-0.1353	-5.17	1.542	7.102	5.73	3.063	5.539	2.625	2.455	1.477	-0.7511	0.7525	-6.525	-24.27	-1.767	4.722	3.104	3.998	2.007	-5.395	-16.6	0.9216	1.185	2.428	4.269	1.596	-15.25	0.1151	1.585	-0.794	2.767	0.00541	-12.07	-6.709	2.337	3.519	-17.49	-1.616	-10.05	0.5882	2.918	13.3	-2.463	-6.766	3.387	5.274	3.367	0.8893	3.737	2.682	-2.113	-21.62	1.119	-3.192	4.781	2.573	-18.94	4.641	-3.864	1.964	5.202	-1.183	0.827	4.209	-20.19	7.237	-4.135	-8.033	7.132	8.242	-0.02152	1.417	-1.001	-2.536
-0.2614	0.8024	0.3603	2.453	-5.275	-2.565	-2.833	-28.18	3.042	1.611	1.016	-2.052	-0.5043	-1.395	3.457	-0.9942	0.2068	2.657	-3.839	-14.86	0.4768	-1.679	-12.82	-5.13	-14.62	-13.51	0.3271	-3.819	1.392	7.549	5.598	3.671	6.271	1.955	3.207	1.783	-0.8337	1.552	-7.447	-22.64	-5.024	4.074	3.584	3.778	1.876	-5.238	-15.52	1.84	2.17	1.192	5.016	3.264	-14.84	-0.3689	0.7873	-0.3648	1.945	-0.3181	-10.53	-6.3	2.217	4.877	-22.4	-0.2888	-9.306	1.224	2.637	11.68	-1.287	-7.442	2.627	5.267	2.77	1.945	5.319	4.753	-0.423	-24.24	-0.2914	-4.041	2.224	-0.3973	-19.88	3.141	-4.783	3.045	5.226	-1.298	1.121	3.464	-19.32	6.238	-2.737	-8.471	7.941	9.604	0.6217	1.228	-2.028	-3.61
0.8233	1.002	1.622	3.462	-4.134	-0.1998	-3.058	-28.94	3.793	2.341	0.4644	-2.236	0.1112	1.49	3.771	-1.962	-0.436	1.485	-4.605	-14.46	0.2295	-2.267	-13.44	-6.478	-14.48	-11.38	0.8489	-6.561	2.139	8.519	4.422	3.201	6.168	3.17	3.508	1.549	-1.919	0.5166	-5.808	-21.39	-1.401	4.477	3.843	3.417	1.727	-4.955	-16.22	1.375	1.186	0.9953	5.72	1.793	-15.04	-0.6898	1.264	0.0131	2.519	-1.682	-9.471	-5.131	2.185	4.571	-19.54	-0.7647	-12.63	0.7498	2.669	12.56	-4.177	-5.779	2.821	3.132	3.16	0.9564	5.382	3.954	-0.7586	-20.42	0.1959	-3.097	4.692	0.8241	-19.11	2.953	-2.739	2.788	4.914	-0.5708	-0.0688	2.554	-20.77	5.864	-3.068	-7.001	7.753	9.572	0.7469	1.946	-2.03	-2.319
1	1.362	1.135	2.625	-5.246	-2.447	-2.548	-28.13	2.503	1.608	-0.2723	-2.618	0.4088	1.366	4.46	-1.597	-0.2787	2.842	-3.118	-13.5	0.8568	-3.026	-13.45	-5.701	-13.04	-12.25	1.435	-4.733	0.4254	7.093	4.961	4.339	6.255	2.05	3.508	1.669	-0.2787	0.8489	-7.512	-23.85	-2.907	3.998	2.945	3.675	0.4169	-4.876	-15.74	1.58	1.045	0.2372	4.607	3.711	-16.79	0.2888	0.03813	-0.3029	2.396	-0.72	-10.58	-4.884	1.556	6.087	-17.92	-0.09739	-9.61	1.154	2.512	12.7	-3.099	-6.144	3.935	5.819	3.213	1.384	5.15	4.843	-1.633	-22.96	-2.031	-2.927	5.376	0.9211	-17.7	4.244	-3.886	3.276	3.869	-1.755	0.6696	3.753	-18.98	7.108	-3.636	-7.784	4.676	7.607	0.837	2	-1.3	-3.079
1.438	0.3989	1.201	3.048	-4.443	-0.9357	-4.697	-29.61	3.422	2.593	0.831	-3.236	-1.887	1.033	3.861	-0.7854	-1.042	1.762	-3.786	-14.4	0.7567	-2.369	-12.78	-5.321	-12.67	-13.54	-0.1984	-4.969	1.747	7.723	5.086	3.748	5.865	2.222	3.286	1.864	-1.56	0.3485	-8.945	-24.43	-2.85	2.197	4.471	4.727	1.42	-4.245	-17.16	0.3467	0.9763	2.064	3.319	3.567	-14.63	-1.064	-0.5349	-0.7032	2.249	-1.577	-11.27	-6.363	1.747	5.065	-19.07	-0.5038	-10.59	-0.9573	2.414	12.37	-1.419	-6.81	2.322	4.525	2.5	0.4431	4.353	4.364	-1.772	-23.02	1.603	-2.892	5.148	1.479	-19.6	4.278	-3.792	1.881	6.092	-2.92	1.349	2.386	-20.17	6.13	-2.983	-6.823	7.076	9.025	-0.04643	1.394	-1.792	-3.037
0.5495	1.449	-0.08058	3.077	-4.294	-0.6826	-3.047	-28.94	3.517	1.944	-0.5994	-2.762	-0.147	0.1624	2.937	-0.6475	-1.163	2.184	-4.278	-12.92	0.6183	-2.182	-13.22	-4.182	-15.25	-14.14	1.185	-5.177	1.423	7.156	4.994	1.996	5.038	3.065	2.624	0.9957	-0.621	0.7938	-8.159	-23.69	-2.713	2.377	4.247	3.61	2.237	-5.331	-14.31	1.559	1.386	2.281	4.8	2.501	-15	-0.7176	1.428	-0.9358	2.598	-0.9144	-9.971	-5.23	1.914	6.802	-18.17	-0.7988	-9.071	0.992	1.322	11.83	-3.29	-6.727	2.673	5.973	2.973	0.7495	4.197	4.217	-0.438	-20.89	0.06338	-3.147	4.541	1.605	-18.61	3.919	-4.32	1.351	5.35	-0.2883	-0.3357	3.072	-19.14	7.67	-3.672	-7.887	6.934	8.536	0.2984	1.764	-1.048	-3.003
1.346	-1.614	1.062	3.089	-5.216	-1.585	-2.319	-30.23	3.909	1.348	-0.1214	-1.632	-0.8431	0.9029	3.695	-1.163	0.4934	1.519	-3.61	-13.64	0.5328	-2.492	-13.88	-4.643	-12.6	-12.27	0.6821	-4.798	0.3772	7.081	5.001	3.074	6.551	2.485	3.231	-1.12	-0.2473	0.426	-6.382	-25.07	-2.768	2.008	4.056	3.903	1.776	-5.587	-16.2	1.254	1.938	3.639	5.063	3.672	-15.91	-0.7709	0.5357	-0.8657	2.996	-0.9573	-10.01	-5.475	2.048	5.45	-18.83	-0.9851	-10.24	1.255	2.804	13.26	-2.461	-5.382	2.618	5.113	3.432	0.6464	4.685	4.172	-1.662	-23.18	0.3802	-3.553	5.219	2.257	-20.77	4.026	-2.822	3.56	5.261	-0.6447	0.8794	2.983	-19.32	6.803	-4.369	-7.494	7.998	9.172	0.1385	2.434	-1.534	-1.156
1.058	0.606	1.277	3.394	-4.336	-0.8634	-1.904	-29	3.129	1.618	-0.1394	-2.517	-0.144	0.8944	4.188	-1.392	-2.265	2.035	-5.484	-14.08	0.2684	-4.812	-11.68	-4.513	-16.41	-12.55	1.201	-4.493	0.5023	7.459	5.685	2.839	5.3	2.973	3.367	1.206	-1.025	1.021	-6.066	-21.14	-2.218	4.145	3.694	3.988	-0.1256	-5.152	-16.47	2.155	1.601	2.06	6.296	0.504	-15.09	-0.6848	1.165	-1.299	2.452	0.006855	-11.62	-9.17	1.81	4.493	-18.5	-0.8066	-9.49	0.4552	3.183	12.34	-3.141	-6.628	3.627	4.871	2.759	0.5869	4.276	4.86	1.185	-22.93	0.1791	-3.475	4.143	1.079	-20.44	4.482	-3.036	2.21	5.954	-3.17	1.96	4.082	-21.39	6.275	-3.092	-6.751	6.793	7.204	0.1386	1.848	-1.583	-2.312
0.7947	0.4178	-0.03348	2.162	-5.446	-2.385	-3.232	-28.3	3.607	2.229	-1.198	-2.678	-0.17	1.146	4.712	-1.003	0.3763	2.204	-3.222	-14.04	0.2615	-1.695	-13.21	-4.926	-14.41	-13.27	1.539	-4.814	1.615	9.035	4.936	3.591	4.759	2.301	4.341	1.293	0.2048	0.9882	-6.444	-24.47	-1.94	3.15	4.638	4.963	2.021	-3.966	-16.42	0.7504	1.013	2.17	5.459	0.43	-15.87	0.4017	-1.285	1.151	3.037	-1.443	-11.6	-6.362	1.376	3.998	-18.57	-0.5018	-9.752	1.528	2.124	12.74	-2.243	-5.6	3.068	5.611	2.948	1.58	4.701	4.006	-1.168	-21.25	-0.1824	-3.572	4.416	0.9179	-19.3	4.618	-2.745	2.01	4.874	-0.8937	0.9572	4.142	-18.84	6.635	-3.519	-6.857	6.003	8.281	-0.5715	1.522	-1.013	-6.99
1.668	0.3623	-0.5773	2.224	-5.772	-1.494	-1.878	-28.79	2.92	1.807	-0.3116	-3.053	0.06918	0.5696	3.448	-1.205	0.03267	2.605	-4.635	-14.52	-0.6803	-1.407	-13.06	-4.748	-13.44	-15.62	0.5735	-4.545	1.567	7.891	5.029	3.8	5.596	3.206	2.66	2.938	-0.5526	0.9982	-7.959	-22.43	-3.262	2.964	3.352	4.993	2.582	-6.061	-16.85	1.998	2.265	1.356	3.848	2.699	-15.61	-0.1327	1.482	-0.7481	1.938	-0.04774	-9.784	-5.696	1.997	4.287	-20.4	-1.153	-9.112	0.05082	2.37	11.95	-2.698	-6.879	3.922	5.155	2.989	2.051	6.034	3.869	-1.253	-24.12	-0.8188	-2.851	4.389	1.639	-18.28	3.004	-3.107	2.894	5.828	-1.475	-0.1581	3.365	-19.71	6.164	-2.367	-7.816	7.119	9.689	0.7179	-0.08927	-1.874	-4.327
1.56	0.8475	0.7595	3.101	-5.207	-0.4275	-2.001	-29.06	3.746	1.599	-0.05734	-2.44	-0.7819	0.06751	3.194	-0.387	-2.159	2.697	-3.473	-12.87	1.352	-2.378	-12.95	-5.542	-12.52	-13.96	1.708	-4.353	0.6048	8.179	4.864	3.128	5.438	3.206	1.387	0.8476	-0.5049	0.5466	-7.005	-20.98	-1.573	3.312	3.227	3.009	2.494	-5.575	-14.61	1.048	1.463	2.205	5.629	2.629	-16.02	-1.149	0.1198	-0.03905	3.316	-1.421	-10.3	-6.47	2.237	5.089	-17.86	-0.5402	-9.626	1.063	0.6329	13.45	-3.382	-6.291	3.142	5.703	2.338	0.449	4.939	3.49	-3.733	-21.79	-0.9254	-2.842	4.06	1.248	-19.57	4.531	-3.829	2.643	5.715	-0.2175	0.7916	2.958	-19.33	7.564	-2.786	-8.354	6.911	9.584	0.8341	2.157	-1.892	-3.18
1.013	0.5992	-0.07085	3.235	-4.624	-1.447	-2.845	-29.35	2.56	3.103	0.3858	-1.953	-0.8944	0.4599	3.521	-1.457	-0.3675	2.633	-4.792	-13.4	0.2113	-3.729	-12.96	-4.855	-13.1	-13.25	0.6863	-6.964	2.199	7.53	5.819	3.659	5.769	3.046	3.353	1.628	-1.29	0.333	-7.24	-23.59	-2.094	3.026	4.15	3.678	1.927	-4.799	-16.76	0.6953	2.191	2.784	5.961	2.672	-13.99	-0.4068	0.3255	-0.1157	1.808	0.1254	-10.78	-6.666	2.713	4.388	-19.62	-2.467	-8.403	1.205	1.826	12.22	-2.376	-7.148	3.368	5.112	2.421	0.8186	5.212	4.562	0.0004636	-22.78	1.123	-3.422	5.061	2.92	-19.55	3.758	-4.653	1.568	4.383	-1.21	0.7001	2.891	-20.16	5.52	-3.502	-5.622	8.169	9.525	0.2916	1.303	-0.185	-2.265
0.2103	0.8452	1.738	3.17	-6.769	-1.984	-2.716	-28.29	3.827	1.565	0.03198	-1.687	0.8027	1.686	3.918	-1.06	0.4228	1.656	-4.9	-14.2	0.9607	-3.163	-13.49	-5.598	-14.54	-12.57	0.01914	-4.521	0.219	7.45	5.195	2.97	5.85	2.283	4.165	0.1208	-0.6947	0.5523	-6.087	-23.1	-3.166	3.695	3.327	3.723	1.82	-3.87	-15.79	0.5199	1.882	2.043	5.368	0.9803	-15.46	-0.8777	1.118	-0.1967	3.284	-0.3854	-11.69	-5.629	1.96	4.289	-18.27	-1.188	-9.661	-0.07687	2.479	13.65	-2.621	-6.118	3.698	5.409	2.88	-0.2267	5.941	4.502	-2.852	-21.85	1.203	-3.269	5.535	1.447	-19.03	4.222	-3.544	2.348	4.386	-0.03723	0.3175	3.442	-20.87	4.968	-2.689	-6.455	8.011	8.11	0.3116	1.439	-0.6779	-1.986
1.128	-0.6177	1.369	2.203	-4.948	-1.243	-3.415	-29.54	3.723	2.096	-0.07361	-2.841	0.4958	1.519	4.423	-0.4124	0.152	1.111	-3.857	-14.3	1.354	-3.235	-12.23	-5.773	-13.99	-13.83	1.54	-4.381	1.627	7.583	5.328	2.939	4.231	2.234	3.304	2.748	0.6105	0.6148	-6.218	-23.33	-1.968	3.297	5.191	3.607	2.132	-5.752	-15.19	1.332	1.257	-0.1713	5.734	3.185	-14.2	-0.5841	-0.3454	-0.3794	2.328	-0.7956	-10.21	-5.481	2.535	3.675	-17.79	-0.6045	-8.542	0.5874	1.157	13.28	-1.503	-6.394	4.265	4.922	2.14	1.017	4.969	3.227	-2.554	-22.58	0.4392	-2.993	4.551	0.6552	-18.55	3.429	-3.587	2.811	5.159	-1.906	0.8057	3.685	-20.46	5.872	-2.821	-7.569	7.478	7.242	0.2242	2.042	-2.335	-3.845
1.842	1.051	0.6035	2.733	-4.443	-1.073	-2.5	-29.2	3.777	2.345	-0.7438	-1.543	-0.2598	1.307	3.367	-0.8144	0.6389	1.697	-6.085	-13.39	0.3792	-1.562	-14.72	-5.268	-15.15	-12.17	1.096	-4.567	0.9376	6.338	5.374	3.271	5.286	2.123	2.966	2.337	0.2488	0.4753	-8.961	-21.65	-2.593	2.88	3.237	4.749	1.69	-5.085	-16.02	1.461	1.845	2.271	4.843	4.008	-15.98	-0.3033	0.5995	-0.2261	1.771	-0.7732	-10.36	-7.507	2.151	3.923	-18.51	-1.228	-12.75	0.2595	1.557	13.31	-1.161	-6.656	3.42	5.131	2.221	0.8104	5.421	4.8	-1.252	-24.24	0.5151	-3.231	4.721	1.335	-18.95	3.97	-4.674	2.44	5.689	-0.6534	1.112	4.036	-20.33	5.715	-2.763	-8.226	7.292	7.532	0.2462	1.375	-3.781	-3.071
1.039	1.274	1.425	2.067	-6.027	-2.277	-1.814	-29.52	3.883	1.735	0.7504	-2.628	0.4278	-0.3635	4.224	-1.945	-0.6397	2.102	-5.259	-13.15	0.8906	-2.615	-14.86	-5.794	-14.97	-14.61	0.2531	-3.715	1.413	7.149	5.197	3.081	5.605	3.579	2.432	1.632	-0.3773	-1.064	-9.207	-22.59	-2.293	2.347	4.038	3.184	0.8917	-4.386	-15.09	1.453	1.259	3.529	5.004	3.452	-16.86	-1.283	1.182	0.03751	2.85	-0.6918	-9.779	-6.009	2.412	3.803	-18.9	-0.1319	-10.96	1.889	1.739	12.62	-1.931	-6.006	3.391	5.98	2.637	1.14	4.567	3.456	1.151	-23.09	-0.4305	-3.683	5.054	1.492	-21.89	3.027	-3.983	2.611	3.919	-2.449	1.41	2.62	-20.07	7.663	-4.366	-6.542	5.497	7.438	-1.063	1.9	-1.238	-5.052
1.058	-0.3193	-0.8776	3.207	-4.57	-2.459	-2.43	-29.39	2.243	2.455	0.1898	-1.113	-0.2	-0.2317	4.772	-2.096	-1.13	1.099	-4.318	-15.55	0.3909	-3.207	-13.14	-5.589	-14.57	-12.97	0.9304	-5.084	0.2886	6.391	5.765	3.836	4.66	1.239	3.772	2.279	0.05202	1.116	-8.928	-22.37	-1.667	3.915	3.843	4.106	2.222	-5.545	-17.55	0.6601	0.827	1.79	6.17	2.069	-14.76	-0.3573	0.2449	-1.329	2.42	-0.9395	-10.59	-7.023	2.758	5.428	-17.61	-0.7771	-8.301	0.7237	3.204	11.92	-1.559	-5.608	2.306	5.789	2.273	-0.4991	4.163	3.313	-2.004	-22.33	-0.4592	-4.177	5.388	2.061	-17.78	3.797	-3.741	2.637	4.412	-1.813	1.246	2.399	-20.87	7.275	-3.388	-7.673	6.759	7.738	0.6429	1.757	-2.107	-5.296
1.876	1.035	-0.2329	2.521	-5.446	-1.744	-2.448	-28.01	3.456	2.356	-0.481	-2.6	-0.1466	1.557	3.989	-0.3241	0.7343	2.906	-4.268	-15.52	1.014	-3.122	-12.22	-4.85	-15.36	-13.06	0.347	-4.059	0.449	7.02	5.507	2.683	5.665	1.591	3.691	1.557	-0.2428	0.2454	-6.494	-22.03	-2.81	3.055	4.06	4.892	0.8319	-4.814	-18.1	1.583	1.236	1.238	5.677	1.844	-15.26	-0.9591	-0.08475	-0.4466	2.011	-0.07925	-10.61	-6.178	2.735	4.965	-19.56	-1.393	-9.876	1.357	2.455	13.57	-2.734	-5.914	2.591	4.59	3.448	1.307	5.636	2.862	-1.907	-22.2	-1.056	-3.981	4.65	0.6103	-20.99	4.354	-3.225	1.899	6.039	-0.3532	0.992	3.627	-20.67	7.424	-2.166	-7.885	5.318	9.616	0.2041	1.477	-1.952	-4.007
0.2842	-0.11	1.461	3.246	-5.158	-1.024	-1.711	-28.81	3.04	1.705	-0.2169	-1.495	-0.4759	1.096	4.039	-0.8768	0.4656	2.741	-3.672	-14.42	0.3634	-3.555	-12.87	-5.494	-13.31	-13.67	0.5844	-6.003	1.5	7.444	6.399	3.178	6.084	2.669	3.266	1.896	-1.407	0.8246	-6.95	-23.14	-3.358	3.654	3.418	3.819	2.351	-4.187	-14.39	1.987	1.932	2.531	6.06	3.142	-14.79	-0.2077	1.392	-1.24	3.25	0.2203	-10.9	-6.251	2.304	6.145	-19.62	-1.515	-10	0.8446	3.091	13.6	-2.514	-6.015	3.116	3.647	2.739	0.9397	4.791	4.756	-1.35	-22.86	1.468	-3.064	3.997	0.09997	-18.48	4.226	-3.195	1.786	5.184	-0.5543	-0.347	3.047	-20.05	5.73	-4.41	-7.588	7.094	9.281	0.7583	0.6324	-1.387	-1.305
1.947	0.1592	0.6159	3.592	-5.402	-2.007	-3.015	-30.32	3.449	2.193	0.2843	-1.812	-0.4059	0.867	4.548	-1.443	0.3473	1.958	-4.67	-13.69	0.211	-2.962	-12.67	-5.898	-14.26	-12.53	0.8	-4.014	0.4024	7.95	5.059	2.395	5.843	2.891	2.421	0.8328	-1.555	0.3955	-6.38	-22.94	-2.917	3.11	3.119	4.214	1.971	-3.814	-16.48	1.259	2.288	2.682	5.812	2.833	-14.89	-0.153	0.3685	0.4298	2.639	-0.2815	-10.49	-5.904	1.815	4.47	-19.97	-0.05347	-8.805	1.282	2.343	12.45	-3.172	-5.786	3.78	7.411	2.886	0.4294	5.63	4.724	-0.2865	-24.19	1.44	-2.962	5.026	0.4732	-18.85	3.997	-3.879	2.75	5.739	-1.316	1.27	3.674	-19	6.508	-2.654	-5.942	7.285	9.281	0.9117	2.747	-1.608	-2.536
1.717	1.61	0.4384	2.161	-4.57	-1.662	-3.313	-28.24	2.809	1.916	-0.7222	-2.378	0.008344	0.4973	4.081	-1.133	0.5709	1.635	-3.377	-13.72	0.4247	-2.087	-13.84	-5.013	-13.06	-12.28	0.8657	-4.72	0.5637	7.321	4.674	4.685	5.189	3.103	3.339	0.1585	0.06406	1.187	-7.134	-22.1	-2.263	3.311	3.088	5.045	2.463	-3.965	-15.36	2.207	1.287	1.881	5.316	1.676	-15.28	-0.5003	-0.1718	0.07067	2.565	-0.9597	-9.706	-7.41	2.414	4.035	-18.53	0.02099	-9.833	0.3213	2.026	14.09	-2.349	-6.29	3.269	4.563	2.526	1.399	4.597	3.953	0.05648	-21.37	1.012	-3.609	4.358	1.309	-20.51	3.628	-4.592	3.207	4.802	-1.373	0.9857	3.446	-19.89	5.983	-2.303	-6.744	7.991	8.089	0.8836	1.625	-1.166	-3.435
