2.795	7.726	1.859	3.574	0.2351	2.647	2.68	1.983	3.596	2.191	5.616	2.488	6.612	3.418	1.593	2.152	2.479	5.641	6.098	3.495	3.894	6.77	2.6	6.013	2.507	3.331	5.957	4.154	5.058	3.678	4.839	3.346	4.476	4.764	3.987	2.054	1.939	5.911	3.015	0.7315	0.8422	1.924	3.851	2.851	4.503	4.824	5.784	2.631	4.472	4.223	3.372	6.433	4.289	4.507	3.014	5.997	2.761	3.604	4.616	4.044	3.92	4.584	5.482	2.814	2.945	3.353	3.471	2.662	1.645	6.878	4.823	4.869	4.68	3.248	0.242	5.788	3.209	4.407	3.948	3.157	4.598	2.137	3.95	6.025	5.603	1.833	5.821	3.725	2.903	5.293	2.025	1.963	3.796	4.562	4.02	7.274	3.946	3.975	4.346	4.637
4.695	3.355	2.429	2.893	2.091	5.079	5.126	2.588	4.142	5.482	5.981	3.226	4.695	2.899	3.72	3.744	1.544	5.542	3.117	5.881	1.278	5.77	3.429	2.84	2.445	2.803	5.271	3.523	4.505	3.251	4.105	4.281	3.737	4.291	4.194	5.027	3.007	2.932	6.027	4.554	-0.9821	1.397	4.545	5.577	5.515	4.344	5.753	3.86	2.1	5.169	3.109	5.431	2.591	3.696	0.9267	3.395	3.44	5.501	4.546	3.177	4.62	3.967	4.759	4.287	3.954	2.914	0.2063	4.421	2.698	5.613	6.675	5.235	1.572	3.622	0.9045	5.077	5.53	2.994	5.527	2.16	2.497	4.46	4.667	5.961	3.373	1.927	4.367	3.996	4.869	2.662	3.772	3.147	1.558	4.086	5.535	7.983	6.721	4.885	5.112	4.307
4.767	5.344	1.411	4.166	6.165	4.725	4.393	4.18	3.269	5.355	3.871	3.922	3.562	1.762	3.422	2.421	4.085	7.174	4.402	2.023	4.024	4.76	3.665	1.543	4.313	3.899	8.248	6.367	5.418	4.995	2.518	5.116	3.805	2.627	4.348	1.76	4.389	4.61	3.945	1.734	3.561	1.953	2.589	5.639	2.208	2.698	6.038	3.487	1.885	6.042	4.372	7.176	4.421	5.046	3.015	5.548	3.004	5.533	6.004	5.088	6.705	3.274	5.927	4.508	3.993	3.967	2.056	5.89	4.583	6.56	4.132	6.076	2.411	4.518	1.048	6.332	4.484	1.878	5.708	4.507	3.006	4.142	3.465	3.731	4.458	0.9711	5.707	3.453	3.478	4.897	3.74	4.092	2.338	3.135	2.866	2.87	5.774	5.013	5.384	5.728
4.897	3.261	3.809	4.19	4.319	3.022	4.578	5.844	4.113	4.958	6.219	4.22	6.54	3.121	3.713	2.45	4.614	7.238	5.115	4.228	4.36	7.519	1.147	4.391	3.798	2.897	6.383	2.821	5.02	3.748	5.569	5.554	0.2933	4.156	4.42	6.327	2.129	4.038	4.322	0.7299	3.193	4.929	1.539	5.107	4.533	2.022	4.847	3.341	5.318	6.143	4.009	3.928	5.558	5.271	2.855	2.813	5.953	1.439	3.107	4.775	6.591	2.639	5.168	3.705	5.548	3.678	3.929	2.742	3.804	4.261	2.906	5.314	4.115	2.268	0.7741	3.823	2.166	6.143	1.015	1.971	2.014	6.256	3.319	3.82	7.874	2.505	7.869	4.771	5.412	3.695	5.331	3.294	4.685	4.717	5.196	4.963	4.65	3.609	2.666	5.576
5.943	5.869	4.513	4.875	1.608	5.962	3.991	4.294	3.106	2.778	3.175	4.811	5.233	2.542	3.772	3.946	4.776	7.538	5.311	4.576	0.5805	6.068	4.237	1.4	4.06	5.226	4.78	2.843	3.804	5.965	6.808	6.344	1.278	4.515	4.664	4.232	5.226	4.922	3.257	1.001	1.238	1.389	6.445	3.232	4.277	0.8473	5.557	1.858	3.233	5.965	4.564	7.606	0.6477	1.357	1.487	3.557	4.871	4.601	5.206	4.324	5.535	1.718	5.177	4.227	6.239	3.799	2.82	1.195	4.784	6.302	4.318	6.794	5.3	4.468	3.982	2.057	3.587	1.674	2.849	5.028	4.835	6.281	4.925	6.938	7.29	4.014	5.028	3.785	3.688	6.488	4.478	1.127	4.133	5.378	4.854	7.308	2.367	6.241	4.627	2.759
3.817	2.524	2.342	4.325	1.615	5.537	5.068	1.59	4.321	5.38	5.79	4.303	4.237	2.677	2.305	1.154	4.131	4.438	2.417	5.262	4.553	5.62	0.5859	5.216	3.475	5.68	6.849	5.009	6.257	3.724	5.244	5.955	4.152	4.202	5.499	2.869	1.872	7.397	3.841	-1.67	0.2757	1.812	5.422	6.12	3.543	4.737	3.858	0.6982	4.175	4.226	3.872	6.41	1.416	5.207	1.757	4.39	5.617	2.908	6.443	3.905	2.932	3.678	3.7	5.415	4.33	3.884	0.9097	2.162	1.788	2.753	3.773	2.482	3.033	4.561	1.537	3.28	3.947	2.542	4.365	4.008	3.389	5.02	8.911	7.05	3.324	6.667	5.414	2.608	5.426	7.062	4.447	3.917	1.445	4.381	5.116	6.675	4.515	4.802	4.534	1.304
4.978	7.861	6.161	3.921	4.385	3.439	3.018	2.862	4.323	4.506	3.345	5.333	3.455	4.109	1.716	4.995	2.659	5.189	4.93	3.358	2.437	5.079	1.255	3.101	2.908	2.986	9.017	4.858	5.771	2.027	4.226	7.427	1.919	5.239	5.919	3.031	3.894	5.402	4.674	5.705	2.663	1.883	2.072	6.287	5.525	1.692	5.116	2.585	6.366	2.898	4.722	5.143	2.365	3.967	2.51	3.964	3.838	4.718	6.545	4.806	3.424	1.416	4.356	4.846	3.905	5.247	-0.3371	5.072	1.431	6.204	2.928	6.095	2.268	5.742	4.22	5.906	5.011	4.532	5.015	4.832	1.362	3.691	5.856	6.087	4.759	4.783	7.11	5.746	6.491	2.934	5.892	1.78	3.112	2.248	4.141	4.766	4.626	4.512	5.592	4.785
4.538	3.462	1.941	3.945	1.654	5.974	7.002	3.28	1.822	3.439	2.238	6.148	3.822	3.92	4.211	2.777	5.318	5.419	3.177	5.061	1.831	6.431	1.252	4.312	4.681	4.567	4.539	5.451	5.691	2.3	2.287	5.382	5.365	2.512	2.81	2.258	4.173	6.747	3.599	0.391	1.036	0.7292	3.815	2.674	6.775	2.017	3.427	4.259	0.6993	6.145	2.96	7.347	6.782	1.763	2.629	6.619	2.605	3.625	5.858	3.741	7.412	2.666	4.427	2.955	2.583	5.167	1.043	2.993	3.054	6.726	5.166	7.574	5.444	2.417	-0.2089	2.943	5.769	4.404	5.008	5.141	3.285	3.22	0.5842	6.219	4.801	0.579	2.769	4.816	3.242	5.916	3.447	1.485	4.334	3.382	4.649	2.254	2.742	4.07	4.711	3.642
3.978	3.068	3.94	5.698	5.902	6.631	2.184	4.042	2.138	3.887	3.728	5.815	5.52	5.976	1.95	3.686	4.314	5.825	3.222	6.346	3.484	4.516	3.774	1.745	2.652	2.31	7.244	4.159	4.353	2.796	4.545	6.273	1.41	3.186	3.853	1.691	5.069	5.527	1.879	-0.6478	1.082	2.442	0.9254	2.709	6.139	3.24	4.079	3.645	3.754	2.998	4.669	5.535	1.127	0.7564	2.653	3.478	4.106	2	7.095	5.134	2.464	0.7684	5.226	4.505	4.034	5.154	1.13	3.447	1.176	8.315	3.263	2.82	3.042	3.27	1.053	1.634	5.331	1.997	3.02	4.492	2.933	4.242	4.998	5.511	5.921	3.552	2.738	4.385	5.301	4.745	5.216	2.032	2.033	3.367	3.887	4.919	4.328	2.308	3.837	1.969
6.464	4.659	4.797	4.912	1.478	6.825	1.322	4.621	3.701	5.187	5.799	4.693	3.555	4.649	1.971	5.668	3.331	4.355	3.342	4.169	5.093	4.524	3.193	3.231	3.184	3.185	4.678	5.539	4.736	5.188	6.775	2.693	2.803	5.366	3.285	3.972	2.58	4.869	4.434	2.88	0.2446	2.129	4.199	4.424	4.44	1.97	4.485	5.505	1.745	4.185	3.792	6.855	4.415	4.66	3.333	2.188	5.359	4.768	3.267	2.875	6.803	3.445	5.773	3.058	2.428	5.968	0.4456	3.706	1.974	8.831	4.847	3.153	3.941	3.279	0.6834	0.8137	3.386	3.846	2.532	3.154	1.651	5.919	8.075	3.461	4.64	2.793	2.842	3.508	3.69	4.838	3.538	1.77	2.56	4.175	3.807	4.125	4.587	4.736	4.646	4.949
4.618	4.431	0.1921	3.758	2.926	2.273	3.983	2.638	2.662	1.713	4.573	2.908	2.732	4.237	1.54	5.596	2.02	5.561	4.406	3.442	5.448	5.653	3.405	1.881	3.033	4.105	7.934	3.051	3.494	2.958	4.771	6.645	5.856	3.797	3.84	2.747	3.204	5.889	4.595	0.8575	0.9657	3.32	2.356	3.959	3.582	1.381	3.402	2.913	3.382	5.842	3.432	7.201	2.271	5.244	1.784	4.604	5.878	1.59	5.034	3.515	6.374	5.251	4.41	3.702	4.192	3.695	2.478	5.405	1.443	7.261	3.842	3.305	2.395	3.643	0.4312	4.229	3.015	-0.16	7.611	2.797	2.586	6.418	4.756	4.451	3.601	2.606	3.98	4.144	4.055	6.889	5.075	3.207	1.941	2.271	5.914	5.499	4.973	5.467	4.049	1.857
3.063	3.445	1.155	7.254	0.8041	4.647	1.006	4.018	3.725	4.365	7.929	3.674	0.9306	4.529	4.37	3.313	5.752	7.952	1.583	2.564	3.29	5.972	1.035	3.291	4.531	3.496	6.904	4.466	5.321	4.084	3.273	5.511	0.8448	4.186	2.747	1.338	4.346	7.809	5.108	2.799	2.531	3.409	2.884	4.632	4.374	3.187	5.8	2.781	2.947	5.71	5.875	4.29	3.253	2.356	2.201	6.132	4.705	4.532	5.928	4.265	5.146	2.314	3.116	1.811	3.969	3.164	3.503	5.98	3.006	5.02	3.857	3.666	2.326	6.53	2.255	4.576	5.476	-1.666	1.951	3.113	1.45	5.194	2.152	5.217	4.336	5.595	4.699	4.379	2.529	6.278	3.247	4.411	3.062	5.154	4.873	2.24	3.921	4.022	4.146	4.668
6.159	6.523	4.005	4.092	0.3387	5.172	2.96	3.965	3.706	1.739	4.473	5.568	4.188	3.316	2.792	4.246	5.534	4.467	4.557	2.89	5.227	6.099	1.997	2.901	3.115	5.061	5.767	5.149	7.543	2.806	7.884	5.319	2.555	5.704	4.436	1.303	4.545	5.931	3.127	2.779	2.22	4.389	2.94	3.934	1.927	2.63	4.058	1.61	4.106	3.216	3.244	5.675	2.939	4.062	1.956	2.619	6.721	2.193	3.011	2.911	3.362	2.917	2.616	5.016	3.324	4.446	1.596	3.749	3.225	5.09	3.992	4.267	4.77	4.92	-0.7835	3.978	4.277	0.5854	4.349	6.145	1.905	2.817	-0.03482	6.568	5.825	4.179	5.539	1.926	4.011	4.285	4.198	2.357	3.962	2.532	4.148	3.414	2.776	3.429	6.459	2.402
4.048	5.654	5.736	6.484	-0.1587	3.696	1.527	3.141	2.231	1.683	4.71	4.125	4.752	3.697	3.722	5.402	2.107	5.901	4.47	4.929	2.659	5.643	1.965	3.774	3.553	3.574	5.505	3.643	4.383	3.819	4.032	5.652	4.861	4.027	3.947	3.378	3.263	4.868	4	1.845	3.311	3.097	3.331	1.305	3.765	3.889	3.65	2.079	4.472	3.05	4.833	5.638	2.406	2.042	1.802	2.477	3.753	1.417	6.458	6.399	3.817	1.649	4.865	4.724	1.625	4.637	2.774	3.007	2.704	7.749	3.677	3.228	3.924	4.313	2.488	2.631	4.986	4.747	3.373	4.382	2.085	4.033	8.22	5.378	4.708	1.514	6.207	3.959	2.378	4.702	3.845	4.258	3.441	4.369	5.715	5.142	4.662	4.048	4.306	3.926
3.194	5.92	1.186	5.486	6.887	4.805	4.677	4.604	4.397	4.328	6.254	5.587	1.606	3.138	4.194	1.738	4.38	4.485	3.196	4.286	5.915	5.641	1.009	2.346	2.876	4.446	8.051	5.746	4.404	2.058	5.088	5.523	0.8117	0.8633	1.31	2.071	3.19	6.651	4.004	3.141	2.371	3.128	2.004	5.401	5.304	2.29	5.338	4.691	4.14	3.737	5.267	5.775	1.997	0.04088	3.158	4.937	2.524	4.058	6.259	3.7	3.572	3.72	4.58	3.541	3.034	1.21	3.478	3.491	1.122	4.819	4.793	5.572	4.641	2.715	1.435	4.95	3.879	1.849	4.739	2.735	1.91	7.209	1.713	6.509	3.572	4.864	5.571	4.086	0.9473	3.652	4.429	3.693	3.371	3.997	4.821	5.153	6.132	3.535	4.202	2.462
6.026	3.262	4.24	1.153	3.181	4.331	4.09	3.224	4.273	3.456	7.938	3	3.638	3.794	2.218	4.847	4.067	6.297	4.541	4.037	4.752	4.663	2.246	1.218	4.128	2.83	5.43	5.78	4.635	1.802	6.858	5.172	3.963	5.04	6.136	4.361	2.04	5.741	3.529	4.123	3.251	4.356	2.636	5.677	6.957	3.897	3.733	2.811	2.464	3.971	2.769	5.575	3.769	1.166	1.434	6.398	3.981	4.741	2.948	5.225	4.446	4.304	3.797	2.994	1.861	3.822	2.151	3.912	2.704	4.721	1.868	4.912	5.339	5.349	0.898	2.253	1.945	2.818	5.815	3.954	4.407	4.813	4.733	5.291	5.352	2.62	5.668	2.438	5.987	5.987	4.957	1.276	1.08	3.464	5.14	4.131	5.444	5.791	5.787	2.578
4.486	3.675	4.41	4.43	6.069	5.4	6.197	5.515	2.715	3.48	5.472	2.733	4.137	2.795	2.624	3.478	4.018	5.548	5.852	5.725	5.329	4.722	3.336	4.139	3.867	3.273	5.848	6.109	7.053	6.594	6.244	5.359	4.484	5.527	4.646	2.782	2.629	6.566	3.668	3.457	2.063	1.601	2.442	2.577	6.457	3.887	2.293	3.441	1.013	6.829	2.911	5.821	0.9195	4.789	1.453	4.358	4.957	3.907	4.824	3.921	2.887	5.487	4.01	4.582	5.425	3.613	1.619	5.241	5.3	5.318	4.391	5.372	2.934	4.67	-0.379	2.568	5.919	4.243	2.768	5.702	4.365	3.494	3.203	5.071	4.338	2.854	5.819	5.582	5.912	5.166	4.294	3.356	2.752	3.581	5.468	2.915	4.037	4.785	4.449	4.874
4.63	5.502	4.655	5.172	2.193	6.597	4.795	4.143	3.139	2.614	5.297	7.054	3.284	4.972	2.522	5.851	3.455	3.305	5.208	4.549	2.779	4.139	2.64	2.364	4.154	3.618	8.165	5.097	4.313	2.376	6.21	3.76	3.188	4.959	5.805	4.076	3.308	5.675	3.335	3.391	0.5828	2.078	3.961	5.262	4.062	2.587	4.89	2.719	3.792	4.899	3.305	3.83	2.611	2.448	2.848	2.336	6.018	3.445	6.61	4.168	4.678	3.678	2.944	4.984	1.962	5.302	3.221	1.697	3.234	3.077	2.811	3.62	2.96	3.73	1.755	3.614	5.708	5.994	2.479	2.372	2.383	5.22	4.357	3.47	4.231	3.926	5.183	3.311	6.081	4.337	3.267	2.898	2.741	5.3	4.518	3.161	6.014	3.73	4.132	5.815
5.813	4.912	5.053	3.591	2.094	6.298	0.6148	2.941	3.268	3.891	5.892	6.03	4.302	3.23	1.77	5.761	2.755	4.445	6.304	3.631	7.23	3.523	4.229	5.434	5.27	5.48	5.396	5.68	7.66	3.373	4.071	4.74	3.118	2.988	4.502	2.766	4.297	4.272	5.276	2.539	4.074	3.115	5.471	5.514	4.915	3.574	4.121	2.747	5.748	6.442	4.54	3.861	5.153	5.616	3.313	5.357	3.38	3.407	6.187	3	6.854	2.235	5.299	3.512	3.26	5.222	0.6834	4.235	2.621	6.165	4.987	5.087	4.6	4.592	1.484	2.735	3.098	5.166	5.196	3.541	4.531	5.982	3.165	3.794	6.177	2.287	4.652	3.098	4.263	5.179	5.137	4.253	2.581	4.488	6.222	3.335	5.158	3.534	2.824	5.565
2.762	5.808	3.773	4.63	4.589	5.904	4.864	5.93	4.193	4.446	5.018	5.361	4.417	3.449	2.785	2.82	2	6.665	6.142	4.543	2.64	4.497	2.821	3.066	2.558	3.341	8.654	5.653	4.509	6.539	4.305	5.247	6.257	5.266	3.891	3.984	2.221	7.727	6.313	0.5767	2.061	3.214	4.925	4.211	4.677	2.209	4.404	4.052	3.024	6.994	5.023	7.812	5.113	2.933	2.101	5.459	3.375	3.774	6.238	4.187	5.404	3.459	4.133	3.163	1.421	4.109	1.699	3.77	3.057	4.632	5.381	4.853	4.157	5.237	0.6355	5.154	4.972	4.668	2.934	2.377	3.518	2.565	2.365	4.932	5.327	3.234	3.792	3.293	3.846	5.492	5.121	3.713	4.911	5.349	4.538	3.231	5.531	3.84	4.918	4.944
5.258	6.005	6.741	4.818	1.615	3.734	5.927	4.095	3.99	3.8	6.854	4.571	4.873	5.197	2.251	3.857	2.52	5.966	3.998	2.574	3.99	7.201	1.339	3.95	5.529	4.95	6.503	4.106	5.802	4.819	5.741	5.953	4.715	4.005	6.179	2.696	4.121	5.811	5.504	5.049	0.44	2.179	4.502	4.724	3.354	4.638	3.936	4.49	1.46	4.579	4.142	5.878	3.378	2.625	2.444	4.948	4.628	4.027	7.529	1.316	6.02	2.872	2.577	3.801	4.328	4.212	-0.08753	3.883	3.03	4.75	3.935	6.392	4.797	4.289	1.134	2.675	4.617	6.3	5.158	3.439	3.569	2.638	5.705	5.199	1.956	3.418	6.327	5.491	4.673	6.466	5.374	3.131	2.215	4.305	5.4	2.32	4.799	5.344	3.519	4.56
4.376	3.857	2.462	4.677	6.343	4.583	6.214	2.514	4.099	5.514	8.258	7.661	5.153	4.254	2.697	5.804	3.821	6.538	6.884	5.724	2.375	5.695	2.777	3.737	2.977	2.946	5.136	5.721	4.922	3.994	4.571	2.506	4.218	6.913	4.688	3.372	2.352	4.093	4.389	-0.2948	2.071	1.335	6.028	5.878	5.366	2.557	3.843	2.416	2.614	5.616	4.232	5.544	0.581	3.022	1.325	2.275	2.906	5.303	4.885	4.451	2.677	4.204	4.239	5.477	3.596	4.336	3.04	4.635	4.027	4.527	3.855	5.651	5.803	6.266	1.033	5.086	4.648	3.205	0.59	3.811	2.139	4.391	6.81	4.846	5.023	3.249	3.415	4.002	2.65	5.604	4.211	2.187	5.558	3.576	5.874	3.651	4.994	5.696	5.035	5.652
4.389	3.845	5.334	4.979	5.05	7.282	2.908	3.055	4.774	2.101	4.403	4.236	4.298	3.439	3.987	3.476	4.256	5.466	4.521	4.72	2.647	6.185	2.988	5.909	3.581	3.599	6.543	2.433	4.151	2.68	5.687	7.795	4.574	5.25	4.339	4.766	4.24	7.502	3.597	0.8317	2.613	5.314	3.872	2.096	3.933	3.648	4.006	4.942	4.749	5.257	5.247	5.584	0.05073	4.19	1.494	3.205	3.847	5.824	3.458	3.928	4.796	3.173	4.208	5.942	2.031	4.769	-0.1514	5.613	3.073	5.414	4.102	5.182	6.593	4.097	2.872	3.662	4.359	3.207	5.149	3.497	2.827	3.585	5.955	4.956	3.453	1.941	7.252	3.765	4.999	4.089	4.851	3.515	2.943	4.71	3.607	4.428	4.033	4.044	5.961	4.459
5.627	5.099	4.211	4.629	6.316	4.396	7.252	5.647	3.075	4.688	7.404	6.293	3.768	3.026	3.232	4.372	5.674	6.231	1.833	4.628	3.749	6.539	2.475	4.178	3.064	3.47	6.118	3.364	7.567	1.451	5.936	4.283	3.294	4.58	4.169	3.376	3.319	7.646	2.874	2.619	1.599	2.403	3.034	3.435	4.752	5.951	4.31	3.976	3.846	4.982	5.157	5.817	0.6438	5.281	2.575	4.393	5.138	4.56	8.273	2.8	5.156	6.014	4.519	2.977	2.501	4.892	1.683	3.901	5.166	8.538	5.418	4.505	4.978	4.275	2.722	2.921	4.401	3.612	4.353	3.522	5.344	4.36	5.777	7.213	3.251	3.167	5.416	3.213	5.809	4.369	4.627	4.983	4.023	3.076	5.87	5.66	4.881	4.454	4.989	0.6999
7.404	4.405	4.897	7.169	3.559	5.537	5.797	4.052	3.298	1.514	7.256	5.629	4.309	4.609	1.813	4.728	5.37	6.725	3.181	5.788	4.528	6.365	1.076	4.851	4.382	5.757	8.601	2.553	1.978	3.347	4.033	6.022	3.363	2.47	4.389	2.753	3.899	8.793	6.726	1.581	0.7134	3.482	5.85	3.459	2.111	1.5	3.266	2.466	4.154	3.345	5.942	6.603	0.9883	5.662	1.986	2.965	3.822	5.139	5.472	4.859	6.496	3.796	4.611	5.057	6.302	5.701	2.466	4.138	3.986	4.556	5.652	0.6588	4.409	4.198	1.546	3.742	3.511	0.3376	5.751	4.946	5.992	3.816	3.911	4.412	3.934	6.169	2.863	2.747	5.352	3.729	5.139	2.887	2.606	4.001	5.61	1.055	5.619	4.876	4.341	3.176
2.97	1.878	2.051	5.424	1.243	3.422	2.434	3.326	2.608	5.217	7.767	4.447	3.311	4.134	3.318	3.184	5.384	4.225	4.646	4.914	6.233	7.027	4.38	4.425	1.254	4.135	5.037	6.327	6.579	3.667	7.94	5.566	2.757	3.352	6.772	2.695	3.713	5.637	5.411	3.001	2.223	5.416	2.047	4.593	5.901	4.413	3.985	3.631	2.997	5.237	5.041	6.727	2.368	5.631	2.726	6.131	3.997	5.091	5.207	5.057	6.646	2.049	3.439	5.64	3.792	3.926	0.2517	3.228	2.816	4.8	4.217	5.004	4.886	4.48	4.625	6.219	5.024	5.523	4.876	4.658	2.127	5.463	6.16	4.018	2.692	3.149	3.339	2.535	2.065	6.333	4.644	2.481	4.005	4.022	5.414	3.907	4.322	8.273	4.077	2.127
3.297	4.707	2.278	4.11	1.098	4.848	2.933	4.577	3.563	1.78	4.92	5.049	3.874	3.852	1.285	4.419	3.359	5.283	6.035	4.671	3.409	5.231	3.121	2.877	4.046	4.297	9.323	4.494	4.693	4.784	1.621	6.76	1.656	3.205	4.995	1.077	3.237	6.113	6.649	1.486	2.567	2.79	3.676	3.682	2.931	2.175	5.312	2.703	4.714	3.951	3.77	8.504	1.681	1.594	3.213	4.969	3.786	1.883	6.175	6.45	5.543	5.624	3.225	3.6	3.179	4.306	-0.01087	5.609	3.388	4.694	5.88	4.369	3.688	5.793	2.097	3.904	5.198	4.65	3.768	3.328	2.733	3.811	4.299	6.762	7.549	3.411	6.706	1.291	5.585	4.326	3.011	3.897	1.142	4.817	5.335	2.687	4.793	4.409	3.333	3.264
6.418	4.912	3.634	4.843	4.026	7.069	3.732	3.032	3.679	3.101	7.074	6.365	3.346	4.092	3.777	3.34	3.249	4.116	4.694	4.878	3.758	5.983	1.895	5.862	2.16	4.416	7.542	4.344	5.04	5.878	6.177	3.376	2.988	6.987	3.364	2.386	2.543	5.387	2.741	3.234	3.758	2.22	4.38	5.667	5.747	2.362	5.687	3.798	1.51	1.889	5.766	5.925	3.833	1.447	2.963	4.081	7.29	3.664	5.02	5.169	3.463	4.282	4.5	4.307	3.287	3.378	1.536	2.831	3.331	6.457	2.935	2.737	7.43	4.931	1.241	2.744	3.874	5.768	5.903	3.64	2.684	5.815	0.269	8.013	6.121	4.292	6.664	4.472	4.406	4.633	4.676	4.372	2.147	4.549	5.867	5.657	5.797	5.911	5.334	1.919
4.019	4.132	2.113	4.798	1.992	4.514	4.835	5.753	5.219	3.491	5.209	3.411	5.611	3.47	1.647	3.481	4.668	6.828	4.141	3.733	5.497	4.995	2.363	2.526	5.172	3.323	9.007	5.838	3.516	1.771	4.885	4.832	4.812	3.279	3.809	3.367	3.919	5.826	4.045	0.4612	4.166	2.694	5.81	4.204	6.894	1.751	4.047	4.563	6.208	6.658	3.832	6.609	1.632	4.438	1.744	4.709	5.084	4.053	1.771	4.083	4.199	3.724	5.486	5.062	2.316	3.039	2.168	3.551	2.548	4.179	4.502	3.442	5.162	4.738	0.8867	4.967	6.644	1.302	4.607	3.001	3.364	7.578	0.02448	4.393	7.174	3.945	2.717	2.932	4.28	5.634	5.758	4.143	3.969	3.12	4.534	5.201	6.072	5.025	3.605	2.414
3.52	5.04	1.359	5.427	8.846	5.226	5.195	4.25	3.605	4.99	3.917	5.418	6.324	4.563	1.025	5.831	4.542	5.237	2.943	-0.2789	4.365	4.693	2.008	6.924	1.73	4.386	5.117	4.46	4.609	2.683	4.342	6.105	0.8576	2.466	6.011	3.116	2.519	3.282	5.488	4.836	2.532	3.205	4.536	3.512	5.834	4.177	3.663	3.368	5.355	4.83	3.408	4.98	2.339	2.652	2.805	5.267	4.915	5.428	7.712	2.787	4.475	2.576	3.779	2.551	3.982	4.101	1.346	5.133	1.981	8.198	5.154	3.02	4.603	2.945	0.514	4.045	4.308	2.582	0.7518	4.017	1.757	3.051	3.596	4.945	6.194	-0.2627	2.822	1.107	4.903	5.914	3.454	4.455	1.798	6.497	6.924	1.558	5.516	3.209	2.107	3.655
4.966	5.325	5.635	3.4	1.013	3.632	4.843	4.657	4.655	5.184	8.689	6.764	3.929	5.39	2.855	1.885	3.47	6.529	2.752	5.786	2.995	5.562	1.144	4.265	4.246	3.028	4.598	6.615	2.765	3.522	6.166	6.248	4.451	2.341	5.823	4.501	3.008	4.526	3.731	-0.1554	4.264	2.872	3.69	4.043	4.393	4.913	5.301	3.326	4.112	4.416	3.919	6.47	2.996	6.33	2.462	3.847	4.43	3.242	5.565	5.908	6.168	3.681	2.953	3.048	6.458	5.2	2.309	6.064	-0.6368	5.584	7.002	5.142	5.4	5.329	1.484	2.716	5.281	3.149	4.171	4.397	2.732	6.385	4.372	5.756	4.169	3.213	5.419	2.175	4.79	3.9	4.969	2.609	3.238	5.458	5.211	3.222	5.165	5.923	4.942	2.743
4.462	7.013	6.284	3.454	4.919	1.474	4.393	3.283	2.525	4.15	5.996	4.084	6.076	4.688	3.25	6.225	1.855	6.97	5.388	3.702	2.959	5.795	1.475	3.534	4.943	4.481	5.798	2.308	5.588	4.425	3.257	5.896	5.419	5.77	3.21	5.128	3.179	3.535	3.452	2.612	1.385	2.419	4.921	2.437	2.261	2.882	5.35	3.734	4.058	5.976	4.139	6.286	5.39	4.317	2.896	2.607	5.116	5.373	6.261	4.408	5.64	3.609	3.373	2.274	4.26	3.538	-0.6363	6.464	2.729	4.468	1.982	4.773	3.994	6.097	-0.2607	3.131	4.329	3.812	1.131	1.093	4.593	2.272	4.757	4.616	4.792	3.264	4.814	2.146	6.911	5.676	3.08	2.702	3.224	7.13	5.543	4.958	4.891	2.628	3.718	4
2.546	1.805	3.914	6.75	0.2615	2.153	3.268	3.332	3.465	2.586	6.838	3.283	4.325	4.105	2.793	5.99	4.423	4.892	4.307	2.793	4.075	6.175	3.396	3.157	4.74	5.318	4.401	5.46	7.841	4.533	3.491	4.83	5.692	4.824	5.054	2.279	4.342	4.625	4.345	-0.9002	3.516	3.672	0.7855	4.263	5.761	3.437	4.296	2.388	4.571	3.984	4.329	6.847	3.371	6.501	0.7146	5.769	5.213	2.773	4.865	3.261	4.577	4.74	5.027	4.312	2.666	3.464	2.027	3.275	1.587	3.644	3.437	5.024	5.64	5.037	2.248	3.079	6.389	2.965	4.991	4.07	3.1	3.502	1.364	5.964	7.375	1.881	1.78	2.583	6.634	6.465	4.264	2.81	3.196	3.551	6.856	4.809	3.988	3.798	5.361	5.293
4.855	4.242	2.356	5.288	7.367	5.346	3.968	4.158	3.4	4.495	1.373	3.504	6.939	2.855	2.992	4.579	5.189	5.274	4.601	4.225	4.284	4.2	2.806	6.39	3.763	2.467	7.548	3.068	5.878	3.844	5.71	5.786	3.377	6.284	2.051	1.08	3.653	5.18	3.964	3.227	1.982	1.653	3.945	5.441	1.676	3.472	4.958	5.443	4.068	4.486	4.56	6.247	4.665	2.902	0.7811	1.364	6.074	4.998	7.688	5.502	8.775	4.823	4.667	4.538	3.232	1.003	3.054	3.717	2.925	4.839	4.008	4.572	2.006	3.878	1.297	1.058	4.437	3.813	5.515	5.132	6.192	5.709	2.841	4.57	7.051	1.134	3.556	2.053	3.127	5.752	3.205	3.265	2.824	4.088	4.29	3.654	6.441	3.265	5.75	4.53
4.465	2.242	4.816	2.981	5.397	3.713	4.94	4.378	2.147	5.12	5.2	6.011	5.816	4.051	2.42	4.611	1.616	5.558	-0.2024	4.371	2.117	4.211	2.613	3.564	4.35	6.261	6.316	3.435	5.047	3.41	5.742	2.56	2.982	4.861	5.432	4.135	4.244	4.577	3.683	1.804	2.4	2.63	3.676	4.471	2.779	1.642	5.686	3.59	4.429	3.326	3.104	7.26	4.588	1.959	0.9899	4.946	3.416	3.216	4.646	2.998	6.757	1.443	3.485	3.472	3.732	3.031	0.465	5.034	3.033	4.647	3.852	7.276	4.465	3.455	3.687	2.761	4.828	3.359	5.181	4.171	3.793	6.081	3.238	6.38	6.793	3.181	5.016	6.121	4.758	4.463	3.579	3.803	0.8208	3.551	4.38	4.4	4.783	4.149	5.477	3.876
4.974	2.321	2.635	4.478	1.928	5.094	3.183	3.935	4.076	1.484	4.753	4.031	3.586	4.67	3.252	3.902	5.132	5.645	4.712	4.373	3.853	3.247	2.079	3.654	2.541	3.268	6.285	6.259	4.685	2.565	5.901	2.003	2.309	4.26	4.241	4.642	3.357	7.008	3.62	2.631	0.1166	4.486	2.314	3.763	3.995	0.9497	3.961	3.164	1.809	4.152	4.743	8.92	2.675	0.3632	1.272	5.127	4.691	4.532	6.446	4.577	5.377	5.039	5.635	4.243	2.004	4.463	0.5497	3.302	0.4416	4.826	5.578	5.671	3.672	4.459	2.258	2.097	4.406	2.739	7.298	4.192	3.959	4.842	1.599	5.855	5.858	3.358	6.518	2.987	3.866	5.587	2.066	3.192	3.142	6.713	3.239	4.875	6.366	6.092	6.284	3.098
3.712	4.663	0.02481	7.534	5.869	6.446	7.213	4.488	4.09	4.484	3.46	7.044	5.148	3.741	3.525	3.955	7.264	6.483	4.517	4.615	4.488	5.217	2.518	2.993	2.913	3.787	3.556	3.132	5.089	2.574	6.73	2.367	2.971	7.912	3.01	1.752	3.787	4.814	3.75	1.155	0.935	2.713	5.032	5.767	5.137	1.723	4.104	4.947	2.529	2.51	3.621	7.099	4.988	2.146	2.458	1.367	3.244	5.184	7.303	2.152	5.624	1.179	5.266	3.187	5.089	2.647	1.144	3.707	2.724	4.26	4.229	-0.9167	2.899	4.736	3.985	4.009	6.594	4.046	5.069	4.731	5.862	3.191	1.633	4.901	8.912	4.87	3.353	5.474	5.791	6.507	6.402	3.775	1.853	3.158	5.144	3.172	6.491	4.215	5.116	5.11
6.184	3.809	3.47	3.678	4.069	4.007	1.975	3.412	1.951	5.631	5.518	2.636	3.559	4.377	-0.06742	4.297	4.441	6.477	4.248	4.945	1.869	3.89	2.617	4.568	3.427	4.49	5.808	3.141	4.03	4.347	5.488	5.574	1.529	2.963	3.349	1.32	3.407	2.848	4.693	-0.08923	3.578	3.635	3.619	3.327	5.579	4.282	5.417	3.124	5.342	5.005	5.534	7.647	1.42	3.587	2.114	5.727	5.435	2.782	5.396	3.258	5.258	6.051	3.926	4.761	5.224	4.4	2.438	3.1	2.022	4.334	2.459	4.241	3.54	3.229	-0.5807	3.994	5.679	4.406	4.676	2.978	3.07	2.829	1.779	5.506	6.096	2.544	4.663	3.643	4.471	4.999	5.328	2.279	2.268	2.838	4.76	3.205	4.849	4.732	5.802	6.4
3.769	3.43	3.199	5.022	2.674	4.409	2.325	3.633	4.224	3.096	4.15	5.574	4.528	4.126	2.101	3.595	5.089	4.027	6.251	3.472	0.2737	5.778	3.004	0.4149	4.024	2.971	5.497	0.3192	4.399	2.322	5.252	3.709	1.979	3.245	1.737	4.068	2.766	8.015	4.058	2.325	0.9644	4.197	2.464	1.182	6.289	3.236	4.238	3.918	4.932	4.292	3.724	7.582	3.194	4.574	1.058	2.772	4.006	3.881	5.073	2.508	6.919	0.825	5.058	2.707	1.8	5.485	0.2345	5.667	2.055	3.536	3.645	3.912	3.802	5.513	0.9442	1.059	5.924	2.877	3.558	1.337	1.862	5.214	4.707	5.629	5.832	3.489	2.917	3.002	4.991	5.394	3.566	2.326	2.845	1.677	5.845	3.141	4.963	3.841	6.686	1.856
3.387	2.947	3.609	6.577	5.642	2.655	3.792	5.663	3.967	-0.03617	3.109	3.748	5.798	4.114	3.353	3.202	5.969	5.73	3.309	3.935	4.311	4.962	2.812	4.945	0.3095	4.404	4.71	6.003	5.56	2.763	2.325	3.634	3.628	2.369	2.825	3.292	4.907	5.731	5.655	1.803	1.89	2.8	4.557	4.019	3.689	2.814	4.744	4.067	4.25	3.873	6.423	5.592	4.814	0.2879	2.348	4.758	4.856	1.059	8.895	3.778	7.107	3.912	5.296	3.434	0.867	3.486	2.002	4.328	1.691	2.313	1.585	3.145	6.05	4.245	2.04	3.889	3.912	0.157	6.075	3.557	3.666	5.351	5.713	3.561	5.33	3.904	5.905	3.705	4.94	3.868	3.22	4.185	4.422	4.25	5.696	4.327	4.896	4.94	3.901	4.381
6.155	3.109	1.156	3.982	5.76	3.441	5.674	2.741	3.063	2.74	3.904	6.344	3.76	4.17	2.919	6.005	4.748	4.315	3.58	4.125	4.987	6.947	3.684	4.459	4.856	4.575	5.385	2.723	4.796	0.652	5.914	4.901	3.143	3.565	4.03	1.579	3.37	4.925	5.243	1.875	-1.091	4.287	3.268	4.041	5.131	1.517	5.764	2.802	3.904	4.29	2.64	2.517	1.691	3.321	1.94	3.185	3.4	3.367	4.001	3.9	5.093	2.363	5.205	3.377	3.941	3.661	2.707	6.116	3.507	5.144	2.64	0.5353	4.336	4.714	-1.359	2.594	2.387	4.999	1.687	4.117	2.709	5.339	5.189	3.421	5.79	4.27	1.964	4.631	3.839	5.698	3.952	3.314	3.115	3.422	2.668	3.204	1.816	3.378	3.688	6.785
3.162	3.432	-1.367	3.163	7.049	2.982	4.421	4.004	2.578	3.026	5.286	3.299	2.976	3.916	3.102	4.4	1.188	4.457	4.701	4.272	2.501	5.153	2.889	1.284	2.412	3.996	5.658	5.578	4.649	5.678	2.783	6.249	4.541	2.638	3.721	1.137	4.33	5.007	5.062	2.821	2.176	1.049	4.036	4.499	6.966	2.706	4.982	0.8728	1.537	4.029	4.726	3.556	2.756	3.431	2.117	1.016	3.775	-0.06758	6.698	6.028	3.547	3.332	2.801	3.434	4.848	3.611	-0.245	4.58	1.912	1.212	6.299	0.4382	2.775	4.504	1.591	2.128	3.756	4.138	5.191	2.844	3.471	6.892	-0.385	6.474	5.103	4.581	3.504	2.206	4.311	5.697	2.349	5.45	3.8	3.314	5.181	0.556	3.946	4.922	4.841	3.29
5.801	3.144	2.783	3.431	4.401	3.429	3.658	3.472	2.168	1.05	5.683	4.689	0.4669	1.203	1.443	4.169	3.727	4.514	5.689	3.185	3.002	4.002	0.2993	-0.1644	2.512	5.055	4.511	5.704	4.867	3.695	7.463	4.017	3.022	4.328	4.528	3.62	3.769	3.42	3.251	1.479	2.23	3.96	4.022	3.165	3.368	2.933	3.518	2.206	2.549	3.897	3.601	6.993	2.568	6.164	2.628	2.577	6.078	3.368	7.983	4.796	6.699	2.04	4.382	3.196	2.817	3.981	0.4784	4.93	2.923	6.473	2.059	3.232	4.377	4.659	0.6368	3.667	3.586	2.726	6.063	4.995	4.233	3.479	6.482	4.829	4.286	1.221	5.88	4.242	5.588	3.708	2.016	2.345	3.816	6.381	4.813	3.431	3.885	1.628	3.882	4.214
5.062	3.867	2.582	2.115	3.375	7.252	3.366	3.576	2.491	1.838	6.426	3.912	4.017	2.37	1.193	5.585	2.5	6.807	1.788	4.361	4.669	4.414	1.619	4.555	2.283	5.153	6.863	5.092	3.063	2.836	2.508	7.316	1.517	2.733	1.564	2.37	3.922	2.551	4.77	1.143	-0.9506	3.144	4.457	3.213	3.763	4.024	5.727	3.804	4.244	3.1	3.367	6.453	1.778	1.954	2.694	1.092	6.733	2.424	4.459	2.841	4.86	1.046	4.352	3.748	4.466	5.87	1.064	2.625	1.71	5.542	4.912	3.303	4.369	4.993	-1.371	3.935	1.971	3.084	0.8467	3.043	2.988	3.974	4.771	6.775	4.781	2.987	4.981	3.583	4.276	5.858	3.443	2.603	0.8118	2.638	5.756	3.467	2.907	4.555	6.955	1.595
4.316	4.933	3.061	5.577	1.89	5.054	2.549	6.276	2.564	5.387	5.349	4.878	5.078	4.742	2.882	2.181	0.782	5.054	6.122	4.348	4.368	5.181	2.278	4.154	2.548	1.483	8.173	5.167	4.779	5.533	3.328	3.895	4.443	1.25	4.172	1.948	5.652	4.731	4.412	1.896	1.478	2.628	4.311	5.382	2.197	3.24	4.484	2.922	2.337	4.471	5.153	5.551	5.896	4.426	3.705	6.973	3.253	1.845	6.253	4.287	4.812	2.457	3.005	6.996	3.511	2.359	1.653	3.877	4.293	4.753	3.1	2.228	3.692	4.572	2.294	3.687	3.475	2.977	7.129	4.526	3.462	3.899	3.225	2.485	3.536	2.882	5.165	3.276	5.822	3.426	3.203	4.22	1.581	6.014	6.431	3.624	4.491	2.609	4.527	5.298
6.21	6.6	4.513	6.903	2.869	3.056	1.463	2.379	3.436	1.481	5.07	3.394	5.691	2.646	0.2672	0.3307	4.174	5.511	2.413	5.222	4.486	6.263	2.917	3.014	1.477	3.282	6.637	6.364	3.227	4.758	3.636	4.122	0.1012	1.746	4.326	-0.6939	3.044	5.255	4.352	2.069	2.829	3.767	3.551	3.295	4.88	3.304	3.333	1.844	3.45	6.995	4.719	8.212	4.053	4.317	2.433	3.206	5.501	4.589	4.42	3.588	5.919	2.964	4.852	3.218	2.749	2.918	2.429	2.403	2.844	5.49	5.204	4.516	4.588	4.769	1.927	2.598	5.417	3.904	6.143	3.752	4.307	6.296	8.816	3.118	5.48	3.646	5.004	2.975	6.525	4.366	2.979	3.005	3.032	2.15	4.209	6.724	4.228	4.496	4.673	2.764
2.624	2.286	4.012	3.101	2.85	3.441	3.564	5.41	2.948	5.511	5.469	5.789	5.102	2.823	2.503	5.533	3.817	4.271	8.353	3.705	2.069	4.575	4.587	2.908	2.468	3.696	6.904	3.461	5.687	2.526	3.481	6.255	1.945	4.893	4.476	2.163	3.634	0.9286	2.28	6.347	3.103	0.2697	3.118	2.961	4.185	0.5062	4.981	1.817	3.315	5.966	4.084	6.053	0.3202	4.904	2.614	1.871	4.79	1.963	4.357	3.236	5.43	2.734	4.079	3.964	2.195	4.726	0.9567	5.035	2.786	4.913	5.645	7.061	3.108	4.671	2.475	2.917	5.597	1.794	1.969	1.728	2.775	4.55	5.985	1.297	4.262	-0.893	2.974	3.704	3.952	5.384	5.567	2.739	3.555	4.196	5.832	2.14	4.506	3.658	3.853	2.666
3.154	3.146	4.109	4.425	1.425	5.135	2.926	4.116	2.991	-0.4198	5.193	4.649	3.111	5.483	1.707	3.848	3.878	5.265	4.608	6.286	3.396	5.977	2.537	3.883	2.293	2.446	6.137	4.33	4.418	5.926	4.044	5.755	2.227	5.388	6.413	1.501	3.845	7.203	3.528	3.504	1.196	2.771	5.774	4.166	5.083	2.944	3.83	3.795	2.633	3.848	4.409	8.706	1.619	1.956	2.342	1.029	4.79	2.046	4.642	2.253	5.842	2.492	4.251	3.013	2.786	3.938	0.4575	1.073	3.124	2.883	2.431	3.463	4.515	0.9394	1.913	3.656	5.269	3.168	2.376	2.658	2.058	6.251	5.704	3.796	2.239	3.395	4.986	3.202	4.352	5.65	3.921	3.906	3.776	4.137	3.168	4.33	4.708	4.017	0.6722	4.804
4.882	3.058	1.869	3.342	-0.2912	2.956	5.295	5.447	3.721	-0.3736	4.609	3.991	5.797	3.502	2.288	3.894	3.452	6.402	6.157	6.727	2.27	5.114	3.238	4.991	1.47	2.59	4.771	4.496	3.227	4.152	1.962	6.639	0.6181	4.687	3.909	1.435	3.887	5.716	2.891	3.246	1.317	5.886	3.412	5.161	5.781	0.9375	5.887	1.724	4.84	4.475	3.013	5.543	1.918	2.433	1.952	4.046	5.082	4.682	5.703	3.106	5.88	3.29	2.026	2.821	1.236	2.984	1.664	3.009	2.491	7.028	3.209	4.359	2.868	5.665	2.433	6.023	7.004	4.449	6.266	4.86	4.35	3.637	4.303	8.163	6.564	2.877	8.896	0.2429	4.988	4.868	4.934	4.587	3.272	4.514	6.793	5.993	3.571	4.85	4.565	3.212
4.544	3.502	2.257	3.925	2.445	4.536	2.373	4.279	4.836	1.884	6.869	4.665	4.767	4.106	1.697	1.49	3.302	5.986	4.204	4.747	3.264	5.241	2.921	3.449	6.058	3.56	6.221	3.815	3.809	5.903	5.827	3.827	3.998	4.72	5.844	2.673	1.78	4.209	3.673	2.719	0.6062	4.479	4.772	5.691	5.317	3.307	4.761	3.83	3.341	6.218	5.492	3.84	3.524	2.588	2.394	2.567	3.758	4.657	5.633	3.993	2.516	5.154	4.258	4.042	3.144	4.248	3.603	4.385	3.137	3.664	4.244	2.648	5.158	3.676	2.328	4.55	4.587	0.7884	6.954	3.412	2.189	3.895	-1.055	6.715	4.601	3.479	3.109	4.281	4.08	4.095	3.628	4.1	2.794	4.325	4.714	5.533	2.438	4.469	3.889	2.304
4.902	2.866	4.183	3.538	5.441	4.489	2.319	1.208	4.983	4.551	4.188	5.421	3.221	4.679	3.684	4.908	3.232	5.102	2.463	4.2	5.352	4.558	4.236	4.603	3.134	5.754	9.063	6.859	5.432	3.779	5.778	5.619	2.275	3.546	3.04	1.668	6.711	6.167	4.248	1.275	0.6171	3.082	2.528	4.735	8.388	1.241	5.583	2.228	4.87	4.546	3.762	6.836	4.498	3.382	0.6772	2.52	5.399	4.207	5.813	3.195	4.108	1.313	4.196	3.551	3.067	4.904	2.543	3.969	4.228	3.957	3.238	3.423	2.491	3.579	1.337	3.058	4.138	0.8261	2.214	4.714	3.959	3.752	4.925	3.938	4.034	1.088	5.221	4.365	2.267	-0.5609	4.553	1.839	3.103	3.047	4.625	6.263	5.252	2.282	3.841	4.819
3.747	5.098	3.838	5.566	6.473	2.785	2.523	2.885	2.736	5.391	4.099	4.356	4.806	2.967	2.004	3.645	3.557	5.427	2.836	1.16	2.7	4.747	1.402	2.967	4.516	2.88	3.554	3.141	2.038	3.338	5.495	5.437	3.452	4.092	4.552	2.409	4.386	7.104	3.377	0.7801	2.833	3.136	5.324	4.505	5.218	2.798	3.662	3.804	4.969	1.743	5.107	7.425	2.671	1.683	1.96	2.242	1.363	1.865	6.751	3.943	4.074	2.369	4.996	2.575	3.481	3.451	1.59	4.791	2.497	6.162	7.256	5.602	4.426	4.123	2.32	4.061	1.592	4.229	4.359	3.27	2.811	4.028	9.456	6.053	3.866	2.429	3.639	4.362	2.679	7.434	2.051	2.754	2.372	5.651	6.244	2.675	3.8	3.848	4.001	1.565
5.346	3.859	4.516	7.543	3.219	5.28	3.595	5.293	2.715	2.014	9.749	5.539	2.55	4.316	1.832	3.672	5.034	7.797	3.153	4.708	3.366	0.8939	2.802	4.065	4.813	2.996	5.084	5.827	4.228	5.582	3.219	3.07	5.172	3.247	4.599	2.678	3.047	5.069	5	5.209	3.146	2.107	4.009	3.291	5.494	1.446	4.774	3.61	5.424	3.344	3.044	7.611	2.889	4.188	2.366	5.302	3.565	2.117	6.787	3.923	6.284	1.905	4.89	4.62	3.718	2.502	0.8612	3.778	2.519	3.759	3.836	3.135	3.609	4.284	1.979	2.588	5.209	2.021	0.5481	3.699	3.615	3.055	5.1	4.601	6.529	2.213	5.68	4.941	4.577	2.373	3.869	4.255	1.104	2.419	5.862	4.185	4.789	2.804	3.534	4.313
4.045	5.62	2.973	4.102	3.009	3.432	5.875	4.281	4.045	3.11	6.71	2.533	4.489	2.716	1.185	4.489	5.26	5.335	3.328	4.721	1.765	4.775	2.696	2.763	2.005	3.72	4.973	5.238	5.842	4.402	5.799	3.695	3.731	1.915	4.205	3.706	3.943	7.382	4.604	-0.3017	2.87	3.177	5.064	3.86	4.555	2.671	4.165	2.615	2.587	5.289	2.998	3.734	4.25	2.012	2.825	2.519	4.562	3.612	6.603	3.882	8.301	2.19	3.683	4.639	3.311	4.126	0.683	2.764	2.315	6.063	4.852	4.042	3.754	4.099	-1.211	4.143	3.768	2.976	3.472	2.873	3.145	6.163	9.622	3.714	6.512	3.22	3.893	3.56	3.575	7.5	4.004	2.168	3.027	3.425	5.39	4.219	5.183	3.683	4.582	3.108
5.398	5.223	1.79	6.649	4.243	2.146	4.816	2.565	3.01	2.841	4.881	5.039	4.647	4.092	1.06	3.567	3.743	7.904	3.296	4.871	3.571	6.912	1.75	1.867	2.158	4.503	6.597	3.874	3.959	2.1	4.523	5.584	1.276	4.099	3.505	2.861	4.059	4.852	3.001	4.014	2.781	3.842	4.02	5.194	5.995	2.636	5.504	3.249	3.938	7.168	3.284	6.511	3.51	3.971	2.741	3.945	3.521	0.962	1.794	4.209	3.895	4.379	4.769	1.789	4.488	3.662	1.467	4.165	3.044	5.484	4.532	3.798	3.659	3.204	3.729	4.307	3.699	5.341	0.4604	5.314	5.899	5.175	4.8	4.512	3.963	4.62	3.517	4.886	3.006	4.566	4.616	2.699	3.712	3.132	4.794	7.704	3.607	4.041	3.193	2.127
4.359	3.715	4.276	3.617	1.871	5.515	1.484	3.629	3.072	4.638	5.118	5.194	4.777	5.257	4.081	4.001	7.592	3.844	5.393	3.985	4.57	5.259	1.722	5.989	4.109	3.029	7.42	4.549	4.789	2.661	4.291	5.164	3.109	3.312	3.895	4.757	3.432	5.328	3.82	1.564	2.08	3.322	2.054	2.141	3.849	1.684	4.296	2.307	4.057	5.694	3.696	7.637	1.383	3.308	2.42	5.1	4.731	3.278	5.072	4.006	5.818	4.698	2.858	4.176	5.109	5.945	1.636	3.877	3.085	3.32	5.446	5.075	4.628	3.965	-0.6838	3.11	4.405	2.888	0.845	1.275	2.142	4.956	7.39	4.657	6.419	3.924	3.677	4.358	4.697	3.162	3.528	1.925	3.401	3.885	3.353	1.496	3.938	5.279	3.84	1.041
6.157	4.832	4.713	3.01	7.078	4.379	5.103	3.717	4.576	2.537	0.2653	4.077	2.734	3.65	1.884	4.705	3.227	6.103	2.957	2.017	2.439	5.408	2.522	2.899	0.9341	4.126	5.78	2.735	4.171	3.534	4.733	5.128	2.533	4.59	6.464	4.744	1.834	8.083	3.255	2.214	2.357	2.533	4.027	2.037	4.415	3.709	4.252	1.606	3.17	2.819	3.114	4.857	4.979	4.185	2.902	4.928	3.877	3.941	2.316	0.463	3.451	3.738	4.858	4.259	0.4514	2.18	2.266	4.877	3.483	5.056	2.967	6.432	5.449	4.109	1.543	4.787	6.134	2.116	5.139	4.165	1.177	5.453	3.989	6.357	5.269	3.407	2.223	1.772	5.362	5.493	4.534	2.236	4.942	0.6847	6.537	3.026	3.892	5.337	3.656	5.636
4.616	3.904	2.697	5.928	6.522	3.392	2.538	3.364	3.728	4.588	5.899	4.45	4.285	4.224	2.163	2.658	4.604	5.405	5.88	5.605	4.142	6.325	2.548	4.911	3.764	4.894	4.014	2.101	5.357	5.112	2.654	0.6922	3.388	4.783	3.283	3.653	4.674	5.352	4.759	2.91	2.357	1.727	2.677	4.16	3.443	2.971	5.254	2.416	2.732	1.694	4.591	6.191	2.208	2.832	2.088	4.648	1.824	6.026	4.442	3.797	4.737	4.624	5.131	3.826	4.274	2.783	1.162	2.598	4.478	5.069	4.584	4.548	2.359	5.574	0.3742	2.685	4.033	1.657	3.86	2.818	3.297	6.694	4.064	5.583	5.801	3.098	4.84	5.813	5.625	6.721	6.902	2.801	3.177	2.991	6.022	3.047	4.857	4.082	3.6	3.838
6.493	4.057	2.35	4.256	6.635	2.018	5.502	2.774	4.068	3.422	6.42	4.297	3.144	5.145	1.212	3.358	2.816	4.555	5.962	4.732	2.042	3.813	2.53	3.618	3.445	3.424	7.548	7.696	4.828	-0.5735	8.739	3.818	5.626	2.265	3.209	1.876	3.661	6.765	5.161	2.49	1.394	3.359	2.718	5.357	6.187	3.77	4.502	2.387	5.741	5.38	5.069	5.765	2.673	2.951	2.495	2.754	4.321	3.674	5.426	4.896	3.075	2.71	4.939	4.627	3.845	4.322	1.912	3.607	1.617	5.767	2.13	5.739	4.656	6.204	0.7754	2.804	6.026	-1.501	2.149	3.006	2.179	5.893	7.452	3.607	4.818	4.811	6.166	3.816	6.054	4.074	2.527	1.945	4.073	5.03	5.77	4.139	4.725	3.902	6.238	2.587
4.204	3.24	1.487	3.32	4.891	4.735	1.38	3.573	2.379	1.294	5.18	2.626	4.656	3.24	2.438	5.78	5.118	6.932	5.852	3.517	2.843	6.487	3.243	3.176	2.589	6.294	6.366	4.074	5.298	3.407	5.04	2.525	2.912	3.818	4.373	2.595	1.874	7.092	3.858	-0.4464	3.798	2.695	5.255	5.109	5.021	5.092	3.08	1.867	3.439	2.302	5.379	4.732	1.739	6.853	3.048	4.179	5.804	6.883	3.97	3.69	3.579	3.31	3.733	3.159	6.433	3.763	3.806	2.154	2.711	5.105	3.822	3.782	3.657	5.416	1.47	4.629	3.894	4.253	5.419	3.23	3.232	3.654	3.086	2.565	5.618	5.373	7.1	2.753	4.501	5.6	5.536	1.584	4.725	4.985	4.464	4.489	4.723	6.736	4.462	2.34
7.402	4.586	3.653	5.372	5.099	5.01	4.824	3.034	2.182	4.387	6.374	5.305	2.75	3.53	2.999	4.416	2.988	8.675	4.252	2.991	3.711	5.731	3.677	4.4	6.296	3.328	6.701	5.76	2.759	3.22	5.66	3.59	3.011	4.741	4.734	2.149	3.237	6.228	5.315	1.712	3.237	3.077	2.218	4.687	4.002	2.146	4.963	2.334	3.067	4.714	5.24	7.553	2.198	4.212	1.794	4.3	2.416	5.936	5.125	4.091	5.928	2.985	3.9	3.877	4.548	5.73	0.2837	3.395	2.932	4.898	6.844	5.114	3.912	5.504	1.744	3.067	4.136	3.978	1.421	3.126	3.59	2.984	5.392	5.867	4.948	2.032	4.11	2.593	5.594	3.914	5.053	4.113	0.9994	4.34	5.49	4.475	4.039	4.675	4.375	2.794
5.607	4.559	3.065	4.741	2.499	4.706	0.671	4.735	4.255	1.501	7.842	3.115	4.162	3.494	3.726	3.349	3.575	5.074	5.541	3.974	2.81	6.103	2.623	2.145	2.267	2.669	4.653	3.963	2.912	4.592	4.032	6.002	3.984	5.202	3.859	1.228	2.599	5.074	5.385	3.053	3.641	2.326	2.264	5.573	3.543	3.037	4.022	2.279	4.083	1.667	3.116	2.977	4.529	5.268	0.3505	1.911	5.555	3.177	3.292	3.186	4.769	3.183	1.422	2.734	4.286	5.26	0.7511	5.17	3.264	3.977	4.596	5.424	4.001	3.847	2.114	3.538	6.024	2.445	4.073	3.765	3.572	3.662	2.289	5.187	4.311	3.624	3.744	3.232	6.324	8.076	2.485	3.495	2.311	2.818	5.143	5.048	5.084	6.642	5.632	3.757
5.851	2.476	-0.9198	4.063	5.489	5.324	4.541	0.6527	4.899	0.664	7.494	4.016	4.065	3.737	2.996	4.263	5.655	5.342	5.707	3.715	6.675	5.773	3.147	5.702	3.032	4.683	5.637	4.549	4.076	4.553	4.963	5.814	3.422	3.313	2.63	-0.05873	4.364	4.697	5.538	2.822	1.609	2.657	5.367	3.491	4.576	3.166	4.143	3.696	4.618	5.479	3.078	9.208	2.22	4.955	2.602	4.318	4.243	3.877	1.368	3.661	4.819	4.592	4.518	4.537	4.469	5.204	1.101	2.921	3.208	5.202	4.823	4.998	4.1	3.648	1.51	3.357	4.894	2.638	5.951	5.647	2.722	3.278	5.092	6.327	5.918	2.702	5.157	2.951	6.71	5.315	4.309	2.162	4.251	2.846	5.105	4.431	4.291	5.48	3.531	3.194
4.015	3.355	2.221	3.311	1.373	5.477	4.675	2.851	2.794	2.815	7.797	5.093	2.934	3.271	2.482	3.48	4.37	5.902	6.468	2.467	3.352	5.326	2.963	4.038	2.645	3.278	5.11	6.054	4.195	5.57	4.063	5.6	5.324	3.473	4.623	3.062	2.703	5.747	3.725	3.345	-0.3018	3.17	2.1	3.659	4.275	6.457	4.303	1.95	0.1012	3.836	4.819	6.642	4.778	1.281	3.386	4.244	4.848	2.734	6.701	2.67	5.444	1.639	3.148	3.425	4.277	3.675	-0.3291	3.298	3.569	4.521	5.567	3.778	3.836	3.22	1.59	5.244	4.52	5.553	4.892	3.838	4	5.535	6.159	1.733	6.732	2.914	1.468	3.098	4.952	8.831	4.29	2.033	1.49	4.889	5.071	4.732	5.95	5.335	3.613	2.2
3.313	4.102	3.311	6.41	4.891	4.26	5.587	3.251	4.168	4.3	3.574	4.434	5.915	4.985	2.58	3.188	6.645	5.291	2.736	4.773	4.893	8.544	3.016	4.556	0.4196	5.114	6.058	4.776	2.16	4.78	3.901	5.322	1.672	4.728	5.263	2.563	2.888	6.512	4.459	3.661	2.142	2.999	6.046	3.832	7.009	3.39	4.257	1.495	3.65	6.711	5.377	5.402	2.449	2.846	2.398	2.583	4.764	6.086	7.155	2.834	4.545	2.499	4.156	3.303	5.03	5.247	3.309	5.352	3.254	6.72	4.16	5.324	5.621	1.411	2.606	3.973	5.133	0.4669	2.386	3.642	5.052	3.895	7.994	5.101	3.306	2.82	2.783	3.855	3.31	6.57	4.155	5.106	3.63	3.723	5.463	2.698	3.166	3.724	5.36	0.6885
4.893	6.593	5.382	2.916	6.23	8.422	3.481	2.957	3.436	2.819	4.77	5.294	3.952	4.768	2.163	3.736	4.479	6.581	6.535	2.85	4.151	4.726	3.105	5.245	5.064	3.805	6.745	4.839	4.6	5.403	2.323	6.903	4.611	4.344	5.972	2.919	4.362	1.738	1.575	2.182	1.075	1.743	3.997	2.451	5.721	4.599	4.275	3.294	2.403	6.44	4.246	9.015	1.885	3.438	2.317	6.184	2.983	4.704	7.198	2.715	4.919	4.942	3.947	4.391	3.489	1.784	1.035	4.726	4.537	8.095	5.901	4.604	5.335	3.52	0.6444	3.843	5.258	2.794	5.664	4.343	4.184	3.329	4.721	4.346	5.378	1.879	3.469	3.916	3.944	4.568	5.733	3.488	1.611	3.787	4.506	2.319	4.25	1.884	3.768	1.694
4.789	2.438	2.326	4.291	2.684	4.582	5.785	3.31	2.07	4.755	5.174	6.703	3.876	3.425	1.461	1.039	2.588	5.913	0.9677	4.783	5.836	5.891	2.019	3.443	2.438	3.494	4.681	3.098	5.083	4.595	6.139	5.441	2.782	5.17	2.693	3.246	3.501	4.966	2.632	3.296	1.088	3.721	1.491	3.951	4.275	3.198	4.566	4.629	0.848	4.274	4.57	6.451	5.444	4.023	1.913	6.336	1.413	1.767	7.543	5.426	6.37	1.068	4.596	4.301	4.317	4.295	2.628	4.831	1.966	8.507	6.171	4.26	2.624	5.013	0.2641	4.517	3.718	3.973	1.166	1.661	4.28	5.761	1.689	5.577	5.428	2.358	2.903	4.522	3.853	5.946	5.35	2.113	3.033	3.193	5.371	5.907	5.012	5.917	5.488	4.367
3.388	4.681	6.19	5.013	3.681	4.866	2.919	3.51	4.111	4.399	5.194	7.832	5.447	4.038	4.388	5.92	2.718	5.466	4.997	4.163	3.197	6.568	3.299	4.611	4.329	3.215	6.356	6.054	3.261	4.601	5.437	5.558	2.249	1.207	7.804	2.589	4.449	7.267	4.87	1.847	1.832	2.933	4.744	4.503	5.875	0.3192	3.989	3.121	3.266	4.715	2.779	6.922	4.315	3.394	3.603	6.321	3.49	2.539	4.63	5.506	3.313	3.976	5.008	4.982	1.355	5.394	1.324	4.156	2.695	5.599	2.983	3.535	5.335	2.352	2.871	3.017	4.559	3.831	6.401	4.8	3.373	5.534	7.02	5.412	4.467	4.95	4.534	3.132	4.973	4.814	4.598	1.892	3.603	7.023	7.018	3.923	4.937	3.977	6.221	4.066
5.188	3.75	4.793	3.954	5.327	3.208	3.526	4.017	4.97	4.107	4.773	5.065	4.738	5.378	3.197	4.993	4.549	5.025	2.984	3.653	4.117	5.491	3.313	3.055	2.435	6.238	6.667	5.75	5.229	2.735	3.099	2.849	2.103	3.469	4.5	2.408	4.884	6.059	4.586	2.269	4.284	1.221	3.567	3.307	2.288	4.317	3.092	3.506	3.169	3.103	3.535	6.396	2.084	2.66	2.385	3.188	6.058	4.541	5.598	5.981	6.34	2.845	4.236	5.177	4.489	3.329	2.358	3.995	2.35	6.713	4.74	6.617	1.51	5.118	2.649	3.742	4.964	2.085	2.388	2.118	2.109	4.469	8.633	5.403	6.14	2.842	5.565	4.266	4.035	5.542	3.762	2.713	0.9706	6.007	3.04	2.699	4.322	6.441	4.668	3.017
5.429	4.714	3.374	3.594	4.714	5.402	4.852	2.981	2.545	-0.5282	3.83	3.937	3.949	3.957	3.352	3.093	4.655	5.589	3.088	4.115	2.606	5.703	1.167	7.486	4.64	4.265	5.899	4.897	4.587	2.595	4.695	4.113	2.834	4.59	3.311	5.121	3.18	7.03	5.878	-1.036	1.294	4.868	4.075	4.541	5.027	3.088	4.862	4.659	5.162	1.908	5.689	7.051	3.285	2.949	2.624	2.858	4.082	5.159	6.364	3.673	5.009	3.977	5.052	3.084	4.987	3.5	2.795	3.832	1.8	7.291	5.134	4.527	4.773	4.047	2.664	3.96	5.201	3.893	0.8802	1.624	0.3599	4.302	3.79	5.938	4.31	3.35	3.11	2.683	4.896	5.188	5.505	4.809	4.384	3.082	4.41	3.603	3.802	5.771	4.375	4.111
5.153	3.764	3.225	5.228	6.861	3.619	4.626	3.031	4.99	4.504	5.643	3.913	3.754	4.018	3.032	3.347	2.558	7.273	4.936	6.859	4.232	3.569	3.26	4.892	4.504	2.924	6.268	6.077	4.237	1.982	2.034	5.062	3.109	6.091	5.031	2.646	3.64	7.107	2.36	3.34	1.217	2.255	4.297	5.35	4.819	3.888	5.035	3.349	5.438	2.131	5.244	6.215	2.587	1.301	2.006	5.06	4.532	2.801	7.103	4.003	4.129	3.293	3.8	2.918	5.167	3.761	2.87	4.358	3.118	5.215	4.656	4.573	5.124	4.496	1.707	3.859	3.792	2.327	5.537	4.12	4.551	3.946	1.769	4.455	5.822	0.06106	4.718	4.713	6.129	4.926	3.61	2.894	1.969	2.738	4.656	5.637	5.282	3.999	4.827	3.299
4.096	4.478	1.239	3.692	4.044	3.928	4.132	4.62	5.058	2.443	5.21	4.825	5.75	2.922	2.295	3.449	3.424	3.557	4.814	6.01	1.978	5.696	1.91	3.342	2.899	4.899	5.07	2.735	3.759	2.101	6.03	3.561	2.795	7.566	4.81	2.01	4.121	7.674	3.369	0.2682	3.49	1.015	5.105	3.214	4.036	4.374	4.694	4.498	2.081	4.835	3.196	5.536	5.2	4.782	1.639	2.342	3.934	6.197	3.615	5.537	3.941	2.501	5.209	3.016	3.416	4.093	1.393	4.762	2.239	6.462	4.671	6.089	2.82	7.292	2.072	3.086	6.321	4.985	0.407	3.651	5.52	5.039	1.694	4.942	6.36	0.1601	3.722	2.8	3.842	4.493	5.323	3.173	5.527	3.961	4.761	3.021	4.132	3.557	4.761	4.01
5.399	4.759	4.514	5.616	2.254	4.124	5.42	2.211	4.564	4.979	6.976	4.912	3.293	3.749	2.466	6.285	5.479	5.378	3.819	4.991	5.73	5.756	3.357	2.24	6.163	5.242	4.618	4.225	2.98	4.523	6.627	5.524	4.6	3.504	4.673	1.108	3.204	5.887	3.254	2.523	3.206	2.039	1.404	2.183	3.482	3.321	4.848	3.558	3.467	4.49	3.583	6.043	2.404	0.9688	2.925	5.293	4.71	3.936	3.728	4.656	5.224	2.596	3.88	2.051	4.522	3.567	1.777	1.756	2.165	4.104	6.457	4.429	5.186	5.544	3.048	1.679	4.756	3.482	4.44	4.123	3.845	4.282	5.992	4.796	5.866	5.1	5.018	6.056	5.357	4.6	3.432	2.304	4.37	2.25	4.503	3.332	5.839	3.767	5.67	4.115
4.514	4.432	3.81	4.51	1.275	7.283	2.906	3.849	3.735	4.974	4.952	5.735	4.417	2.281	2.324	4.096	2.023	6.975	2.05	4.801	6.893	4.327	3.429	-1.673	3.609	3.285	5.448	4.63	5.511	4.21	1.19	5.544	2.881	3.361	4.688	3.62	3.586	6.125	3.676	4.95	2.245	4.378	3.791	6.322	6.863	3.601	5.267	2.124	4.787	6.88	5.141	6.004	5.7	3.579	2.576	3.725	5.461	3.826	3.459	5.897	6.399	3.539	2.363	4.387	3.46	4.375	1.939	3.449	3.245	6.972	5.845	4.786	1.638	5.104	3.019	5.28	3.164	3.443	3.8	4.592	4.821	5.286	4.414	4.298	7.449	2.655	5.455	3.197	5.869	7.821	3.916	2.717	2.83	5.162	3.38	3.697	3.22	6.355	4.449	3.645
5.753	4.867	3.13	3.821	3.82	5.415	7.512	4.221	3.334	3.564	7.725	4.835	3.677	4.014	2.811	2.837	2.581	5.849	4.632	5.288	5.635	7.345	1.521	6.105	1.68	3.953	7.299	4.236	6.087	2.941	4.634	3.73	1.72	6.414	3.304	3.012	6.133	4.723	0.7585	2.094	3.481	2.623	3.644	3.752	5.124	2.768	3.994	4.188	3.786	4.409	5.294	5.738	1.862	3.742	2.243	5.855	1.87	5.106	5.265	4.334	4.891	3.608	5.865	4.6	4.768	4.95	0.111	0.6812	0.5329	3.107	4.539	5.914	3.234	6.012	2.314	6.526	3.93	3.139	4.674	4.099	4.745	2.121	5.166	4.831	6.432	5.078	4.387	5.166	3.892	5.079	3.67	4.245	2.555	5.216	6.43	4.871	3.583	4.573	4.864	6.343
5.454	3.647	1.406	5.421	3.892	3.354	3.375	3.679	3.479	3.989	5.642	5.044	2.275	5.707	1.867	3.315	5.427	4.433	5.445	6.894	2.823	5.814	2.358	3.907	4.241	4.046	6.76	4.509	4.817	3.352	6.09	5.67	6.056	5	2.785	3.767	3.569	7.575	3.681	-1.035	2.638	4.395	5.781	5.113	6.32	1.599	3.798	1.534	5.159	3.366	3.994	7.044	4.965	6.785	2.223	5.837	5.992	3.87	3.296	3.451	6.575	3.62	3.952	5.357	2.203	5.017	3.133	2.745	4.812	5.633	3.529	4.465	3.806	4.511	1.763	4.391	4.849	8.064	3.037	3.591	6.46	7.105	12.04	4.453	7.399	2.696	4.627	2.701	2.249	3.04	4.03	3.155	4.28	4.812	3.285	5.213	3.895	2.575	4.35	6.24
1.791	6.12	2.693	5.682	4.979	5.392	3.595	5.223	6.061	4.545	2.435	3.332	4.003	3.41	4.06	3.663	3.799	3.665	5.064	4.281	4.61	5.636	1.861	4.13	5.146	5.263	6.396	5.665	5.496	3.568	3.407	5.842	3.452	3.657	3.659	3.137	3.438	7.042	4.027	1.782	1.517	2.21	3.546	4.258	7.172	2.881	4.501	3.501	2.657	3.412	6.207	8.196	2.994	3.407	2.164	4.75	5.812	4.595	6.167	3.673	6.669	1.969	5	4.265	5.578	2.796	2.078	3.629	3.053	4.595	4.078	6.462	3.35	3.397	3.462	4.089	6.829	3.776	4.678	4.375	3.487	5.9	1.217	5.447	6.449	3.589	0.3422	4.129	6.742	4.875	1.572	2.285	3.136	3.756	5.851	4.987	5.004	4.196	4.608	4.405
4.843	6.712	3.01	4.404	4.464	5.814	2.717	3.376	5.012	3.273	6.331	3.441	3.546	4.337	3.98	4.83	2.603	6.091	5.181	3.868	4.498	6.429	2.905	5.494	4.31	3.791	6.839	4.717	5.617	4.193	4.317	5.132	3.635	3.87	5.566	2.834	4.542	7.357	4.201	0.5578	1.691	2.436	3.527	5.133	5.164	3.687	5.664	3.992	6.27	6.48	3.652	4.469	0.3917	3.476	2.213	6.435	6.195	3.88	4.025	4.235	3.766	4.195	3.947	3.829	3.115	4.644	-0.1933	3.578	3.976	4.072	3.753	2.603	4.015	4.787	1.833	5.617	6.616	4.778	4.585	4.118	5.598	6.174	7.595	3.765	8.247	4.579	4.664	4.095	5.75	5.887	4.907	3.68	4.522	3.858	6.911	4.439	5.608	2.822	3.737	3.316
5.068	4.089	3.127	6.238	2.952	3.48	4.925	3.925	3.326	3.816	4.668	4.001	3.207	4.618	0.9832	2.461	3.94	4.789	4.482	4.791	3.686	3.511	4.595	1.232	4.923	4.844	7.743	4.242	5.391	2.76	4.436	3.021	0.0861	3.01	4.397	2.791	3.234	4.646	5.502	2.097	-1.595	3.744	5.465	2.451	6.698	2.628	5.57	2.824	2.87	2.741	5.753	5.411	3.566	5.601	1.513	3.398	2.598	3.554	4.614	4.259	4.351	3.314	4.41	3.372	4.317	5.355	4.506	4.044	1.411	4.455	2.446	6.744	4.623	4.69	0.3645	4.011	4.016	3.88	5.185	1.556	4.213	6.501	8.356	5.445	5.844	4.053	3.829	3.729	6.129	7.732	2.957	4.145	2.982	4.508	4.839	5.186	6.786	6.211	6.098	3.344
3.936	5.545	6.119	5.654	4.213	5.25	3.286	4.587	3.558	4.225	3.818	3.617	5.173	4.901	3.47	3.358	5.387	7.529	5.472	3.327	2.324	6.071	2.853	4.703	3.227	3.546	6.411	4.389	6.873	4.061	3.823	4.695	4.653	5.284	3.716	2.173	3.6	4.474	5.281	0.5974	2.425	3.921	4.829	2.339	4.617	5.249	3.505	4.673	3.747	4.982	4.259	2.821	2.541	4.781	2.653	3.791	4.968	3.554	3.255	2.162	4.706	2.674	3.894	3.549	4.136	0.9063	0.796	3.163	4.92	5.92	5.136	5.944	5.047	1.755	2.41	0.8701	7.08	5.614	3.985	4.429	3.228	5.653	1.64	5.584	6.317	2.662	6.414	3.859	4.972	4.813	3.29	4.247	1.757	5.008	4.938	3.555	6.149	5.307	4.403	4.259
6.303	4.607	2.317	0.4648	3.15	6.396	1.77	3.359	3.335	4.304	5.798	5.256	5.187	3.857	3.188	3.876	5.037	5.455	5.027	2.11	6.885	2.841	3.069	3.173	0.4819	3.662	6.583	3.836	6.814	2.681	5.611	4.833	3.684	5.27	4.442	3.388	3.769	4.04	4.11	1.318	4.322	2.163	4.424	5.305	4.251	-0.4512	4.4	4.606	1.92	2.647	4.027	6.384	3.306	3.678	2.1	4.658	4.635	1.037	4.256	5.014	3.239	4.965	4.053	3.887	5.543	3.867	3.228	2.697	3.398	3.96	5.362	3.672	5.212	3.992	2.762	4.04	6.076	2.804	2.617	6.339	2.904	4.484	4.584	4.823	4.806	6.422	7.263	5.247	5.135	5.53	4.857	3.21	2.359	5.192	4.997	3.262	4.239	4.895	4.409	2.558
4.676	3.623	5.963	5.047	5.177	4.971	4.514	4.843	3.9	2.967	4.525	4.571	4.415	5.272	2.297	3.585	3.099	7.904	5.407	6.191	3.005	5.262	1.341	3.105	2.45	3.974	6.904	4.175	4.5	4.752	3.603	5.636	4.483	3.079	3.575	3.994	4.849	4.494	4.681	3.535	-0.6196	4.051	4.011	2.377	8.199	3.135	5.97	3.569	2.423	2.502	4.334	8.256	4.441	1.93	3.11	3.181	2.693	3.144	5.491	3.818	7.624	0.6106	4.487	3.989	1.026	4.034	2.413	3.487	2.408	10.11	2.439	1.008	2.192	4.768	1.92	2.773	3.591	3.534	5.999	4.838	2.08	4.399	4.116	4.11	6.758	2.668	5.222	3.569	2.744	4.139	4.499	2.372	3.161	2.779	3.879	6.135	5.175	6.262	7.704	4.213
4.213	3.405	4.362	5.337	0.9427	5.316	6.646	4.6	2.844	4.063	5.808	6.54	6.47	3.682	3.145	3.173	4.368	5.38	4.783	4.879	2.659	5.877	0.8187	3.466	3.516	5.293	5.71	4.747	5.288	4.481	4.603	6.526	2.86	3.636	5.498	5.832	3.897	4.679	6.286	2.188	2.805	3.61	3.381	4.016	4.876	2.909	5.506	3.879	1.754	5.609	4.874	6.034	1.959	5.762	3.191	4.615	3.572	5.018	4.932	4.754	4.262	3.207	4.689	2.135	2.032	4.6	1.433	5.045	2.159	5.501	4.054	4.423	3.1	3.953	-0.08116	5.216	5.253	2.292	9.402	4.554	1.949	4.443	6.528	8.765	4.922	1.694	5.429	4.215	6.227	3.715	3.791	3.053	2.947	6.73	3.437	1.983	5.364	6.814	5.773	3.277
3.252	3.322	0.6423	2.438	4.457	4.625	3.249	2.144	5.035	3.505	4.991	7.008	5.123	3.266	1.27	4.725	4.228	5.061	7.228	3.762	4.039	5.466	4.185	4.805	5.132	4.201	9.398	5.027	3.599	-0.1346	4.556	6.494	5.135	3.261	4.821	3.317	3.513	5.902	3.351	1.824	2.944	3.469	5.081	4.982	3.866	2.611	4.215	3.486	2.706	1.12	3.501	6.445	4.395	6.733	3.593	3.617	4.416	3.407	1.661	4.914	4.076	4.394	4.064	4.745	3.47	4.851	0.1823	2.067	2.23	5.874	3.297	7.441	6.299	4.981	0.1294	4.202	5.514	0.8768	3.539	2.289	3.949	4.853	3.696	6.965	6.013	4.822	3.891	5.498	7.26	5.649	4.189	2.839	2.006	1.31	3.701	4.841	5.19	4.302	5.371	3.512
4.432	4.79	2.372	4.76	3.809	5.883	1.67	1.532	3.239	3.053	8.314	3.163	4.762	3.445	1.075	3.233	4.292	5.085	1.954	4.188	4.274	4.464	3.063	3.627	1.96	4.481	7.224	7.662	4.229	3.952	6.976	6.038	2.021	5.796	5.517	2.197	3.6	5.698	4.807	3.291	0.649	5.291	3.619	3.609	4.585	3.852	4.406	3.375	3.75	3.581	4.418	7.22	2.193	1.938	3.515	4.645	2.686	4.513	4.582	4.959	3.225	1.165	5.508	1.558	6.344	1.17	0.3116	4.699	3.188	5.279	2.089	2.683	4.021	4.069	-0.003333	2.365	4.99	5.049	6.385	3.434	1.452	4.041	6.435	6.484	4.951	2.557	5.831	1.514	1.614	4.58	4.459	2.81	2.801	3.322	5.719	2.536	7.37	4.339	5.1	5.844
4.403	3.24	1.388	5.478	3.136	5.101	5.292	3.341	4.214	6.604	4.333	4.171	4.935	3.247	3.859	4.553	3.045	8.723	5.631	4.235	2.037	5.402	2.258	5.163	4.19	3.402	7.072	5.798	6.345	3.337	6.216	4.794	3.509	6.16	6.704	5.131	1.213	5.586	4.641	3.89	1.158	3.187	3.769	3.52	5.478	3.957	4.592	4.601	3.601	5.073	4.715	8.031	1.845	2.066	1.272	4.34	3.564	5.178	6.811	1.655	6.899	2.387	4.01	2.891	5.909	3.28	2.972	1.56	3.328	6.032	4.283	5.292	5.728	4.748	2.306	4.882	5.879	3.398	3.449	2.235	4.31	2.781	5.245	1.438	4.373	1.31	4.377	2.824	3.825	5.224	2.545	2.772	2.759	5.155	6.15	5.36	5.335	5.43	4.687	4.154
3.955	4.802	3.621	2.12	3.668	1.059	4.222	3.836	4.894	4.316	6.487	4.189	4.139	4.304	4.229	4.064	2.282	4.42	2.495	4.142	2.201	5.245	3.052	5.568	3.431	3.361	1.06	7.093	2.91	3.215	6.475	4.342	3.483	2.726	4.337	3.849	4.36	3.841	5.26	0.2403	1.444	4.75	5.536	3.45	4.056	2.491	5.94	4.975	3.203	4.711	4.199	5.091	3.429	4.745	0.971	5.63	4.729	4.306	5.739	6.118	4.65	5.559	4.474	3.839	5.141	2.361	2.346	5.147	2.285	6.881	5.072	2.847	3.427	4.907	1.004	4.019	5.715	3.137	3.348	3.809	3.386	5.096	4.374	5.766	3.773	1.522	3.103	4.429	1.007	6.086	3.984	2.21	1.865	1.846	4.137	4.036	5.893	3.697	5.452	1.294
3.831	4.408	4.94	3.456	4.399	5.009	2.88	5.896	3.24	2.571	4.879	2.884	3.032	4.457	1.242	4.804	4.163	6.485	1.43	3.824	2.194	4.642	5.466	3.865	5.289	3.715	4.326	5.435	3.506	4.203	3.536	5.488	4.86	3.9	3.851	2.297	4.119	5.584	0.2192	5.502	1.861	3.265	4.494	5.873	5.332	3.195	4.909	2.341	3.32	3.856	3.966	5.331	4.106	2.496	1.472	5.232	3.234	1.735	5.984	3.112	4.152	2.267	5.398	3.2	5.47	3.288	3.066	2.95	2.772	2.838	7.573	4.312	4.71	5.383	2.578	2.126	6.034	2.376	3.564	5.47	3.568	4.81	5.468	6.925	6.762	1.543	5.217	3.627	5.706	6.59	3.332	2.065	2.735	3.75	6.09	2.805	3.504	7.179	4.135	2.823
6.153	2.185	4.528	5.659	6.355	4.069	2.295	3.6	3.619	2.834	7.194	4.346	3.326	4.06	4.39	4.111	6.274	5.229	4.646	2.982	5.477	6.683	1.867	1.717	4.274	3.501	6.926	5.575	3.251	5.47	2.847	6.484	3.459	0.5008	4.678	5.256	4.157	5.605	4.151	5.466	2.588	2.357	4.06	5.249	6.44	1.588	5.277	2.359	4.655	5.022	4.698	6.487	3.428	2.925	2.598	0.9619	5.473	3.212	4.756	4.981	7.389	1.539	3.682	4.901	3.024	2.363	1.977	2.365	2.727	3.666	4.596	3.096	4.892	2.492	3.09	1.709	6.188	4.357	4.738	4.791	3.556	5.575	7.054	4.667	3.632	3.233	2.748	5.616	5.013	4.172	3.871	3.354	4.861	3.192	2.46	4.753	5.412	1.918	5.125	2.592
5.113	3.521	3.004	7.453	3.253	5.751	2.578	3.815	5.125	5.498	2.791	3.309	4.61	4.781	2.635	4.195	4.141	4.888	1.501	5.378	2.378	5.648	1.756	1.544	3.772	4.077	6.593	5.482	1.922	3.708	3.479	4.967	3.055	3.286	5.745	1.711	2.285	3.397	2.367	2.503	1.864	1.956	3.531	3.893	5.829	4.301	5.993	3.467	1.932	5.877	4.423	6.796	3.069	6.504	2.662	4.809	4.849	4.492	4.443	2.99	1.531	2.562	3.428	3.655	5.736	3.847	1.864	1.941	3.285	3.664	4.702	5.553	5.546	4.565	1.76	4.672	6.389	1.788	2.805	4.796	2.983	4.067	4.642	2.753	1.423	3.149	5.159	4.149	4.732	4.414	5.071	3.303	0.9774	4.826	3.382	4.583	3.854	4.55	3.377	3.852
5.894	3.152	4.029	5.201	7.147	6.941	2.764	3.978	4.754	4.577	6.045	6.823	4.62	4.558	3.285	2.272	3.44	7.427	2.012	4.728	3.254	5.493	4.428	2.993	4.909	4.965	6.812	6.667	3.324	1.095	4.581	5.162	3.423	4.841	4.625	2.677	3.511	5.911	4.088	0.4798	3.253	1.667	6.213	4.54	4.906	2.604	3.887	2.4	2.889	1.724	5.344	5.073	2.72	4.028	3.784	6.361	5.097	1.88	3.875	5.268	3.22	4.497	5.333	3.869	3.35	5.074	0.8515	3.926	0.7014	6.784	4.3	6.64	3.496	5.747	1.47	1.041	4.464	4.28	7.176	4.764	3.303	6.003	5.252	5.041	7.736	5.171	7.859	5.077	6.062	5.655	6.924	3.35	4.587	5.829	5.554	3.087	6.818	2.744	1.65	5.21
3.83	4.668	2.605	4.401	1.571	3.228	3.691	5.73	2.503	2.94	5.451	2.867	4.703	4.266	2.661	2.176	2.513	7.537	4.559	4.187	1.837	5.23	2.629	2.587	5.41	4.954	7.689	4.953	5.833	2.568	2.822	6.452	2.916	4.273	3.089	4.174	4.878	5.798	4.538	3.761	3.801	3.854	2.006	5.864	5.946	2.874	5.5	3.88	3.241	4.683	4.954	7.608	4.618	3.032	3.261	5.124	5.479	5.014	4.789	3.163	5.885	3.826	3.197	5.103	6.297	3.973	3.626	4.847	2.169	6.546	3.615	4.796	3.334	5.046	1.563	5.914	4.877	6.633	4.373	3.471	3.413	4.207	5.61	6.722	4.567	5.131	1.387	5.072	4.893	5.859	4.393	3.233	3.223	3.727	5.677	5.059	4.113	6.552	4.19	3.116
6.458	5.604	3.134	4.264	1.681	5.745	3.853	6.867	4.205	0.9224	6.554	5.353	4.088	4.553	2.026	3.684	4.133	6.924	6.975	3.84	4.863	5.66	3.911	3.939	4.847	4.404	5.648	5.561	4.708	2.633	4.788	3.576	4.725	3.535	3.631	3.232	5.269	6.702	1.436	2.543	4.13	4.154	5.723	4.707	4.805	2.399	4.712	3.542	1.539	3.614	3.422	7.267	3.862	4.379	2.803	6.53	6.496	5.169	4.966	4.797	5.159	3.245	4.322	2.78	4.154	3.731	2.65	3.9	6.601	6.376	5.481	7.506	7.219	4.229	1.776	3.291	3.965	-0.8404	4.688	4.047	2.753	8.641	4.449	5.317	5.736	4.069	4.318	4.165	4.434	6.382	4.944	3.74	5.308	3.462	4.194	2.858	4.729	5.124	4.483	4.887
6.318	4.26	3.318	6.923	5.094	4.14	2.986	4.897	4.893	5.149	7.532	4.106	4.608	4.458	4.252	3.834	3.711	7.538	5.219	2.23	4.934	7.432	2.555	2.131	5.211	3.897	9.013	5.498	5.166	5.564	4.731	7.728	3.131	5.466	3.354	3.094	5.115	4.275	5.362	1.483	3.396	2.899	4.305	3.727	4.876	3.589	5.172	5.199	2.864	5.587	5.282	6.362	3.377	0.1389	3.45	6.17	5.578	3.382	6.162	5.222	1.909	3.63	4.739	5.703	2.208	6.902	1.224	4.555	4.145	4.08	6.869	5.443	3.788	4.501	1.208	4.792	4.423	5.111	3.159	3.977	4.335	5.608	6.01	6.617	4.479	5.768	5.168	3.844	4.676	7.315	2.644	3.983	1.524	6.187	4.988	3.92	6.345	4.597	5.388	1.863
4.032	3.394	0.4309	7.048	5.655	4.514	5.828	4.35	4.041	1.892	5.051	2.868	4.509	3.643	2.865	4.607	1.455	7.5	4.621	2.85	5.021	5.599	2.876	2.917	4.628	3.515	6.331	1.772	4.982	4.073	8.162	4.967	3.963	3.585	6.023	3.379	5.578	4.294	4.381	1.074	1.39	3.637	5.38	4.423	6.8	2.387	5.369	2.725	4.071	5.293	3.583	9.037	3.736	5.626	2.631	4.365	4.501	4.141	5.908	3.906	5.808	4.035	2.828	4.733	3.915	4.206	1.743	5.486	3.73	5.593	4.304	4.114	3.8	5.054	0.6688	3.362	4.639	5.131	5.47	3.567	4.144	6.086	5.01	7.087	4.459	2.559	3.476	5.485	4.479	6.355	4.563	1.973	3.062	4.137	4.912	5.518	5.114	2.406	4.499	3.081
3.723	4.435	4.657	5.836	3.579	6.363	2.817	4.165	2.874	1.512	4.446	5.169	3.383	3.126	2.776	5.285	5.314	5.197	5.628	5.19	3.276	4.874	4.33	3.317	4.272	4.822	6.73	5.694	3.917	2.959	3.213	4.695	5.961	4.558	5.802	4.841	3.338	7.066	5.124	1.242	3.887	2.795	2.302	2.414	5.513	3.374	5.471	3.777	6.433	5.386	5.439	6.767	4.967	3.391	1.611	6.114	4.518	5.781	8.287	3.712	3.184	0.4054	5.3	3.937	5.558	2.221	1.679	3.751	3.188	6.321	2.439	4.885	4.221	3.7	1.719	4.484	6.001	5.759	3.501	5.035	2.798	4.76	4.256	4.67	6.72	2.808	7.916	4.582	4.155	3.371	3.333	3.246	3.295	4.384	6.401	4.856	5.159	4.306	5.908	2.283
7.643	3.883	3.356	3.348	4.179	4.991	3.079	3.744	4.476	5.267	6.717	3.629	3.496	3.835	2.984	4.072	3.526	3.888	5.111	5.289	3.344	5.916	2.824	3.994	4.81	4.783	7.369	4.155	5.627	2.97	5.613	3.946	5.043	7.016	4.8	1.336	3.418	6.005	3.351	2.655	2.274	2.815	5.117	3.392	3.814	4.302	3.208	3.199	3.421	4.095	5.726	7.443	2.92	5.197	2.064	3.316	4.541	4.752	5.44	4.361	1.267	3.561	3.476	5.227	3.303	4.294	2.185	3.194	4.686	9.365	5.525	3.576	3.965	5.122	1.253	3.748	5.195	5.611	2.953	3.833	3.516	6.488	4.023	7.674	5.704	3.742	3.344	2.453	4.15	4.535	3.522	3.03	3.172	4.216	5.549	5.01	5.869	5.436	5.856	2.153
4.664	5.717	2.668	5.094	4.918	4.367	4.569	5.053	2.929	2.72	4.212	4.913	4.634	4.348	3.294	4.493	3.74	6.088	7.187	5.76	4.046	6.724	3.659	3.659	4.282	3.796	6.545	6.589	4.178	4.221	7.391	5.959	4.892	5.811	5.493	3.164	5.163	5.266	4.427	2.537	1.661	2.1	4.685	4.577	6.406	5.485	5.918	2.157	4.448	4.09	5.454	7.238	7.016	4.744	1.937	4.566	4.845	4.955	5.291	6.364	7.002	0.9044	2.869	5.121	5.618	3.178	2.307	3.675	4.216	6.707	4.515	4.247	1.959	4.577	0.7704	3.959	4.519	5.811	3.605	5.16	5.746	4.316	0.805	6.129	6.465	8.318	3.903	5.168	5.671	6.773	5.911	2.421	3.336	3.277	6.127	4.029	3.585	6.709	5.945	6.837
4.499	5.361	4.117	4.118	3.716	5.831	5.237	2.639	4.102	4.824	5.809	5.145	5.939	4.273	3.814	3.173	3.757	6.625	4.745	4.05	4.441	6.199	2.47	4.925	2.403	3.229	6.726	5.592	3.038	3.994	4.772	4.801	1.516	5.122	3.165	5.547	3.766	5.058	4.082	3.666	3.595	3.543	3.538	3.691	4.917	4.126	4.737	2.273	2.673	5.049	4.047	5.635	2.883	3.179	2.729	4.138	2.569	3.467	2.08	3.288	7.739	3.834	6.877	2.727	5.246	5.045	3.261	3.22	3.689	5.603	4.689	4.264	4.946	4.866	1.384	5.809	4.395	3.983	5.044	4.931	2.722	5.933	4.316	3.969	4.641	3.32	4.498	2.349	4.094	4.971	5.362	3.435	2.702	5.663	6.107	3.692	4.128	2.789	5.78	1.228
5.827	4.705	5.535	5.813	2.196	5.938	4.205	5.064	3.759	2.849	10.11	4.692	5.906	3.786	4.34	4.906	2.191	4.304	2.165	4.786	3.043	5.486	2.708	5.205	3.163	3.511	7.188	6.03	5.063	2.401	6.464	3.398	3.679	4.364	4.066	2.979	4.108	6.189	6.026	1.477	0.01988	3.788	3.332	3.354	5.165	2.418	4.369	4.63	6.469	4.928	4.999	6.181	5.318	4.967	1.53	3.535	7.571	6.031	5.547	3.594	4.699	3.646	3.236	3.303	3.658	3.48	0.675	3.954	3.823	4.105	3.991	3.551	5.483	4.925	3.132	4.273	5.239	5.449	4.647	4.584	4.295	4.771	4.653	4.501	8.04	4.695	4.404	4.367	3.583	4.439	3.543	4.341	2.023	4.385	7.671	3.364	4.27	4.274	6.122	3.983
4.584	5.532	2.524	5.1	1.758	6.164	5.292	4.088	4.653	5.482	7.372	5.193	3.375	2.588	1.951	4.178	3.994	4.786	5.916	5.306	3.476	4.435	1.803	3.627	3.132	4.685	6.164	4.855	7.193	3.06	5.581	5.121	0.5779	3.508	4.859	4.262	4.408	3.213	6.069	1.75	2.599	3.884	2.753	3.175	6.06	4.181	3.37	1.251	4.29	5.483	4.4	7.434	1.862	1.469	3.582	5.144	5.991	4.379	8.007	6.142	6.553	2.464	2.69	2.977	3.441	5.894	1.276	4.965	3.505	6.909	3.484	3.852	4.542	4.833	1.111	2.794	4.533	5.356	5.209	5.55	2.365	5.22	4.753	5.131	5.129	2.796	4.727	3.723	4.862	5.867	4.943	2.061	4.241	2.761	5.612	6.951	3.355	4.318	3.58	5.341
3.399	3.284	3.669	3.942	2.563	5.998	2.926	3.022	3.624	4.818	4.687	4.99	3.8	5.294	1.908	4.077	1.715	7.132	2.8	5.297	6.069	4.813	3.519	4.122	5.855	4.063	7.078	5.516	6.246	3.156	5.792	6.785	3.986	3.922	5.293	3.999	1.934	5.235	3.22	3.071	2.81	4.177	5.503	3.315	5.706	4.911	4.35	3.684	5.455	5.677	3.531	7.286	4.253	3.483	0.353	4.589	5.233	3.823	4.063	3.364	4.632	5.017	4.789	5.538	2.51	4.431	2.215	3.116	3.158	6.798	4.105	5.48	5.349	4.483	2.912	2.015	5.106	5.12	7.315	6.627	3.768	4.703	4.992	3.096	6.324	3.503	4.912	2.975	5.358	7.336	4.929	2.955	2.707	4.512	3.684	3.33	4.869	7.232	4.373	3.352
3.574	4.03	5.149	3.948	5.626	4.687	2.841	4.02	3.395	5.186	7.107	5.403	3.719	5.273	1.759	3.921	4.355	5.91	1.651	5.309	4.696	5.564	2.782	4.868	5.256	3.833	4.841	3.086	5.103	4.324	7.159	7.529	2.65	7.403	4.645	4.548	3.57	3.883	3.459	5.694	2.761	4.167	3.974	5.631	6.516	4.622	5.794	2.559	6.041	5.166	3.413	7.79	1.602	5.076	1.834	5.507	3.193	4.777	6.367	2.569	5.709	3.129	3.722	3.85	4.558	2.768	2.276	3.461	3.111	5.479	7.153	6.728	4.69	5.264	1.949	5.363	3.525	3.533	3.765	6.337	5.462	5.643	8.745	4.722	4.048	2.497	6.971	5.484	5.373	6.478	2.4	4.303	3.166	4.366	6.371	3.116	5.78	4.806	5.097	5.093
5.665	4.669	5.873	6.265	3.55	4.572	4.643	4.692	4.727	2.416	8.182	5.571	3.693	5	4.807	3.249	4.725	5.544	4.757	5.567	4.761	4.885	2.722	5.3	4.361	1.953	7.544	3.616	4.65	3.636	6.444	4.234	5.672	7.554	4.44	4.943	3.546	7.591	5.566	3.257	1.952	4.195	4.565	4.192	5.034	3.735	3.648	2.411	5.312	4.221	5.864	6.462	3.567	5.141	1.922	4.801	3.95	3.049	5.692	4.801	5.735	2.444	4.311	2.949	6.842	2.986	1.229	4.156	4.239	6.632	6.212	4.911	4.041	3.711	4.351	2.75	5.194	2.865	5.284	4.727	4.145	4.992	6.452	5.481	4.568	5.882	6.491	3.631	5.355	5.246	3.99	2.065	4.023	4.647	6.192	7.058	4.891	5.534	5.065	5.309
6.433	5.852	1.893	5.71	4.077	5.743	2.84	4.816	4.587	3.522	5.988	4.736	4.754	2.98	3.093	5.968	3.964	5.358	5.39	5.728	5.752	6.818	2.846	3.392	5.156	4.852	6.433	4.26	2.44	5.194	5.177	4.102	3.327	3.756	5.271	3.036	5.497	4.783	5.173	-0.7992	0.5997	1.885	3.523	5.204	4.758	1.631	4.856	5.455	3.302	4.859	5.384	7.229	3.572	4.162	2.512	3.801	5.439	4.299	6.393	3.91	3.36	2.276	3.975	3.299	4.522	4.426	2.932	3.484	3.813	6.923	4.342	5.458	3.489	5.293	-0.03189	6.38	5.378	4.333	4.78	4.937	3.779	6.402	6.689	5.805	5.63	5.002	3.84	3.347	3.969	5.492	4.796	3.828	4.509	3.167	7.234	4.246	4.538	4.757	5.552	4.252
3.912	5.584	3.785	6.456	1.082	6.44	4.517	3.453	4.39	3.779	7.092	5.602	4.32	4.133	3.772	6.603	3.524	5.013	6.282	5.546	3.674	6.078	3.228	5.391	3.713	2.699	6.479	3.674	5.379	4.175	5.427	6.086	4.079	4.376	5.313	3.99	3.555	4.407	4.043	2.926	0.7146	2.703	4.077	3.793	3.345	2.9	4.622	2.188	4.278	5.298	4.226	5.745	4.037	5.364	3.156	4.587	7.009	5.539	6.563	3.804	6.315	4.255	4.017	3.517	5.228	5.037	1.35	3.604	3.169	4.329	3.957	6.142	3.895	4.314	0.796	4.751	5.44	3.978	2.495	3.174	2.803	4.034	8.754	4.49	5.118	2.978	5.415	5.096	6.072	3.224	3.77	3.366	2.44	4.226	5.181	3.328	4.568	3.473	4.074	3.656
