2.941	6.42	4.727	10.41	1.032	1.18	1.129	2.237	3.63	4.641	9.505	19.55	9.854	8.789	16.41	9.714	7.256	1.741	9.556	7.468	4.702	7.639	35.52	0.4613	11.33	3.859	17.13	8.307	2.615	3.389	3.23	6.45	18.73	2.055	8.624	3.653	3.197	16.5	12.98	3.293	3.682	4.884	5.24	13.62	2.409	3.7	3.35	0.7112	2.152	5.057	2.023	10.21	15.56	3.51	3.205	5.77	2.491	12.77	4.998	10.82	5.416	1.977	15.46	6.7	4.937	12.66	3.005	16.93	14.18	2.2	21.11	27.73	11.9	15.3	2.047	19.74	2.111	6.395	0.4255	3.379	0.9817	6.864	3.726	10.67	7.92	12.21	1.038	6.59	2.062	2.993	13.35	17.82	1.409	9.969	17.69	4.807	0.973	24.59	2.541	3.477
2.958	6.492	4.749	10.4	1.054	1.217	1.264	2.244	3.633	4.667	9.55	19.4	9.831	8.791	16.37	9.729	7.241	1.816	9.517	7.547	4.735	7.645	35.28	0.5275	11.4	3.905	17.02	8.328	2.689	3.392	3.251	6.697	18.62	2.069	8.589	3.679	3.259	16.42	12.9	3.316	3.697	4.907	5.263	13.55	2.448	3.725	3.405	0.7965	2.217	5.101	2.076	10.19	15.45	3.571	3.213	5.876	2.589	12.73	4.997	10.79	5.43	2.02	15.43	6.716	4.923	12.62	3.037	16.91	14.11	2.244	21	27.57	11.86	15.24	2.05	19.61	2.156	6.401	0.4738	3.431	1.024	6.898	3.776	10.62	7.938	12.19	1.102	6.59	2.091	3.062	13.29	17.75	1.442	9.95	17.6	4.808	0.9255	24.42	2.567	3.53
2.975	6.564	4.771	10.4	1.075	1.254	1.4	2.25	3.636	4.693	9.594	19.25	9.809	8.793	16.33	9.743	7.226	1.891	9.477	7.626	4.769	7.65	35.04	0.5938	11.46	3.95	16.92	8.35	2.763	3.396	3.273	6.943	18.51	2.084	8.553	3.704	3.321	16.33	12.82	3.34	3.712	4.929	5.286	13.47	2.486	3.749	3.46	0.8819	2.282	5.144	2.129	10.16	15.34	3.633	3.221	5.983	2.687	12.68	4.996	10.76	5.444	2.064	15.41	6.732	4.908	12.59	3.069	16.89	14.04	2.288	20.89	27.4	11.81	15.17	2.053	19.49	2.201	6.407	0.5221	3.483	1.067	6.932	3.826	10.57	7.957	12.18	1.165	6.59	2.12	3.131	13.23	17.67	1.475	9.931	17.51	4.809	0.8781	24.26	2.592	3.584
2.992	6.637	4.792	10.39	1.097	1.29	1.535	2.257	3.639	4.719	9.639	19.1	9.787	8.795	16.29	9.757	7.211	1.966	9.438	7.704	4.802	7.656	34.79	0.6601	11.53	3.995	16.82	8.371	2.838	3.399	3.294	7.19	18.4	2.098	8.517	3.729	3.383	16.25	12.74	3.363	3.726	4.952	5.308	13.4	2.525	3.773	3.514	0.9672	2.347	5.188	2.182	10.14	15.23	3.695	3.229	6.089	2.785	12.63	4.995	10.74	5.457	2.108	15.38	6.748	4.893	12.56	3.101	16.86	13.98	2.332	20.78	27.24	11.77	15.11	2.056	19.36	2.246	6.414	0.5704	3.535	1.109	6.967	3.875	10.52	7.975	12.16	1.229	6.591	2.149	3.2	13.17	17.6	1.509	9.912	17.43	4.809	0.8306	24.09	2.618	3.637
3.009	6.709	4.814	10.38	1.118	1.327	1.67	2.263	3.642	4.745	9.684	18.95	9.765	8.797	16.25	9.771	7.197	2.041	9.399	7.783	4.836	7.662	34.55	0.7264	11.6	4.041	16.71	8.393	2.912	3.402	3.316	7.436	18.29	2.112	8.482	3.754	3.445	16.16	12.66	3.386	3.741	4.974	5.331	13.32	2.563	3.798	3.569	1.053	2.412	5.231	2.236	10.12	15.12	3.757	3.237	6.195	2.883	12.58	4.993	10.71	5.471	2.152	15.36	6.764	4.879	12.53	3.133	16.84	13.91	2.376	20.67	27.08	11.73	15.05	2.059	19.23	2.291	6.42	0.6187	3.588	1.152	7.001	3.925	10.47	7.994	12.15	1.293	6.591	2.178	3.269	13.11	17.52	1.542	9.893	17.34	4.81	0.7831	23.92	2.643	3.691
3.026	6.781	4.835	10.38	1.139	1.363	1.806	2.27	3.645	4.771	9.729	18.8	9.743	8.799	16.21	9.785	7.182	2.116	9.359	7.862	4.87	7.668	34.31	0.7927	11.66	4.086	16.61	8.414	2.986	3.405	3.337	7.683	18.18	2.126	8.446	3.78	3.507	16.08	12.58	3.409	3.755	4.997	5.353	13.25	2.602	3.822	3.624	1.138	2.477	5.275	2.289	10.1	15.01	3.819	3.246	6.301	2.981	12.53	4.992	10.68	5.485	2.196	15.33	6.78	4.864	12.5	3.165	16.82	13.85	2.42	20.56	26.92	11.68	14.98	2.062	19.1	2.337	6.426	0.667	3.64	1.195	7.035	3.975	10.42	8.012	12.13	1.357	6.591	2.206	3.338	13.04	17.45	1.575	9.874	17.26	4.811	0.7356	23.75	2.669	3.744
3.042	6.854	4.857	10.37	1.161	1.4	1.941	2.276	3.648	4.797	9.774	18.65	9.721	8.801	16.17	9.8	7.167	2.19	9.32	7.94	4.903	7.673	34.07	0.859	11.73	4.132	16.51	8.436	3.06	3.408	3.359	7.929	18.07	2.141	8.41	3.805	3.569	15.99	12.5	3.432	3.77	5.019	5.376	13.18	2.64	3.846	3.678	1.223	2.542	5.318	2.342	10.08	14.9	3.881	3.254	6.407	3.08	12.48	4.991	10.65	5.499	2.239	15.3	6.796	4.849	12.47	3.197	16.8	13.78	2.464	20.46	26.75	11.64	14.92	2.065	18.98	2.382	6.433	0.7152	3.692	1.237	7.069	4.024	10.37	8.031	12.12	1.421	6.591	2.235	3.407	12.98	17.37	1.609	9.854	17.17	4.811	0.6882	23.58	2.694	3.798
3.059	6.926	4.879	10.37	1.182	1.437	2.076	2.283	3.651	4.823	9.818	18.5	9.699	8.802	16.13	9.814	7.152	2.265	9.28	8.019	4.937	7.679	33.83	0.9252	11.8	4.177	16.4	8.457	3.135	3.411	3.38	8.176	17.95	2.155	8.375	3.83	3.631	15.91	12.42	3.455	3.785	5.042	5.399	13.1	2.679	3.871	3.733	1.308	2.607	5.362	2.395	10.06	14.79	3.943	3.262	6.514	3.178	12.43	4.99	10.62	5.513	2.283	15.28	6.812	4.834	12.44	3.228	16.77	13.72	2.509	20.35	26.59	11.6	14.86	2.068	18.85	2.427	6.439	0.7635	3.744	1.28	7.103	4.074	10.32	8.049	12.11	1.485	6.592	2.264	3.476	12.92	17.29	1.642	9.835	17.08	4.812	0.6407	23.41	2.72	3.851
3.076	6.998	4.9	10.36	1.203	1.473	2.212	2.289	3.654	4.849	9.863	18.35	9.677	8.804	16.09	9.828	7.137	2.34	9.241	8.097	4.971	7.685	33.59	0.9915	11.86	4.222	16.3	8.479	3.209	3.414	3.402	8.422	17.84	2.169	8.339	3.855	3.692	15.82	12.35	3.478	3.799	5.064	5.421	13.03	2.717	3.895	3.787	1.394	2.672	5.405	2.448	10.04	14.68	4.004	3.27	6.62	3.276	12.38	4.989	10.6	5.526	2.327	15.25	6.828	4.82	12.4	3.26	16.75	13.65	2.553	20.24	26.43	11.55	14.79	2.071	18.72	2.472	6.445	0.8118	3.796	1.322	7.138	4.124	10.27	8.068	12.09	1.548	6.592	2.293	3.546	12.86	17.22	1.675	9.816	17	4.813	0.5932	23.25	2.745	3.905
3.093	7.071	4.922	10.35	1.225	1.51	2.347	2.296	3.656	4.875	9.908	18.2	9.654	8.806	16.05	9.842	7.123	2.415	9.201	8.176	5.004	7.691	33.35	1.058	11.93	4.268	16.2	8.5	3.283	3.417	3.424	8.669	17.73	2.183	8.304	3.881	3.754	15.74	12.27	3.501	3.814	5.086	5.444	12.95	2.756	3.919	3.842	1.479	2.737	5.449	2.501	10.01	14.57	4.066	3.278	6.726	3.374	12.33	4.987	10.57	5.54	2.371	15.23	6.844	4.805	12.37	3.292	16.73	13.58	2.597	20.13	26.27	11.51	14.73	2.074	18.59	2.517	6.452	0.8601	3.849	1.365	7.172	4.174	10.22	8.087	12.08	1.612	6.592	2.321	3.615	12.8	17.14	1.709	9.797	16.91	4.813	0.5457	23.08	2.771	3.958
3.11	7.143	4.943	10.35	1.246	1.547	2.482	2.302	3.659	4.901	9.953	18.05	9.632	8.808	16.01	9.856	7.108	2.49	9.162	8.255	5.038	7.696	33.11	1.124	12	4.313	16.1	8.522	3.358	3.421	3.445	8.915	17.62	2.198	8.268	3.906	3.816	15.65	12.19	3.524	3.828	5.109	5.466	12.88	2.794	3.943	3.897	1.564	2.802	5.492	2.554	9.993	14.46	4.128	3.286	6.832	3.472	12.29	4.986	10.54	5.554	2.415	15.2	6.86	4.79	12.34	3.324	16.71	13.52	2.641	20.02	26.1	11.47	14.67	2.077	18.47	2.562	6.458	0.9084	3.901	1.407	7.206	4.223	10.17	8.105	12.06	1.676	6.592	2.35	3.684	12.74	17.07	1.742	9.778	16.82	4.814	0.4983	22.91	2.796	4.012
3.127	7.216	4.965	10.34	1.267	1.583	2.618	2.309	3.662	4.927	9.998	17.9	9.61	8.81	15.97	9.871	7.093	2.565	9.123	8.333	5.071	7.702	32.87	1.19	12.06	4.359	15.99	8.543	3.432	3.424	3.467	9.162	17.51	2.212	8.232	3.931	3.878	15.57	12.11	3.548	3.843	5.131	5.489	12.81	2.833	3.968	3.951	1.65	2.868	5.536	2.607	9.971	14.35	4.19	3.294	6.938	3.57	12.24	4.985	10.51	5.568	2.459	15.17	6.876	4.776	12.31	3.356	16.68	13.45	2.685	19.91	25.94	11.42	14.6	2.08	18.34	2.607	6.464	0.9567	3.953	1.45	7.24	4.273	10.12	8.124	12.05	1.74	6.593	2.379	3.753	12.68	16.99	1.775	9.759	16.74	4.815	0.4508	22.74	2.822	4.066
3.144	7.288	4.987	10.34	1.289	1.62	2.753	2.315	3.665	4.953	10.04	17.75	9.588	8.812	15.93	9.885	7.078	2.64	9.083	8.412	5.105	7.708	32.63	1.257	12.13	4.404	15.89	8.565	3.506	3.427	3.488	9.408	17.4	2.226	8.197	3.956	3.94	15.48	12.03	3.571	3.858	5.154	5.512	12.73	2.871	3.992	4.006	1.735	2.933	5.579	2.661	9.95	14.24	4.252	3.302	7.044	3.668	12.19	4.984	10.48	5.581	2.502	15.15	6.892	4.761	12.28	3.388	16.66	13.39	2.729	19.8	25.78	11.38	14.54	2.083	18.21	2.652	6.471	1.005	4.005	1.492	7.274	4.323	10.07	8.142	12.03	1.804	6.593	2.408	3.822	12.62	16.92	1.809	9.739	16.65	4.816	0.4033	22.57	2.847	4.119
3.161	7.36	5.008	10.33	1.31	1.657	2.888	2.322	3.668	4.979	10.09	17.6	9.566	8.814	15.89	9.899	7.063	2.715	9.044	8.491	5.139	7.714	32.39	1.323	12.2	4.45	15.79	8.586	3.58	3.43	3.51	9.655	17.29	2.24	8.161	3.982	4.002	15.4	11.95	3.594	3.872	5.176	5.534	12.66	2.91	4.016	4.061	1.82	2.998	5.623	2.714	9.928	14.13	4.314	3.31	7.151	3.766	12.14	4.983	10.45	5.595	2.546	15.12	6.908	4.746	12.25	3.42	16.64	13.32	2.773	19.69	25.62	11.34	14.48	2.086	18.08	2.697	6.477	1.053	4.058	1.535	7.309	4.373	10.02	8.161	12.02	1.868	6.593	2.437	3.891	12.56	16.84	1.842	9.72	16.56	4.816	0.3558	22.4	2.873	4.173
3.178	7.433	5.03	10.32	1.332	1.693	3.024	2.328	3.671	5.005	10.13	17.45	9.544	8.815	15.85	9.913	7.049	2.79	9.004	8.569	5.172	7.719	32.15	1.389	12.26	4.495	15.68	8.608	3.655	3.433	3.531	9.901	17.18	2.255	8.125	4.007	4.064	15.31	11.87	3.617	3.887	5.199	5.557	12.58	2.948	4.041	4.115	1.906	3.063	5.667	2.767	9.907	14.02	4.376	3.318	7.257	3.864	12.09	4.981	10.43	5.609	2.59	15.1	6.924	4.732	12.22	3.452	16.62	13.26	2.817	19.58	25.45	11.3	14.41	2.088	17.96	2.742	6.483	1.102	4.11	1.578	7.343	4.422	9.966	8.179	12	1.931	6.593	2.465	3.96	12.5	16.76	1.876	9.701	16.48	4.817	0.3084	22.24	2.898	4.226
3.195	7.505	5.051	10.32	1.353	1.73	3.159	2.335	3.674	5.031	10.18	17.3	9.522	8.817	15.81	9.927	7.034	2.865	8.965	8.648	5.206	7.725	31.91	1.456	12.33	4.54	15.58	8.629	3.729	3.436	3.553	10.15	17.07	2.269	8.09	4.032	4.126	15.23	11.79	3.64	3.901	5.221	5.579	12.51	2.987	4.065	4.17	1.991	3.128	5.71	2.82	9.885	13.91	4.437	3.326	7.363	3.962	12.04	4.98	10.4	5.623	2.634	15.07	6.94	4.717	12.18	3.484	16.59	13.19	2.862	19.47	25.29	11.25	14.35	2.091	17.83	2.787	6.49	1.15	4.162	1.62	7.377	4.472	9.916	8.198	11.99	1.995	6.594	2.494	4.029	12.43	16.69	1.909	9.682	16.39	4.818	0.2609	22.07	2.924	4.28
3.212	7.577	5.073	10.31	1.374	1.766	3.294	2.341	3.677	5.057	10.22	17.15	9.5	8.819	15.77	9.942	7.019	2.94	8.926	8.727	5.24	7.731	31.67	1.522	12.4	4.586	15.48	8.651	3.803	3.439	3.574	10.39	16.96	2.283	8.054	4.057	4.187	15.14	11.71	3.663	3.916	5.244	5.602	12.44	3.025	4.089	4.225	2.076	3.193	5.754	2.873	9.864	13.8	4.499	3.334	7.469	4.06	11.99	4.979	10.37	5.636	2.678	15.05	6.956	4.702	12.15	3.516	16.57	13.12	2.906	19.36	25.13	11.21	14.29	2.094	17.7	2.832	6.496	1.198	4.214	1.663	7.411	4.522	9.866	8.216	11.98	2.059	6.594	2.523	4.098	12.37	16.61	1.942	9.663	16.3	4.818	0.2134	21.9	2.949	4.333
3.229	7.65	5.095	10.31	1.396	1.803	3.43	2.348	3.68	5.083	10.27	17.01	9.477	8.821	15.73	9.956	7.004	3.015	8.886	8.805	5.273	7.737	31.43	1.588	12.46	4.631	15.37	8.672	3.878	3.442	3.596	10.64	16.85	2.297	8.019	4.083	4.249	15.06	11.63	3.686	3.931	5.266	5.625	12.36	3.064	4.113	4.279	2.162	3.258	5.797	2.926	9.842	13.69	4.561	3.342	7.575	4.158	11.94	4.978	10.34	5.65	2.721	15.02	6.972	4.688	12.12	3.548	16.55	13.06	2.95	19.25	24.97	11.17	14.23	2.097	17.57	2.877	6.502	1.246	4.266	1.705	7.446	4.571	9.816	8.235	11.96	2.123	6.594	2.552	4.167	12.31	16.54	1.976	9.644	16.22	4.819	0.166	21.73	2.975	4.387
3.246	7.722	5.116	10.3	1.417	1.84	3.565	2.354	3.682	5.108	10.31	16.86	9.455	8.823	15.69	9.97	6.989	3.09	8.847	8.884	5.307	7.743	31.19	1.654	12.53	4.677	15.27	8.693	3.952	3.446	3.617	10.89	16.74	2.312	7.983	4.108	4.311	14.97	11.55	3.709	3.945	5.289	5.647	12.29	3.102	4.138	4.334	2.247	3.323	5.841	2.979	9.821	13.58	4.623	3.35	7.682	4.256	11.89	4.977	10.31	5.664	2.765	14.99	6.988	4.673	12.09	3.58	16.53	12.99	2.994	19.14	24.8	11.12	14.16	2.1	17.45	2.922	6.509	1.295	4.319	1.748	7.48	4.621	9.766	8.253	11.95	2.187	6.595	2.581	4.236	12.25	16.46	2.009	9.624	16.13	4.82	0.1185	21.56	3	4.44
3.263	7.794	5.138	10.29	1.438	1.876	3.7	2.36	3.685	5.134	10.36	16.71	9.433	8.825	15.65	9.984	6.975	3.165	8.807	8.963	5.34	7.748	30.95	1.721	12.6	4.722	15.17	8.715	4.026	3.449	3.639	11.13	16.63	2.326	7.947	4.133	4.373	14.89	11.47	3.732	3.96	5.311	5.67	12.21	3.141	4.162	4.388	2.332	3.388	5.884	3.032	9.799	13.47	4.685	3.358	7.788	4.354	11.85	4.975	10.29	5.678	2.809	14.97	7.005	4.658	12.06	3.612	16.51	12.93	3.038	19.03	24.64	11.08	14.1	2.103	17.32	2.968	6.515	1.343	4.371	1.79	7.514	4.671	9.716	8.272	11.93	2.251	6.595	2.609	4.305	12.19	16.39	2.042	9.605	16.04	4.82	0.07101	21.39	3.026	4.494
3.28	7.867	5.159	10.29	1.46	1.913	3.836	2.367	3.688	5.16	10.4	16.56	9.411	8.827	15.61	9.998	6.96	3.24	8.768	9.041	5.374	7.754	30.71	1.787	12.66	4.767	15.07	8.736	4.1	3.452	3.66	11.38	16.52	2.34	7.912	4.158	4.435	14.8	11.39	3.756	3.974	5.333	5.692	12.14	3.179	4.186	4.443	2.418	3.453	5.928	3.085	9.778	13.36	4.747	3.366	7.894	4.452	11.8	4.974	10.26	5.692	2.853	14.94	7.021	4.644	12.03	3.643	16.48	12.86	3.082	18.92	24.48	11.04	14.04	2.106	17.19	3.013	6.521	1.391	4.423	1.833	7.548	4.721	9.666	8.291	11.92	2.314	6.595	2.638	4.374	12.13	16.31	2.076	9.586	15.96	4.821	0.02353	21.23	3.051	4.547
3.297	7.939	5.181	10.28	1.481	1.95	3.971	2.373	3.691	5.186	10.45	16.41	9.389	8.828	15.57	10.01	6.945	3.315	8.728	9.12	5.408	7.76	30.47	1.853	12.73	4.813	14.96	8.758	4.175	3.455	3.682	11.63	16.41	2.354	7.876	4.184	4.497	14.72	11.31	3.779	3.989	5.356	5.715	12.07	3.218	4.211	4.498	2.503	3.518	5.971	3.139	9.756	13.25	4.809	3.375	8	4.55	11.75	4.973	10.23	5.705	2.897	14.92	7.037	4.629	12	3.675	16.46	12.8	3.126	18.81	24.32	10.99	13.97	2.109	17.06	3.058	6.528	1.44	4.475	1.876	7.582	4.77	9.616	8.309	11.9	2.378	6.595	2.667	4.444	12.07	16.23	2.109	9.567	15.87	4.822	-0.02394	21.06	3.077	4.601
3.314	8.011	5.203	10.28	1.502	1.986	4.106	2.38	3.694	5.212	10.49	16.26	9.367	8.83	15.53	10.03	6.93	3.39	8.689	9.199	5.441	7.766	30.23	1.919	12.79	4.858	14.86	8.779	4.249	3.458	3.703	11.87	16.3	2.369	7.84	4.209	4.559	14.63	11.23	3.802	4.004	5.378	5.738	11.99	3.256	4.235	4.552	2.588	3.583	6.015	3.192	9.735	13.14	4.871	3.383	8.106	4.648	11.7	4.972	10.2	5.719	2.94	14.89	7.053	4.614	11.96	3.707	16.44	12.73	3.17	18.7	24.15	10.95	13.91	2.112	16.93	3.103	6.534	1.488	4.528	1.918	7.617	4.82	9.566	8.328	11.89	2.442	6.596	2.696	4.513	12.01	16.16	2.142	9.548	15.78	4.822	-0.07141	20.89	3.102	4.655
3.331	8.084	5.224	10.27	1.524	2.023	4.242	2.386	3.697	5.238	10.54	16.11	9.345	8.832	15.49	10.04	6.915	3.464	8.65	9.277	5.475	7.771	29.98	1.986	12.86	4.904	14.76	8.801	4.323	3.461	3.725	12.12	16.19	2.383	7.805	4.234	4.621	14.54	11.15	3.825	4.018	5.401	5.76	11.92	3.295	4.259	4.607	2.674	3.648	6.058	3.245	9.713	13.03	4.932	3.391	8.213	4.746	11.65	4.971	10.17	5.733	2.984	14.86	7.069	4.6	11.93	3.739	16.42	12.66	3.214	18.59	23.99	10.91	13.85	2.115	16.81	3.148	6.54	1.536	4.58	1.961	7.651	4.87	9.516	8.346	11.87	2.506	6.596	2.724	4.582	11.95	16.08	2.176	9.529	15.7	4.823	-0.1189	20.72	3.128	4.708
3.348	8.156	5.246	10.27	1.545	2.06	4.377	2.393	3.7	5.264	10.58	15.96	9.323	8.834	15.45	10.06	6.901	3.539	8.61	9.356	5.509	7.777	29.74	2.052	12.93	4.949	14.65	8.822	4.398	3.464	3.746	12.37	16.08	2.397	7.769	4.259	4.682	14.46	11.07	3.848	4.033	5.423	5.783	11.84	3.333	4.283	4.662	2.759	3.713	6.102	3.298	9.692	12.92	4.994	3.399	8.319	4.844	11.6	4.969	10.14	5.747	3.028	14.84	7.085	4.585	11.9	3.771	16.39	12.6	3.259	18.48	23.83	10.86	13.78	2.118	16.68	3.193	6.547	1.584	4.632	2.003	7.685	4.92	9.466	8.365	11.86	2.57	6.596	2.753	4.651	11.89	16.01	2.209	9.509	15.61	4.824	-0.1664	20.55	3.153	4.762
3.365	8.228	5.267	10.26	1.567	2.096	4.512	2.399	3.703	5.29	10.63	15.81	9.3	8.836	15.41	10.07	6.886	3.614	8.571	9.435	5.542	7.783	29.5	2.118	12.99	4.994	14.55	8.844	4.472	3.467	3.768	12.61	15.97	2.411	7.734	4.285	4.744	14.37	10.99	3.871	4.047	5.446	5.806	11.77	3.372	4.308	4.716	2.844	3.778	6.145	3.351	9.67	12.8	5.056	3.407	8.425	4.942	11.55	4.968	10.12	5.76	3.072	14.81	7.101	4.57	11.87	3.803	16.37	12.53	3.303	18.37	23.67	10.82	13.72	2.121	16.55	3.238	6.553	1.633	4.684	2.046	7.719	4.969	9.416	8.383	11.85	2.634	6.596	2.782	4.72	11.83	15.93	2.242	9.49	15.52	4.824	-0.2138	20.39	3.179	4.815
3.382	8.301	5.289	10.25	1.588	2.133	4.648	2.406	3.706	5.316	10.67	15.66	9.278	8.838	15.37	10.08	6.871	3.689	8.531	9.513	5.576	7.789	29.26	2.185	13.06	5.04	14.45	8.865	4.546	3.471	3.789	12.86	15.86	2.426	7.698	4.31	4.806	14.29	10.91	3.894	4.062	5.468	5.828	11.7	3.41	4.332	4.771	2.93	3.843	6.189	3.404	9.649	12.69	5.118	3.415	8.531	5.04	11.5	4.967	10.09	5.774	3.116	14.79	7.117	4.556	11.84	3.835	16.35	12.47	3.347	18.26	23.5	10.78	13.66	2.124	16.42	3.283	6.559	1.681	4.736	2.088	7.754	5.019	9.366	8.402	11.83	2.697	6.597	2.811	4.789	11.76	15.86	2.276	9.471	15.44	4.825	-0.2613	20.22	3.204	4.869
3.399	8.373	5.311	10.25	1.609	2.169	4.783	2.412	3.708	5.342	10.71	15.51	9.256	8.839	15.33	10.1	6.856	3.764	8.492	9.592	5.609	7.794	29.02	2.251	13.13	5.085	14.34	8.887	4.621	3.474	3.811	13.11	15.75	2.44	7.662	4.335	4.868	14.2	10.83	3.917	4.077	5.491	5.851	11.62	3.449	4.356	4.826	3.015	3.908	6.232	3.457	9.627	12.58	5.18	3.423	8.637	5.138	11.45	4.966	10.06	5.788	3.159	14.76	7.133	4.541	11.81	3.867	16.33	12.4	3.391	18.16	23.34	10.73	13.59	2.127	16.3	3.328	6.566	1.729	4.789	2.131	7.788	5.069	9.316	8.42	11.82	2.761	6.597	2.84	4.858	11.7	15.78	2.309	9.452	15.35	4.826	-0.3088	20.05	3.23	4.922
3.416	8.445	5.332	10.24	1.631	2.206	4.918	2.419	3.711	5.368	10.76	15.36	9.234	8.841	15.29	10.11	6.841	3.839	8.452	9.67	5.643	7.8	28.78	2.317	13.19	5.131	14.24	8.908	4.695	3.477	3.832	13.35	15.64	2.454	7.627	4.36	4.93	14.12	10.75	3.94	4.091	5.513	5.873	11.55	3.487	4.381	4.88	3.1	3.974	6.276	3.51	9.606	12.47	5.242	3.431	8.743	5.236	11.41	4.965	10.03	5.802	3.203	14.73	7.149	4.526	11.78	3.899	16.3	12.34	3.435	18.05	23.18	10.69	13.53	2.13	16.17	3.373	6.572	1.778	4.841	2.173	7.822	5.118	9.266	8.439	11.8	2.825	6.597	2.868	4.927	11.64	15.71	2.342	9.433	15.26	4.826	-0.3563	19.88	3.255	4.976
3.433	8.518	5.354	10.24	1.652	2.243	5.054	2.425	3.714	5.394	10.8	15.21	9.212	8.843	15.25	10.13	6.826	3.914	8.413	9.749	5.677	7.806	28.54	2.383	13.26	5.176	14.14	8.93	4.769	3.48	3.854	13.6	15.53	2.468	7.591	4.386	4.992	14.03	10.67	3.963	4.106	5.536	5.896	11.47	3.526	4.405	4.935	3.186	4.039	6.319	3.564	9.584	12.36	5.304	3.439	8.85	5.335	11.36	4.963	10	5.816	3.247	14.71	7.165	4.512	11.74	3.931	16.28	12.27	3.479	17.94	23.01	10.65	13.47	2.133	16.04	3.418	6.578	1.826	4.893	2.216	7.856	5.168	9.216	8.457	11.79	2.889	6.597	2.897	4.996	11.58	15.63	2.376	9.414	15.18	4.827	-0.4037	19.71	3.281	5.029
3.45	8.59	5.375	10.23	1.673	2.279	5.189	2.432	3.717	5.42	10.85	15.06	9.19	8.845	15.22	10.14	6.812	3.989	8.374	9.828	5.71	7.812	28.3	2.45	13.33	5.222	14.04	8.951	4.843	3.483	3.875	13.85	15.42	2.483	7.555	4.411	5.054	13.95	10.59	3.987	4.12	5.558	5.919	11.4	3.564	4.429	4.989	3.271	4.104	6.363	3.617	9.563	12.25	5.365	3.447	8.956	5.433	11.31	4.962	9.975	5.829	3.291	14.68	7.181	4.497	11.71	3.963	16.26	12.2	3.523	17.83	22.85	10.61	13.4	2.135	15.91	3.463	6.585	1.874	4.945	2.259	7.89	5.218	9.166	8.476	11.77	2.953	6.598	2.926	5.065	11.52	15.55	2.409	9.394	15.09	4.828	-0.4512	19.54	3.306	5.083
3.466	8.662	5.397	10.22	1.695	2.316	5.324	2.438	3.72	5.446	10.89	14.91	9.168	8.847	15.18	10.15	6.797	4.064	8.334	9.906	5.744	7.817	28.06	2.516	13.39	5.267	13.93	8.973	4.918	3.486	3.897	14.09	15.31	2.497	7.52	4.436	5.116	13.86	10.51	4.01	4.135	5.58	5.941	11.33	3.603	4.453	5.044	3.356	4.169	6.406	3.67	9.541	12.14	5.427	3.455	9.062	5.531	11.26	4.961	9.947	5.843	3.335	14.66	7.197	4.482	11.68	3.995	16.24	12.14	3.567	17.72	22.69	10.56	13.34	2.138	15.79	3.508	6.591	1.923	4.998	2.301	7.925	5.268	9.116	8.494	11.76	3.017	6.598	2.955	5.134	11.46	15.48	2.442	9.375	15	4.828	-0.4987	19.38	3.332	5.137
3.483	8.735	5.419	10.22	1.716	2.353	5.46	2.445	3.723	5.472	10.94	14.76	9.146	8.849	15.14	10.17	6.782	4.139	8.295	9.985	5.777	7.823	27.82	2.582	13.46	5.312	13.83	8.994	4.992	3.489	3.918	14.34	15.2	2.511	7.484	4.461	5.177	13.78	10.43	4.033	4.15	5.603	5.964	11.25	3.641	4.478	5.099	3.442	4.234	6.45	3.723	9.52	12.03	5.489	3.463	9.168	5.629	11.21	4.96	9.918	5.857	3.379	14.63	7.213	4.468	11.65	4.027	16.21	12.07	3.612	17.61	22.53	10.52	13.28	2.141	15.66	3.554	6.597	1.971	5.05	2.344	7.959	5.317	9.066	8.513	11.74	3.08	6.598	2.984	5.203	11.4	15.4	2.476	9.356	14.92	4.829	-0.5461	19.21	3.357	5.19
3.5	8.807	5.44	10.21	1.737	2.389	5.595	2.451	3.726	5.498	10.98	14.61	9.123	8.851	15.1	10.18	6.767	4.214	8.255	10.06	5.811	7.829	27.58	2.649	13.53	5.358	13.73	9.016	5.066	3.492	3.94	14.58	15.09	2.525	7.448	4.487	5.239	13.69	10.35	4.056	4.164	5.625	5.986	11.18	3.68	4.502	5.153	3.527	4.299	6.493	3.776	9.499	11.92	5.551	3.471	9.274	5.727	11.16	4.959	9.89	5.871	3.422	14.6	7.229	4.453	11.62	4.058	16.19	12.01	3.656	17.5	22.36	10.48	13.21	2.144	15.53	3.599	6.604	2.019	5.102	2.386	7.993	5.367	9.016	8.532	11.73	3.144	6.598	3.012	5.273	11.34	15.33	2.509	9.337	14.83	4.83	-0.5936	19.04	3.383	5.244
3.517	8.88	5.462	10.21	1.759	2.426	5.73	2.458	3.729	5.524	11.03	14.46	9.101	8.852	15.06	10.2	6.752	4.289	8.216	10.14	5.845	7.835	27.34	2.715	13.59	5.403	13.62	9.037	5.141	3.496	3.961	14.83	14.98	2.54	7.413	4.512	5.301	13.61	10.27	4.079	4.179	5.648	6.009	11.1	3.718	4.526	5.208	3.612	4.364	6.537	3.829	9.477	11.81	5.613	3.479	9.381	5.825	11.11	4.957	9.862	5.884	3.466	14.58	7.245	4.438	11.59	4.09	16.17	11.94	3.7	17.39	22.2	10.43	13.15	2.147	15.4	3.644	6.61	2.067	5.154	2.429	8.027	5.417	8.966	8.55	11.72	3.208	6.599	3.041	5.342	11.28	15.25	2.542	9.318	14.74	4.83	-0.6411	18.87	3.408	5.297
3.534	8.952	5.483	10.2	1.78	2.463	5.866	2.464	3.732	5.55	11.07	14.31	9.079	8.854	15.02	10.21	6.738	4.364	8.177	10.22	5.878	7.84	27.1	2.781	13.66	5.449	13.52	9.059	5.215	3.499	3.983	15.08	14.87	2.554	7.377	4.537	5.363	13.52	10.19	4.102	4.193	5.67	6.032	11.03	3.757	4.551	5.263	3.698	4.429	6.581	3.882	9.456	11.7	5.675	3.487	9.487	5.923	11.06	4.956	9.834	5.898	3.51	14.55	7.261	4.424	11.56	4.122	16.15	11.88	3.744	17.28	22.04	10.39	13.09	2.15	15.28	3.689	6.616	2.116	5.206	2.471	8.061	5.467	8.916	8.569	11.7	3.272	6.599	3.07	5.411	11.22	15.18	2.576	9.299	14.66	4.831	-0.6886	18.7	3.434	5.351
3.551	9.024	5.505	10.19	1.802	2.499	6.001	2.471	3.734	5.575	11.12	14.16	9.057	8.856	14.98	10.23	6.723	4.439	8.137	10.3	5.912	7.846	26.86	2.847	13.73	5.494	13.42	9.08	5.289	3.502	4.004	15.32	14.76	2.568	7.342	4.562	5.425	13.44	10.11	4.125	4.208	5.693	6.054	10.96	3.795	4.575	5.317	3.783	4.494	6.624	3.935	9.434	11.59	5.737	3.495	9.593	6.021	11.01	4.955	9.805	5.912	3.554	14.53	7.277	4.409	11.52	4.154	16.13	11.81	3.788	17.17	21.88	10.35	13.02	2.153	15.15	3.734	6.623	2.164	5.259	2.514	8.096	5.516	8.866	8.587	11.69	3.336	6.599	3.099	5.48	11.15	15.1	2.609	9.279	14.57	4.832	-0.736	18.53	3.459	5.404
3.568	9.097	5.527	10.19	1.823	2.536	6.136	2.477	3.737	5.601	11.16	14.01	9.035	8.858	14.94	10.24	6.708	4.514	8.098	10.38	5.946	7.852	26.62	2.914	13.79	5.539	13.31	9.102	5.363	3.505	4.026	15.57	14.65	2.582	7.306	4.588	5.487	13.35	10.03	4.148	4.223	5.715	6.077	10.88	3.834	4.599	5.372	3.868	4.559	6.668	3.989	9.413	11.48	5.798	3.503	9.699	6.119	10.97	4.954	9.777	5.926	3.598	14.5	7.293	4.394	11.49	4.186	16.1	11.74	3.832	17.06	21.71	10.3	12.96	2.156	15.02	3.779	6.629	2.212	5.311	2.557	8.13	5.566	8.816	8.606	11.67	3.4	6.6	3.127	5.549	11.09	15.02	2.643	9.26	14.49	4.833	-0.7835	18.37	3.485	5.458
3.585	9.169	5.548	10.18	1.844	2.572	6.272	2.483	3.74	5.627	11.21	13.86	9.013	8.86	14.9	10.25	6.693	4.589	8.058	10.46	5.979	7.858	26.38	2.98	13.86	5.585	13.21	9.123	5.438	3.508	4.047	15.82	14.54	2.597	7.27	4.613	5.549	13.27	9.949	4.171	4.237	5.738	6.099	10.81	3.872	4.623	5.427	3.954	4.624	6.711	4.042	9.391	11.37	5.86	3.512	9.805	6.217	10.92	4.953	9.749	5.939	3.641	14.47	7.309	4.38	11.46	4.218	16.08	11.68	3.876	16.95	21.55	10.26	12.9	2.159	14.89	3.824	6.635	2.261	5.363	2.599	8.164	5.616	8.766	8.624	11.66	3.463	6.6	3.156	5.618	11.03	14.95	2.676	9.241	14.4	4.833	-0.831	18.2	3.51	5.511
3.602	9.241	5.57	10.18	1.866	2.609	6.407	2.49	3.743	5.653	11.25	13.71	8.991	8.862	14.86	10.27	6.678	4.664	8.019	10.54	6.013	7.863	26.14	3.046	13.92	5.63	13.11	9.145	5.512	3.511	4.069	16.06	14.43	2.611	7.235	4.638	5.611	13.18	9.87	4.195	4.252	5.76	6.122	10.73	3.911	4.648	5.481	4.039	4.689	6.755	4.095	9.37	11.26	5.922	3.52	9.912	6.315	10.87	4.951	9.721	5.953	3.685	14.45	7.325	4.365	11.43	4.25	16.06	11.61	3.92	16.84	21.39	10.22	12.83	2.162	14.77	3.869	6.642	2.309	5.415	2.642	8.198	5.665	8.716	8.643	11.64	3.527	6.6	3.185	5.687	10.97	14.87	2.709	9.222	14.31	4.834	-0.8785	18.03	3.536	5.565
3.619	9.314	5.591	10.17	1.887	2.646	6.542	2.496	3.746	5.679	11.3	13.56	8.969	8.864	14.82	10.28	6.664	4.738	7.979	10.61	6.046	7.869	25.9	3.113	13.99	5.676	13.01	9.166	5.586	3.514	4.09	16.31	14.32	2.625	7.199	4.663	5.672	13.1	9.79	4.218	4.266	5.783	6.145	10.66	3.949	4.672	5.536	4.124	4.754	6.798	4.148	9.348	11.15	5.984	3.528	10.02	6.413	10.82	4.95	9.693	5.967	3.729	14.42	7.341	4.35	11.4	4.282	16.04	11.55	3.965	16.73	21.23	10.17	12.77	2.165	14.64	3.914	6.648	2.357	5.468	2.684	8.233	5.715	8.666	8.661	11.63	3.591	6.6	3.214	5.756	10.91	14.8	2.743	9.203	14.23	4.835	-0.9259	17.86	3.561	5.618
3.636	9.386	5.613	10.16	1.908	2.682	6.678	2.503	3.749	5.705	11.34	13.41	8.946	8.865	14.78	10.3	6.649	4.813	7.94	10.69	6.08	7.875	25.66	3.179	14.06	5.721	12.9	9.188	5.661	3.517	4.112	16.56	14.21	2.639	7.163	4.689	5.734	13.01	9.71	4.241	4.281	5.805	6.167	10.59	3.988	4.696	5.59	4.21	4.819	6.842	4.201	9.327	11.04	6.046	3.536	10.12	6.511	10.77	4.949	9.664	5.981	3.773	14.4	7.358	4.335	11.37	4.314	16.01	11.48	4.009	16.62	21.06	10.13	12.71	2.168	14.51	3.959	6.654	2.405	5.52	2.727	8.267	5.765	8.616	8.68	11.62	3.655	6.601	3.243	5.825	10.85	14.72	2.776	9.184	14.14	4.835	-0.9734	17.69	3.587	5.672
3.653	9.458	5.635	10.16	1.93	2.719	6.813	2.509	3.752	5.731	11.39	13.26	8.924	8.867	14.74	10.31	6.634	4.888	7.901	10.77	6.114	7.881	25.42	3.245	14.12	5.766	12.8	9.209	5.735	3.521	4.133	16.8	14.1	2.654	7.128	4.714	5.796	12.93	9.63	4.264	4.296	5.827	6.19	10.51	4.026	4.721	5.645	4.295	4.884	6.885	4.254	9.305	10.93	6.108	3.544	10.23	6.609	10.72	4.948	9.636	5.995	3.817	14.37	7.374	4.321	11.34	4.346	15.99	11.42	4.053	16.51	20.9	10.09	12.64	2.171	14.38	4.004	6.661	2.454	5.572	2.769	8.301	5.815	8.566	8.698	11.6	3.719	6.601	3.271	5.894	10.79	14.65	2.809	9.164	14.05	4.836	-1.021	17.52	3.612	5.726
3.67	9.531	5.656	10.15	1.951	2.756	6.948	2.516	3.755	5.757	11.43	13.11	8.902	8.869	14.7	10.32	6.619	4.963	7.861	10.85	6.147	7.886	25.17	3.311	14.19	5.812	12.7	9.231	5.809	3.524	4.155	17.05	13.99	2.668	7.092	4.739	5.858	12.84	9.55	4.287	4.31	5.85	6.212	10.44	4.065	4.745	5.7	4.38	4.949	6.929	4.307	9.284	10.82	6.17	3.552	10.34	6.707	10.67	4.947	9.608	6.008	3.86	14.34	7.39	4.306	11.3	4.378	15.97	11.35	4.097	16.4	20.74	10.04	12.58	2.174	14.26	4.049	6.667	2.502	5.624	2.812	8.335	5.864	8.516	8.717	11.59	3.783	6.601	3.3	5.963	10.73	14.57	2.843	9.145	13.97	4.837	-1.068	17.36	3.638	5.779
3.687	9.603	5.678	10.15	1.972	2.792	7.084	2.522	3.758	5.783	11.48	12.96	8.88	8.871	14.66	10.34	6.604	5.038	7.822	10.93	6.181	7.892	24.93	3.378	14.26	5.857	12.59	9.252	5.883	3.527	4.176	17.3	13.88	2.682	7.057	4.764	5.92	12.76	9.47	4.31	4.325	5.872	6.235	10.36	4.103	4.769	5.754	4.466	5.014	6.972	4.36	9.262	10.71	6.231	3.56	10.44	6.805	10.62	4.945	9.58	6.022	3.904	14.32	7.406	4.291	11.27	4.41	15.95	11.28	4.141	16.29	20.58	10	12.52	2.177	14.13	4.094	6.673	2.55	5.676	2.855	8.369	5.914	8.466	8.736	11.57	3.846	6.601	3.329	6.032	10.67	14.49	2.876	9.126	13.88	4.837	-1.116	17.19	3.663	5.833
3.704	9.675	5.699	10.14	1.994	2.829	7.219	2.529	3.76	5.809	11.52	12.81	8.858	8.873	14.62	10.35	6.59	5.113	7.782	11.01	6.215	7.898	24.69	3.444	14.32	5.903	12.49	9.274	5.958	3.53	4.198	17.54	13.77	2.696	7.021	4.79	5.982	12.67	9.39	4.333	4.339	5.895	6.258	10.29	4.142	4.793	5.809	4.551	5.08	7.016	4.414	9.241	10.6	6.293	3.568	10.55	6.903	10.57	4.944	9.552	6.036	3.948	14.29	7.422	4.277	11.24	4.442	15.92	11.22	4.185	16.18	20.41	9.958	12.45	2.18	14	4.139	6.68	2.599	5.729	2.897	8.404	5.964	8.416	8.754	11.56	3.91	6.602	3.358	6.101	10.61	14.42	2.909	9.107	13.79	4.838	-1.163	17.02	3.689	5.886
3.721	9.748	5.721	10.14	2.015	2.866	7.354	2.535	3.763	5.835	11.57	12.67	8.836	8.875	14.58	10.37	6.575	5.188	7.743	11.09	6.248	7.904	24.45	3.51	14.39	5.948	12.39	9.295	6.032	3.533	4.219	17.79	13.66	2.711	6.985	4.815	6.044	12.58	9.311	4.356	4.354	5.917	6.28	10.22	4.18	4.818	5.864	4.636	5.145	7.059	4.467	9.219	10.49	6.355	3.576	10.65	7.001	10.53	4.943	9.523	6.05	3.992	14.27	7.438	4.262	11.21	4.474	15.9	11.15	4.229	16.07	20.25	9.915	12.39	2.182	13.87	4.185	6.686	2.647	5.781	2.94	8.438	6.014	8.366	8.773	11.54	3.974	6.602	3.387	6.171	10.54	14.34	2.943	9.088	13.71	4.839	-1.211	16.85	3.714	5.94
3.738	9.82	5.743	10.13	2.037	2.902	7.49	2.542	3.766	5.861	11.61	12.52	8.814	8.877	14.54	10.38	6.56	5.263	7.703	11.16	6.282	7.91	24.21	3.577	14.46	5.994	12.28	9.317	6.106	3.536	4.241	18.04	13.55	2.725	6.95	4.84	6.105	12.5	9.231	4.379	4.369	5.94	6.303	10.14	4.219	4.842	5.918	4.722	5.21	7.103	4.52	9.198	10.38	6.417	3.584	10.76	7.099	10.48	4.942	9.495	6.063	4.036	14.24	7.454	4.247	11.18	4.505	15.88	11.09	4.273	15.96	20.09	9.872	12.33	2.185	13.75	4.23	6.692	2.695	5.833	2.982	8.472	6.063	8.316	8.791	11.53	4.038	6.602	3.415	6.24	10.48	14.27	2.976	9.069	13.62	4.839	-1.258	16.68	3.74	5.993
3.755	9.892	5.764	10.12	2.058	2.939	7.625	2.548	3.769	5.887	11.66	12.37	8.792	8.878	14.5	10.4	6.545	5.338	7.664	11.24	6.315	7.915	23.97	3.643	14.52	6.039	12.18	9.338	6.181	3.539	4.262	18.28	13.44	2.739	6.914	4.865	6.167	12.41	9.151	4.403	4.383	5.962	6.325	10.07	4.257	4.866	5.973	4.807	5.275	7.146	4.573	9.176	10.27	6.479	3.592	10.87	7.197	10.43	4.941	9.467	6.077	4.079	14.21	7.47	4.233	11.15	4.537	15.86	11.02	4.317	15.86	19.93	9.829	12.26	2.188	13.62	4.275	6.699	2.743	5.885	3.025	8.506	6.113	8.266	8.81	11.51	4.102	6.602	3.444	6.309	10.42	14.19	3.009	9.049	13.53	4.84	-1.306	16.52	3.765	6.047
3.772	9.965	5.786	10.12	2.079	2.976	7.76	2.555	3.772	5.913	11.7	12.22	8.769	8.88	14.46	10.41	6.53	5.413	7.625	11.32	6.349	7.921	23.73	3.709	14.59	6.084	12.08	9.36	6.255	3.542	4.284	18.53	13.33	2.753	6.878	4.891	6.229	12.33	9.071	4.426	4.398	5.985	6.348	9.994	4.296	4.891	6.028	4.892	5.34	7.19	4.626	9.155	10.16	6.541	3.6	10.97	7.295	10.38	4.939	9.439	6.091	4.123	14.19	7.486	4.218	11.12	4.569	15.83	10.96	4.362	15.75	19.76	9.786	12.2	2.191	13.49	4.32	6.705	2.792	5.938	3.067	8.54	6.163	8.216	8.828	11.5	4.166	6.603	3.473	6.378	10.36	14.12	3.043	9.03	13.45	4.841	-1.353	16.35	3.791	6.1
3.789	10.04	5.807	10.11	2.101	3.012	7.896	2.561	3.775	5.939	11.75	12.07	8.747	8.882	14.42	10.42	6.516	5.488	7.585	11.4	6.383	7.927	23.49	3.775	14.66	6.13	11.98	9.381	6.329	3.546	4.305	18.78	13.22	2.768	6.843	4.916	6.291	12.24	8.991	4.449	4.412	6.007	6.371	9.92	4.334	4.915	6.082	4.978	5.405	7.233	4.679	9.133	10.05	6.603	3.608	11.08	7.393	10.33	4.938	9.41	6.105	4.167	14.16	7.502	4.203	11.08	4.601	15.81	10.89	4.406	15.64	19.6	9.743	12.14	2.194	13.36	4.365	6.711	2.84	5.99	3.11	8.575	6.212	8.166	8.847	11.49	4.229	6.603	3.502	6.447	10.3	14.04	3.076	9.011	13.36	4.841	-1.401	16.18	3.816	6.154
3.806	10.11	5.829	10.11	2.122	3.049	8.031	2.568	3.778	5.965	11.79	11.92	8.725	8.884	14.38	10.44	6.501	5.563	7.546	11.48	6.416	7.933	23.25	3.842	14.72	6.175	11.87	9.403	6.403	3.549	4.327	19.02	13.11	2.782	6.807	4.941	6.353	12.16	8.911	4.472	4.427	6.03	6.393	9.846	4.373	4.939	6.137	5.063	5.47	7.277	4.732	9.112	9.938	6.665	3.616	11.19	7.491	10.28	4.937	9.382	6.118	4.211	14.14	7.518	4.189	11.05	4.633	15.79	10.82	4.45	15.53	19.44	9.7	12.07	2.197	13.24	4.41	6.718	2.888	6.042	3.152	8.609	6.262	8.116	8.865	11.47	4.293	6.603	3.53	6.516	10.24	13.96	3.109	8.992	13.27	4.842	-1.448	16.01	3.842	6.208
3.823	10.18	5.851	10.1	2.143	3.085	8.166	2.574	3.781	5.991	11.84	11.77	8.703	8.886	14.34	10.45	6.486	5.638	7.506	11.56	6.45	7.938	23.01	3.908	14.79	6.221	11.77	9.424	6.478	3.552	4.348	19.27	13	2.796	6.771	4.966	6.415	12.07	8.832	4.495	4.442	6.052	6.416	9.772	4.411	4.963	6.191	5.148	5.535	7.32	4.785	9.09	9.828	6.726	3.624	11.29	7.59	10.23	4.936	9.354	6.132	4.255	14.11	7.534	4.174	11.02	4.665	15.77	10.76	4.494	15.42	19.28	9.656	12.01	2.2	13.11	4.455	6.724	2.937	6.094	3.195	8.643	6.312	8.066	8.884	11.46	4.357	6.603	3.559	6.585	10.18	13.89	3.143	8.973	13.19	4.843	-1.496	15.84	3.867	6.261
3.84	10.25	5.872	10.09	2.165	3.122	8.302	2.581	3.784	6.017	11.88	11.62	8.681	8.888	14.3	10.47	6.471	5.713	7.467	11.64	6.483	7.944	22.77	3.974	14.86	6.266	11.67	9.446	6.552	3.555	4.37	19.51	12.89	2.81	6.736	4.992	6.477	11.99	8.752	4.518	4.456	6.075	6.438	9.698	4.45	4.988	6.246	5.233	5.6	7.364	4.839	9.069	9.717	6.788	3.632	11.4	7.688	10.18	4.935	9.326	6.146	4.298	14.08	7.55	4.159	10.99	4.697	15.75	10.69	4.538	15.31	19.11	9.613	11.95	2.203	12.98	4.5	6.73	2.985	6.146	3.238	8.677	6.362	8.016	8.902	11.44	4.421	6.604	3.588	6.654	10.12	13.81	3.176	8.954	13.1	4.843	-1.543	15.67	3.893	6.315
3.857	10.33	5.894	10.09	2.186	3.159	8.437	2.587	3.786	6.042	11.92	11.47	8.659	8.889	14.26	10.48	6.456	5.788	7.428	11.72	6.517	7.95	22.53	4.041	14.92	6.311	11.56	9.467	6.626	3.558	4.391	19.76	12.78	2.824	6.7	5.017	6.539	11.9	8.672	4.541	4.471	6.097	6.461	9.624	4.488	5.012	6.301	5.319	5.665	7.407	4.892	9.047	9.607	6.85	3.64	11.5	7.786	10.13	4.933	9.298	6.16	4.342	14.06	7.566	4.145	10.96	4.729	15.72	10.63	4.582	15.2	18.95	9.57	11.88	2.206	12.85	4.545	6.737	3.033	6.199	3.28	8.712	6.411	7.966	8.921	11.43	4.485	6.604	3.617	6.723	10.06	13.74	3.209	8.934	13.01	4.844	-1.591	15.51	3.918	6.368
3.874	10.4	5.915	10.08	2.207	3.195	8.572	2.593	3.789	6.068	11.97	11.32	8.637	8.891	14.22	10.5	6.442	5.863	7.388	11.79	6.551	7.956	22.29	4.107	14.99	6.357	11.46	9.489	6.701	3.561	4.413	20.01	12.67	2.839	6.665	5.042	6.6	11.82	8.592	4.564	4.485	6.119	6.484	9.55	4.527	5.036	6.355	5.404	5.73	7.451	4.945	9.026	9.497	6.912	3.649	11.61	7.884	10.09	4.932	9.269	6.174	4.386	14.03	7.582	4.13	10.93	4.761	15.7	10.56	4.626	15.09	18.79	9.527	11.82	2.209	12.72	4.59	6.743	3.081	6.251	3.323	8.746	6.461	7.916	8.939	11.41	4.549	6.604	3.646	6.792	9.996	13.66	3.243	8.915	12.93	4.845	-1.638	15.34	3.944	6.422
3.89	10.47	5.937	10.08	2.229	3.232	8.708	2.6	3.792	6.094	12.01	11.17	8.615	8.893	14.18	10.51	6.427	5.938	7.349	11.87	6.584	7.961	22.05	4.173	15.05	6.402	11.36	9.51	6.775	3.564	4.435	20.25	12.56	2.853	6.629	5.067	6.662	11.73	8.512	4.587	4.5	6.142	6.506	9.476	4.565	5.061	6.41	5.489	5.795	7.494	4.998	9.004	9.386	6.974	3.657	11.72	7.982	10.04	4.931	9.241	6.187	4.43	14.01	7.598	4.115	10.9	4.793	15.68	10.5	4.67	14.98	18.63	9.484	11.76	2.212	12.6	4.635	6.749	3.13	6.303	3.365	8.78	6.511	7.866	8.958	11.4	4.612	6.605	3.674	6.861	9.935	13.59	3.276	8.896	12.84	4.845	-1.686	15.17	3.969	6.475
3.907	10.54	5.959	10.07	2.25	3.269	8.843	2.606	3.795	6.12	12.06	11.02	8.592	8.895	14.14	10.52	6.412	6.012	7.309	11.95	6.618	7.967	21.81	4.239	15.12	6.448	11.26	9.532	6.849	3.567	4.456	20.5	12.45	2.867	6.593	5.093	6.724	11.65	8.432	4.611	4.515	6.164	6.529	9.402	4.604	5.085	6.465	5.575	5.86	7.538	5.051	8.983	9.276	7.036	3.665	11.82	8.08	9.988	4.93	9.213	6.201	4.474	13.98	7.614	4.101	10.86	4.825	15.66	10.43	4.715	14.87	18.46	9.441	11.69	2.215	12.47	4.68	6.756	3.178	6.355	3.408	8.814	6.561	7.816	8.977	11.38	4.676	6.605	3.703	6.93	9.874	13.51	3.309	8.877	12.75	4.846	-1.733	15	3.995	6.529
3.924	10.62	5.98	10.06	2.272	3.305	8.978	2.613	3.798	6.146	12.1	10.87	8.57	8.897	14.1	10.54	6.397	6.087	7.27	12.03	6.652	7.973	21.57	4.306	15.19	6.493	11.15	9.553	6.923	3.571	4.478	20.75	12.34	2.881	6.558	5.118	6.786	11.56	8.352	4.634	4.529	6.187	6.551	9.328	4.642	5.109	6.519	5.66	5.925	7.582	5.104	8.962	9.166	7.098	3.673	11.93	8.178	9.939	4.929	9.185	6.215	4.518	13.95	7.63	4.086	10.83	4.857	15.63	10.36	4.759	14.76	18.3	9.398	11.63	2.218	12.34	4.725	6.762	3.226	6.408	3.45	8.848	6.61	7.766	8.995	11.37	4.74	6.605	3.732	6.999	9.813	13.44	3.343	8.858	12.67	4.847	-1.78	14.83	4.02	6.582
3.941	10.69	6.002	10.06	2.293	3.342	9.114	2.619	3.801	6.172	12.15	10.72	8.548	8.899	14.06	10.55	6.382	6.162	7.23	12.11	6.685	7.979	21.33	4.372	15.25	6.539	11.05	9.575	6.998	3.574	4.499	20.99	12.23	2.896	6.522	5.143	6.848	11.48	8.273	4.657	4.544	6.209	6.574	9.254	4.681	5.134	6.574	5.745	5.99	7.625	5.157	8.94	9.056	7.159	3.681	12.04	8.276	9.89	4.927	9.157	6.229	4.561	13.93	7.646	4.071	10.8	4.889	15.61	10.3	4.803	14.65	18.14	9.355	11.57	2.221	12.21	4.771	6.768	3.275	6.46	3.493	8.883	6.66	7.716	9.014	11.36	4.804	6.605	3.761	7.069	9.753	13.36	3.376	8.839	12.58	4.847	-1.828	14.66	4.046	6.636
3.958	10.76	6.023	10.05	2.314	3.379	9.249	2.626	3.804	6.198	12.19	10.57	8.526	8.901	14.02	10.57	6.368	6.237	7.191	12.19	6.719	7.984	21.09	4.438	15.32	6.584	10.95	9.596	7.072	3.577	4.521	21.24	12.12	2.91	6.486	5.168	6.91	11.39	8.193	4.68	4.558	6.232	6.597	9.18	4.719	5.158	6.629	5.831	6.055	7.669	5.21	8.919	8.945	7.221	3.689	12.14	8.374	9.841	4.926	9.128	6.242	4.605	13.9	7.662	4.057	10.77	4.92	15.59	10.23	4.847	14.54	17.98	9.311	11.51	2.224	12.09	4.816	6.775	3.323	6.512	3.536	8.917	6.71	7.666	9.032	11.34	4.868	6.606	3.79	7.138	9.692	13.28	3.409	8.819	12.49	4.848	-1.875	14.5	4.071	6.689
3.975	10.83	6.045	10.05	2.336	3.415	9.384	2.632	3.807	6.224	12.24	10.42	8.504	8.902	13.98	10.58	6.353	6.312	7.152	12.27	6.752	7.99	20.85	4.505	15.39	6.629	10.84	9.618	7.146	3.58	4.542	21.49	12	2.924	6.451	5.194	6.972	11.31	8.113	4.703	4.573	6.254	6.619	9.106	4.758	5.182	6.683	5.916	6.12	7.712	5.264	8.897	8.835	7.283	3.697	12.25	8.472	9.792	4.925	9.1	6.256	4.649	13.88	7.678	4.042	10.74	4.952	15.57	10.17	4.891	14.43	17.81	9.268	11.44	2.226	11.96	4.861	6.781	3.371	6.564	3.578	8.951	6.759	7.616	9.051	11.33	4.932	6.606	3.818	7.207	9.631	13.21	3.443	8.8	12.41	4.849	-1.923	14.33	4.097	6.743
3.992	10.91	6.067	10.04	2.357	3.452	9.52	2.639	3.81	6.25	12.28	10.27	8.482	8.904	13.94	10.59	6.338	6.387	7.112	12.34	6.786	7.996	20.61	4.571	15.45	6.675	10.74	9.639	7.221	3.583	4.564	21.73	11.89	2.938	6.415	5.219	7.034	11.22	8.033	4.726	4.588	6.277	6.642	9.032	4.796	5.206	6.738	6.001	6.186	7.756	5.317	8.876	8.725	7.345	3.705	12.35	8.57	9.743	4.924	9.072	6.27	4.693	13.85	7.694	4.027	10.71	4.984	15.54	10.1	4.935	14.32	17.65	9.225	11.38	2.229	11.83	4.906	6.787	3.42	6.616	3.621	8.985	6.809	7.566	9.069	11.31	4.995	6.606	3.847	7.276	9.57	13.13	3.476	8.781	12.32	4.85	-1.97	14.16	4.122	6.797
4.009	10.98	6.088	10.03	2.378	3.488	9.655	2.645	3.812	6.276	12.33	10.12	8.46	8.906	13.9	10.61	6.323	6.462	7.073	12.42	6.82	8.002	20.36	4.637	15.52	6.72	10.64	9.661	7.295	3.586	4.585	21.98	11.78	2.953	6.38	5.244	7.095	11.14	7.953	4.749	4.602	6.299	6.665	8.958	4.835	5.231	6.792	6.087	6.251	7.799	5.37	8.854	8.615	7.407	3.713	12.46	8.668	9.694	4.923	9.044	6.284	4.737	13.82	7.711	4.013	10.68	5.016	15.52	10.04	4.979	14.21	17.49	9.182	11.32	2.232	11.7	4.951	6.794	3.468	6.669	3.663	9.02	6.859	7.516	9.088	11.3	5.059	6.606	3.876	7.345	9.509	13.06	3.51	8.762	12.23	4.85	-2.018	13.99	4.148	6.85
4.026	11.05	6.11	10.03	2.4	3.525	9.79	2.652	3.815	6.302	12.37	9.971	8.438	8.908	13.86	10.62	6.308	6.537	7.033	12.5	6.853	8.007	20.12	4.703	15.59	6.766	10.53	9.682	7.369	3.589	4.607	22.23	11.67	2.967	6.344	5.269	7.157	11.05	7.873	4.772	4.617	6.322	6.687	8.884	4.873	5.255	6.847	6.172	6.316	7.843	5.423	8.833	8.504	7.469	3.721	12.57	8.766	9.645	4.921	9.015	6.297	4.78	13.8	7.727	3.998	10.64	5.048	15.5	9.971	5.023	14.1	17.33	9.139	11.25	2.235	11.58	4.996	6.8	3.516	6.721	3.706	9.054	6.909	7.466	9.106	11.28	5.123	6.607	3.905	7.414	9.448	12.98	3.543	8.743	12.15	4.851	-2.065	13.82	4.173	6.904
4.043	11.12	6.131	10.02	2.421	3.562	9.926	2.658	3.818	6.328	12.42	9.821	8.415	8.91	13.82	10.64	6.294	6.612	6.994	12.58	6.887	8.013	19.88	4.77	15.65	6.811	10.43	9.704	7.444	3.592	4.628	22.47	11.56	2.981	6.308	5.295	7.219	10.97	7.793	4.795	4.631	6.344	6.71	8.81	4.912	5.279	6.902	6.257	6.381	7.886	5.476	8.811	8.394	7.531	3.729	12.67	8.864	9.597	4.92	8.987	6.311	4.824	13.77	7.743	3.983	10.61	5.08	15.48	9.905	5.068	13.99	17.16	9.096	11.19	2.238	11.45	5.041	6.806	3.564	6.773	3.748	9.088	6.958	7.416	9.125	11.27	5.187	6.607	3.933	7.483	9.387	12.91	3.576	8.724	12.06	4.852	-2.113	13.65	4.199	6.957
4.06	11.19	6.153	10.02	2.442	3.598	10.06	2.665	3.821	6.354	12.46	9.672	8.393	8.912	13.78	10.65	6.279	6.687	6.954	12.66	6.921	8.019	19.64	4.836	15.72	6.856	10.33	9.725	7.518	3.596	4.65	22.72	11.45	2.995	6.273	5.32	7.281	10.88	7.714	4.818	4.646	6.366	6.732	8.736	4.95	5.304	6.956	6.343	6.446	7.93	5.529	8.79	8.284	7.592	3.737	12.78	8.962	9.548	4.919	8.959	6.325	4.868	13.75	7.759	3.969	10.58	5.112	15.45	9.839	5.112	13.88	17	9.053	11.13	2.241	11.32	5.086	6.813	3.613	6.825	3.791	9.122	7.008	7.366	9.143	11.25	5.251	6.607	3.962	7.552	9.326	12.83	3.61	8.704	11.97	4.852	-2.16	13.49	4.224	7.011
4.077	11.27	6.175	10.01	2.464	3.635	10.2	2.671	3.824	6.38	12.51	9.522	8.371	8.914	13.74	10.67	6.264	6.762	6.915	12.74	6.954	8.025	19.4	4.902	15.79	6.902	10.23	9.747	7.592	3.599	4.671	22.97	11.34	3.01	6.237	5.345	7.343	10.8	7.634	4.842	4.661	6.389	6.755	8.662	4.989	5.328	7.011	6.428	6.511	7.973	5.582	8.768	8.173	7.654	3.745	12.88	9.06	9.499	4.918	8.931	6.339	4.912	13.72	7.775	3.954	10.55	5.144	15.43	9.773	5.156	13.77	16.84	9.01	11.06	2.244	11.19	5.131	6.819	3.661	6.878	3.833	9.156	7.058	7.316	9.162	11.24	5.315	6.607	3.991	7.621	9.265	12.75	3.643	8.685	11.89	4.853	-2.208	13.32	4.25	7.064
4.094	11.34	6.196	10.01	2.485	3.672	10.33	2.678	3.827	6.406	12.55	9.372	8.349	8.915	13.7	10.68	6.249	6.837	6.876	12.82	6.988	8.03	19.16	4.968	15.85	6.947	10.12	9.768	7.666	3.602	4.693	23.21	11.23	3.024	6.201	5.37	7.405	10.71	7.554	4.865	4.675	6.411	6.778	8.588	5.027	5.352	7.066	6.513	6.576	8.017	5.635	8.747	8.063	7.716	3.753	12.99	9.158	9.45	4.917	8.903	6.353	4.956	13.69	7.791	3.939	10.52	5.176	15.41	9.708	5.2	13.66	16.68	8.966	11	2.247	11.07	5.176	6.825	3.709	6.93	3.876	9.191	7.108	7.266	9.181	11.23	5.378	6.608	4.02	7.69	9.204	12.68	3.676	8.666	11.8	4.854	-2.255	13.15	4.275	7.118
4.111	11.41	6.218	9.999	2.507	3.708	10.47	2.684	3.83	6.432	12.6	9.223	8.327	8.917	13.66	10.69	6.234	6.912	6.836	12.9	7.021	8.036	18.92	5.035	15.92	6.993	10.02	9.79	7.741	3.605	4.714	23.46	11.12	3.038	6.166	5.396	7.467	10.62	7.474	4.888	4.69	6.434	6.8	8.514	5.066	5.376	7.12	6.599	6.641	8.06	5.689	8.725	7.953	7.778	3.761	13.1	9.256	9.401	4.915	8.874	6.366	4.999	13.67	7.807	3.925	10.49	5.208	15.39	9.642	5.244	13.56	16.51	8.923	10.94	2.25	10.94	5.221	6.832	3.758	6.982	3.919	9.225	7.157	7.216	9.199	11.21	5.442	6.608	4.049	7.759	9.143	12.6	3.71	8.647	11.71	4.854	-2.303	12.98	4.301	7.171
4.128	11.48	6.239	9.993	2.528	3.745	10.6	2.691	3.833	6.458	12.64	9.073	8.305	8.919	13.62	10.71	6.22	6.987	6.797	12.97	7.055	8.042	18.68	5.101	15.99	7.038	9.916	9.811	7.815	3.608	4.736	23.71	11.01	3.052	6.13	5.421	7.529	10.54	7.394	4.911	4.704	6.456	6.823	8.44	5.104	5.401	7.175	6.684	6.706	8.104	5.742	8.704	7.843	7.84	3.769	13.2	9.354	9.352	4.914	8.846	6.38	5.043	13.64	7.823	3.91	10.46	5.24	15.36	9.576	5.288	13.45	16.35	8.88	10.87	2.253	10.81	5.266	6.838	3.806	7.034	3.961	9.259	7.207	7.166	9.218	11.2	5.506	6.608	4.077	7.828	9.082	12.53	3.743	8.628	11.63	4.855	-2.35	12.81	4.326	7.225
4.145	11.56	6.261	9.987	2.549	3.782	10.74	2.697	3.836	6.483	12.69	8.923	8.283	8.921	13.58	10.72	6.205	7.062	6.757	13.05	7.089	8.048	18.44	5.167	16.05	7.083	9.813	9.833	7.889	3.611	4.757	23.95	10.9	3.067	6.094	5.446	7.59	10.45	7.314	4.934	4.719	6.479	6.845	8.366	5.143	5.425	7.229	6.769	6.771	8.147	5.795	8.682	7.732	7.902	3.777	13.31	9.452	9.303	4.913	8.818	6.394	5.087	13.62	7.839	3.895	10.42	5.272	15.34	9.511	5.332	13.34	16.19	8.837	10.81	2.256	10.68	5.311	6.844	3.854	7.086	4.004	9.293	7.257	7.116	9.236	11.18	5.57	6.608	4.106	7.898	9.021	12.45	3.776	8.609	11.54	4.856	-2.398	12.65	4.352	7.278
4.162	11.63	6.283	9.981	2.571	3.818	10.87	2.704	3.838	6.509	12.73	8.774	8.261	8.923	13.54	10.74	6.19	7.137	6.718	13.13	7.122	8.053	18.2	5.234	16.12	7.129	9.71	9.854	7.964	3.614	4.779	24.2	10.79	3.081	6.059	5.471	7.652	10.37	7.234	4.957	4.734	6.501	6.868	8.292	5.181	5.449	7.284	6.855	6.836	8.191	5.848	8.661	7.622	7.964	3.786	13.42	9.55	9.254	4.912	8.79	6.408	5.131	13.59	7.855	3.881	10.39	5.304	15.32	9.445	5.376	13.23	16.03	8.794	10.75	2.259	10.56	5.356	6.851	3.902	7.139	4.046	9.327	7.306	7.066	9.255	11.17	5.634	6.609	4.135	7.967	8.96	12.38	3.81	8.589	11.46	4.856	-2.445	12.48	4.377	7.332
4.179	11.7	6.304	9.976	2.592	3.855	11.01	2.71	3.841	6.535	12.78	8.624	8.238	8.925	13.5	10.75	6.175	7.212	6.679	13.21	7.156	8.059	17.96	5.3	16.18	7.174	9.607	9.876	8.038	3.617	4.8	24.45	10.68	3.095	6.023	5.497	7.714	10.28	7.155	4.98	4.748	6.524	6.891	8.218	5.22	5.474	7.339	6.94	6.901	8.234	5.901	8.639	7.512	8.025	3.794	13.52	9.648	9.205	4.911	8.762	6.421	5.175	13.56	7.871	3.866	10.36	5.335	15.3	9.379	5.421	13.12	15.86	8.751	10.68	2.262	10.43	5.402	6.857	3.951	7.191	4.089	9.362	7.356	7.016	9.273	11.15	5.698	6.609	4.164	8.036	8.899	12.3	3.843	8.57	11.37	4.857	-2.493	12.31	4.403	7.386
4.196	11.77	6.326	9.97	2.613	3.891	11.14	2.716	3.844	6.561	12.82	8.474	8.216	8.927	13.46	10.77	6.16	7.286	6.639	13.29	7.189	8.065	17.72	5.366	16.25	7.22	9.504	9.897	8.112	3.621	4.822	24.69	10.57	3.109	5.988	5.522	7.776	10.2	7.075	5.003	4.763	6.546	6.913	8.144	5.258	5.498	7.393	7.025	6.966	8.278	5.954	8.618	7.402	8.087	3.802	13.63	9.746	9.157	4.909	8.733	6.435	5.218	13.54	7.887	3.851	10.33	5.367	15.28	9.313	5.465	13.01	15.7	8.708	10.62	2.265	10.3	5.447	6.863	3.999	7.243	4.131	9.396	7.406	6.966	9.292	11.14	5.761	6.609	4.193	8.105	8.838	12.22	3.876	8.551	11.28	4.858	-2.54	12.14	4.428	7.439
4.213	11.85	6.348	9.964	2.635	3.928	11.28	2.723	3.847	6.587	12.87	8.325	8.194	8.928	13.42	10.78	6.146	7.361	6.6	13.37	7.223	8.071	17.48	5.432	16.32	7.265	9.401	9.919	8.186	3.624	4.843	24.94	10.46	3.124	5.952	5.547	7.838	10.11	6.995	5.026	4.777	6.569	6.936	8.07	5.297	5.522	7.448	7.111	7.031	8.321	6.007	8.596	7.291	8.149	3.81	13.73	9.844	9.108	4.908	8.705	6.449	5.262	13.51	7.903	3.837	10.3	5.399	15.25	9.248	5.509	12.9	15.54	8.664	10.56	2.268	10.17	5.492	6.87	4.047	7.295	4.174	9.43	7.456	6.916	9.31	11.13	5.825	6.61	4.221	8.174	8.777	12.15	3.91	8.532	11.2	4.858	-2.588	11.97	4.454	7.493
4.23	11.92	6.369	9.958	2.656	3.965	11.41	2.729	3.85	6.613	12.91	8.175	8.172	8.93	13.39	10.79	6.131	7.436	6.56	13.45	7.257	8.076	17.24	5.499	16.38	7.311	9.298	9.94	8.261	3.627	4.865	25.18	10.35	3.138	5.916	5.572	7.9	10.03	6.915	5.05	4.792	6.591	6.958	7.996	5.335	5.546	7.503	7.196	7.096	8.365	6.06	8.575	7.181	8.211	3.818	13.84	9.943	9.059	4.907	8.677	6.463	5.306	13.49	7.919	3.822	10.27	5.431	15.23	9.182	5.553	12.79	15.38	8.621	10.49	2.271	10.05	5.537	6.876	4.096	7.348	4.217	9.464	7.505	6.866	9.329	11.11	5.889	6.61	4.25	8.243	8.716	12.07	3.943	8.513	11.11	4.859	-2.635	11.8	4.479	7.546
4.247	11.99	6.391	9.952	2.677	4.001	11.55	2.736	3.853	6.639	12.96	8.025	8.15	8.932	13.35	10.81	6.116	7.511	6.521	13.52	7.29	8.082	17	5.565	16.45	7.356	9.195	9.962	8.335	3.63	4.886	25.43	10.24	3.152	5.881	5.598	7.962	9.943	6.835	5.073	4.807	6.613	6.981	7.922	5.374	5.571	7.557	7.281	7.161	8.408	6.114	8.553	7.071	8.273	3.826	13.95	10.04	9.01	4.906	8.649	6.477	5.35	13.46	7.935	3.807	10.24	5.463	15.21	9.116	5.597	12.68	15.21	8.578	10.43	2.273	9.918	5.582	6.882	4.144	7.4	4.259	9.499	7.555	6.816	9.347	11.1	5.953	6.61	4.279	8.312	8.655	12	3.976	8.494	11.02	4.86	-2.682	11.64	4.505	7.6
4.264	12.06	6.412	9.946	2.699	4.038	11.68	2.742	3.856	6.665	13	7.876	8.128	8.934	13.31	10.82	6.101	7.586	6.481	13.6	7.324	8.088	16.76	5.631	16.52	7.401	9.092	9.983	8.409	3.633	4.908	25.68	10.13	3.166	5.845	5.623	8.024	9.858	6.755	5.096	4.821	6.636	7.004	7.848	5.412	5.595	7.612	7.367	7.226	8.452	6.167	8.532	6.96	8.335	3.834	14.05	10.14	8.961	4.905	8.62	6.49	5.394	13.43	7.951	3.792	10.2	5.495	15.19	9.051	5.641	12.57	15.05	8.535	10.37	2.276	9.791	5.627	6.889	4.192	7.452	4.302	9.533	7.605	6.766	9.366	11.08	6.017	6.61	4.308	8.381	8.594	11.92	4.01	8.474	10.94	4.86	-2.73	11.47	4.53	7.653
4.281	12.14	6.434	9.94	2.72	4.075	11.82	2.749	3.859	6.691	13.05	7.726	8.106	8.936	13.27	10.84	6.086	7.661	6.442	13.68	7.358	8.094	16.52	5.698	16.58	7.447	8.989	10	8.484	3.636	4.929	25.92	10.02	3.181	5.809	5.648	8.085	9.773	6.675	5.119	4.836	6.658	7.026	7.774	5.451	5.619	7.667	7.452	7.291	8.495	6.22	8.51	6.85	8.397	3.842	14.16	10.24	8.912	4.903	8.592	6.504	5.438	13.41	7.967	3.778	10.17	5.527	15.16	8.985	5.685	12.46	14.89	8.492	10.3	2.279	9.663	5.672	6.895	4.24	7.504	4.344	9.567	7.655	6.716	9.384	11.07	6.081	6.611	4.336	8.45	8.533	11.85	4.043	8.455	10.85	4.861	-2.777	11.3	4.556	7.707
4.298	12.21	6.456	9.934	2.742	4.111	11.96	2.755	3.862	6.717	13.09	7.576	8.084	8.938	13.23	10.85	6.072	7.736	6.403	13.76	7.391	8.1	16.28	5.764	16.65	7.492	8.886	10.03	8.558	3.639	4.951	26.17	9.911	3.195	5.774	5.673	8.147	9.687	6.596	5.142	4.85	6.681	7.049	7.7	5.489	5.644	7.721	7.537	7.357	8.539	6.273	8.489	6.74	8.459	3.85	14.27	10.33	8.863	4.902	8.564	6.518	5.481	13.38	7.983	3.763	10.14	5.559	15.14	8.919	5.729	12.35	14.73	8.449	10.24	2.282	9.536	5.717	6.901	4.289	7.556	4.387	9.601	7.704	6.666	9.403	11.05	6.144	6.611	4.365	8.519	8.472	11.77	4.076	8.436	10.76	4.862	-2.825	11.13	4.581	7.76
4.314	12.28	6.477	9.928	2.763	4.148	12.09	2.762	3.864	6.743	13.14	7.427	8.061	8.939	13.19	10.86	6.057	7.811	6.363	13.84	7.425	8.105	16.04	5.83	16.72	7.538	8.783	10.05	8.632	3.642	4.972	26.42	9.801	3.209	5.738	5.699	8.209	9.602	6.516	5.165	4.865	6.703	7.071	7.626	5.528	5.668	7.776	7.623	7.422	8.583	6.326	8.467	6.63	8.52	3.858	14.37	10.43	8.814	4.901	8.536	6.532	5.525	13.36	7.999	3.748	10.11	5.591	15.12	8.853	5.773	12.24	14.56	8.406	10.18	2.285	9.408	5.762	6.908	4.337	7.609	4.429	9.635	7.754	6.616	9.422	11.04	6.208	6.611	4.394	8.588	8.411	11.69	4.11	8.417	10.68	4.862	-2.872	10.96	4.607	7.814
4.331	12.35	6.499	9.922	2.784	4.185	12.23	2.768	3.867	6.769	13.18	7.277	8.039	8.941	13.15	10.88	6.042	7.886	6.324	13.92	7.458	8.111	15.8	5.896	16.78	7.583	8.68	10.07	8.706	3.646	4.994	26.66	9.691	3.223	5.703	5.724	8.271	9.517	6.436	5.188	4.88	6.726	7.094	7.552	5.566	5.692	7.83	7.708	7.487	8.626	6.379	8.446	6.519	8.582	3.866	14.48	10.53	8.765	4.9	8.508	6.545	5.569	13.33	8.015	3.734	10.08	5.623	15.1	8.788	5.818	12.13	14.4	8.363	10.11	2.288	9.28	5.807	6.914	4.385	7.661	4.472	9.67	7.804	6.566	9.44	11.02	6.272	6.611	4.423	8.657	8.35	11.62	4.143	8.398	10.59	4.863	-2.92	10.79	4.632	7.868
4.348	12.42	6.52	9.916	2.806	4.221	12.36	2.775	3.87	6.795	13.22	7.127	8.017	8.943	13.11	10.89	6.027	7.961	6.284	14	7.492	8.117	15.56	5.963	16.85	7.628	8.577	10.09	8.781	3.649	5.015	26.91	9.581	3.238	5.667	5.749	8.333	9.432	6.356	5.211	4.894	6.748	7.117	7.478	5.605	5.716	7.885	7.793	7.552	8.67	6.432	8.425	6.409	8.644	3.874	14.58	10.63	8.716	4.899	8.479	6.559	5.613	13.3	8.031	3.719	10.05	5.655	15.07	8.722	5.862	12.02	14.24	8.319	10.05	2.291	9.153	5.852	6.92	4.434	7.713	4.514	9.704	7.853	6.516	9.459	11.01	6.336	6.612	4.452	8.726	8.289	11.54	4.176	8.379	10.5	4.864	-2.967	10.63	4.658	7.921
4.365	12.5	6.542	9.911	2.827	4.258	12.5	2.781	3.873	6.821	13.27	6.978	7.995	8.945	13.07	10.91	6.012	8.036	6.245	14.07	7.526	8.123	15.31	6.029	16.92	7.674	8.474	10.11	8.855	3.652	5.037	27.16	9.471	3.252	5.631	5.774	8.395	9.346	6.276	5.234	4.909	6.771	7.139	7.404	5.643	5.741	7.94	7.879	7.617	8.713	6.485	8.403	6.299	8.706	3.882	14.69	10.73	8.668	4.897	8.451	6.573	5.657	13.28	8.047	3.704	10.02	5.687	15.05	8.656	5.906	11.91	14.08	8.276	9.987	2.294	9.025	5.897	6.927	4.482	7.765	4.557	9.738	7.903	6.466	9.477	11	6.4	6.612	4.48	8.796	8.229	11.47	4.21	8.359	10.42	4.864	-3.015	10.46	4.683	7.975
4.382	12.57	6.564	9.905	2.848	4.294	12.63	2.788	3.876	6.847	13.31	6.828	7.973	8.947	13.03	10.92	5.998	8.111	6.205	14.15	7.559	8.128	15.07	6.095	16.98	7.719	8.371	10.13	8.929	3.655	5.058	27.4	9.36	3.266	5.596	5.8	8.457	9.261	6.196	5.258	4.923	6.793	7.162	7.33	5.682	5.765	7.994	7.964	7.682	8.757	6.538	8.382	6.189	8.768	3.89	14.8	10.82	8.619	4.896	8.423	6.587	5.7	13.25	8.064	3.69	9.984	5.719	15.03	8.591	5.95	11.8	13.91	8.233	9.924	2.297	8.898	5.942	6.933	4.53	7.818	4.6	9.772	7.953	6.416	9.496	10.98	6.464	6.612	4.509	8.865	8.168	11.39	4.243	8.34	10.33	4.865	-3.062	10.29	4.709	8.028
4.399	12.64	6.585	9.899	2.87	4.331	12.77	2.794	3.879	6.873	13.36	6.678	7.951	8.949	12.99	10.94	5.983	8.186	6.166	14.23	7.593	8.134	14.83	6.162	17.05	7.765	8.268	10.15	9.004	3.658	5.08	27.65	9.25	3.28	5.56	5.825	8.519	9.176	6.116	5.281	4.938	6.816	7.184	7.256	5.72	5.789	8.049	8.049	7.747	8.8	6.592	8.36	6.078	8.83	3.898	14.9	10.92	8.57	4.895	8.395	6.6	5.744	13.23	8.08	3.675	9.953	5.751	15.01	8.525	5.994	11.69	13.75	8.19	9.86	2.3	8.77	5.988	6.939	4.578	7.87	4.642	9.806	8.003	6.366	9.514	10.97	6.527	6.612	4.538	8.934	8.107	11.32	4.277	8.321	10.24	4.866	-3.11	10.12	4.734	8.082
4.416	12.71	6.607	9.893	2.891	4.368	12.9	2.801	3.882	6.899	13.4	6.529	7.929	8.951	12.95	10.95	5.968	8.261	6.127	14.31	7.627	8.14	14.59	6.228	17.12	7.81	8.165	10.18	9.078	3.661	5.101	27.9	9.14	3.295	5.524	5.85	8.58	9.091	6.037	5.304	4.953	6.838	7.207	7.182	5.759	5.814	8.104	8.135	7.812	8.844	6.645	8.339	5.968	8.892	3.906	15.01	11.02	8.521	4.894	8.367	6.614	5.788	13.2	8.096	3.66	9.921	5.782	14.98	8.459	6.038	11.58	13.59	8.147	9.797	2.303	8.643	6.033	6.946	4.627	7.922	4.685	9.841	8.052	6.316	9.533	10.95	6.591	6.613	4.567	9.003	8.046	11.24	4.31	8.302	10.16	4.867	-3.157	9.953	4.76	8.135
4.433	12.79	6.628	9.887	2.912	4.404	13.04	2.807	3.885	6.925	13.45	6.379	7.907	8.952	12.91	10.96	5.953	8.336	6.087	14.39	7.66	8.146	14.35	6.294	17.18	7.855	8.062	10.2	9.152	3.664	5.123	28.14	9.03	3.309	5.489	5.875	8.642	9.006	5.957	5.327	4.967	6.86	7.23	7.108	5.797	5.838	8.158	8.22	7.877	8.887	6.698	8.317	5.858	8.953	3.914	15.11	11.12	8.472	4.893	8.338	6.628	5.832	13.17	8.112	3.646	9.89	5.814	14.96	8.394	6.082	11.47	13.43	8.104	9.734	2.306	8.515	6.078	6.952	4.675	7.974	4.727	9.875	8.102	6.266	9.551	10.94	6.655	6.613	4.596	9.072	7.985	11.17	4.343	8.283	10.07	4.867	-3.205	9.785	4.785	8.189
4.45	12.86	6.65	9.881	2.934	4.441	13.17	2.814	3.888	6.95	13.49	6.229	7.884	8.954	12.87	10.98	5.938	8.411	6.048	14.47	7.694	8.151	14.11	6.36	17.25	7.901	7.959	10.22	9.226	3.667	5.144	28.39	8.92	3.323	5.453	5.901	8.704	8.92	5.877	5.35	4.982	6.883	7.252	7.034	5.836	5.862	8.213	8.305	7.942	8.931	6.751	8.296	5.748	9.015	3.923	15.22	11.22	8.423	4.891	8.31	6.642	5.876	13.15	8.128	3.631	9.858	5.846	14.94	8.328	6.126	11.36	13.26	8.061	9.671	2.309	8.387	6.123	6.959	4.723	8.026	4.77	9.909	8.152	6.216	9.57	10.92	6.719	6.613	4.624	9.141	7.924	11.09	4.377	8.264	9.983	4.868	-3.252	9.616	4.811	8.242
4.467	12.93	6.672	9.875	2.955	4.478	13.31	2.82	3.891	6.976	13.54	6.08	7.862	8.956	12.83	10.99	5.924	8.486	6.008	14.55	7.727	8.157	13.87	6.427	17.31	7.946	7.856	10.24	9.301	3.671	5.166	28.64	8.809	3.337	5.417	5.926	8.766	8.835	5.797	5.373	4.996	6.905	7.275	6.96	5.874	5.886	8.268	8.391	8.007	8.974	6.804	8.274	5.637	9.077	3.931	15.33	11.32	8.374	4.89	8.282	6.656	5.919	13.12	8.144	3.616	9.827	5.878	14.92	8.262	6.171	11.26	13.1	8.017	9.607	2.312	8.26	6.168	6.965	4.772	8.079	4.812	9.943	8.202	6.166	9.588	10.91	6.783	6.614	4.653	9.21	7.863	11.01	4.41	8.244	9.897	4.869	-3.3	9.448	4.836	8.296
4.484	13	6.693	9.869	2.977	4.514	13.44	2.826	3.893	7.002	13.58	5.93	7.84	8.958	12.79	11.01	5.909	8.56	5.969	14.63	7.761	8.163	13.63	6.493	17.38	7.992	7.753	10.26	9.375	3.674	5.187	28.88	8.699	3.352	5.382	5.951	8.828	8.75	5.717	5.396	5.011	6.928	7.297	6.886	5.913	5.911	8.322	8.476	8.072	9.018	6.857	8.253	5.527	9.139	3.939	15.43	11.41	8.325	4.889	8.254	6.669	5.963	13.1	8.16	3.602	9.796	5.91	14.9	8.196	6.215	11.15	12.94	7.974	9.544	2.315	8.132	6.213	6.971	4.82	8.131	4.855	9.978	8.251	6.116	9.607	10.89	6.847	6.614	4.682	9.279	7.802	10.94	4.443	8.225	9.81	4.869	-3.347	9.28	4.862	8.349
4.501	13.08	6.715	9.863	2.998	4.551	13.58	2.833	3.896	7.028	13.63	5.78	7.818	8.96	12.75	11.02	5.894	8.635	5.929	14.7	7.795	8.169	13.39	6.559	17.45	8.037	7.65	10.28	9.449	3.677	5.209	29.13	8.589	3.366	5.346	5.976	8.89	8.665	5.637	5.419	5.026	6.95	7.32	6.812	5.951	5.935	8.377	8.561	8.137	9.061	6.91	8.231	5.417	9.201	3.947	15.54	11.51	8.276	4.888	8.225	6.683	6.007	13.07	8.176	3.587	9.764	5.942	14.87	8.131	6.259	11.04	12.77	7.931	9.481	2.318	8.005	6.258	6.978	4.868	8.183	4.898	10.01	8.301	6.066	9.626	10.88	6.91	6.614	4.711	9.348	7.741	10.86	4.477	8.206	9.724	4.87	-3.395	9.112	4.887	8.403
4.518	13.15	6.736	9.857	3.019	4.588	13.71	2.839	3.899	7.054	13.67	5.631	7.796	8.962	12.71	11.03	5.879	8.71	5.89	14.78	7.828	8.174	13.15	6.626	17.51	8.083	7.547	10.31	9.524	3.68	5.23	29.38	8.479	3.38	5.311	6.002	8.952	8.579	5.557	5.442	5.04	6.973	7.343	6.738	5.99	5.959	8.431	8.647	8.202	9.105	6.963	8.21	5.306	9.263	3.955	15.65	11.61	8.228	4.887	8.197	6.697	6.051	13.04	8.192	3.572	9.733	5.974	14.85	8.065	6.303	10.93	12.61	7.888	9.418	2.32	7.877	6.303	6.984	4.917	8.235	4.94	10.05	8.351	6.016	9.644	10.87	6.974	6.614	4.739	9.417	7.68	10.79	4.51	8.187	9.637	4.871	-3.442	8.943	4.913	8.457
4.535	13.22	6.758	9.851	3.041	4.624	13.85	2.846	3.902	7.08	13.72	5.481	7.774	8.964	12.67	11.05	5.864	8.785	5.851	14.86	7.862	8.18	12.91	6.692	17.58	8.128	7.444	10.33	9.598	3.683	5.252	29.62	8.369	3.394	5.275	6.027	9.014	8.494	5.478	5.466	5.055	6.995	7.365	6.664	6.028	5.984	8.486	8.732	8.267	9.148	7.017	8.188	5.196	9.325	3.963	15.75	11.71	8.179	4.885	8.169	6.711	6.095	13.02	8.208	3.558	9.701	6.006	14.83	7.999	6.347	10.82	12.45	7.845	9.354	2.323	7.75	6.348	6.99	4.965	8.288	4.983	10.08	8.4	5.966	9.663	10.85	7.038	6.615	4.768	9.486	7.619	10.71	4.543	8.168	9.551	4.871	-3.489	8.775	4.938	8.51
4.552	13.29	6.78	9.845	3.062	4.661	13.99	2.852	3.905	7.106	13.76	5.331	7.752	8.965	12.63	11.06	5.849	8.86	5.811	14.94	7.895	8.186	12.67	6.758	17.65	8.173	7.341	10.35	9.672	3.686	5.273	29.87	8.259	3.409	5.239	6.052	9.075	8.409	5.398	5.489	5.069	7.018	7.388	6.59	6.067	6.008	8.541	8.817	8.332	9.192	7.07	8.167	5.086	9.386	3.971	15.86	11.81	8.13	4.884	8.141	6.724	6.138	12.99	8.224	3.543	9.67	6.038	14.81	7.934	6.391	10.71	12.29	7.802	9.291	2.326	7.622	6.393	6.997	5.013	8.34	5.025	10.11	8.45	5.916	9.681	10.84	7.102	6.615	4.797	9.555	7.558	10.64	4.577	8.149	9.464	4.872	-3.537	8.607	4.964	8.564
4.569	13.37	6.801	9.84	3.083	4.697	14.12	2.859	3.908	7.132	13.81	5.182	7.73	8.967	12.59	11.08	5.835	8.935	5.772	15.02	7.929	8.192	12.43	6.824	17.71	8.219	7.238	10.37	9.746	3.689	5.295	30.11	8.148	3.423	5.204	6.077	9.137	8.324	5.318	5.512	5.084	7.04	7.41	6.516	6.105	6.032	8.595	8.903	8.397	9.235	7.123	8.145	4.976	9.448	3.979	15.96	11.9	8.081	4.883	8.113	6.738	6.182	12.97	8.24	3.528	9.638	6.07	14.78	7.868	6.435	10.6	12.12	7.759	9.228	2.329	7.494	6.438	7.003	5.061	8.392	5.068	10.15	8.5	5.866	9.7	10.82	7.166	6.615	4.826	9.624	7.497	10.56	4.61	8.129	9.378	4.873	-3.584	8.439	4.989	8.617
4.586	13.44	6.823	9.834	3.105	4.734	14.26	2.865	3.911	7.158	13.85	5.032	7.707	8.969	12.55	11.09	5.82	9.01	5.732	15.1	7.963	8.197	12.19	6.891	17.78	8.264	7.135	10.39	9.821	3.692	5.316	30.36	8.038	3.437	5.168	6.103	9.199	8.239	5.238	5.535	5.099	7.063	7.433	6.442	6.144	6.056	8.65	8.988	8.463	9.279	7.176	8.124	4.865	9.51	3.987	16.07	12	8.032	4.882	8.084	6.752	6.226	12.94	8.256	3.514	9.607	6.102	14.76	7.802	6.479	10.49	11.96	7.716	9.165	2.332	7.367	6.483	7.009	5.11	8.444	5.11	10.18	8.55	5.816	9.718	10.81	7.23	6.615	4.855	9.694	7.436	10.48	4.643	8.11	9.291	4.873	-3.632	8.27	5.015	8.671
4.603	13.51	6.844	9.828	3.126	4.771	14.39	2.872	3.914	7.184	13.9	4.882	7.685	8.971	12.51	11.11	5.805	9.085	5.693	15.18	7.996	8.203	11.95	6.957	17.85	8.31	7.032	10.41	9.895	3.696	5.338	30.61	7.928	3.451	5.132	6.128	9.261	8.153	5.158	5.558	5.113	7.085	7.456	6.368	6.182	6.081	8.705	9.073	8.528	9.322	7.229	8.102	4.755	9.572	3.995	16.18	12.1	7.983	4.881	8.056	6.766	6.27	12.91	8.272	3.499	9.576	6.134	14.74	7.736	6.524	10.38	11.8	7.672	9.101	2.335	7.239	6.528	7.016	5.158	8.496	5.153	10.22	8.599	5.766	9.737	10.79	7.293	6.616	4.883	9.763	7.375	10.41	4.677	8.091	9.204	4.874	-3.679	8.102	5.04	8.724
4.62	13.58	6.866	9.822	3.147	4.807	14.53	2.878	3.917	7.21	13.94	4.733	7.663	8.973	12.47	11.12	5.79	9.16	5.654	15.25	8.03	8.209	11.71	7.023	17.91	8.355	6.929	10.43	9.969	3.699	5.359	30.85	7.818	3.466	5.097	6.153	9.323	8.068	5.078	5.581	5.128	7.107	7.478	6.294	6.221	6.105	8.759	9.159	8.593	9.366	7.282	8.081	4.645	9.634	4.003	16.28	12.2	7.934	4.879	8.028	6.779	6.314	12.89	8.288	3.484	9.544	6.166	14.72	7.671	6.568	10.27	11.64	7.629	9.038	2.338	7.112	6.573	7.022	5.206	8.549	5.196	10.25	8.649	5.716	9.755	10.78	7.357	6.616	4.912	9.832	7.314	10.33	4.71	8.072	9.118	4.875	-3.727	7.934	5.066	8.778
4.637	13.65	6.888	9.816	3.169	4.844	14.66	2.885	3.919	7.236	13.99	4.583	7.641	8.975	12.43	11.13	5.775	9.235	5.614	15.33	8.064	8.215	11.47	7.09	17.98	8.4	6.826	10.46	10.04	3.702	5.381	31.1	7.708	3.48	5.061	6.178	9.385	7.983	4.998	5.604	5.142	7.13	7.501	6.22	6.259	6.129	8.814	9.244	8.658	9.409	7.335	8.059	4.535	9.696	4.011	16.39	12.3	7.885	4.878	8	6.793	6.357	12.86	8.304	3.47	9.513	6.197	14.69	7.605	6.612	10.16	11.47	7.586	8.975	2.341	6.984	6.619	7.028	5.255	8.601	5.238	10.29	8.699	5.666	9.774	10.76	7.421	6.616	4.941	9.901	7.253	10.26	4.743	8.053	9.031	4.875	-3.774	7.765	5.091	8.831
