-1.762	4.42	-23.84	0.3641	-3.198	-0.2193	0.8232	-1.813	0.6833	2.775	2.954	1.586	4.383	-3.164	2.85	-0.03983	-2.903	1.027	2.661	-0.5453	-1.92	-0.2648	1.372	3.48	-0.5426	0.8495	0.8402	-3.938	1.191	-0.5067	5.607	4.551	-5.595	-6.156	-1.003	-4.205	1.104	2.936	-2.847	0.5902	1.911	-4.313	-1.596	-5.231	-5.092	-3.586	-7.663	-0.527	3.634	-2.332	0.6403	-7.121	-14.25	0.05071	1.462	-1.055	3.142	1.063	-3.752	2.181	1.003	-2.118	-3.166	-0.9228	-5.112	2.183	-4.627	1.097	-3.17	-1.484	3.344	-0.8187	-2.606	-1.866	-3.851	6.789	-2.866	1.126	-0.6869	-5.839	-4.901	-0.4341	-0.8188	3.095	2.21	-7.43	-0.4636	0.666	0.3597	-4.508	0.03469	3.541	-1.489	-15.15	-1.798	2.258	0.6537	-2.494	-4.308	5.087
-0.4966	5.13	-2.956	-1.079	-13.67	-3.409	-1.607	-2.102	-5.019	3.135	2.3	0.5783	4.731	-3.887	2.494	-0.08139	1.546	-0.4287	-0.03911	0.7532	-0.1138	-0.8647	-0.9782	5.369	-0.8527	1.986	-0.3518	-2.107	0.655	-0.7229	2.731	0.237	-4.209	-7.387	-0.2481	0.6487	2.993	0.8139	-2.747	0.5985	0.2046	-0.1864	-3.1	-1.281	-2.361	-4.364	-3.258	-0.3828	4.674	-3.083	-2.143	-11.05	-6.255	-0.2452	-0.2713	-4.42	4.096	-2.598	2.273	3.056	-3.047	0.6567	0.8772	-16.85	-2.698	1.935	-1.721	1.076	-3.969	0.6055	0.1852	-2.836	0.7123	-3.05	-0.9306	8.014	-2.964	3.76	0.5129	-0.04765	-1.24	0.9974	2.708	3.944	1.436	-0.498	-0.9951	-0.01787	2.195	-10.83	0.8019	5.035	-0.441	-3.332	-2.096	0.3988	-0.8535	0.1773	-6.86	3.196
0.7536	5	-7.043	0.7909	-3.52	-0.8856	3.003	-11.49	0.636	1.226	2.769	3.013	4.358	-0.2724	2.845	-1.187	1.704	1.959	3.216	1.072	0.3145	3.404	-3.468	3.856	-2.486	2.611	0.715	-3.549	0.7056	2.248	0.4172	7.118	-6.359	-6.026	-0.3017	0.4174	3.421	1.988	-0.7066	1.787	-2.652	-0.04292	-2.66	-0.06327	0.4336	-4.568	0.4565	1.196	3.539	-5.212	-1.349	-12.86	-2.606	-0.6317	2.08	-2.749	0.5595	-0.8105	0.8229	4.239	-2.679	-3.813	-0.1959	0.81	-0.2851	1.57	-5.002	1.803	-2.361	0.4968	0.6826	-2.853	-0.8626	1.564	-5.965	-1.844	-4.812	2.1	1.094	1.898	-3.473	0.5092	-0.8783	7.522	1.973	-5.633	-2.799	1.221	1.818	-12.09	1.163	3.759	-0.2614	-2.755	-0.1309	1.899	0.03991	1.388	-2.992	4.492
1.075	5.155	-5.128	0.9743	-4.167	0.4129	0.7615	-1.701	-1.515	6.484	1.834	0.346	6.182	-4.564	2.681	-0.5099	1.18	1.922	2.832	1.029	1.699	-2.285	0.381	5.419	0.4145	1.151	0.5641	-3.868	0.7396	1.335	-12.08	11.8	-3.377	-4.518	0.2912	-0.1421	1.646	3.24	-0.351	1.378	1.724	0.8932	-2.016	-4.942	1.926	-7.073	-2.677	-0.7094	3.838	-0.9721	0.6219	-7.804	-1.14	-1.498	0.04233	-1.655	2.926	-0.09926	2.421	2.988	-0.05032	0.408	1.35	2.376	-1.479	1.909	-1.759	2.093	-1.935	1.816	-5.693	0.02319	0.6389	-8.369	-0.9604	6.888	-0.4689	4.047	-1.278	1.391	-4.278	0.01988	-2.564	3.551	2.502	-0.7881	-0.9323	0.5232	2.514	-7.177	-1.26	6.519	0.5934	-14.74	-0.4715	0.1947	1.409	-0.2558	-3.791	2.616
-0.007391	2.709	-7.765	0.8512	-2.466	-0.2628	1.565	-2.224	-5.907	1.264	4.124	1.9	6.177	-0.8252	3.225	1.576	3.231	1.291	1.347	-1.907	-1.388	0.9555	3.369	4.989	-0.5124	1.983	1.693	-5.486	2.909	1.72	1.852	6.57	-5.299	-8.217	1.007	-2.374	2.08	5.164	-0.7127	1.278	-2.395	-0.7227	-1.07	-4.1	0.5348	-5.081	-1.469	-0.3928	2.808	-1.824	0.3433	-10.14	-7.373	0.6468	2.712	1.594	2.801	-4.849	3.851	4.019	-0.2534	-0.7666	3.008	1.897	-4.464	3.244	-2.88	2.352	0.2116	1.191	-1.584	-0.0326	-0.1262	0.3582	-3.296	6.11	-2.845	2.814	1.523	2.69	-0.08156	-1.026	2.053	2.315	0.574	-1.392	-6.843	1.357	3.229	-5.484	-0.1825	5.438	-0.3961	-2.742	-2.036	2.016	0.7485	3.738	-3.975	3.624
0.4878	7.143	-7.142	1.347	-1.073	1.862	1.225	-2.394	-2.516	1.601	2.485	-0.4479	3.767	0.07305	2.366	-2.663	1.202	1.06	4.411	1.616	-0.02438	2.338	-0.9838	3.367	-0.4448	1.036	1.373	-2.183	0.4455	2.12	-4.575	3.863	-5.259	-5.735	-1.053	-1.962	4.21	1.522	-0.0548	-4.293	-1.176	-3.554	-3.762	0.2158	0.4326	-6.138	-0.1901	0.4575	2.452	-3.154	0.548	-10.57	-1.524	-3.511	-0.02943	2.597	3.229	0.4502	2.692	7.438	-0.5563	-3.401	1.462	3.401	-2.77	0.6245	-3.453	3.08	-2.056	0.717	-0.292	0.2175	-0.8363	2.412	1.589	4.453	0.994	3.452	-2.581	0.6652	-2.9	-0.213	-0.4833	2.274	2.493	0.6685	0.1865	2.028	3.283	-1.3	2.077	1.758	1.245	-6.356	0.2826	4.262	1.063	1.927	-4.196	5.374
-0.7454	3.096	-3.403	-1.507	-0.8987	0.4863	0.5358	-2.478	2.788	3.593	3.607	1.057	3.098	-7.491	2.68	0.9158	-0.6216	0.2034	2.074	-0.512	0.4575	3.136	-1.175	3.825	-0.456	3.794	0.5563	-1.364	2.229	2.423	0.012	5.373	-8.647	-5.278	0.8845	-2.112	0.9947	0.9982	-7.331	-0.6125	1.16	-1.415	-1.581	-2.512	-1.122	-4.475	-1.553	1.892	3.303	-3.523	1.665	-9.625	-0.2141	-0.5217	2.361	-2.446	2.486	0.06797	0.3039	2.283	-0.6133	-4.813	-0.1729	2.488	-0.9899	1.272	-3.779	2.362	-2.042	1.482	-1.173	-0.2244	0.5729	-2.964	-1.476	4.597	-7.601	4.412	0.4388	1.953	-1.034	2.252	-1.409	1.019	0.6736	-0.4274	-1.619	0.2968	4.359	-6.98	1.028	-1.058	1.986	-4.013	-5.165	-2.679	3.479	0.3778	-3.73	2.649
1.311	3.64	-4.681	-4.694	-1.123	-1.71	1.113	-1.782	-1.759	2.061	1.333	1.32	-0.7007	-3.13	2.215	-1.169	-1.902	-3.276	0.5725	-0.662	-1.446	2.165	-3.309	4.668	0.009906	3.044	0.8225	-5.93	1.495	1.226	1.301	4.583	-6.77	-8.101	0.1604	-0.3038	0.05379	4.819	-1.459	-3.336	-3.477	-0.7194	-6.587	-2.244	-1.051	-5.308	-0.5937	1.145	5.773	-1.362	0.8558	-12.86	-0.8652	-0.04409	-1.745	-2.219	1.985	0.5868	-0.3254	2.814	-0.1715	-1.009	-1.45	-0.2165	-0.591	2.244	-6.432	-0.1357	-1.926	0.7561	-0.9836	0.6697	-0.5669	-1.791	-1.715	3.39	-0.1284	2.991	1.851	3.598	-4.819	-1.867	-1.877	4.465	3.279	-1.324	-2.299	0.7266	3.721	-14.32	-0.1204	3.486	-0.8656	-6.055	-2.473	3.144	-0.5012	-2.03	-6.373	2.574
-2.931	3.916	-3.965	-2.665	-0.6381	0.372	0.6526	-2.077	-0.5737	-3.025	2.402	1.399	3.671	-6.189	2.32	-0.6066	-0.4433	2.73	1.906	0.1208	-0.1529	1.875	-6.419	5.37	-1.544	3.36	2.052	-8.805	0.1623	-8.724	4.648	6.265	-8.244	-7.039	2.321	-2.64	2.005	4.145	-0.8584	-0.8894	0.4118	-4.711	-1.546	-5.648	-2.373	-4.867	-0.4204	0.1892	2.82	-2.397	1.251	-22.71	-2.238	-0.3768	-2.578	-3.17	2.998	0.3334	0.3832	2.008	0.3206	-0.5914	-4.104	3.155	-2.847	-0.2351	-2.374	0.9175	-2.927	-0.8725	-1.172	0.6167	0.1203	-3.988	-1.418	4.219	-3.789	1.688	1.032	-7.138	1.284	-0.9019	3.045	3.368	0.4264	-2.683	-0.1134	-0.9918	1.904	-7.879	0.8707	4.606	-3.182	-2.277	0.5069	2.776	-0.8418	0.6527	-4.094	2.885
0.528	2.95	-7.004	-7.431	-4.516	-0.4164	2.011	-2.409	-0.2591	0.9824	2.442	0.4189	-0.7998	-4.178	3.207	1.363	1.157	1.8	2.742	-0.4593	0.9693	12.37	2.871	4.755	-1.606	2.359	-0.03929	-2.101	0.6086	0.9907	0.7533	3.441	-4.889	-6.454	4.58	-0.6864	-0.2361	2.718	-1.776	0.5614	1.659	-0.612	-0.2478	-1.366	1.137	-2.619	-2.553	0.5811	1.88	-4.617	0.836	-11.96	0.5137	-2.654	0.9234	-0.6186	1.863	-3.303	-0.2857	2.922	-0.03126	-3.893	1.343	0.4679	0.3819	-1.339	-4.043	2.253	0.6501	0.7981	-3.114	0.5792	0.3469	-3.779	-7.088	3.978	-0.4681	3.044	1.209	-0.2901	-0.4326	-2.759	-4.222	5.097	2.873	-0.7331	1.319	-6.045	2.972	-3.213	1.268	3.018	-2.932	-4.39	0.9018	5.013	0.9903	-0.4719	-7.084	2.639
-2.425	5.992	-1.791	2.732	-3.588	-2.714	2.138	-1.95	8.279	-3.23	4.791	1.306	3.553	-0.05838	2.251	-1.341	-2.002	0.9765	-2.588	-1.316	-0.8378	-0.1179	-3.9	3.884	0.9363	3.184	2.912	-1.927	1.096	4.188	0.08019	0.696	-4.063	-5.076	-2.41	1.708	1.472	-0.1001	-1.055	1.258	-2.018	0.09987	-1.005	-0.8848	2.331	-5.747	-8.671	-1.231	2.822	-7.681	-0.181	-16.44	-4.359	1.701	-0.3035	-5.151	0.9184	-3.157	0.09335	2.236	0.1769	-0.023	1.011	0.1074	-2.793	0.2856	-1.284	0.5725	1.559	2.055	0.7076	-0.5345	0.2177	0.7319	-4.719	4.723	10.41	3.324	1.063	-1.812	-2.922	-1.025	0.4101	-2.129	-1.794	-4.878	-0.1232	0.09454	2.742	-9.249	-7.672	3.398	0.3301	-3.111	0.7449	-1.002	2.293	0.05394	-3.485	1.627
1.839	6.353	-6.116	-3.052	-1.707	-3.998	0.3388	0.103	-2.015	2.563	4.014	1.278	6.15	-1.67	2.207	-3.309	-0.7458	-0.5627	-0.6433	0.8185	-1.786	2.943	3.312	4.746	0.3808	3.029	-1.587	-6.695	1.458	-0.3541	-0.3419	3.749	-3.444	-5.412	0.6967	1.212	-0.207	2.419	-0.311	2.941	5.143	2.073	-7.691	-5.091	0.02807	-6.035	-2.159	1.498	2.741	-2.76	2.36	-10.82	-3.794	-2.506	0.1282	-1.612	-3.844	-0.4092	-0.1088	2.222	1.522	-0.3296	3.449	-5.352	-2.594	-0.7559	0.7964	0.1109	-0.5092	1.574	1.284	-1.644	0.01254	-5.816	-3.571	2.866	0.1219	4.754	0.9562	1.207	-4.921	-1.136	-3.472	2.543	1.576	-0.7735	-0.821	1.776	3.78	-5.65	1.186	6.079	2.342	-8.52	-0.3815	1.258	-1.09	-4.684	-3.667	2.632
-1.57	6.515	-3.734	-2.508	-3.112	-4.486	-3.121	-2.46	1.695	3.355	2.047	1.198	6.033	-4.585	3.06	-1.737	-0.2472	0.7308	1.829	0.1629	-0.6623	-0.08341	-0.8875	4.827	0.3058	2.99	0.01339	-6.905	2.339	2.61	-0.4091	4.133	-7.141	-5.134	1.998	-2.232	1.045	3.434	-1.231	2.224	2.194	-6.244	-0.5288	-1.943	-0.2543	-5.552	-0.4572	1.102	2.68	-3.079	-1.812	-5.983	-1.017	-2.07	0.5913	-1.47	-1.125	1.817	1.037	3.818	0.5425	-1.125	-3.413	-0.09008	-3.631	0.1531	-3.742	1.452	-2.657	-2.73	-1.913	-4.917	0.5089	-1.267	-1.321	0.7515	-3.473	2.879	-1.125	2.475	-1.495	-3.428	0.9167	0.7024	3.481	-1.458	-1.248	-1.988	4.519	-1.67	0.7718	3.311	-3.963	-8.658	-1.611	4.679	-1.026	3.542	-3.693	3.358
-0.01899	3.26	-12.36	-0.479	-4.396	0.4219	-4.171	-1.157	-17.34	3.05	4.278	1.539	1.954	-0.8809	3.247	0.458	-0.8033	2.082	-1.484	3.365	2.188	3.541	-2.057	3.346	1.317	2.543	2.114	-5.809	1.663	2.588	-1.789	4.507	-4.834	-3.469	-3.315	1.146	1.56	4.977	-1.021	-0.2912	-1.985	-2.9	-0.09902	-3.058	-2.005	-3.847	-3.369	0.8455	4.256	-2.525	1.394	-5.332	21.69	1.591	-0.48	-3.15	3.903	0.0181	-1.286	3.073	-1.562	1.428	-2.756	-8.453	-1.473	0.5722	-3.54	0.287	-1.366	1.888	-5.03	1.929	4.024	-5.836	-0.7603	6.723	-0.8011	3.382	-30.14	10.13	-0.7084	-1.674	-0.2389	2.584	1.85	1.387	-10.44	0.3729	7.026	-5.277	1.554	3.622	0.3204	-8.183	-0.6898	1.948	0.594	-2.876	-1.744	1.623
-3.616	4.755	-9.237	1.441	-1.031	-2.623	1.686	-1.852	-2.818	3.094	2.144	1.258	5.62	-5.68	2.808	-1.269	4.444	0.5165	2.962	-0.5717	-2.783	1.313	0.2889	5.096	-0.08158	1.933	1.015	-1.48	0.7329	2.632	1.122	15.04	-3.536	-5.455	1.661	0.09379	3.944	2.351	-1.332	1.746	-1.204	-1.289	0.2079	-1.582	-2.778	-5.765	-1.01	-1.096	3.183	-1.477	1.229	-6.811	0.6596	-3.918	-0.07364	-0.5511	5.833	-0.8831	2.339	0.842	1.176	-3.086	0.2517	1.57	-2.41	1.141	-3.346	0.9776	0.7703	-0.7319	0.246	2.649	-0.4234	-0.9861	-3.979	2.946	-2.11	0.6307	3.322	-1.332	-4.163	-0.2647	0.3954	7.188	5.583	-5.871	-0.1547	0.1041	3.793	-1.198	0.2279	6.127	0.3226	-3.987	2.103	-1.97	1.974	-3.568	-3.704	2.423
2.586	5.153	-3.959	-1.193	-2.836	0.3612	-3.557	-0.182	-0.6456	7.174	3.241	1.612	5.411	-5.721	3.77	-0.9688	1.029	-4.203	0.01802	-1.806	-0.8411	2.613	-1.967	4.396	-1.431	3.649	2.285	-0.4542	1.637	3.375	0.473	-0.4408	-3.214	-2.069	-1.449	-0.01478	2.055	1.431	-3.144	-1.026	4.279	-2.069	9.121	-3.404	-1.343	-4.797	-0.6964	-3.048	1.501	-1.773	-2.305	-11.81	-1.524	-0.7064	-1.804	0.4202	-1.58	-1.658	-2.114	2.041	0.00863	-1.74	1.648	-0.2815	-3.945	-2.392	-3.094	1.787	-4.071	-1.384	1.039	-1.522	1.523	-0.2876	-6.154	-13.61	-1.087	2.64	-0.03401	-2.933	0.8109	-0.8948	-3.286	8.592	2.692	-1.211	-0.1373	1.1	4.756	-8.376	-1.717	3.367	-1.928	-2.736	0.3304	3.189	0.0257	2.051	-3.949	2.96
-3.81	1.378	-3.033	-1.569	-1.964	-0.9168	0.9882	-1.128	-1.383	4.799	3.764	1.575	3.931	1.447	2.836	-0.3617	3.008	0.9935	0.1704	0.8141	0.6261	1.261	4.356	4.761	0.1497	2.825	-0.9208	-4.428	1.942	3.094	2.546	7.447	-3.917	-8.928	-1.063	0.1554	2.46	2.28	-1.662	0.06292	1.033	-1.484	-3.627	-4.184	0.1262	-5.004	-1.72	-0.9374	1.235	-3.79	0.1879	-8.4	-10.38	-2.604	-0.5124	-1.704	1.388	-0.1037	2.908	3.317	0.2603	0.6718	-1.727	0.8267	-2.698	1.666	-13.93	1.152	-1.852	0.24	-1.288	1.329	1.189	-2.771	-4.233	2.895	-6.626	2.908	3.181	-14.7	-7.663	-1.114	1.374	3.254	1.6	-3.498	-5.012	-1.019	0.9697	-8.22	0.5542	2.652	-1.24	-7.365	0.567	0.549	-1.879	-0.2079	-6.32	2.874
0.5015	3.465	-7.78	-1.234	-4.06	3.096	-0.8479	-2.312	-1.907	-2.631	3.289	1.841	3.345	-2.311	2.952	-2.577	0.8811	-18.9	0.4734	-1.674	-2.082	2.267	-12.88	4.349	0.2627	2.547	-0.1989	-1.723	1.384	1.409	3.584	7.686	-4.177	-11.07	0.9477	2.536	1.149	3.823	-0.4873	1.614	-0.7296	1.62	-0.4941	-3.015	-1.996	-6.587	-3.717	-0.1894	5.762	-6.316	0.6436	-20.8	-0.7889	-4.145	1.34	0.2234	1.681	-0.1655	3.172	5.372	0.1118	-5.186	-0.9175	0.6039	-4.263	0.6462	-2.218	1.366	3.422	-0.3339	2.108	-2.589	-2.51	-0.8628	-2.282	9.136	-2.341	2.372	0.3717	-6.866	-0.2192	-1.048	-0.3124	1.815	2.764	-1.632	-1.882	-1.452	3.923	-4.474	0.4526	2.38	1.635	-6.754	0.01095	1.377	0.1958	-2.755	-3.018	2.786
-2.515	4.941	1.016	-1.908	-2.599	0.5811	2.354	-0.9546	-3.046	0.2499	3.046	1.966	3.843	-2.71	2.78	-0.2267	-0.1326	2.554	3.69	-0.6218	-0.9142	0.7412	-26.78	3.748	-1.52	0.1381	2.313	-5.432	1.718	1.665	1.352	7.296	-6.78	-4.057	-3.847	-0.3941	2.951	4.962	-2.314	-4.872	-0.08454	0.6921	-6.082	-1.389	0.7881	-5.183	-1.35	2.284	3.75	-2.553	0.8375	-6.793	-2.667	-2.203	0.02133	1.71	3.258	0.3479	2.404	2.843	0.924	-2.729	-3.233	-3.364	-3.184	-0.7884	-2.132	1.701	-0.7238	1.656	0.3533	-4.089	-0.1449	-4.402	-6.428	5.088	-1.292	1.18	1.633	-3.747	-1.118	-1.213	-1.091	7.486	1.266	-4.175	-4.431	-1.787	3.214	-8.309	-1.157	0.341	-2.223	-12.52	-3.517	1.159	-1.855	-0.05924	-2.928	4.366
-1.79	4.838	-8.453	-1.737	-1.953	-0.1058	1.424	-0.2921	-2.623	2.657	2.986	0.7917	3.636	-4.056	3.104	2.16	-2.899	-2.501	1.459	1.568	0.461	2.458	0.6789	5.202	0.5372	4.656	1.805	-3.942	0.6739	2.985	-1.424	5.77	-3.512	-3.47	1.119	-2.965	-0.323	2.045	-0.8198	-0.2321	-1.518	0.4306	-2.007	0.1262	-0.7555	-3.628	1.313	-1.948	3.953	-2.617	-0.8573	-5.787	3.726	-0.9476	0.003111	-2.964	1.751	-0.508	-0.1238	3.115	5.215	-0.8486	-0.3211	-0.2876	-1.315	1.083	-0.602	0.7664	-36.76	2.444	2.042	-1.574	-0.01194	-0.8747	-3.181	3.597	-1.656	1.254	-1.219	-5.055	-1.14	-4.326	-0.1976	1.814	1.298	-3.062	1.75	3.431	4.644	-6.066	-0.7548	2.133	0.4242	-4.004	-2.099	-0.8454	-0.9529	2.798	-16.41	3.121
1.764	4.07	-7.827	-0.6009	-4	-0.3368	1.3	-3.676	-0.1593	2.717	2.728	1.577	4.677	-1.134	1.915	-2.575	-4.746	2.159	2.659	1.376	0.3782	-0.1192	-1.522	3.878	-0.5228	3.374	-1.405	-0.722	1.509	0.554	1.72	2.707	-6.601	-5.087	-0.8467	-2.368	2.734	0.6749	1.798	-0.9715	0.2616	-0.8291	-2.159	-2.085	0.9	-5.635	-5.19	-2.528	3.776	-0.7166	1.339	-20.04	-0.9226	-0.4456	-0.2015	-2.846	1.957	-0.6691	0.02882	1.607	-0.1085	-1.002	1.676	-1.493	-1.335	0.06682	-3.667	-1.668	-0.688	-0.2078	-2.652	-2.025	0.5634	-3.329	-1.271	4.524	-2.975	2.111	-1.001	-2.443	-1.08	-0.2761	0.4085	4.252	0.454	-3.606	-3.518	-3.422	4.385	-6.732	0.2074	2.594	-2.959	-3.707	0.5662	1.617	-1.364	0.4669	-1.851	3.868
-2.541	4.096	-0.006253	-0.4716	-4.112	-0.3879	0.3899	-2.563	-0.7632	5.745	1.602	3.169	3.332	-2.284	2.562	-1.543	0.2697	-0.5158	0.3275	-0.3643	0.2384	0.345	1.07	4.584	-1.673	0.7466	0.1689	-7.413	1.94	3.295	0.6133	6.457	-7.493	-4.833	0.6226	-0.5839	2.988	2.139	-1.367	1.801	0.1454	0.003817	1.952	-0.5541	2.172	-7.41	-2.652	2.02	3.824	-3.596	-0.9431	-6.088	-4.265	-1.714	0.03001	-1.468	1.066	0.5	2.204	3.907	-0.008932	-1.915	0.7148	-0.3145	-1.253	3.947	-2.825	1.883	1.033	0.2443	1.83	0.7383	-1.059	-2.267	-3.787	2.095	0.9055	2.886	4.131	-0.3265	-0.2234	-2.2	-2.449	1.209	1.413	-0.3414	-1.489	2.485	3.004	-6.716	2.263	0.7598	1.844	-6.147	-2.544	0.2401	-0.2903	1.877	-4.399	2.85
-0.2717	3.493	-4.854	0.1353	-3.042	-2.392	0.3789	-2.504	-1.729	4.371	2.188	0.07321	4.651	-2.331	2.747	-1.518	1.321	-1.781	2.024	0.3143	0.4169	2.525	-0.1674	4.591	0.5636	2.361	1.469	-2.179	1.761	1.983	3.384	4.457	-5.085	-6.942	-0.1266	0.9042	0.9928	2.954	-3.479	1.362	0.1924	-0.9276	-0.1212	-3.245	0.04361	-10.27	-0.7597	-1.011	4.958	-6.92	0.9753	-5.248	-0.3427	1.665	0.252	-2	2.537	1.729	1.955	2.532	-0.2829	-2.569	-0.5952	1.758	-3.051	2.314	-1.499	1.084	-1.989	0.5113	0.4804	0.6213	0.9306	-0.5357	-3.781	0.8622	-3.03	1.766	3.029	-3.713	-1.433	-1.392	-0.2757	3.424	1.502	-3.532	-1.335	0.2663	1.937	-6.598	3.104	1.888	-1.856	-6.571	0.548	-0.1283	0.6986	-0.645	-2.558	3.787
-1.231	5.322	-5.824	-4.09	-3.907	-0.2624	-0.1206	-1.291	-1.552	3.037	2.284	1.539	3.391	-1.242	2.348	-1.946	1.558	0.2461	-3.966	-1.767	0.5396	2.596	-0.9129	4.763	0.6512	3.343	2.007	-2.414	0.4913	-0.5884	1.452	1.732	-2.471	-7.251	0.5381	-1.471	4.103	6.608	0.7966	-0.2334	0.8473	-1.619	0.7431	-3.432	-4.399	-5.687	1.138	0.2073	2.388	-1.929	0.09319	-20.83	-6.73	0.08165	-0.3528	-1.32	3.443	0.4024	3.202	6.008	4.051	-2.423	0.02593	-2.165	-0.4081	0.4402	-0.9417	1.153	3.464	0.9826	0.5792	0.4571	-2.34	-4.997	0.7445	4.84	-1.154	2.94	-0.4914	-0.4841	-2.475	-1.581	-0.01083	1.615	2.753	-2.268	-2.157	0.2659	4.157	-5.689	1.31	2.678	-0.2796	-4.327	-0.7534	1.67	-6.272	1.83	-3.122	3.374
2.502	1.665	-6.985	1.019	-2.611	0.3046	-1.066	-2.613	-2.823	3.486	3.815	2.262	3.457	-2.541	2.357	0.3714	2.636	4.063	1.393	0.09528	-0.7916	0.4492	0.2043	3.071	-1.043	0.1155	1.219	-5.979	1.6	2.015	-0.1867	3.056	-3.507	-4.677	-1.098	1.204	2.373	2.74	-0.2542	0.4366	-0.7248	-0.5218	-0.4009	-0.6088	-0.1894	-5.407	1.495	1.207	2.324	-2.588	-0.382	-15.29	-5.787	-4.569	1.535	-0.4328	1.878	-2.518	-0.6324	2.117	-2.405	-2.453	0.1702	-3.5	-2.512	0.7254	-2.256	-0.3825	-2.832	0.8999	-0.14	-1.378	0.1988	0.04957	-0.7901	-0.9763	-4.857	2.941	2.848	2.329	0.08318	-1.177	1.659	3.768	1.681	0.6775	-1.19	-1.162	3.759	-6.557	2.192	2.405	2.045	-4.196	-0.6459	1.064	-0.159	3.076	-2.501	2.19
-1.847	4.865	-0.574	-1.349	-3.449	2.443	0.8463	-0.8465	-0.1787	3.821	4.343	1.263	3.752	-1.384	9.515	-0.2977	0.1407	0.1369	2.576	-0.643	1.344	0.7998	0.8066	3.088	-0.6422	4.246	-2.17	-3.584	0.8254	1.802	3.059	2.579	-6.516	-6.53	0.1128	-2.189	1.49	3.757	-1.379	-0.1461	0.7856	-0.5003	0.1492	-3.644	1.159	-5.733	-2.137	1.436	1.436	-2.879	1.1	-10.73	-3.201	-1.981	0.02177	-0.8267	2.843	-0.9453	4.098	3.461	-2.625	-1.566	1.771	2.226	-1.546	0.9095	-5.401	-1.445	-4.453	2.265	-0.259	-0.522	0.9868	-1.335	-0.7089	3.661	1.097	1.614	2.164	-0.2691	0.838	0.03915	-1.264	4.616	2.916	-0.06796	-2.503	-0.4667	2.49	-7.536	0.2855	2.075	1.075	-21.93	1.463	2.218	0.9345	-1.108	-3.662	2.542
-1	3.914	-15.06	-1.571	-4.093	-3.02	2.403	-1.898	-0.5421	3.62	4.5	1.693	4.66	-2.017	1.815	-5.497	1.643	0.05562	2.996	-0.2415	-1.346	1.174	-0.7875	4.959	-0.6069	1.85	-0.4957	-2.596	0.4626	2.936	1.889	0.3736	-5.584	-6.076	2.79	1.576	3.209	1.309	0.1577	0.759	2.501	-3.92	3.586	-0.4058	0.9577	-5.755	-1.177	-1.169	4.618	-2.816	0.1602	-10.53	-6.977	-0.3447	0.5753	-2.368	2.1	-4.19	0.5611	2.809	0.9085	-0.9553	-1.535	0.6967	-1.915	-1.159	-2.128	-0.951	-1.087	0.9632	-0.9807	-0.257	1.294	-3.292	-5.158	0.7169	-0.5624	4.007	1.043	-4.073	0.5095	-1.061	-1.226	1.325	4.558	1.851	-0.9186	0.6071	1.605	-5.635	-0.5495	3.027	-0.834	-4.797	-1.535	1.48	0.8502	-0.752	-4.495	1.922
0.8087	4.445	-1.978	-0.05884	-2.544	-0.8202	-3.104	-0.5976	-3.704	3.265	0.7049	2.952	5.188	-2.816	3.463	-2.602	2.029	-1.029	0.7887	-0.782	0.2997	1.65	1.255	4.194	0.9171	1.419	-1.321	-1.947	1.217	2.424	-2.589	3.083	-6.089	-6.378	-2.824	-1.341	2.999	1.813	-0.01494	-1.969	0.181	-1.263	0.5206	-2.628	0.4263	-4.374	-6.529	-3.333	5.354	-1.93	1.059	-4.674	-2.704	-3.211	1.192	-1.237	0.5537	-0.1747	0.7974	6.425	0.04511	-0.8319	-1.758	-1.271	-0.7547	1.025	-3.448	-0.1315	1.037	-1.139	-0.1097	-0.9099	-0.3247	0.7077	-6.169	10.16	0.2339	2.913	0.5255	0.7779	-1.274	-0.7622	-2.445	2.481	1.138	-4.255	-1.884	-1.454	3.939	-5.036	0.9484	2.633	-1.228	-7.133	-2.482	2.908	-1.667	0.2376	-5.338	4.161
-2.226	4.906	-7.656	-1.449	-4.84	-1.312	1.513	-1.72	0.1672	3.412	4.7	2.006	4.127	-7.468	2.043	-0.1984	-2.158	-0.899	-1.491	4.925	-2.632	4.457	-4.581	4.636	-0.2293	2.131	-0.3235	-4.895	0.7166	1.62	3.774	5.064	-3.145	-8.334	1.224	-1.604	2.836	-0.3863	-1.755	1.18	-0.224	1.838	-0.9265	-2.186	-0.4914	-5.03	0.984	-1.298	1.616	-3.402	-0.3644	-4.719	0.5845	0.9482	0.9183	-2.633	3.385	-1.307	-1.161	3.214	-1.406	-1.078	-0.9205	-2.53	-2.943	0.3573	-2.973	0.8101	2.091	2.86	0.6443	-2.012	1.362	-1.395	-1.748	2.821	-0.1714	2.974	-0.2689	3.025	-3.614	-1.481	1.304	3.467	2.262	-6.107	0.6081	0.2851	2.531	-5.553	0.7442	5.216	-0.975	-4.363	0.09431	4.243	-0.3025	-0.1352	-3.601	3.851
-1.671	3.14	-2.358	0.8284	-5.095	0.5974	1.903	-1.328	-0.5151	4.279	2.839	1.654	3.527	-1.119	2.363	-1.93	1.142	0.9593	0.7966	2.063	-3.539	-1.187	0.947	3.883	-2.092	3.027	2.062	-0.612	0.8939	1.272	3.463	4.833	-6.208	-5.509	-1.989	-0.3463	1.726	6.587	-1.836	-0.9091	-0.6279	-5.393	-5.065	-2.235	-0.09298	-9.077	-1.539	2.125	3.295	-3.458	-0.2612	-8.701	-3.573	1.006	-0.9914	-0.08734	-0.1237	0.2534	-1.141	2.699	-1.536	-0.8819	0.13	1.448	-2.466	-1.21	-1.28	1.568	-2.176	1.593	0.3989	-2.155	-0.09199	-5.548	-1.558	4.516	0.459	2.53	-0.05481	-0.1548	-0.1025	-1.193	-2.873	-0.1648	2.751	-3.045	-1.177	1.445	1.701	-4.799	-0.7278	1.874	0.6993	-6.595	-4.246	-1.421	-0.1205	-0.8126	-2.893	2.547
-0.4959	4.008	-18.83	-1.172	-4.348	-6.804	0.4686	-0.8449	-0.698	1.997	2.707	2.675	3.078	1.405	2.727	-3.771	-2.715	2.426	-3.839	0.316	-1.161	-0.1267	0.8824	4.855	0.9882	3.734	2.067	-5.228	1.527	1.743	1.153	1.046	-5.927	-5.206	-0.6383	1.525	3.123	3.802	-21.22	-0.5884	3.241	-2.943	0.04736	-7.165	0.1846	-5.869	-4.207	1.635	2.463	-3.429	2.804	-1.147	-0.758	-11.02	2.075	1.201	1.004	-3.942	1.755	2.948	-4.059	-6.749	-1.801	-0.4017	-2.819	0.6069	-4.056	1.597	-3.189	0.8326	0.06533	0.03757	-0.4734	-8.622	0.3885	12.98	0.2023	1.401	4.082	0.5908	-3.44	0.7281	0.6305	0.02148	0.9879	-0.8582	-1.712	0.9551	5.206	-5.736	1.94	3.665	-2.804	-4.913	1.326	4.169	3.609	2.529	-6.911	9.689
-1.556	6.461	-2.773	-0.8621	-1.655	1.375	1.018	-1.699	-2.085	4.401	3.308	0.9447	2.965	-2.811	1.992	-0.2792	-2.167	1.511	0.7159	0.8542	-1.346	0.006445	1.44	3.323	0.1913	2.192	1.632	-3.754	2.407	2.52	1.977	3.71	-4.034	-1.747	-0.3616	-3.876	2.901	5.218	3.772	0.2046	0.3877	0.6947	-2.893	1.154	-0.6735	-4.064	-0.4615	0.9001	3.021	-2.762	0.5811	-8.94	-2.958	-1.904	0.2161	-2.528	1.211	-2.366	-1.632	2.453	0.4486	-2.071	-0.0563	-2.033	-0.3027	-1.243	-0.7069	1.116	-3.667	2.705	1.192	0.4071	2.275	-3.205	-10.19	6.39	-0.8392	4.715	1.118	-0.1789	-0.2891	-6.589	-1.247	0.2311	0.7962	4.316	-3.607	-0.607	2.85	-10.24	1.124	2.39	-0.7501	-7.65	-0.303	2.129	0.5958	-0.2766	-1.815	3.135
-0.8694	7.109	-3.169	-0.9239	-4.931	0.4415	-3.026	-0.8846	-3.726	2.937	2.594	1.223	3.14	-12.32	2.496	-0.9901	-2.357	3.685	-1.338	-2.177	1.066	0.04641	2.265	4.101	0.1025	2.621	2.307	-1.428	0.616	-0.5045	1.545	2.055	-3.115	-6.912	-0.9897	0.1971	1.741	3.925	0.9732	0.7026	-1.867	-0.3913	-0.747	-3.497	-1.167	-4.819	-5.185	1.209	4.158	-2.545	1.756	-9.065	-18.61	-5.608	1.227	-3.264	3.138	0.06232	-0.5368	0.985	-0.1705	-0.7479	-1.008	2.017	-3.002	1.846	-1.777	1.393	-2.029	1.935	-1.054	-0.93	-0.07622	-1.559	-7.282	4.372	-1.584	1.77	2.63	-10.93	-0.4954	-2.131	-1.857	2.142	-1.919	0.1544	-1.318	-1.407	0.7602	-11.97	-1.383	0.8076	1.988	-3.708	-1.737	1.9	0.3731	-1.444	-5.369	3.094
0.5094	5.44	-3.717	-1.427	0.7999	-1.468	0.7185	-3.702	0.753	-2.245	2.871	1.487	2.902	-3.886	2.625	-1.183	-1.722	3.069	1.562	-0.07311	0.02436	0.07409	-4.841	7.142	-0.1489	4.656	1.1	-3.811	2.502	1.002	0.6663	11.39	-3.99	-2.757	-0.3887	0.9776	1.524	3.017	-2.679	-2.024	2.002	0.2822	0.5961	-1.075	-8.362	-4.396	-2.834	-0.91	2.166	-4.251	3.029	-7.281	-3.803	0.7802	-0.737	-1.577	-0.07147	-0.4814	-1.714	3.087	-0.3891	-0.03464	1.942	1.264	-0.8529	0.7104	-3.733	2.363	-2.231	-0.9349	3.027	-2.116	1.159	-5.986	-3.548	5.665	-2.609	3.172	3.107	-4.663	-2.075	0.6465	-1.51	-0.54	0.9846	0.4521	0.6374	-1.334	4.022	-8.828	1.215	5.565	1.757	-5.633	-0.1534	-1.025	0.08364	-1.777	-7.037	0.1849
-0.8216	5.164	-1.178	2.172	-2.233	0.2391	0.07578	-3.718	-1.186	1.374	0.9096	2.179	4.888	-2.563	3.798	-2.026	4.204	0.1183	6.759	1.578	-3.38	-0.2241	2.734	3.811	-0.8545	0.1347	1.992	1.654	1.203	-0.06163	-0.08011	8.854	-6.037	-4.766	1.994	5.533	0.8364	-3.291	-2.431	-1.114	0.2051	-1.101	-1.863	-1.592	0.675	-3.599	-2.329	-2.437	0.4307	-3.994	-0.8351	-12.04	-3.74	1.061	-0.61	-2.061	3.118	0.247	0.05789	3.672	0.9798	0.3722	0.3106	1.455	-3.744	2.539	-2.757	0.5141	-1.995	0.7604	-7.929	0.3921	0.1971	-2.667	-6.069	6.951	-10.63	2.494	-1.175	-2.469	-0.4878	0.1085	-0.8621	7.521	1.28	-2.203	0.4749	0.637	2.794	-0.7375	1.332	2.354	-4.445	-10.81	0.5793	1.257	-1.96	-0.4212	-5.479	3.759
-0.6766	3.164	-6.605	1.498	-1.411	0.4569	0.7494	-3.35	-4.153	3.125	1.761	1.244	4.918	-2.124	2.267	-1.314	1.537	3.349	1.442	-0.1903	-1.411	3.524	-0.6896	4.412	0.8118	3.353	0.7217	-3.694	1.431	-3.501	3.018	6.378	-4.627	-4.819	-1.856	0.6547	1.41	2.627	-0.8317	-0.1633	1.346	-2.655	0.6924	-0.7991	-0.5892	-6.939	-1.262	-1.951	3.779	-1.803	-0.6146	-6.595	-0.4597	-6.268	1.978	-1.49	1.957	-2.085	2.394	2.104	2.369	0.3082	-8.856	-0.6262	-1.887	1.615	-4.148	3.479	-1.602	2.584	-3.306	-1.493	0.7343	1.65	-1.359	0.1832	0.1344	4.229	-0.8019	-3.898	-0.1348	-3.977	-0.1775	-5.873	2.971	-0.5602	0.2757	0.4885	3.383	-8.227	1.704	2.087	-0.6472	-8.556	-1.022	3.221	1.606	3.342	-6.453	4.065
0.4283	5	-3.762	2.164	-1.097	-1.167	0.1495	-2.538	-6.387	2.47	4.944	-0.1003	4.347	-3.005	1.779	1.43	0.1477	1.553	3.114	-0.9234	-2.279	-2.893	4.701	4.286	0.2155	2.563	1.977	-3.714	1.056	2.161	5.303	7.875	-4.057	-7.588	-0.0618	-1.784	5.425	3.833	-1.135	1.146	0.3435	1.031	-5.741	-2.556	-0.1058	-6.397	0.804	-2.891	3.492	-1.689	1.281	-15.18	-4.517	-1.982	-2.77	-1.304	1.456	-0.9176	0.3636	6.361	-3.636	-1.733	0.3893	-1.232	-0.06671	1.328	-2.452	0.3745	1.632	0.4231	-1.338	-2.629	-0.5355	-5.64	-0.1219	7.118	-1.845	2.882	1.79	-2.741	0.8523	0.2256	-0.673	2.144	4.737	-3.429	-1.292	1.32	1.489	-2.094	0.7351	3.61	2.378	-6.799	0.8087	4.367	-1.006	2.103	-5.549	3.732
1.286	1.443	-4.879	2.683	-3.625	1.454	5.032	-3.747	-2.013	6.022	1.341	0.7126	3.016	-3.083	2.33	0.7303	-3.801	-1.398	0.7419	-0.4049	-1.563	-2.31	-0.03233	5.106	-1.153	2.504	-0.1296	-6.319	1.263	3.438	-2.211	2.442	-5.621	-4.265	-1.032	2.313	3.384	2.867	-0.4035	0.7223	-0.5875	-2.487	-5.14	-0.1255	1.782	-5.874	-0.453	-1.114	4.805	-2.083	-6.225	-14.88	-3.821	-1.823	-0.8438	-0.4574	-1.971	-1.865	-2.687	3.359	0.3662	0.0238	-3.242	-1.712	-2.333	-0.2205	-3.531	-0.1366	-8.343	-0.05799	-1.096	-1.701	0.2749	-3.726	-4.335	1.464	0.5781	0.9783	-2.24	-6.277	-0.8673	0.1518	-2.351	5.497	1.868	-2.097	-1.14	-1.454	1.946	-5.033	0.9553	3.954	-2.595	-8.6	1.315	-1.921	-0.5904	3.137	-3.209	3.188
0.1746	-0.2002	-2.766	0.3572	-2.03	-1.67	1.013	-1.077	-3.259	1.175	2.749	0.506	3.004	-1.88	3.257	-2.596	-2.317	0.4862	1.85	-0.5897	0.1451	0.7682	-5.364	3.302	-4.337	0.9929	-0.3178	-1.997	1.907	2.996	4.039	3.557	-5.246	-6.158	3.535	-0.03252	2.155	2.688	-2.834	0.3256	-3.95	-0.7165	-0.7768	-2.471	-2.026	-1.258	0.8417	-1.045	1.387	-4.699	-1.034	-2.864	-0.6232	1.361	-0.9091	-1.74	0.1894	-2.172	6.159	2.263	1.115	-1.39	1.227	0.7951	-2.421	-14.97	-4.079	1.124	1.202	-0.9858	-0.09685	-1.697	-0.04464	-0.3645	-18.07	3.852	-1.013	2.031	0.7413	-0.5962	-1.558	-1.055	-0.1897	4.656	0.7628	-4.231	-2.243	-0.5881	4.223	-2.657	-4.144	2.478	0.1205	-5.022	-2.717	5.963	-1.011	0.85	-0.1647	5.387
2.259	5.129	-6.421	1.287	-3.719	-1.491	0.4608	-2.795	-1.58	1.772	1.744	-0.3381	3.684	-2.894	3.673	-4.139	1.254	0.5622	0.3034	-0.152	-0.4032	-0.46	-4.209	4.031	1.974	4.415	-2.173	-3.459	1.089	1.39	1.418	8.218	-6.405	-6.727	0.7449	1.538	1.852	6.071	-2.309	-0.3136	2.023	-2.16	-0.008399	-1.722	-1.955	-7.731	-4.069	-12.45	2.931	-3.205	0.07217	-11.55	-1.135	-0.7298	-0.6132	-1.946	2.893	-2.111	1.126	0.8958	-0.9813	-0.7923	-0.8989	-0.9282	-4	1.144	-5.469	-0.806	-0.1618	-0.5696	-3.207	-2.279	0.9758	-0.1329	-7.424	1.908	-1.079	1.803	-1.877	0.304	-1.623	-1.371	2.296	5.294	1.392	-1.987	-15.21	-3.013	2.849	-6.224	1.326	1.568	2.138	-3.704	-1.522	-0.7321	-3.017	-0.1567	-6.43	3.126
-2.747	7.345	-6.089	-0.3191	-2.895	-0.963	0.5754	-0.05705	-2.563	1.009	4.2	0.8887	2.788	-4.535	3.077	-0.9215	2.441	-2.057	-0.7468	0.6169	-1.116	-0.6969	-1.612	4.766	-0.3071	-1.448	-3.231	-3.834	1.213	1.176	1.306	0.1406	-2.595	-8.223	-2.207	-0.9829	4.67	1.177	-2.452	0.3672	-0.9449	0.002939	-1.596	-2.206	-2.663	-4.636	-2.93	-1.749	8.325	-2.644	2.48	-9.854	-1.569	-2.383	-2.063	0.6387	0.3635	-1.163	-1.526	2.956	-1.733	-2.258	-0.9121	-11.28	-3.626	0.1429	-2.615	0.3541	-2.118	2.086	-2.705	-1.621	0.1905	-4.729	-0.8769	8.24	-3.634	0.7682	0.1976	-1.262	-1.211	-2.54	-0.6147	1.126	3.255	-2.694	-2.39	1.153	7.456	-7.771	4.294	1.13	-1.215	-4.334	1.645	1.352	0.455	-0.874	-5.844	1.543
-2.019	2.702	-4.828	-2.929	-17.29	-1.715	-0.1651	-3.427	-0.4408	3.238	4.199	-0.6264	4.989	-3.076	2.305	0.7114	-1.664	-1.185	0.8514	-1.453	-1.887	3.242	-1.278	3.417	-0.4257	1.765	1.849	-5.548	0.01528	3.712	3.263	5.519	-6.055	0.2197	0.3782	-0.8015	1.67	0.3623	-0.6023	0.2369	0.4308	-1.581	-0.08229	-4.069	-2.861	-7.126	-3.437	2.487	4.165	-4.079	1.57	-13.74	-0.315	-3.808	-0.1987	-3.524	1.45	-1.18	3.223	2.835	-0.9523	-2.128	-1.851	-1.356	-3.509	2.897	-5.387	0.4466	-2.089	1.985	-2.752	-1.049	1.207	-3.038	-5.471	3.127	0.7526	0.3126	0.8432	-2.451	-0.8175	-1.514	-2.216	2.086	2.621	-0.3551	-3.416	4.551	5.526	-5.555	0.6438	5.309	-1.466	-7.478	1.162	-0.4741	-0.9326	0.7676	-3.732	2.775
-0.9663	6.403	-11.63	-2.282	-5.651	-0.1933	2.003	-1.322	-0.9099	1.509	3.196	0.7648	3.099	-1.008	2.249	1.037	-3.563	1.214	1.237	-1.123	-8.303	-1.131	-0.07098	4.343	-0.38	2.023	3.192	-2.031	1.067	1.283	-0.3745	6.713	-5.571	-3.567	0.6116	-0.6671	4.792	5.459	0.774	-0.6622	-0.8515	-1.051	-3.224	-2.331	2.614	-3.566	-1.977	-1.189	4.399	-18.33	-0.1147	-12.58	-3.865	-2.201	1.513	-1.586	1.801	-4.305	0.3054	3.373	2.296	0.6923	-0.1019	-4.868	-2.441	2.282	-2.728	1.989	-4.2	-0.2045	0.6378	-1.205	-0.1435	-3.88	-4.14	4.161	-2.503	2.853	-0.8322	-0.6788	-3.283	-3.265	-1.519	3.751	-0.9759	0.1958	-4.18	-2.47	4.003	-3.803	1.083	1.932	-2.499	-6.229	-4.154	-0.2041	-0.2769	-1.638	-3.399	4.849
-2.175	-7.538	-5.159	-16.14	-3.193	-0.07349	-0.6235	0.1077	2.139	5.581	1.587	2.595	3.235	-2.12	3.39	-0.1108	-3.654	-0.2228	0.3227	2.197	-0.523	4.623	3.586	4.881	0.1025	1.906	0.2727	-3.094	0.451	0.3147	1.849	-4.33	-5.462	-8.904	1.6	1.031	-1.172	5.13	-1.015	-0.6789	-0.1841	-0.8398	-1.07	-2.859	-1.066	-6.819	-1.334	-1.213	3.005	-1.872	0.7069	-9.195	-2.664	1.307	0.6904	1.125	1.463	0.5416	-2.553	3.102	-0.6653	-2.648	-0.3344	0.3875	-0.6809	-1.499	-3.849	1.393	-1.755	0.488	1.043	-2.067	1.316	-0.4863	-0.8068	6.609	-1.452	3.112	-1.859	-2.66	-1.829	-2.437	1.692	2.894	2.565	-2.903	-1.172	1.584	1.78	-6.303	1.897	1.331	0.3507	-6.184	-3.326	0.7881	0.5074	1.928	-4.121	3.945
5.804	1.203	-5.734	2.217	-1.419	-0.8541	1.113	-2.609	-0.8483	3.323	2.385	3.088	4.294	-4.115	3.135	-1.36	0.595	1.252	-1.545	1.883	-0.3167	-0.5045	-1.754	4.613	-0.9276	3.972	0.939	-0.3694	2.374	1.02	-0.1773	3.976	-4.958	-10.95	0.6269	0.3689	2.764	6.144	-3.399	-0.5027	1.767	0.05213	-0.5996	-1.904	-5.509	-4.386	-0.8631	-0.5432	3.549	-4.806	2.953	-8.914	-3.116	-1.872	-0.7029	-3.685	-0.5744	2.359	-2.159	5.325	-2.565	-0.9187	1.404	-1.455	-2.969	0.3561	-3.154	0.2922	-0.5926	-0.4973	-0.08719	-2.246	-0.5278	1.86	-4.911	6.671	-3.724	1.893	1.818	-0.07026	-2.355	-3.836	-0.3998	3.054	1.754	-5.334	-3.159	-0.02069	3.564	-7.39	0.4383	5.122	3.089	-5.474	-0.1005	0.3199	-2.245	3.187	-2.67	2.791
-2.893	4.185	-4.893	-1.393	-4.087	-1.178	-0.882	-3.074	-0.4826	4.583	3.18	0.9225	4.107	-4.384	3.184	-1.639	-1.208	1.818	1.331	0.5134	-2.952	1.278	-0.7467	4.287	-0.02532	1.648	1.876	-4.847	2.416	2.653	0.09068	5.897	-6.609	-10.31	2.312	-1.82	-0.2122	2.013	-1.115	0.7492	0.4252	0.975	-2.017	-3.773	-1.676	-4.586	-3.563	0.4203	3.516	-2.377	-1.446	-10.62	-0.2229	1.563	-1.336	-1.97	3.339	0.1059	-2.445	6.1	-1.3	-2.187	0.9747	-3.979	-0.993	0.02309	-6.995	0.6036	-3.855	2.521	0.09063	-0.06251	1.738	-4.254	-3.061	5.912	-2.002	3.565	2.369	4.027	-0.1494	-2.354	1.14	2.018	2.074	-0.409	-1.72	-0.3419	3.223	-5.746	-1.69	3.062	-5.26	-6.422	-1.385	0.1266	0.02743	0.794	-5.465	4.652
0.7956	4.002	-5.345	-0.8912	-0.9498	-3.401	-1.274	-1.921	-1.658	2.258	2.719	1.171	3.855	1.071	2.842	-3.177	-2.266	1.736	1.22	-2.397	0.2264	0.3652	-0.07968	4.723	0.1313	2.866	0.2036	-4.323	1.406	3.393	2.528	4.401	-6.067	-3.747	-0.7968	0.04044	2.222	2.927	0.1015	-0.6462	1.383	-0.3364	0.9162	-3.699	2.414	-7.738	-7.166	-0.9189	2.48	-0.7836	-1.439	-12.75	-6.528	2.229	-0.5568	-2.351	0.7528	-1.564	0.9225	2.278	-0.3724	-0.6694	-0.6976	-0.7202	-1.981	1.826	-7.399	2.575	0.8056	-1.426	-0.1387	0.6661	-0.6906	-2.817	-3.851	9.291	-1.68	1.569	0.4785	0.785	-4.679	-1.268	-0.2385	6.877	1.383	1.405	-2.667	2.992	6.758	-5.686	-0.937	1.829	-1.295	-9.321	0.3812	-2.061	3.105	-0.9848	-5.961	1.892
-2.141	2.195	-2.972	-4.364	-4.5	0.5216	2.151	-2.805	1.418	3.08	2.334	2.01	5.05	-2.138	2.615	-0.3157	-0.7305	0.5719	5.128	2.515	-0.7876	0.9126	0.7396	3.608	0.522	3.071	2.702	-4.619	1.976	0.8082	2.85	0.7921	-3.256	-4.851	-1.117	-1.525	1.937	-0.00775	0.235	2.242	1.561	0.8696	-0.4588	-1.997	-2.551	-4.008	-1.896	2.397	4.384	-2.572	1.958	-9.393	-2.156	0.2291	-1.502	-1.677	5.682	0.359	1.506	2.313	0.1449	1.048	-0.8219	0.8206	-2.335	1.24	-0.008109	2.638	-4.802	1.642	-1.081	-0.6407	1.324	-1.235	-2.429	2.037	0.05264	2.695	-0.8922	0.8363	0.9596	-2.12	1.657	1.053	1.899	-1.797	0.3613	-4.145	4.499	-8.888	0.6335	4.261	-0.2922	-5.835	-0.6051	3.361	-1.028	1.074	-2.763	4.792
-0.1348	1.948	-5.44	-2.995	-3.635	-0.8864	-1.27	-1.92	-0.9263	4.139	3.287	1.645	3.177	-0.4475	1.825	-0.751	-0.3377	-0.9575	2.594	1.051	-0.06357	2.002	-1.784	4.824	0.7171	1.715	-0.8884	-1.34	2.184	1.651	1.584	13.64	-4.355	-10.82	-0.9416	-1.843	0.2726	5.421	-0.9838	1.23	3.965	0.1693	-0.6608	-1.67	0.8724	-4.504	0.05304	-0.2292	2.594	-4.794	0.2793	-6.264	0.1672	-3.515	0.5068	-0.6463	1.515	0.5729	2.515	1.465	0.76	-4.009	1.486	1.794	0.5006	-0.03704	-0.6069	1.768	1.555	1.44	-3.685	-0.746	-1.281	-1.952	-5.478	3.099	-3.136	3.744	1.178	-2.989	-0.8347	-0.9142	-1.733	5.534	2.285	-2.637	-2.194	0.6652	2.513	-5.625	2.53	3.173	-1.312	-4.864	0.9742	3.596	0.481	1.313	-3.993	2.195
-0.5142	6.61	-7.279	0.9243	1.067	1.065	2.032	0.1369	-2.815	2.865	2.461	3.424	1.572	-1.298	3.116	-1.807	2.069	1.312	1.415	0.4209	0.3007	3.237	1.788	4.299	-2.686	2.763	0.6311	-2.394	1.475	1.479	1.755	7.091	-9.085	-4.952	0.08888	0.4023	-0.03332	4.558	-0.1713	2.1	0.2028	-1.663	0.568	-2.777	-0.4241	-6.052	-0.3643	1.257	0.6483	-1.333	0.7458	-10.1	-3.246	0.2274	0.2166	-0.8329	4.374	-0.1006	2.141	2.694	-0.3803	-1.969	2.394	1.39	-2.411	1.167	-2.868	1.855	-0.6353	1.891	-2.335	1.029	0.5258	-0.4296	-1.403	4.694	0.2461	3.953	0.3111	-0.4116	-2.551	-1.424	-0.6169	2.049	3.446	-1.853	-2.75	4.208	5.495	-7.176	2.079	1.818	-2.118	-10.08	-1.21	0.7764	-0.2871	0.4517	-4.46	3.451
1.995	6.011	-9.42	0.8916	-2.093	-1.215	2.659	-0.6304	-1.016	0.724	2.783	1.897	3.311	2.166	2.917	0.185	-1.885	0.2158	-0.1724	0.2207	2.216	4.068	-0.8985	4.958	-2.413	1.544	-1.3	-4.565	2.54	2.162	0.5528	-0.9745	-4.061	-6.293	-0.8391	3.346	2.52	3.658	-1.405	1.297	0.4335	0.4764	-1.709	-0.9446	-1.967	-6.846	-1.163	-1.196	4.589	-1.377	-0.1358	-7.773	-0.6025	0.5483	0.5576	-0.8478	5.108	1.566	-1.475	0.6307	1.13	-1.597	-3.549	-1.234	-3.671	0.9125	-2.382	1.299	-3.121	0.7497	-1.008	-1.364	3.439	-5.433	-1.689	3.831	1.616	2.97	0.573	1.403	0.5388	-1.05	-1.617	4.429	2.151	-4.862	-1.962	0.9101	6.44	-15.35	0.4536	2.798	0.7379	-4.352	-0.2829	4.085	0.1325	1.127	-8.834	2.488
0.09656	7.881	-6.876	-0.7264	3.401	-0.1702	-0.5048	-0.5659	1.218	4.108	4.103	2.388	5.222	-0.471	5.483	-5.394	1.119	2.139	-1.057	-0.5753	-1.767	0.6658	1.948	4.026	0.2962	2.101	0.6724	-1.808	1.277	2.673	1.438	3.659	-4.138	-6.958	1.055	1.533	0.8724	2.027	-0.4881	0.8799	1.323	-0.2697	2.301	-5.551	-0.5294	-10.38	-3.617	-0.1917	3.651	-7.302	-0.2402	-3.503	-2.641	-0.746	1.276	-3.34	2.049	0.4253	2.025	3.127	-0.9058	-3.28	0.5748	3.221	-1.679	2.189	-13.59	1.522	0.7972	0.2258	0.8819	-2.306	1.661	-1.73	-0.8974	6.414	-1.484	4.309	0.7605	-0.05742	-2.382	-0.8641	-7.834	-0.5699	2.228	-1.05	-2.033	1.218	4.852	-2.361	1.23	4.522	1.703	-6.039	-1.948	-0.7806	2.468	0.6043	0.2216	4.131
2.652	3.623	-3.359	1.729	-3.733	-1.257	0.307	-0.477	1.602	1.776	3.165	0.917	4.304	-2.559	4.441	-0.01127	2.123	1.45	5.428	0.4267	0.2083	3.379	4.223	4.115	0.5544	3.469	1.678	-2.857	1.836	0.8835	2.317	6.24	-3.946	-5.81	0.4016	-0.7421	1.943	3.78	-2.078	1.798	0.7003	-10.04	0.1543	-3.342	0.116	-4.296	-2.491	0.04379	2.135	-1.171	0.4745	-3.732	-2.298	-0.6321	1.158	-1.548	0.4203	-0.6673	2.195	3.808	2.534	0.9081	-1.31	0.5328	-1.592	0.9332	-3.832	2.182	-0.3258	1.072	-7.967	-6.25	0.3701	-1.764	-2.149	4.969	-3.113	3.119	0.5452	-2.779	-0.1207	0.189	0.8369	0.3409	0.2875	-5.494	-0.9022	-0.3119	2.73	-7.852	2.112	3.308	1.497	-7.674	0.3063	2.479	2.874	-1.871	-5.077	3.362
-2.03	5.061	-7.358	0.3527	-2.562	0.9523	1.72	-0.7156	0.352	4.3	1.988	2.278	2.698	1.024	1.935	1.4	3.074	2.044	2.015	2.077	-1.239	0.773	-2.046	4.425	-0.974	1.532	0.9002	-7.762	2.591	2.388	4.592	4.306	-7.467	-5.806	-1.729	0.06847	2.668	4.604	-1.354	2.669	2.001	-1.192	-0.956	-4.625	-0.2602	-1.699	-2.192	0.5383	4.934	-3.293	1.237	-9.683	1.557	-0.07061	0.5046	-1.08	0.8809	1.018	0.5638	0.9333	2.075	1.757	-0.161	1.346	-2.244	-0.8995	-0.8647	2.88	-0.3143	0.979	1.423	-0.569	0.4196	-2.795	-3.057	6.566	-0.671	1.435	2.691	-0.08247	0.3574	-0.5432	1.032	2.999	2.365	-0.4822	1.312	2.552	5.208	-6.535	1.117	-0.1028	-0.9729	-7.107	1.071	1.964	0.9107	1.5	-4.564	4.188
-2.349	2.9	-4.492	1.33	-2.749	-1.591	2.059	-0.7858	-0.7782	6.649	3.728	0.5113	4.138	-4.422	3.226	-0.6852	-1.05	3.521	3.428	-1.052	-0.5624	1.568	1.389	3.618	-0.918	2.023	1.7	1.717	1.037	1.68	2.349	5.944	-6.39	-3.358	3.433	-1.635	2.748	2.356	-1.048	0.6682	1.13	-2.596	-0.3795	-1.163	-1.154	-7.473	-4.444	-1.193	3.926	-3.097	2.892	-8.236	-0.8329	0.1449	-0.3175	-0.1488	0.7944	-1.134	-1.677	2.906	0.3728	0.1426	-0.266	-0.9009	-2.828	1.225	-5.28	1.106	-4.451	1.255	-3.132	-2.823	0.7084	-6.408	0.7482	5.956	2.041	4.959	1.22	2.884	-2.171	-0.2209	-2.125	1.507	3.458	0.03638	-1.087	2.419	2.457	-4.57	0.468	7.973	0.5039	-3.542	-1.029	0.7772	-0.08508	-0.006912	-4.173	4.987
-1.693	3.425	-4.7	-1.581	-3.35	-1.628	1.428	-1.644	-1.393	5.421	5.929	0.4087	7.121	-1.064	3.576	-1.23	1.5	3.72	1.005	-0.2534	0.01972	1.252	-1.865	3.455	-1.461	1.403	-0.9731	-1.876	1.205	0.8369	1.256	3.88	-5.708	-7.616	1.086	-0.8604	2.422	3.097	-0.8331	-0.7531	0.9767	-2.466	-1.231	-2.508	0.7432	-4.922	-1.742	-0.2413	2.089	-2.675	0.05009	-18.07	-3.896	-1.626	-0.4107	-2.337	2.757	-0.8722	-0.4427	4.326	-0.7354	-1.908	-1.318	3.17	-2.989	-1.124	-0.1288	0.3534	-3.193	1.069	-1.629	-1.62	0.9245	-1.343	-3.218	2.509	0.1101	2.521	1.262	0.8667	-1.886	-0.4408	0.8735	7.558	-0.00305	-1.473	-1.906	-0.8649	3.899	-5.891	2.923	2.054	0.2872	-17.4	-1.443	4.2	-0.5496	-0.4558	-3.899	3.66
-1.47	2.706	-5.089	-0.8671	-3.415	-0.3622	-1.301	-1.215	1.431	3.061	2.24	1.387	3.666	-1.698	4.435	-1.435	0.5615	2.048	1.049	-0.4604	-0.774	-1.079	-2.022	4.452	1.277	3.362	1.066	-1.767	1.927	1.197	3.254	8.704	-8.213	-6.483	0.9554	0.2793	2.059	2.143	-1.478	-0.4537	-2.338	-1.091	-3.051	-2.182	-0.6231	-5.688	-3.867	-1.05	3.623	-2.604	-0.9699	-10.84	-3.046	0.814	0.6228	-0.3945	1.26	1.02	1.196	3.121	1.127	-0.7902	-0.1253	-1.478	-0.6426	0.575	-1.11	0.1397	-1.248	3.909	-3.186	1.47	-0.3773	-0.7438	-1.251	3.192	-2.628	2.233	0.7581	1.973	-2.147	-0.426	-0.1908	1.403	2.531	-1.71	-1.011	-1.588	13.35	-6.229	1.087	3.189	1.577	-5.053	-0.5774	-1.447	-1.483	-1.319	-7.667	2.956
-3.338	1.239	-6.387	-0.1446	-5.225	-1.911	-0.5485	-1.447	-1.052	1.594	2.36	2.154	4.671	-1.574	2.181	-1.705	0.2542	-0.9442	-0.3917	0.9043	0.343	1.347	-1.001	4.394	-0.2804	1.515	1.216	-3.859	0.5756	2.519	2.602	2.871	-4.813	-8.41	-0.9804	-1.658	1.975	1.26	-0.7076	-0.5271	5.361	0.8565	-0.3666	-5.313	-0.2812	-6.141	-0.3784	-0.9489	4.414	-3.691	-0.5707	-11.9	-0.3329	-0.9615	1.081	-3.265	1.716	-1.114	1.715	4.368	0.3318	-6.316	-0.4972	-1.501	-1.863	0.8071	-3.475	0.8428	0.6818	0.5867	1.373	1.329	-0.9997	-1.632	-7.076	6.461	-0.2259	1.971	0.9939	-3.876	-2.07	0.2521	-1.379	-2.193	2.495	-1.71	-1.425	0.8515	3.118	-5.332	0.59	1.05	-0.8965	-5.144	-0.2144	2.289	0.9414	0.4404	-7.09	3.745
-0.9612	2.608	-5.643	-2.398	-2.14	1.16	1.62	-1.418	-2.453	2.126	1.523	0.1983	1.871	-2.081	2.942	0.0913	-5.038	0.1511	2.524	-2.915	-1.928	2.516	-4.707	4.771	1.909	1.733	1.23	-3.383	-0.5362	0.3666	1.871	3.574	-3.235	-1.082	-0.3001	-0.7889	2.842	3.832	-3.767	-0.06381	-0.7765	-0.4829	-5.274	-2.765	-0.07803	-4.68	-1.735	0.7766	1.468	-4.355	-4.454	-10.87	-8.464	1.201	-3.584	-1.196	2.81	0.6815	1.123	2.734	-3.442	-0.6186	-3.372	-0.8335	-2.633	0.4006	-3.055	1.154	-2	1.199	-6.83	-1.607	-1.176	-6.075	-3.38	3.86	0.4833	1.022	1.538	-0.4703	-2.011	-0.2826	-6.698	4.406	2.429	-5.384	-2.269	0.6376	3.076	-4.118	1.666	2.479	-0.4966	-9.306	-4.367	4.201	-0.5919	-0.7932	1.841	3.614
