11.55	6.546	35.93	42.63	16.52	2.843	0.8942	1.744	6.401	11.46	10.83	6.298	18.54	1.812	4.716	8.001	11.68	9.016	13.75	11.39	6.528	9.884	6.574	12.22	8.964	5.178	5.504	11.55	24.64	10.29	6.726	16.7	3.539	6.523	3.323	4.227	18.07	10.98	10.12	2.688	4.117	6.861	13.02	3.628	0.84	23.34	12.85	21.46	15.12	7.522	39.22	0.8603	3.349	10.25	10.09	1.906	6.642	1.614	4.998	5.102	6.604	11.11	17.14	1.469	2.704	1.508	5.917	27.94	19.2	6.067	10.67	7.189	6.866	2.403	16.54	2.852	17.73	12.48	13.55	4.54	8.459	19.99	4.515	4.7	7.147	16.03	34.75	5.091	9.349	6.241	2.154	7.008	20.4	0.6375	0.6173	8.858	8.147	23.04	12.68	9.841
11.45	6.494	35.6	42.24	16.37	2.846	0.8896	1.756	6.392	11.4	10.76	6.188	18.39	1.767	4.688	7.943	11.59	8.96	13.65	11.32	6.527	9.794	6.565	12.13	8.921	5.162	5.366	11.48	24.42	10.22	6.697	16.56	3.521	6.411	3.314	4.235	17.92	10.91	10.07	2.614	4.105	6.825	12.92	3.622	0.8462	23.13	12.78	21.29	15	7.47	38.86	0.8908	3.341	10.19	9.973	1.917	6.623	1.617	4.882	5.072	6.534	11.04	16.99	1.469	2.705	1.438	5.813	27.71	19.06	6.004	10.59	7.17	6.809	2.395	16.39	2.858	17.58	12.38	13.46	4.522	8.416	19.82	4.504	4.689	7.121	15.92	34.44	5.023	9.286	6.211	2.144	6.927	20.23	0.6666	0.5947	8.804	8.089	22.86	12.61	9.769
11.34	6.443	35.27	41.86	16.22	2.849	0.885	1.767	6.383	11.33	10.69	6.078	18.23	1.723	4.66	7.885	11.51	8.903	13.56	11.25	6.526	9.703	6.556	12.05	8.878	5.146	5.228	11.41	24.2	10.15	6.668	16.41	3.503	6.298	3.305	4.243	17.77	10.83	10.01	2.54	4.093	6.789	12.82	3.616	0.8525	22.93	12.72	21.12	14.88	7.419	38.49	0.9212	3.333	10.13	9.86	1.928	6.604	1.619	4.766	5.043	6.465	10.96	16.83	1.469	2.705	1.367	5.709	27.48	18.92	5.94	10.51	7.151	6.751	2.387	16.23	2.864	17.43	12.27	13.36	4.504	8.373	19.66	4.494	4.679	7.095	15.81	34.14	4.955	9.223	6.181	2.135	6.845	20.06	0.6957	0.572	8.75	8.031	22.68	12.54	9.696
11.23	6.392	34.94	41.47	16.07	2.852	0.8804	1.779	6.374	11.27	10.61	5.968	18.07	1.679	4.631	7.826	11.43	8.846	13.47	11.18	6.526	9.613	6.546	11.97	8.835	5.129	5.09	11.34	23.98	10.08	6.639	16.27	3.485	6.186	3.296	4.251	17.62	10.75	9.956	2.466	4.081	6.753	12.73	3.609	0.8587	22.72	12.65	20.95	14.76	7.368	38.13	0.9517	3.325	10.07	9.746	1.939	6.585	1.622	4.65	5.014	6.396	10.89	16.68	1.469	2.705	1.297	5.605	27.25	18.78	5.876	10.42	7.131	6.694	2.379	16.08	2.87	17.27	12.17	13.27	4.486	8.33	19.49	4.483	4.668	7.068	15.71	33.83	4.887	9.16	6.151	2.126	6.764	19.89	0.7248	0.5493	8.697	7.972	22.51	12.48	9.624
11.13	6.341	34.61	41.08	15.92	2.854	0.8759	1.79	6.365	11.2	10.54	5.858	17.92	1.634	4.603	7.768	11.34	8.79	13.38	11.11	6.525	9.523	6.537	11.89	8.792	5.113	4.952	11.26	23.76	10.01	6.61	16.12	3.468	6.074	3.288	4.259	17.47	10.68	9.901	2.392	4.069	6.717	12.63	3.603	0.865	22.51	12.58	20.77	14.64	7.317	37.76	0.9822	3.317	10.01	9.632	1.95	6.566	1.625	4.534	4.985	6.327	10.82	16.52	1.469	2.706	1.227	5.501	27.02	18.64	5.813	10.34	7.112	6.636	2.372	15.92	2.876	17.12	12.07	13.18	4.467	8.287	19.33	4.472	4.658	7.042	15.6	33.52	4.819	9.098	6.121	2.117	6.682	19.72	0.7539	0.5267	8.643	7.914	22.33	12.41	9.552
11.02	6.289	34.28	40.7	15.78	2.857	0.8713	1.802	6.357	11.14	10.47	5.748	17.76	1.59	4.574	7.71	11.26	8.733	13.29	11.04	6.524	9.433	6.528	11.81	8.749	5.097	4.814	11.19	23.54	9.939	6.581	15.98	3.45	5.961	3.279	4.267	17.32	10.6	9.846	2.318	4.057	6.68	12.53	3.597	0.8712	22.31	12.52	20.6	14.52	7.265	37.39	1.013	3.309	9.95	9.519	1.96	6.547	1.627	4.418	4.956	6.257	10.75	16.37	1.469	2.706	1.157	5.397	26.79	18.5	5.749	10.26	7.093	6.579	2.364	15.77	2.882	16.97	11.97	13.08	4.449	8.244	19.16	4.462	4.647	7.016	15.49	33.21	4.751	9.035	6.091	2.107	6.601	19.56	0.783	0.504	8.589	7.856	22.15	12.34	9.479
10.91	6.238	33.95	40.31	15.63	2.86	0.8667	1.814	6.348	11.07	10.39	5.637	17.6	1.545	4.546	7.652	11.18	8.677	13.19	10.97	6.524	9.343	6.519	11.73	8.705	5.081	4.676	11.12	23.32	9.868	6.552	15.83	3.432	5.849	3.27	4.274	17.17	10.53	9.791	2.243	4.045	6.644	12.43	3.59	0.8775	22.1	12.45	20.43	14.4	7.214	37.03	1.043	3.301	9.891	9.405	1.971	6.528	1.63	4.303	4.927	6.188	10.68	16.21	1.469	2.706	1.087	5.294	26.56	18.36	5.685	10.18	7.074	6.522	2.356	15.61	2.888	16.81	11.87	12.99	4.431	8.201	19	4.451	4.636	6.99	15.38	32.9	4.683	8.972	6.061	2.098	6.519	19.39	0.8121	0.4813	8.536	7.798	21.97	12.27	9.407
10.8	6.187	33.62	39.92	15.48	2.863	0.8622	1.825	6.339	11.01	10.32	5.527	17.45	1.501	4.517	7.593	11.09	8.62	13.1	10.9	6.523	9.252	6.51	11.64	8.662	5.065	4.538	11.04	23.1	9.797	6.523	15.69	3.414	5.737	3.261	4.282	17.02	10.45	9.737	2.169	4.032	6.608	12.33	3.584	0.8837	21.89	12.39	20.25	14.28	7.163	36.66	1.074	3.293	9.831	9.291	1.982	6.509	1.633	4.187	4.897	6.119	10.61	16.06	1.468	2.706	1.017	5.19	26.33	18.22	5.622	10.1	7.054	6.464	2.348	15.46	2.894	16.66	11.77	12.9	4.412	8.158	18.83	4.44	4.626	6.964	15.27	32.6	4.615	8.909	6.031	2.089	6.438	19.22	0.8412	0.4587	8.482	7.74	21.79	12.2	9.335
10.7	6.135	33.29	39.54	15.33	2.866	0.8576	1.837	6.33	10.94	10.25	5.417	17.29	1.457	4.489	7.535	11.01	8.563	13.01	10.83	6.522	9.162	6.501	11.56	8.619	5.049	4.4	10.97	22.88	9.727	6.493	15.54	3.396	5.625	3.252	4.29	16.87	10.38	9.682	2.095	4.02	6.572	12.23	3.578	0.89	21.69	12.32	20.08	14.16	7.111	36.3	1.104	3.285	9.771	9.178	1.993	6.49	1.635	4.071	4.868	6.05	10.53	15.9	1.468	2.707	0.9469	5.086	26.1	18.08	5.558	10.01	7.035	6.407	2.34	15.3	2.9	16.51	11.66	12.8	4.394	8.115	18.66	4.43	4.615	6.938	15.16	32.29	4.547	8.846	6.001	2.08	6.356	19.05	0.8703	0.436	8.428	7.682	21.62	12.13	9.262
10.59	6.084	32.96	39.15	15.18	2.868	0.853	1.849	6.321	10.88	10.17	5.307	17.13	1.412	4.46	7.477	10.93	8.507	12.92	10.76	6.521	9.072	6.492	11.48	8.576	5.033	4.262	10.9	22.66	9.656	6.464	15.4	3.378	5.512	3.243	4.298	16.73	10.3	9.627	2.021	4.008	6.536	12.13	3.571	0.8962	21.48	12.25	19.91	14.04	7.06	35.93	1.135	3.276	9.712	9.064	2.004	6.472	1.638	3.955	4.839	5.981	10.46	15.75	1.468	2.707	0.8769	4.982	25.87	17.94	5.494	9.931	7.016	6.35	2.332	15.15	2.906	16.35	11.56	12.71	4.376	8.072	18.5	4.419	4.605	6.912	15.05	31.98	4.479	8.784	5.971	2.07	6.275	18.88	0.8994	0.4133	8.375	7.624	21.44	12.06	9.19
10.48	6.033	32.63	38.76	15.03	2.871	0.8484	1.86	6.312	10.81	10.1	5.197	16.98	1.368	4.432	7.418	10.85	8.45	12.83	10.69	6.521	8.982	6.483	11.4	8.533	5.017	4.124	10.83	22.44	9.586	6.435	15.25	3.36	5.4	3.234	4.306	16.58	10.22	9.572	1.947	3.996	6.499	12.03	3.565	0.9025	21.27	12.19	19.73	13.92	7.009	35.57	1.165	3.268	9.652	8.95	2.015	6.453	1.641	3.839	4.81	5.911	10.39	15.59	1.468	2.707	0.8068	4.878	25.64	17.8	5.431	9.849	6.996	6.292	2.324	14.99	2.912	16.2	11.46	12.62	4.358	8.029	18.33	4.408	4.594	6.886	14.95	31.67	4.411	8.721	5.941	2.061	6.193	18.71	0.9285	0.3907	8.321	7.566	21.26	11.99	9.118
10.37	5.982	32.3	38.38	14.88	2.874	0.8439	1.872	6.303	10.75	10.03	5.087	16.82	1.324	4.404	7.36	10.76	8.394	12.73	10.62	6.52	8.892	6.474	11.32	8.49	5	3.986	10.75	22.22	9.515	6.406	15.11	3.342	5.288	3.225	4.314	16.43	10.15	9.517	1.873	3.984	6.463	11.93	3.559	0.9087	21.07	12.12	19.56	13.8	6.958	35.2	1.196	3.26	9.592	8.837	2.026	6.434	1.643	3.723	4.781	5.842	10.32	15.44	1.468	2.708	0.7367	4.775	25.41	17.66	5.367	9.767	6.977	6.235	2.316	14.84	2.918	16.05	11.36	12.52	4.339	7.986	18.17	4.398	4.584	6.86	14.84	31.37	4.343	8.658	5.911	2.052	6.112	18.54	0.9576	0.368	8.267	7.508	21.08	11.92	9.045
10.27	5.93	31.97	37.99	14.74	2.877	0.8393	1.884	6.294	10.68	9.952	4.977	16.66	1.279	4.375	7.302	10.68	8.337	12.64	10.55	6.519	8.801	6.465	11.23	8.446	4.984	3.848	10.68	22	9.445	6.377	14.96	3.324	5.176	3.216	4.322	16.28	10.07	9.463	1.799	3.972	6.427	11.84	3.552	0.915	20.86	12.05	19.39	13.68	6.906	34.84	1.226	3.252	9.533	8.723	2.037	6.415	1.646	3.607	4.752	5.773	10.25	15.28	1.468	2.708	0.6666	4.671	25.18	17.52	5.303	9.685	6.958	6.177	2.308	14.68	2.924	15.89	11.26	12.43	4.321	7.943	18	4.387	4.573	6.833	14.73	31.06	4.275	8.595	5.881	2.043	6.03	18.37	0.9867	0.3453	8.214	7.45	20.9	11.85	8.973
10.16	5.879	31.64	37.61	14.59	2.88	0.8347	1.895	6.286	10.62	9.879	4.867	16.5	1.235	4.347	7.244	10.6	8.28	12.55	10.48	6.519	8.711	6.456	11.15	8.403	4.968	3.71	10.61	21.77	9.374	6.348	14.82	3.306	5.063	3.207	4.33	16.13	9.997	9.408	1.725	3.96	6.391	11.74	3.546	0.9212	20.65	11.99	19.21	13.56	6.855	34.47	1.256	3.244	9.473	8.609	2.047	6.396	1.649	3.492	4.722	5.704	10.17	15.12	1.468	2.708	0.5965	4.567	24.95	17.38	5.24	9.603	6.938	6.12	2.3	14.53	2.93	15.74	11.15	12.34	4.303	7.9	17.84	4.376	4.562	6.807	14.62	30.75	4.207	8.532	5.851	2.033	5.949	18.2	1.016	0.3227	8.16	7.392	20.73	11.78	8.901
10.05	5.828	31.31	37.22	14.44	2.882	0.8301	1.907	6.277	10.55	9.805	4.757	16.35	1.191	4.318	7.185	10.51	8.224	12.46	10.41	6.518	8.621	6.447	11.07	8.36	4.952	3.572	10.53	21.55	9.303	6.319	14.67	3.289	4.951	3.198	4.338	15.98	9.921	9.353	1.65	3.948	6.354	11.64	3.54	0.9275	20.45	11.92	19.04	13.44	6.804	34.11	1.287	3.236	9.414	8.496	2.058	6.377	1.651	3.376	4.693	5.634	10.1	14.97	1.468	2.708	0.5264	4.463	24.72	17.24	5.176	9.521	6.919	6.063	2.292	14.37	2.936	15.59	11.05	12.24	4.285	7.857	17.67	4.366	4.552	6.781	14.51	30.44	4.139	8.47	5.821	2.024	5.867	18.03	1.045	0.3	8.106	7.334	20.55	11.71	8.828
9.945	5.776	30.98	36.83	14.29	2.885	0.8256	1.919	6.268	10.49	9.732	4.647	16.19	1.146	4.29	7.127	10.43	8.167	12.37	10.34	6.517	8.531	6.437	10.99	8.317	4.936	3.434	10.46	21.33	9.233	6.29	14.53	3.271	4.839	3.189	4.346	15.83	9.845	9.298	1.576	3.936	6.318	11.54	3.533	0.9337	20.24	11.86	18.87	13.32	6.752	33.74	1.317	3.228	9.354	8.382	2.069	6.358	1.654	3.26	4.664	5.565	10.03	14.81	1.468	2.709	0.4564	4.359	24.49	17.1	5.112	9.439	6.9	6.005	2.284	14.22	2.942	15.43	10.95	12.15	4.266	7.814	17.51	4.355	4.541	6.755	14.4	30.13	4.071	8.407	5.791	2.015	5.786	17.86	1.074	0.2773	8.053	7.276	20.37	11.64	8.756
9.838	5.725	30.65	36.45	14.14	2.888	0.821	1.93	6.259	10.42	9.658	4.537	16.03	1.102	4.261	7.069	10.35	8.111	12.27	10.27	6.516	8.441	6.428	10.91	8.274	4.92	3.296	10.39	21.11	9.162	6.26	14.38	3.253	4.726	3.18	4.354	15.68	9.77	9.244	1.502	3.923	6.282	11.44	3.527	0.9399	20.03	11.79	18.69	13.21	6.701	33.38	1.348	3.22	9.294	8.268	2.08	6.339	1.657	3.144	4.635	5.496	9.958	14.66	1.468	2.709	0.3863	4.256	24.26	16.96	5.049	9.357	6.88	5.948	2.277	14.06	2.948	15.28	10.85	12.06	4.248	7.771	17.34	4.344	4.531	6.729	14.29	29.83	4.004	8.344	5.761	2.006	5.704	17.69	1.103	0.2547	7.999	7.218	20.19	11.57	8.684
9.731	5.674	30.32	36.06	13.99	2.891	0.8164	1.942	6.25	10.36	9.585	4.427	15.88	1.058	4.233	7.011	10.27	8.054	12.18	10.2	6.516	8.35	6.419	10.82	8.231	4.904	3.158	10.31	20.89	9.092	6.231	14.24	3.235	4.614	3.171	4.362	15.53	9.694	9.189	1.428	3.911	6.246	11.34	3.521	0.9462	19.83	11.72	18.52	13.09	6.65	33.01	1.378	3.212	9.235	8.155	2.091	6.32	1.659	3.028	4.606	5.427	9.886	14.5	1.468	2.709	0.3162	4.152	24.03	16.82	4.985	9.275	6.861	5.891	2.269	13.91	2.954	15.13	10.75	11.96	4.23	7.728	17.18	4.333	4.52	6.703	14.18	29.52	3.936	8.281	5.731	1.996	5.623	17.52	1.132	0.232	7.945	7.16	20.01	11.5	8.611
9.623	5.623	29.99	35.67	13.85	2.893	0.8118	1.953	6.241	10.3	9.511	4.316	15.72	1.013	4.205	6.952	10.18	7.997	12.09	10.13	6.515	8.26	6.41	10.74	8.188	4.887	3.02	10.24	20.67	9.021	6.202	14.09	3.217	4.502	3.162	4.37	15.38	9.618	9.134	1.354	3.899	6.21	11.24	3.514	0.9524	19.62	11.66	18.35	12.97	6.598	32.64	1.409	3.203	9.175	8.041	2.102	6.301	1.662	2.912	4.577	5.357	9.814	14.35	1.468	2.709	0.2461	4.048	23.8	16.68	4.921	9.193	6.842	5.833	2.261	13.75	2.96	14.97	10.65	11.87	4.211	7.685	17.01	4.323	4.51	6.677	14.08	29.21	3.868	8.218	5.701	1.987	5.541	17.35	1.161	0.2093	7.892	7.102	19.84	11.43	8.539
9.516	5.571	29.66	35.29	13.7	2.896	0.8073	1.965	6.232	10.23	9.438	4.206	15.56	0.9688	4.176	6.894	10.1	7.941	12	10.06	6.514	8.17	6.401	10.66	8.144	4.871	2.882	10.17	20.45	8.951	6.173	13.95	3.199	4.39	3.153	4.378	15.23	9.542	9.079	1.28	3.887	6.173	11.14	3.508	0.9587	19.41	11.59	18.17	12.85	6.547	32.28	1.439	3.195	9.116	7.927	2.113	6.282	1.665	2.796	4.547	5.288	9.742	14.19	1.468	2.71	0.176	3.944	23.57	16.54	4.858	9.111	6.822	5.776	2.253	13.6	2.966	14.82	10.54	11.78	4.193	7.642	16.84	4.312	4.499	6.651	13.97	28.9	3.8	8.156	5.671	1.978	5.46	17.18	1.19	0.1867	7.838	7.044	19.66	11.36	8.467
9.409	5.52	29.33	34.9	13.55	2.899	0.8027	1.977	6.223	10.17	9.364	4.096	15.41	0.9244	4.148	6.836	10.02	7.884	11.91	9.985	6.513	8.08	6.392	10.58	8.101	4.855	2.744	10.1	20.23	8.88	6.144	13.8	3.181	4.277	3.144	4.385	15.08	9.467	9.024	1.206	3.875	6.137	11.04	3.502	0.9649	19.21	11.53	18	12.73	6.496	31.91	1.47	3.187	9.056	7.814	2.124	6.263	1.667	2.681	4.518	5.219	9.67	14.04	1.467	2.71	0.1059	3.84	23.34	16.4	4.794	9.029	6.803	5.718	2.245	13.44	2.972	14.67	10.44	11.69	4.175	7.599	16.68	4.301	4.488	6.624	13.86	28.59	3.732	8.093	5.641	1.968	5.378	17.01	1.22	0.164	7.784	6.986	19.48	11.29	8.394
9.302	5.469	29	34.51	13.4	2.902	0.7981	1.988	6.215	10.1	9.291	3.986	15.25	0.8801	4.119	6.778	9.934	7.827	11.82	9.915	6.513	7.99	6.383	10.5	8.058	4.839	2.606	10.02	20.01	8.809	6.115	13.66	3.163	4.165	3.135	4.393	14.93	9.391	8.97	1.132	3.863	6.101	10.95	3.495	0.9712	19	11.46	17.83	12.61	6.445	31.55	1.5	3.179	8.996	7.7	2.134	6.244	1.67	2.565	4.489	5.15	9.598	13.88	1.467	2.71	0.03586	3.736	23.11	16.26	4.73	8.947	6.784	5.661	2.237	13.29	2.978	14.51	10.34	11.59	4.157	7.556	16.51	4.291	4.478	6.598	13.75	28.29	3.664	8.03	5.611	1.959	5.297	16.84	1.249	0.1413	7.73	6.928	19.3	11.22	8.322
9.194	5.417	28.67	34.13	13.25	2.905	0.7936	2	6.206	10.04	9.217	3.876	15.09	0.8357	4.091	6.719	9.851	7.771	11.72	9.845	6.512	7.899	6.374	10.42	8.015	4.823	2.468	9.95	19.79	8.739	6.086	13.51	3.145	4.053	3.126	4.401	14.78	9.315	8.915	1.058	3.851	6.065	10.85	3.489	0.9774	18.79	11.39	17.65	12.49	6.393	31.18	1.531	3.171	8.937	7.586	2.145	6.225	1.673	2.449	4.46	5.081	9.526	13.73	1.467	2.711	-0.03423	3.633	22.88	16.12	4.667	8.865	6.765	5.604	2.229	13.13	2.985	14.36	10.24	11.5	4.138	7.513	16.35	4.28	4.467	6.572	13.64	27.98	3.596	7.967	5.581	1.95	5.215	16.67	1.278	0.1187	7.677	6.87	19.12	11.15	8.25
9.087	5.366	28.34	33.74	13.1	2.907	0.789	2.012	6.197	9.972	9.144	3.766	14.93	0.7913	4.062	6.661	9.768	7.714	11.63	9.775	6.511	7.809	6.365	10.33	7.972	4.807	2.33	9.877	19.57	8.668	6.057	13.37	3.127	3.94	3.117	4.409	14.63	9.239	8.86	0.9834	3.839	6.028	10.75	3.483	0.9837	18.59	11.33	17.48	12.37	6.342	30.82	1.561	3.163	8.877	7.473	2.156	6.206	1.675	2.333	4.431	5.011	9.454	13.57	1.467	2.711	-0.1043	3.529	22.65	15.98	4.603	8.783	6.745	5.546	2.221	12.98	2.991	14.21	10.14	11.41	4.12	7.47	16.18	4.269	4.457	6.546	13.53	27.67	3.528	7.905	5.551	1.941	5.134	16.51	1.307	0.09601	7.623	6.812	18.95	11.08	8.177
8.98	5.315	28.01	33.35	12.95	2.91	0.7844	2.023	6.188	9.907	9.07	3.656	14.78	0.747	4.034	6.603	9.685	7.658	11.54	9.705	6.511	7.719	6.356	10.25	7.929	4.791	2.192	9.804	19.35	8.598	6.027	13.22	3.11	3.828	3.108	4.417	14.49	9.164	8.805	0.9093	3.827	5.992	10.65	3.476	0.9899	18.38	11.26	17.31	12.25	6.291	30.45	1.592	3.155	8.817	7.359	2.167	6.187	1.678	2.217	4.402	4.942	9.382	13.41	1.467	2.711	-0.1744	3.425	22.42	15.84	4.539	8.701	6.726	5.489	2.213	12.82	2.997	14.05	10.04	11.31	4.102	7.427	16.02	4.259	4.446	6.52	13.42	27.36	3.46	7.842	5.521	1.931	5.052	16.34	1.336	0.07334	7.569	6.754	18.77	11.01	8.105
8.872	5.264	27.68	32.97	12.81	2.913	0.7798	2.035	6.179	9.842	8.997	3.546	14.62	0.7026	4.005	6.544	9.602	7.601	11.45	9.635	6.51	7.629	6.347	10.17	7.885	4.775	2.054	9.732	19.13	8.527	5.998	13.08	3.092	3.716	3.099	4.425	14.34	9.088	8.75	0.8352	3.814	5.956	10.55	3.47	0.9962	18.17	11.2	17.13	12.13	6.239	30.09	1.622	3.147	8.758	7.245	2.178	6.168	1.681	2.101	4.372	4.873	9.31	13.26	1.467	2.711	-0.2445	3.321	22.19	15.7	4.476	8.619	6.707	5.432	2.205	12.67	3.003	13.9	9.934	11.22	4.084	7.384	15.85	4.248	4.436	6.494	13.32	27.05	3.392	7.779	5.491	1.922	4.971	16.17	1.365	0.05068	7.516	6.696	18.59	10.94	8.033
8.765	5.212	27.35	32.58	12.66	2.916	0.7753	2.047	6.17	9.777	8.923	3.436	14.46	0.6583	3.977	6.486	9.519	7.544	11.36	9.564	6.509	7.539	6.338	10.09	7.842	4.758	1.916	9.659	18.91	8.456	5.969	12.93	3.074	3.604	3.09	4.433	14.19	9.012	8.696	0.7611	3.802	5.92	10.45	3.464	1.002	17.97	11.13	16.96	12.01	6.188	29.72	1.653	3.139	8.698	7.132	2.189	6.149	1.683	1.985	4.343	4.804	9.238	13.1	1.467	2.712	-0.3146	3.217	21.96	15.57	4.412	8.537	6.687	5.374	2.197	12.51	3.009	13.75	9.832	11.13	4.065	7.341	15.69	4.237	4.425	6.468	13.21	26.75	3.324	7.716	5.461	1.913	4.889	16	1.394	0.02801	7.462	6.638	18.41	10.87	7.96
8.658	5.161	27.02	32.2	12.51	2.919	0.7707	2.058	6.161	9.713	8.85	3.326	14.31	0.6139	3.949	6.428	9.436	7.488	11.26	9.494	6.508	7.448	6.329	10.01	7.799	4.742	1.778	9.586	18.69	8.386	5.94	12.79	3.056	3.491	3.081	4.441	14.04	8.936	8.641	0.6869	3.79	5.884	10.35	3.457	1.009	17.76	11.06	16.79	11.89	6.137	29.36	1.683	3.131	8.639	7.018	2.2	6.13	1.686	1.87	4.314	4.734	9.166	12.95	1.467	2.712	-0.3846	3.114	21.73	15.43	4.348	8.455	6.668	5.317	2.189	12.36	3.015	13.6	9.73	11.03	4.047	7.298	15.52	4.227	4.414	6.442	13.1	26.44	3.256	7.653	5.431	1.904	4.808	15.83	1.423	0.005343	7.408	6.579	18.23	10.8	7.888
8.551	5.11	26.69	31.81	12.36	2.921	0.7661	2.07	6.152	9.648	8.776	3.216	14.15	0.5695	3.92	6.37	9.353	7.431	11.17	9.424	6.508	7.358	6.319	9.925	7.756	4.726	1.64	9.513	18.46	8.315	5.911	12.64	3.038	3.379	3.072	4.449	13.89	8.861	8.586	0.6128	3.778	5.847	10.25	3.451	1.015	17.55	11	16.61	11.77	6.086	28.99	1.714	3.122	8.579	6.904	2.211	6.111	1.689	1.754	4.285	4.665	9.094	12.79	1.467	2.712	-0.4547	3.01	21.5	15.29	4.285	8.373	6.649	5.259	2.181	12.2	3.021	13.44	9.628	10.94	4.029	7.255	15.36	4.216	4.404	6.415	12.99	26.13	3.188	7.591	5.401	1.894	4.726	15.66	1.452	-0.01732	7.355	6.521	18.06	10.73	7.816
8.443	5.058	26.36	31.42	12.21	2.924	0.7615	2.081	6.144	9.583	8.703	3.106	13.99	0.5252	3.892	6.311	9.27	7.375	11.08	9.354	6.507	7.268	6.31	9.843	7.713	4.71	1.502	9.44	18.24	8.245	5.882	12.5	3.02	3.267	3.063	4.457	13.74	8.785	8.531	0.5387	3.766	5.811	10.16	3.445	1.021	17.35	10.93	16.44	11.65	6.034	28.63	1.744	3.114	8.519	6.791	2.221	6.092	1.691	1.638	4.256	4.596	9.022	12.64	1.467	2.712	-0.5248	2.906	21.27	15.15	4.221	8.291	6.629	5.202	2.174	12.05	3.027	13.29	9.527	10.85	4.011	7.211	15.19	4.205	4.393	6.389	12.88	25.82	3.12	7.528	5.371	1.885	4.645	15.49	1.481	-0.03999	7.301	6.463	17.88	10.66	7.743
8.336	5.007	26.03	31.04	12.06	2.927	0.757	2.093	6.135	9.519	8.629	2.996	13.84	0.4808	3.863	6.253	9.187	7.318	10.99	9.284	6.506	7.178	6.301	9.761	7.67	4.694	1.364	9.367	18.02	8.174	5.853	12.35	3.002	3.155	3.054	4.465	13.59	8.709	8.476	0.4646	3.754	5.775	10.06	3.438	1.027	17.14	10.87	16.27	11.53	5.983	28.26	1.775	3.106	8.46	6.677	2.232	6.073	1.694	1.522	4.227	4.527	8.95	12.48	1.467	2.713	-0.5949	2.802	21.04	15.01	4.157	8.209	6.61	5.145	2.166	11.89	3.033	13.14	9.425	10.75	3.992	7.168	15.02	4.195	4.383	6.363	12.77	25.52	3.052	7.465	5.341	1.876	4.563	15.32	1.511	-0.06266	7.247	6.405	17.7	10.59	7.671
8.229	4.956	25.7	30.65	11.91	2.93	0.7524	2.105	6.126	9.454	8.556	2.885	13.68	0.4364	3.835	6.195	9.104	7.261	10.9	9.214	6.506	7.088	6.292	9.679	7.626	4.678	1.226	9.294	17.8	8.104	5.824	12.21	2.984	3.042	3.045	4.473	13.44	8.633	8.422	0.3905	3.742	5.739	9.957	3.432	1.034	16.93	10.8	16.09	11.41	5.932	27.89	1.805	3.098	8.4	6.563	2.243	6.054	1.697	1.406	4.197	4.457	8.879	12.33	1.467	2.713	-0.665	2.698	20.81	14.87	4.094	8.127	6.591	5.087	2.158	11.74	3.039	12.98	9.323	10.66	3.974	7.125	14.86	4.184	4.372	6.337	12.66	25.21	2.985	7.402	5.311	1.867	4.482	15.15	1.54	-0.08532	7.194	6.347	17.52	10.52	7.599
8.121	4.905	25.37	30.26	11.77	2.933	0.7478	2.116	6.117	9.389	8.482	2.775	13.52	0.3921	3.806	6.137	9.021	7.205	10.8	9.144	6.505	6.997	6.283	9.597	7.583	4.662	1.088	9.221	17.58	8.033	5.795	12.06	2.966	2.93	3.036	4.481	13.29	8.558	8.367	0.3163	3.73	5.703	9.858	3.426	1.04	16.73	10.73	15.92	11.29	5.88	27.53	1.835	3.09	8.34	6.45	2.254	6.035	1.699	1.29	4.168	4.388	8.807	12.17	1.467	2.713	-0.7351	2.594	20.58	14.73	4.03	8.045	6.571	5.03	2.15	11.58	3.045	12.83	9.221	10.57	3.956	7.082	14.69	4.173	4.362	6.311	12.56	24.9	2.917	7.339	5.281	1.857	4.4	14.98	1.569	-0.108	7.14	6.289	17.34	10.45	7.526
8.014	4.853	25.04	29.88	11.62	2.935	0.7432	2.128	6.108	9.324	8.409	2.665	13.37	0.3477	3.778	6.078	8.938	7.148	10.71	9.074	6.504	6.907	6.274	9.515	7.54	4.645	0.9502	9.148	17.36	7.962	5.765	11.92	2.948	2.818	3.027	4.489	13.14	8.482	8.312	0.2422	3.718	5.666	9.759	3.419	1.046	16.52	10.67	15.75	11.17	5.829	27.16	1.866	3.082	8.281	6.336	2.265	6.016	1.702	1.174	4.139	4.319	8.735	12.02	1.466	2.714	-0.8051	2.491	20.35	14.59	3.967	7.963	6.552	4.973	2.142	11.43	3.051	12.68	9.12	10.47	3.937	7.039	14.53	4.163	4.351	6.285	12.45	24.59	2.849	7.277	5.251	1.848	4.319	14.81	1.598	-0.1307	7.086	6.231	17.17	10.38	7.454
7.907	4.802	24.71	29.49	11.47	2.938	0.7387	2.14	6.099	9.26	8.335	2.555	13.21	0.3034	3.749	6.02	8.855	7.092	10.62	9.003	6.503	6.817	6.265	9.433	7.497	4.629	0.8122	9.075	17.14	7.892	5.736	11.77	2.931	2.705	3.018	4.497	12.99	8.406	8.257	0.1681	3.705	5.63	9.661	3.413	1.052	16.31	10.6	15.57	11.05	5.778	26.8	1.896	3.074	8.221	6.222	2.276	5.997	1.705	1.059	4.11	4.25	8.663	11.86	1.466	2.714	-0.8752	2.387	20.12	14.45	3.903	7.881	6.533	4.915	2.134	11.27	3.057	12.52	9.018	10.38	3.919	6.996	14.36	4.152	4.34	6.259	12.34	24.28	2.781	7.214	5.221	1.839	4.237	14.64	1.627	-0.1533	7.033	6.173	16.99	10.31	7.382
7.8	4.751	24.39	29.1	11.32	2.941	0.7341	2.151	6.09	9.195	8.262	2.445	13.05	0.259	3.721	5.962	8.772	7.035	10.53	8.933	6.503	6.727	6.256	9.352	7.454	4.613	0.6742	9.002	16.92	7.821	5.707	11.63	2.913	2.593	3.009	4.504	12.84	8.33	8.202	0.09397	3.693	5.594	9.562	3.407	1.059	16.11	10.54	15.4	10.93	5.727	26.43	1.927	3.066	8.162	6.109	2.287	5.978	1.707	0.9427	4.081	4.181	8.591	11.7	1.466	2.714	-0.9453	2.283	19.9	14.31	3.839	7.799	6.513	4.858	2.126	11.12	3.063	12.37	8.916	10.29	3.901	6.953	14.2	4.141	4.33	6.233	12.23	23.98	2.713	7.151	5.191	1.83	4.156	14.47	1.656	-0.176	6.979	6.115	16.81	10.24	7.309
7.692	4.699	24.06	28.72	11.17	2.944	0.7295	2.163	6.082	9.13	8.188	2.335	12.89	0.2146	3.693	5.904	8.69	6.978	10.44	8.863	6.502	6.637	6.247	9.27	7.411	4.597	0.5362	8.929	16.7	7.751	5.678	11.48	2.895	2.481	3	4.512	12.69	8.255	8.148	0.01985	3.681	5.558	9.463	3.4	1.065	15.9	10.47	15.23	10.81	5.675	26.07	1.957	3.058	8.102	5.995	2.298	5.959	1.71	0.8268	4.052	4.111	8.519	11.55	1.466	2.714	-1.015	2.179	19.67	14.17	3.776	7.717	6.494	4.8	2.118	10.96	3.069	12.22	8.814	10.19	3.883	6.91	14.03	4.13	4.319	6.206	12.12	23.67	2.645	7.088	5.161	1.82	4.074	14.3	1.685	-0.1987	6.925	6.057	16.63	10.17	7.237
7.585	4.648	23.73	28.33	11.02	2.947	0.725	2.175	6.073	9.065	8.115	2.225	12.74	0.1703	3.664	5.845	8.607	6.922	10.35	8.793	6.501	6.546	6.238	9.188	7.368	4.581	0.3982	8.856	16.48	7.68	5.649	11.34	2.877	2.369	2.991	4.52	12.54	8.179	8.093	-0.05427	3.669	5.521	9.364	3.394	1.071	15.69	10.4	15.06	10.69	5.624	25.7	1.988	3.049	8.042	5.881	2.308	5.94	1.713	0.711	4.022	4.042	8.447	11.39	1.466	2.715	-1.085	2.075	19.44	14.03	3.712	7.635	6.475	4.743	2.11	10.81	3.075	12.06	8.712	10.1	3.864	6.867	13.87	4.12	4.309	6.18	12.01	23.36	2.577	7.025	5.131	1.811	3.993	14.13	1.714	-0.2213	6.872	5.999	16.45	10.1	7.165
7.478	4.597	23.4	27.94	10.88	2.949	0.7204	2.186	6.064	9.001	8.041	2.115	12.58	0.1259	3.636	5.787	8.524	6.865	10.25	8.723	6.501	6.456	6.229	9.106	7.324	4.565	0.2602	8.783	16.26	7.61	5.62	11.19	2.859	2.256	2.982	4.528	12.39	8.103	8.038	-0.1284	3.657	5.485	9.265	3.388	1.077	15.49	10.34	14.88	10.57	5.573	25.34	2.018	3.041	7.983	5.768	2.319	5.921	1.715	0.5951	3.993	3.973	8.375	11.24	1.466	2.715	-1.156	1.972	19.21	13.89	3.648	7.553	6.456	4.686	2.102	10.65	3.081	11.91	8.611	10.01	3.846	6.824	13.7	4.109	4.298	6.154	11.9	23.05	2.509	6.963	5.1	1.802	3.911	13.96	1.743	-0.244	6.818	5.941	16.28	10.03	7.092
7.37	4.546	23.07	27.56	10.73	2.952	0.7158	2.198	6.055	8.936	7.968	2.005	12.42	0.08155	3.607	5.729	8.441	6.809	10.16	8.653	6.5	6.366	6.22	9.024	7.281	4.549	0.1222	8.711	16.04	7.539	5.591	11.05	2.841	2.144	2.973	4.536	12.25	8.027	7.983	-0.2025	3.645	5.449	9.166	3.381	1.084	15.28	10.27	14.71	10.45	5.521	24.97	2.049	3.033	7.923	5.654	2.33	5.902	1.718	0.4792	3.964	3.904	8.303	11.08	1.466	2.715	-1.226	1.868	18.98	13.75	3.585	7.471	6.436	4.628	2.094	10.5	3.087	11.76	8.509	9.914	3.828	6.781	13.54	4.098	4.288	6.128	11.8	22.74	2.441	6.9	5.07	1.793	3.83	13.79	1.772	-0.2667	6.764	5.883	16.1	9.956	7.02
7.263	4.494	22.74	27.17	10.58	2.955	0.7112	2.209	6.046	8.871	7.894	1.895	12.27	0.03719	3.579	5.67	8.358	6.752	10.07	8.583	6.499	6.276	6.211	8.942	7.238	4.533	-0.01577	8.638	15.82	7.468	5.562	10.9	2.823	2.032	2.964	4.544	12.1	7.951	7.929	-0.2766	3.633	5.413	9.067	3.375	1.09	15.07	10.21	14.54	10.33	5.47	24.61	2.079	3.025	7.863	5.54	2.341	5.883	1.721	0.3634	3.935	3.834	8.231	10.93	1.466	2.715	-1.296	1.764	18.75	13.61	3.521	7.389	6.417	4.571	2.086	10.34	3.093	11.6	8.407	9.821	3.81	6.738	13.37	4.088	4.277	6.102	11.69	22.44	2.373	6.837	5.04	1.783	3.748	13.62	1.802	-0.2893	6.711	5.825	15.92	9.886	6.948
7.156	4.443	22.41	26.79	10.43	2.958	0.7067	2.221	6.037	8.807	7.821	1.785	12.11	-0.007174	3.55	5.612	8.275	6.695	9.978	8.513	6.498	6.186	6.201	8.861	7.195	4.516	-0.1538	8.565	15.6	7.398	5.532	10.76	2.805	1.919	2.955	4.552	11.95	7.876	7.874	-0.3507	3.621	5.377	8.968	3.369	1.096	14.87	10.14	14.36	10.21	5.419	24.24	2.11	3.017	7.804	5.427	2.352	5.864	1.723	0.2475	3.906	3.765	8.159	10.77	1.466	2.716	-1.366	1.66	18.52	13.47	3.457	7.307	6.398	4.514	2.079	10.19	3.099	11.45	8.305	9.728	3.791	6.695	13.2	4.077	4.266	6.076	11.58	22.13	2.305	6.774	5.01	1.774	3.667	13.45	1.831	-0.312	6.657	5.767	15.74	9.816	6.875
7.049	4.392	22.08	26.4	10.28	2.961	0.7021	2.233	6.028	8.742	7.747	1.675	11.95	-0.05154	3.522	5.554	8.192	6.639	9.886	8.442	6.498	6.095	6.192	8.779	7.152	4.5	-0.2918	8.492	15.38	7.327	5.503	10.61	2.787	1.807	2.946	4.56	11.8	7.8	7.819	-0.4249	3.609	5.34	8.87	3.362	1.102	14.66	10.07	14.19	10.09	5.368	23.88	2.14	3.009	7.744	5.313	2.363	5.845	1.726	0.1317	3.876	3.696	8.087	10.62	1.466	2.716	-1.436	1.556	18.29	13.33	3.394	7.225	6.378	4.456	2.071	10.03	3.105	11.3	8.204	9.635	3.773	6.652	13.04	4.066	4.256	6.05	11.47	21.82	2.237	6.711	4.98	1.765	3.585	13.29	1.86	-0.3347	6.603	5.709	15.56	9.746	6.803
6.941	4.34	21.75	26.01	10.13	2.963	0.6975	2.244	6.019	8.677	7.674	1.565	11.8	-0.0959	3.493	5.496	8.109	6.582	9.794	8.372	6.497	6.005	6.183	8.697	7.109	4.484	-0.4298	8.419	15.15	7.257	5.474	10.47	2.769	1.695	2.937	4.568	11.65	7.724	7.764	-0.499	3.596	5.304	8.771	3.356	1.109	14.45	10.01	14.02	9.967	5.316	23.51	2.171	3.001	7.685	5.199	2.374	5.826	1.729	0.01581	3.847	3.627	8.015	10.46	1.466	2.716	-1.506	1.452	18.06	13.19	3.33	7.143	6.359	4.399	2.063	9.877	3.111	11.14	8.102	9.542	3.755	6.609	12.87	4.056	4.245	6.024	11.36	21.51	2.169	6.649	4.95	1.756	3.504	13.12	1.889	-0.3573	6.55	5.651	15.39	9.676	6.731
6.834	4.289	21.42	25.63	9.985	2.966	0.6929	2.256	6.011	8.612	7.6	1.454	11.64	-0.1403	3.465	5.437	8.026	6.526	9.702	8.302	6.496	5.915	6.174	8.615	7.065	4.468	-0.5678	8.346	14.93	7.186	5.445	10.32	2.752	1.583	2.928	4.576	11.5	7.648	7.709	-0.5731	3.584	5.268	8.672	3.35	1.115	14.25	9.942	13.84	9.847	5.265	23.14	2.201	2.993	7.625	5.086	2.385	5.807	1.731	-0.1	3.818	3.557	7.943	10.31	1.466	2.717	-1.576	1.349	17.83	13.05	3.266	7.061	6.34	4.341	2.055	9.722	3.117	10.99	8	9.448	3.736	6.566	12.71	4.045	4.235	5.998	11.25	21.2	2.101	6.586	4.92	1.746	3.422	12.95	1.918	-0.38	6.496	5.593	15.21	9.606	6.658
6.727	4.238	21.09	25.24	9.836	2.969	0.6884	2.268	6.002	8.548	7.527	1.344	11.48	-0.1846	3.437	5.379	7.943	6.469	9.61	8.232	6.496	5.825	6.165	8.533	7.022	4.452	-0.7058	8.273	14.71	7.116	5.416	10.18	2.734	1.47	2.919	4.584	11.35	7.573	7.655	-0.6472	3.572	5.232	8.573	3.343	1.121	14.04	9.875	13.67	9.728	5.214	22.78	2.232	2.985	7.565	4.972	2.395	5.789	1.734	-0.2159	3.789	3.488	7.871	10.15	1.465	2.717	-1.646	1.245	17.6	12.91	3.203	6.979	6.32	4.284	2.047	9.567	3.123	10.84	7.898	9.355	3.718	6.523	12.54	4.034	4.224	5.971	11.14	20.9	2.033	6.523	4.89	1.737	3.341	12.78	1.947	-0.4027	6.442	5.535	15.03	9.536	6.586
6.619	4.187	20.76	24.85	9.688	2.972	0.6838	2.279	5.993	8.483	7.453	1.234	11.32	-0.229	3.408	5.321	7.86	6.412	9.518	8.162	6.495	5.735	6.156	8.451	6.979	4.436	-0.8438	8.2	14.49	7.045	5.387	10.03	2.716	1.358	2.91	4.592	11.2	7.497	7.6	-0.7213	3.56	5.196	8.474	3.337	1.127	13.83	9.809	13.5	9.608	5.162	22.41	2.262	2.977	7.506	4.858	2.406	5.77	1.737	-0.3318	3.76	3.419	7.799	9.995	1.465	2.717	-1.716	1.141	17.37	12.77	3.139	6.897	6.301	4.227	2.039	9.412	3.129	10.68	7.797	9.262	3.7	6.48	12.38	4.024	4.213	5.945	11.03	20.59	1.965	6.46	4.86	1.728	3.259	12.61	1.976	-0.4253	6.389	5.477	14.85	9.466	6.514
6.512	4.135	20.43	24.47	9.539	2.975	0.6792	2.291	5.984	8.418	7.38	1.124	11.17	-0.2733	3.38	5.263	7.777	6.356	9.426	8.092	6.494	5.644	6.147	8.369	6.936	4.42	-0.9818	8.127	14.27	6.974	5.358	9.889	2.698	1.246	2.901	4.6	11.05	7.421	7.545	-0.7955	3.548	5.159	8.375	3.331	1.134	13.63	9.743	13.32	9.488	5.111	22.05	2.293	2.968	7.446	4.745	2.417	5.751	1.739	-0.4476	3.731	3.35	7.727	9.84	1.465	2.717	-1.786	1.037	17.14	12.63	3.075	6.815	6.282	4.169	2.031	9.257	3.135	10.53	7.695	9.169	3.682	6.437	12.21	4.013	4.203	5.919	10.93	20.28	1.898	6.398	4.83	1.719	3.178	12.44	2.005	-0.448	6.335	5.419	14.67	9.396	6.441
6.405	4.084	20.1	24.08	9.391	2.977	0.6747	2.303	5.975	8.353	7.306	1.014	11.01	-0.3177	3.351	5.204	7.694	6.299	9.335	8.022	6.493	5.554	6.138	8.288	6.893	4.403	-1.12	8.054	14.05	6.904	5.329	9.744	2.68	1.134	2.892	4.608	10.9	7.345	7.49	-0.8696	3.536	5.123	8.276	3.324	1.14	13.42	9.677	13.15	9.368	5.06	21.68	2.323	2.96	7.386	4.631	2.428	5.732	1.742	-0.5635	3.701	3.281	7.656	9.684	1.465	2.718	-1.856	0.9333	16.91	12.49	3.012	6.733	6.262	4.112	2.023	9.102	3.141	10.38	7.593	9.076	3.663	6.394	12.05	4.002	4.192	5.893	10.82	19.97	1.83	6.335	4.8	1.709	3.096	12.27	2.034	-0.4706	6.281	5.361	14.5	9.326	6.369
6.298	4.033	19.77	23.69	9.242	2.98	0.6701	2.314	5.966	8.289	7.233	0.904	10.85	-0.3621	3.323	5.146	7.611	6.242	9.243	7.952	6.493	5.464	6.129	8.206	6.85	4.387	-1.258	7.981	13.83	6.833	5.299	9.599	2.662	1.021	2.883	4.615	10.75	7.27	7.435	-0.9437	3.524	5.087	8.177	3.318	1.146	13.21	9.611	12.98	9.248	5.009	21.32	2.354	2.952	7.327	4.517	2.439	5.713	1.745	-0.6793	3.672	3.211	7.584	9.529	1.465	2.718	-1.926	0.8295	16.68	12.35	2.948	6.651	6.243	4.055	2.015	8.947	3.147	10.22	7.491	8.983	3.645	6.351	11.88	3.992	4.182	5.867	10.71	19.66	1.762	6.272	4.77	1.7	3.015	12.1	2.063	-0.4933	6.228	5.303	14.32	9.256	6.297
6.19	3.981	19.44	23.31	9.094	2.983	0.6655	2.326	5.957	8.224	7.159	0.7939	10.7	-0.4064	3.294	5.088	7.528	6.186	9.151	7.881	6.492	5.374	6.12	8.124	6.807	4.371	-1.396	7.908	13.61	6.763	5.27	9.454	2.644	0.909	2.874	4.623	10.6	7.194	7.381	-1.018	3.512	5.051	8.078	3.312	1.152	13.01	9.545	12.8	9.128	4.957	20.95	2.384	2.944	7.267	4.404	2.45	5.694	1.747	-0.7952	3.643	3.142	7.512	9.374	1.465	2.718	-1.997	0.7257	16.45	12.21	2.884	6.57	6.224	3.997	2.007	8.792	3.153	10.07	7.389	8.889	3.627	6.308	11.71	3.981	4.171	5.841	10.6	19.36	1.694	6.209	4.74	1.691	2.933	11.93	2.093	-0.516	6.174	5.245	14.14	9.186	6.224
6.083	3.93	19.11	22.92	8.945	2.986	0.6609	2.338	5.948	8.159	7.086	0.6839	10.54	-0.4508	3.266	5.03	7.446	6.129	9.059	7.811	6.491	5.284	6.111	8.042	6.763	4.355	-1.534	7.835	13.39	6.692	5.241	9.309	2.626	0.7967	2.866	4.631	10.45	7.118	7.326	-1.092	3.5	5.014	7.98	3.305	1.159	12.8	9.479	12.63	9.008	4.906	20.59	2.415	2.936	7.208	4.29	2.461	5.675	1.75	-0.911	3.614	3.073	7.44	9.218	1.465	2.718	-2.067	0.6219	16.22	12.07	2.821	6.488	6.204	3.94	1.999	8.637	3.159	9.918	7.288	8.796	3.609	6.265	11.55	3.97	4.161	5.815	10.49	19.05	1.626	6.146	4.71	1.681	2.852	11.76	2.122	-0.5386	6.12	5.186	13.96	9.116	6.152
5.976	3.879	18.78	22.53	8.797	2.989	0.6564	2.349	5.94	8.095	7.012	0.5738	10.38	-0.4952	3.238	4.971	7.363	6.073	8.967	7.741	6.491	5.193	6.102	7.96	6.72	4.339	-1.672	7.763	13.17	6.622	5.212	9.164	2.608	0.6844	2.857	4.639	10.3	7.042	7.271	-1.166	3.487	4.978	7.881	3.299	1.165	12.59	9.413	12.46	8.888	4.855	20.22	2.445	2.928	7.148	4.176	2.472	5.656	1.753	-1.027	3.585	3.004	7.368	9.063	1.465	2.719	-2.137	0.5181	15.99	11.93	2.757	6.406	6.185	3.882	1.991	8.482	3.165	9.764	7.186	8.703	3.59	6.222	11.38	3.959	4.15	5.789	10.38	18.74	1.558	6.084	4.68	1.672	2.77	11.59	2.151	-0.5613	6.066	5.128	13.78	9.046	6.08
5.868	3.827	18.45	22.15	8.648	2.991	0.6518	2.361	5.931	8.03	6.939	0.4637	10.23	-0.5395	3.209	4.913	7.28	6.016	8.875	7.671	6.49	5.103	6.093	7.878	6.677	4.323	-1.81	7.69	12.95	6.551	5.183	9.019	2.59	0.5721	2.848	4.647	10.15	6.967	7.216	-1.24	3.475	4.942	7.782	3.293	1.171	12.39	9.347	12.28	8.768	4.803	19.86	2.475	2.92	7.088	4.063	2.483	5.637	1.755	-1.143	3.556	2.934	7.296	8.907	1.465	2.719	-2.207	0.4142	15.76	11.79	2.693	6.324	6.166	3.825	1.983	8.327	3.171	9.611	7.084	8.61	3.572	6.179	11.22	3.949	4.139	5.762	10.27	18.43	1.49	6.021	4.65	1.663	2.689	11.42	2.18	-0.584	6.013	5.07	13.61	8.976	6.007
5.761	3.776	18.12	21.76	8.5	2.994	0.6472	2.372	5.922	7.965	6.865	0.3536	10.07	-0.5839	3.181	4.855	7.197	5.959	8.783	7.601	6.489	5.013	6.083	7.797	6.634	4.307	-1.948	7.617	12.73	6.48	5.154	8.874	2.573	0.4599	2.839	4.655	10.01	6.891	7.161	-1.314	3.463	4.906	7.683	3.286	1.177	12.18	9.281	12.11	8.648	4.752	19.49	2.506	2.912	7.029	3.949	2.493	5.618	1.758	-1.259	3.526	2.865	7.224	8.752	1.465	2.719	-2.277	0.3104	15.53	11.65	2.63	6.242	6.147	3.768	1.976	8.172	3.177	9.458	6.982	8.517	3.554	6.136	11.05	3.938	4.129	5.736	10.17	18.13	1.422	5.958	4.62	1.654	2.607	11.25	2.209	-0.6066	5.959	5.012	13.43	8.906	5.935
5.654	3.725	17.79	21.38	8.351	2.997	0.6426	2.384	5.913	7.9	6.792	0.2435	9.912	-0.6282	3.152	4.796	7.114	5.903	8.691	7.531	6.488	4.923	6.074	7.715	6.591	4.291	-2.086	7.544	12.51	6.41	5.125	8.729	2.555	0.3476	2.83	4.663	9.856	6.815	7.107	-1.388	3.451	4.87	7.584	3.28	1.184	11.97	9.215	11.94	8.528	4.701	19.13	2.536	2.904	6.969	3.835	2.504	5.599	1.761	-1.374	3.497	2.796	7.152	8.596	1.465	2.72	-2.347	0.2066	15.3	11.51	2.566	6.16	6.127	3.71	1.968	8.017	3.183	9.305	6.881	8.423	3.535	6.093	10.89	3.927	4.118	5.71	10.06	17.82	1.354	5.895	4.59	1.644	2.526	11.08	2.238	-0.6293	5.905	4.954	13.25	8.836	5.863
5.547	3.674	17.46	20.99	8.203	3	0.6381	2.396	5.904	7.836	6.718	0.1335	9.755	-0.6726	3.124	4.738	7.031	5.846	8.599	7.461	6.488	4.833	6.065	7.633	6.548	4.274	-2.224	7.471	12.29	6.339	5.096	8.584	2.537	0.2353	2.821	4.671	9.707	6.739	7.052	-1.463	3.439	4.833	7.485	3.274	1.19	11.77	9.149	11.76	8.409	4.649	18.76	2.567	2.895	6.909	3.722	2.515	5.58	1.763	-1.49	3.468	2.727	7.08	8.441	1.465	2.72	-2.417	0.1028	15.07	11.37	2.502	6.078	6.108	3.653	1.96	7.862	3.19	9.151	6.779	8.33	3.517	6.05	10.72	3.917	4.108	5.684	9.949	17.51	1.286	5.832	4.56	1.635	2.444	10.91	2.267	-0.652	5.852	4.896	13.07	8.766	5.79
5.439	3.622	17.13	20.6	8.054	3.003	0.6335	2.407	5.895	7.771	6.645	0.02339	9.598	-0.717	3.095	4.68	6.948	5.79	8.508	7.39	6.487	4.742	6.056	7.551	6.504	4.258	-2.362	7.398	12.06	6.269	5.066	8.439	2.519	0.123	2.812	4.679	9.557	6.664	6.997	-1.537	3.427	4.797	7.386	3.267	1.196	11.56	9.083	11.59	8.289	4.598	18.39	2.597	2.887	6.85	3.608	2.526	5.561	1.766	-1.606	3.439	2.657	7.008	8.286	1.465	2.72	-2.487	-0.001025	14.84	11.23	2.439	5.996	6.089	3.596	1.952	7.707	3.196	8.998	6.677	8.237	3.499	6.007	10.56	3.906	4.097	5.658	9.84	17.2	1.218	5.77	4.53	1.626	2.363	10.74	2.296	-0.6746	5.798	4.838	12.89	8.696	5.718
5.332	3.571	16.8	20.22	7.906	3.005	0.6289	2.419	5.886	7.706	6.571	-0.08669	9.442	-0.7613	3.067	4.622	6.865	5.733	8.416	7.32	6.486	4.652	6.047	7.469	6.461	4.242	-2.5	7.325	11.84	6.198	5.037	8.294	2.501	0.01075	2.803	4.687	9.408	6.588	6.942	-1.611	3.415	4.761	7.287	3.261	1.202	11.35	9.017	11.42	8.169	4.547	18.03	2.628	2.879	6.79	3.494	2.537	5.542	1.769	-1.722	3.41	2.588	6.936	8.13	1.464	2.72	-2.557	-0.1048	14.61	11.09	2.375	5.914	6.069	3.538	1.944	7.552	3.202	8.845	6.575	8.144	3.481	5.964	10.39	3.895	4.087	5.632	9.731	16.89	1.15	5.707	4.5	1.617	2.281	10.57	2.325	-0.6973	5.744	4.78	12.72	8.626	5.646
5.225	3.52	16.47	19.83	7.757	3.008	0.6243	2.431	5.877	7.641	6.498	-0.1968	9.285	-0.8057	3.038	4.563	6.782	5.676	8.324	7.25	6.486	4.562	6.038	7.387	6.418	4.226	-2.638	7.252	11.62	6.127	5.008	8.149	2.483	-0.1015	2.794	4.695	9.259	6.512	6.887	-1.685	3.403	4.725	7.189	3.255	1.209	11.15	8.951	11.24	8.049	4.496	17.66	2.658	2.871	6.731	3.381	2.548	5.523	1.771	-1.838	3.381	2.519	6.864	7.975	1.464	2.721	-2.627	-0.2087	14.38	10.95	2.311	5.832	6.05	3.481	1.936	7.397	3.208	8.692	6.473	8.051	3.462	5.921	10.23	3.885	4.076	5.606	9.623	16.59	1.082	5.644	4.47	1.607	2.2	10.4	2.354	-0.72	5.691	4.722	12.54	8.556	5.573
5.117	3.468	16.14	19.44	7.609	3.011	0.6198	2.442	5.869	7.577	6.424	-0.3068	9.128	-0.8501	3.01	4.505	6.699	5.62	8.232	7.18	6.485	4.472	6.029	7.305	6.375	4.21	-2.776	7.179	11.4	6.057	4.979	8.004	2.465	-0.2138	2.785	4.703	9.109	6.436	6.833	-1.759	3.391	4.689	7.09	3.248	1.215	10.94	8.885	11.07	7.929	4.444	17.3	2.689	2.863	6.671	3.267	2.559	5.504	1.774	-1.954	3.351	2.45	6.792	7.819	1.464	2.721	-2.697	-0.3125	14.15	10.81	2.248	5.75	6.031	3.423	1.928	7.242	3.214	8.539	6.372	7.957	3.444	5.878	10.06	3.874	4.065	5.58	9.514	16.28	1.014	5.581	4.44	1.598	2.118	10.24	2.384	-0.7426	5.637	4.664	12.36	8.487	5.501
5.01	3.417	15.81	19.06	7.46	3.014	0.6152	2.454	5.86	7.512	6.351	-0.4169	8.971	-0.8944	2.982	4.447	6.616	5.563	8.14	7.11	6.484	4.382	6.02	7.224	6.332	4.194	-2.914	7.106	11.18	5.986	4.95	7.859	2.447	-0.3261	2.776	4.711	8.96	6.361	6.778	-1.833	3.379	4.652	6.991	3.242	1.221	10.73	8.819	10.9	7.809	4.393	16.93	2.719	2.855	6.611	3.153	2.57	5.485	1.777	-2.07	3.322	2.381	6.72	7.664	1.464	2.721	-2.767	-0.4163	13.92	10.67	2.184	5.668	6.011	3.366	1.92	7.087	3.22	8.385	6.27	7.864	3.426	5.835	9.895	3.863	4.055	5.553	9.406	15.97	0.9464	5.518	4.41	1.589	2.037	10.07	2.413	-0.7653	5.583	4.606	12.18	8.417	5.429
4.903	3.366	15.48	18.67	7.312	3.017	0.6106	2.466	5.851	7.447	6.277	-0.527	8.814	-0.9388	2.953	4.389	6.533	5.507	8.048	7.04	6.483	4.291	6.011	7.142	6.289	4.178	-3.052	7.033	10.96	5.916	4.921	7.714	2.429	-0.4384	2.767	4.719	8.811	6.285	6.723	-1.907	3.366	4.616	6.892	3.236	1.227	10.53	8.753	10.72	7.689	4.342	16.57	2.75	2.847	6.552	3.04	2.58	5.466	1.779	-2.185	3.293	2.311	6.648	7.508	1.464	2.721	-2.838	-0.5201	13.69	10.53	2.12	5.586	5.992	3.309	1.912	6.932	3.226	8.232	6.168	7.771	3.408	5.792	9.729	3.853	4.044	5.527	9.297	15.66	0.8785	5.456	4.38	1.58	1.955	9.897	2.442	-0.788	5.53	4.548	12	8.347	5.356
4.796	3.315	15.15	18.28	7.163	3.019	0.6061	2.477	5.842	7.382	6.204	-0.6371	8.657	-0.9831	2.925	4.33	6.45	5.45	7.956	6.97	6.483	4.201	6.002	7.06	6.246	4.162	-3.19	6.96	10.74	5.845	4.892	7.569	2.411	-0.5506	2.758	4.727	8.661	6.209	6.668	-1.981	3.354	4.58	6.793	3.229	1.234	10.32	8.687	10.55	7.569	4.29	16.2	2.78	2.839	6.492	2.926	2.591	5.447	1.782	-2.301	3.264	2.242	6.576	7.353	1.464	2.722	-2.908	-0.6239	13.46	10.39	2.057	5.504	5.973	3.251	1.904	6.777	3.232	8.079	6.066	7.678	3.389	5.749	9.564	3.842	4.034	5.501	9.188	15.35	0.8106	5.393	4.35	1.57	1.874	9.727	2.471	-0.8106	5.476	4.49	11.83	8.277	5.284
4.688	3.263	14.82	17.9	7.015	3.022	0.6015	2.489	5.833	7.318	6.13	-0.7472	8.5	-1.027	2.896	4.272	6.367	5.393	7.864	6.9	6.482	4.111	5.993	6.978	6.202	4.145	-3.328	6.887	10.52	5.775	4.863	7.424	2.394	-0.6629	2.749	4.734	8.512	6.133	6.614	-2.056	3.342	4.544	6.694	3.223	1.24	10.11	8.621	10.38	7.449	4.239	15.84	2.811	2.831	6.432	2.812	2.602	5.428	1.785	-2.417	3.235	2.173	6.504	7.198	1.464	2.722	-2.978	-0.7277	13.23	10.25	1.993	5.422	5.953	3.194	1.896	6.622	3.238	7.926	5.965	7.585	3.371	5.706	9.398	3.831	4.023	5.475	9.08	15.05	0.7426	5.33	4.32	1.561	1.792	9.558	2.5	-0.8333	5.422	4.432	11.65	8.207	5.212
4.581	3.212	14.49	17.51	6.866	3.025	0.5969	2.5	5.824	7.253	6.057	-0.8572	8.343	-1.072	2.868	4.214	6.284	5.337	7.772	6.829	6.481	4.021	5.984	6.896	6.159	4.129	-3.466	6.814	10.3	5.704	4.834	7.279	2.376	-0.7752	2.74	4.742	8.363	6.058	6.559	-2.13	3.33	4.507	6.595	3.217	1.246	9.907	8.555	10.2	7.329	4.188	15.47	2.841	2.822	6.373	2.699	2.613	5.409	1.787	-2.533	3.206	2.104	6.432	7.042	1.464	2.722	-3.048	-0.8316	13	10.11	1.929	5.34	5.934	3.137	1.888	6.467	3.244	7.772	5.863	7.492	3.353	5.663	9.233	3.821	4.013	5.449	8.971	14.74	0.6747	5.267	4.29	1.552	1.711	9.388	2.529	-0.856	5.369	4.374	11.47	8.137	5.139
4.474	3.161	14.16	17.12	6.718	3.028	0.5923	2.512	5.815	7.188	5.983	-0.9673	8.186	-1.116	2.839	4.156	6.201	5.28	7.681	6.759	6.481	3.931	5.975	6.814	6.116	4.113	-3.604	6.742	10.08	5.633	4.804	7.134	2.358	-0.8875	2.731	4.75	8.213	5.982	6.504	-2.204	3.318	4.471	6.496	3.21	1.252	9.7	8.489	10.03	7.209	4.137	15.11	2.872	2.814	6.313	2.585	2.624	5.39	1.79	-2.649	3.176	2.034	6.361	6.887	1.464	2.723	-3.118	-0.9354	12.77	9.969	1.866	5.258	5.915	3.079	1.881	6.312	3.25	7.619	5.761	7.398	3.334	5.62	9.067	3.81	4.002	5.423	8.862	14.43	0.6067	5.204	4.26	1.543	1.629	9.219	2.558	-0.8786	5.315	4.316	11.29	8.067	5.067
4.366	3.109	13.83	16.74	6.569	3.03	0.5878	2.524	5.806	7.124	5.91	-1.077	8.029	-1.161	2.811	4.097	6.119	5.224	7.589	6.689	6.48	3.84	5.965	6.733	6.073	4.097	-3.742	6.669	9.858	5.563	4.775	6.989	2.34	-0.9997	2.722	4.758	8.064	5.906	6.449	-2.278	3.306	4.435	6.397	3.204	1.259	9.493	8.423	9.858	7.089	4.085	14.74	2.902	2.806	6.254	2.471	2.635	5.371	1.793	-2.765	3.147	1.965	6.289	6.731	1.464	2.723	-3.188	-1.039	12.54	9.829	1.802	5.176	5.895	3.022	1.873	6.157	3.256	7.466	5.659	7.305	3.316	5.577	8.902	3.799	3.991	5.397	8.754	14.12	0.5388	5.142	4.23	1.533	1.548	9.049	2.587	-0.9013	5.261	4.258	11.11	7.997	4.995
4.259	3.058	13.5	16.35	6.421	3.033	0.5832	2.535	5.798	7.059	5.836	-1.187	7.872	-1.205	2.782	4.039	6.036	5.167	7.497	6.619	6.479	3.75	5.956	6.651	6.03	4.081	-3.88	6.596	9.637	5.492	4.746	6.844	2.322	-1.112	2.713	4.766	7.915	5.83	6.394	-2.352	3.294	4.399	6.299	3.197	1.265	9.287	8.357	9.685	6.97	4.034	14.38	2.933	2.798	6.194	2.358	2.646	5.352	1.795	-2.881	3.118	1.896	6.217	6.576	1.464	2.723	-3.258	-1.143	12.31	9.69	1.738	5.094	5.876	2.964	1.865	6.002	3.262	7.313	5.558	7.212	3.298	5.534	8.736	3.789	3.981	5.371	8.645	13.81	0.4709	5.079	4.2	1.524	1.466	8.88	2.616	-0.924	5.208	4.2	10.94	7.927	4.922
4.152	3.007	13.17	15.96	6.272	3.036	0.5786	2.547	5.789	6.994	5.763	-1.298	7.715	-1.249	2.754	3.981	5.953	5.11	7.405	6.549	6.478	3.66	5.947	6.569	5.987	4.065	-4.018	6.523	9.417	5.422	4.717	6.699	2.304	-1.224	2.704	4.774	7.765	5.755	6.34	-2.426	3.282	4.363	6.2	3.191	1.271	9.08	8.29	9.512	6.85	3.983	14.01	2.963	2.79	6.134	2.244	2.657	5.333	1.798	-2.996	3.089	1.827	6.145	6.421	1.464	2.723	-3.328	-1.247	12.08	9.55	1.675	5.012	5.857	2.907	1.857	5.847	3.268	7.159	5.456	7.119	3.28	5.491	8.571	3.778	3.97	5.344	8.537	13.51	0.4029	5.016	4.17	1.515	1.385	8.71	2.646	-0.9466	5.154	4.142	10.76	7.857	4.85
4.045	2.956	12.84	15.58	6.124	3.039	0.574	2.559	5.78	6.929	5.689	-1.408	7.558	-1.294	2.726	3.922	5.87	5.054	7.313	6.479	6.478	3.57	5.938	6.487	5.943	4.049	-4.156	6.45	9.196	5.351	4.688	6.554	2.286	-1.337	2.695	4.782	7.616	5.679	6.285	-2.5	3.27	4.326	6.101	3.185	1.277	8.873	8.224	9.338	6.73	3.931	13.64	2.994	2.782	6.075	2.13	2.667	5.314	1.801	-3.112	3.06	1.758	6.073	6.265	1.464	2.724	-3.398	-1.351	11.85	9.41	1.611	4.93	5.837	2.85	1.849	5.692	3.274	7.006	5.354	7.026	3.261	5.448	8.405	3.767	3.96	5.318	8.428	13.2	0.335	4.953	4.14	1.506	1.303	8.541	2.675	-0.9693	5.1	4.084	10.58	7.787	4.778
3.937	2.904	12.51	15.19	5.975	3.042	0.5695	2.57	5.771	6.865	5.616	-1.518	7.401	-1.338	2.697	3.864	5.787	4.997	7.221	6.409	6.477	3.48	5.929	6.405	5.9	4.032	-4.294	6.377	8.975	5.281	4.659	6.409	2.268	-1.449	2.686	4.79	7.467	5.603	6.23	-2.574	3.257	4.29	6.002	3.178	1.284	8.667	8.158	9.165	6.61	3.88	13.28	3.024	2.774	6.015	2.017	2.678	5.295	1.803	-3.228	3.031	1.688	6.001	6.11	1.463	2.724	-3.468	-1.454	11.62	9.27	1.547	4.848	5.818	2.792	1.841	5.537	3.28	6.853	5.252	6.932	3.243	5.405	8.24	3.756	3.949	5.292	8.319	12.89	0.2671	4.89	4.11	1.496	1.222	8.372	2.704	-0.992	5.047	4.026	10.4	7.717	4.705
3.83	2.853	12.18	14.81	5.827	3.044	0.5649	2.582	5.762	6.8	5.542	-1.628	7.244	-1.382	2.669	3.806	5.704	4.941	7.129	6.339	6.476	3.389	5.92	6.323	5.857	4.016	-4.432	6.304	8.755	5.21	4.63	6.264	2.25	-1.561	2.677	4.798	7.317	5.527	6.175	-2.648	3.245	4.254	5.903	3.172	1.29	8.46	8.092	8.992	6.49	3.829	12.91	3.054	2.766	5.955	1.903	2.689	5.276	1.806	-3.344	3.001	1.619	5.929	5.954	1.463	2.724	-3.538	-1.558	11.39	9.13	1.484	4.766	5.799	2.735	1.833	5.382	3.286	6.7	5.15	6.839	3.225	5.362	8.075	3.746	3.939	5.266	8.211	12.58	0.1991	4.828	4.08	1.487	1.14	8.202	2.733	-1.015	4.993	3.968	10.22	7.647	4.633
3.723	2.802	11.85	14.42	5.678	3.047	0.5603	2.594	5.753	6.735	5.469	-1.738	7.087	-1.427	2.64	3.748	5.621	4.884	7.037	6.268	6.475	3.299	5.911	6.241	5.814	4	-4.57	6.231	8.534	5.139	4.601	6.119	2.232	-1.673	2.668	4.806	7.168	5.451	6.12	-2.723	3.233	4.218	5.804	3.166	1.296	8.253	8.026	8.819	6.37	3.778	12.55	3.085	2.758	5.896	1.789	2.7	5.257	1.809	-3.46	2.972	1.55	5.857	5.799	1.463	2.724	-3.609	-1.662	11.16	8.99	1.42	4.684	5.78	2.677	1.825	5.227	3.292	6.547	5.049	6.746	3.207	5.319	7.909	3.735	3.928	5.24	8.102	12.28	0.1312	4.765	4.05	1.478	1.059	8.033	2.762	-1.037	4.939	3.91	10.04	7.577	4.561
3.615	2.75	11.52	14.03	5.53	3.05	0.5557	2.605	5.744	6.67	5.395	-1.848	6.93	-1.471	2.612	3.689	5.538	4.827	6.945	6.198	6.475	3.209	5.902	6.16	5.771	3.984	-4.708	6.158	8.313	5.069	4.571	5.974	2.215	-1.786	2.659	4.814	7.019	5.376	6.066	-2.797	3.221	4.182	5.705	3.159	1.302	8.047	7.96	8.645	6.25	3.726	12.18	3.115	2.75	5.836	1.676	2.711	5.238	1.811	-3.576	2.943	1.481	5.785	5.643	1.463	2.725	-3.679	-1.766	10.93	8.85	1.356	4.602	5.76	2.62	1.817	5.072	3.298	6.393	4.947	6.653	3.188	5.276	7.744	3.724	3.917	5.214	7.993	11.97	0.06326	4.702	4.02	1.469	0.9773	7.863	2.791	-1.06	4.886	3.852	9.867	7.507	4.488
3.508	2.699	11.2	13.65	5.381	3.053	0.5512	2.617	5.735	6.606	5.321	-1.958	6.773	-1.515	2.583	3.631	5.455	4.771	6.854	6.128	6.474	3.119	5.893	6.078	5.728	3.968	-4.846	6.085	8.093	4.998	4.542	5.829	2.197	-1.898	2.65	4.822	6.869	5.3	6.011	-2.871	3.209	4.145	5.606	3.153	1.308	7.84	7.894	8.472	6.13	3.675	11.82	3.146	2.741	5.777	1.562	2.722	5.219	1.814	-3.692	2.914	1.411	5.713	5.488	1.463	2.725	-3.749	-1.87	10.7	8.71	1.293	4.52	5.741	2.563	1.809	4.917	3.304	6.24	4.845	6.56	3.17	5.233	7.578	3.714	3.907	5.188	7.885	11.66	-0.004681	4.639	3.99	1.459	0.8958	7.694	2.82	-1.083	4.832	3.793	9.689	7.437	4.416
3.401	2.648	10.87	13.26	5.233	3.056	0.5466	2.628	5.727	6.541	5.248	-2.068	6.616	-1.56	2.555	3.573	5.372	4.714	6.762	6.058	6.473	3.029	5.884	5.996	5.684	3.952	-4.984	6.012	7.872	4.928	4.513	5.684	2.179	-2.01	2.641	4.83	6.72	5.224	5.956	-2.945	3.197	4.109	5.507	3.147	1.315	7.633	7.828	8.299	6.01	3.624	11.45	3.176	2.733	5.717	1.448	2.733	5.2	1.817	-3.807	2.885	1.342	5.641	5.333	1.463	2.725	-3.819	-1.974	10.47	8.57	1.229	4.438	5.722	2.505	1.801	4.762	3.31	6.087	4.743	6.466	3.152	5.19	7.413	3.703	3.896	5.162	7.776	11.35	-0.07262	4.577	3.96	1.45	0.8143	7.524	2.849	-1.105	4.778	3.735	9.511	7.367	4.344
3.294	2.597	10.54	12.87	5.084	3.058	0.542	2.64	5.718	6.476	5.174	-2.178	6.459	-1.604	2.526	3.515	5.289	4.658	6.67	5.988	6.473	2.938	5.875	5.914	5.641	3.936	-5.122	5.939	7.651	4.857	4.484	5.539	2.161	-2.123	2.632	4.838	6.571	5.148	5.901	-3.019	3.185	4.073	5.409	3.14	1.321	7.427	7.762	8.126	5.89	3.572	11.09	3.207	2.725	5.657	1.335	2.744	5.181	1.819	-3.923	2.856	1.273	5.569	5.177	1.463	2.726	-3.889	-2.077	10.24	8.431	1.165	4.356	5.702	2.448	1.793	4.608	3.316	5.934	4.642	6.373	3.133	5.147	7.247	3.692	3.886	5.136	7.668	11.04	-0.1406	4.514	3.93	1.441	0.7328	7.355	2.878	-1.128	4.725	3.677	9.333	7.297	4.271
3.186	2.545	10.21	12.49	4.936	3.061	0.5375	2.652	5.709	6.412	5.101	-2.288	6.303	-1.649	2.498	3.456	5.206	4.601	6.578	5.918	6.472	2.848	5.866	5.832	5.598	3.92	-5.26	5.866	7.431	4.787	4.455	5.394	2.143	-2.235	2.623	4.845	6.421	5.073	5.846	-3.093	3.173	4.037	5.31	3.134	1.327	7.22	7.696	7.952	5.77	3.521	10.72	3.237	2.717	5.598	1.221	2.754	5.162	1.822	-4.039	2.826	1.204	5.497	5.022	1.463	2.726	-3.959	-2.181	10.01	8.291	1.102	4.274	5.683	2.391	1.785	4.453	3.322	5.78	4.54	6.28	3.115	5.104	7.082	3.682	3.875	5.109	7.559	10.74	-0.2085	4.451	3.9	1.431	0.6513	7.185	2.907	-1.151	4.671	3.619	9.155	7.227	4.199
3.079	2.494	9.876	12.1	4.787	3.064	0.5329	2.663	5.7	6.347	5.027	-2.398	6.146	-1.693	2.47	3.398	5.123	4.544	6.486	5.848	6.471	2.758	5.857	5.75	5.555	3.903	-5.398	5.794	7.21	4.716	4.426	5.249	2.125	-2.347	2.614	4.853	6.272	4.997	5.792	-3.167	3.161	4	5.211	3.128	1.333	7.013	7.63	7.779	5.65	3.47	10.36	3.268	2.709	5.538	1.107	2.765	5.143	1.825	-4.155	2.797	1.134	5.425	4.866	1.463	2.726	-4.029	-2.285	9.784	8.151	1.038	4.192	5.664	2.333	1.778	4.298	3.328	5.627	4.438	6.187	3.097	5.061	6.916	3.671	3.865	5.083	7.45	10.43	-0.2764	4.388	3.87	1.422	0.5698	7.016	2.937	-1.173	4.617	3.561	8.977	7.157	4.127
2.972	2.443	9.546	11.71	4.639	3.067	0.5283	2.675	5.691	6.282	4.954	-2.508	5.989	-1.737	2.441	3.34	5.04	4.488	6.394	5.778	6.47	2.668	5.847	5.669	5.512	3.887	-5.536	5.721	6.989	4.645	4.397	5.104	2.107	-2.459	2.605	4.861	6.123	4.921	5.737	-3.241	3.148	3.964	5.112	3.121	1.34	6.807	7.564	7.606	5.531	3.419	9.991	3.298	2.701	5.478	0.9936	2.776	5.124	1.828	-4.271	2.768	1.065	5.353	4.711	1.463	2.726	-4.099	-2.389	9.555	8.011	0.9743	4.11	5.644	2.276	1.77	4.143	3.334	5.474	4.336	6.094	3.079	5.018	6.751	3.66	3.854	5.057	7.342	10.12	-0.3444	4.325	3.84	1.413	0.4883	6.846	2.966	-1.196	4.564	3.503	8.799	7.087	4.054
2.864	2.391	9.217	11.33	4.49	3.07	0.5237	2.687	5.682	6.217	4.88	-2.619	5.832	-1.782	2.413	3.282	4.957	4.431	6.302	5.707	6.47	2.578	5.838	5.587	5.469	3.871	-5.674	5.648	6.769	4.575	4.368	4.959	2.089	-2.572	2.596	4.869	5.973	4.845	5.682	-3.316	3.136	3.928	5.013	3.115	1.346	6.6	7.498	7.433	5.411	3.367	9.626	3.329	2.693	5.419	0.8799	2.787	5.106	1.83	-4.387	2.739	0.996	5.281	4.555	1.463	2.727	-4.169	-2.493	9.325	7.871	0.9107	4.028	5.625	2.218	1.762	3.988	3.34	5.321	4.235	6.001	3.06	4.975	6.585	3.65	3.843	5.031	7.233	9.812	-0.4123	4.263	3.81	1.404	0.4068	6.677	2.995	-1.219	4.51	3.445	8.621	7.017	3.982
2.757	2.34	8.887	10.94	4.342	3.072	0.5192	2.698	5.673	6.153	4.807	-2.729	5.675	-1.826	2.384	3.223	4.874	4.374	6.21	5.637	6.469	2.487	5.829	5.505	5.426	3.855	-5.812	5.575	6.548	4.504	4.338	4.814	2.071	-2.684	2.587	4.877	5.824	4.77	5.627	-3.39	3.124	3.892	4.914	3.109	1.352	6.393	7.432	7.26	5.291	3.316	9.26	3.359	2.685	5.359	0.7663	2.798	5.087	1.833	-4.503	2.71	0.9268	5.209	4.4	1.463	2.727	-4.239	-2.596	9.095	7.731	0.847	3.946	5.606	2.161	1.754	3.833	3.346	5.168	4.133	5.907	3.042	4.932	6.42	3.639	3.833	5.005	7.125	9.504	-0.4802	4.2	3.78	1.394	0.3253	6.508	3.024	-1.241	4.456	3.387	8.443	6.947	3.91
2.65	2.289	8.557	10.55	4.193	3.075	0.5146	2.71	5.664	6.088	4.733	-2.839	5.518	-1.87	2.356	3.165	4.792	4.318	6.119	5.567	6.468	2.397	5.82	5.423	5.382	3.839	-5.95	5.502	6.327	4.434	4.309	4.669	2.053	-2.796	2.578	4.885	5.675	4.694	5.572	-3.464	3.112	3.856	4.815	3.102	1.358	6.187	7.366	7.086	5.171	3.265	8.895	3.39	2.677	5.3	0.6526	2.809	5.068	1.836	-4.618	2.681	0.8575	5.137	4.245	1.463	2.727	-4.309	-2.7	8.865	7.591	0.7833	3.864	5.586	2.104	1.746	3.678	3.352	5.014	4.031	5.814	3.024	4.889	6.254	3.628	3.822	4.979	7.016	9.196	-0.5482	4.137	3.75	1.385	0.2439	6.338	3.053	-1.264	4.402	3.329	8.265	6.877	3.837
2.543	2.238	8.227	10.17	4.045	3.078	0.51	2.722	5.656	6.023	4.66	-2.949	5.361	-1.915	2.327	3.107	4.709	4.261	6.027	5.497	6.468	2.307	5.811	5.341	5.339	3.823	-6.088	5.429	6.107	4.363	4.28	4.524	2.036	-2.908	2.569	4.893	5.525	4.618	5.518	-3.538	3.1	3.819	4.716	3.096	1.365	5.98	7.3	6.913	5.051	3.213	8.53	3.42	2.668	5.24	0.5389	2.82	5.049	1.838	-4.734	2.651	0.7883	5.066	4.089	1.462	2.727	-4.379	-2.804	8.635	7.451	0.7197	3.782	5.567	2.046	1.738	3.523	3.358	4.861	3.929	5.721	3.006	4.846	6.089	3.618	3.812	4.953	6.907	8.888	-0.6161	4.074	3.72	1.376	0.1624	6.169	3.082	-1.287	4.349	3.271	8.087	6.807	3.765
2.435	2.186	7.898	9.782	3.896	3.081	0.5054	2.733	5.647	5.958	4.586	-3.059	5.204	-1.959	2.299	3.048	4.626	4.205	5.935	5.427	6.467	2.217	5.802	5.259	5.296	3.807	-6.226	5.356	5.886	4.292	4.251	4.379	2.018	-3.021	2.56	4.901	5.376	4.542	5.463	-3.612	3.088	3.783	4.618	3.09	1.371	5.774	7.234	6.74	4.931	3.162	8.164	3.451	2.66	5.18	0.4253	2.831	5.03	1.841	-4.85	2.622	0.7191	4.994	3.934	1.462	2.728	-4.45	-2.908	8.406	7.311	0.656	3.7	5.548	1.989	1.73	3.368	3.364	4.708	3.827	5.628	2.987	4.803	5.923	3.607	3.801	4.927	6.799	8.58	-0.684	4.011	3.69	1.367	0.08086	5.999	3.111	-1.309	4.295	3.213	7.909	6.737	3.693
2.328	2.135	7.568	9.395	3.748	3.084	0.5009	2.745	5.638	5.894	4.513	-3.169	5.047	-2.003	2.271	2.99	4.543	4.148	5.843	5.357	6.466	2.127	5.793	5.177	5.253	3.79	-6.364	5.283	5.665	4.222	4.222	4.234	2	-3.133	2.551	4.909	5.227	4.467	5.408	-3.686	3.076	3.747	4.519	3.083	1.377	5.567	7.168	6.567	4.811	3.111	7.799	3.481	2.652	5.121	0.3116	2.841	5.011	1.844	-4.966	2.593	0.6498	4.922	3.778	1.462	2.728	-4.52	-3.012	8.176	7.172	0.5923	3.618	5.528	1.932	1.722	3.213	3.37	4.555	3.726	5.535	2.969	4.76	5.758	3.596	3.791	4.9	6.69	8.272	-0.752	3.949	3.66	1.357	-0.0006392	5.83	3.14	-1.332	4.241	3.155	7.731	6.667	3.62
2.221	2.084	7.238	9.009	3.599	3.086	0.4963	2.757	5.629	5.829	4.439	-3.279	4.89	-2.048	2.242	2.932	4.46	4.091	5.751	5.287	6.465	2.036	5.784	5.096	5.21	3.774	-6.502	5.21	5.445	4.151	4.193	4.089	1.982	-3.245	2.542	4.917	5.077	4.391	5.353	-3.76	3.064	3.711	4.42	3.077	1.383	5.36	7.102	6.393	4.691	3.06	7.433	3.512	2.644	5.061	0.198	2.852	4.992	1.846	-5.082	2.564	0.5806	4.85	3.623	1.462	2.728	-4.59	-3.116	7.946	7.032	0.5287	3.536	5.509	1.874	1.714	3.058	3.376	4.401	3.624	5.441	2.951	4.717	5.592	3.586	3.78	4.874	6.581	7.964	-0.8199	3.886	3.63	1.348	-0.08214	5.66	3.169	-1.355	4.188	3.097	7.553	6.597	3.548
2.113	2.032	6.908	8.622	3.451	3.089	0.4917	2.768	5.62	5.764	4.366	-3.389	4.733	-2.092	2.214	2.874	4.377	4.035	5.659	5.217	6.465	1.946	5.775	5.014	5.167	3.758	-6.64	5.137	5.224	4.081	4.164	3.944	1.964	-3.358	2.533	4.925	4.928	4.315	5.299	-3.834	3.052	3.675	4.321	3.071	1.39	5.154	7.036	6.22	4.571	3.008	7.068	3.542	2.636	5.001	0.08429	2.863	4.973	1.849	-5.198	2.535	0.5114	4.778	3.467	1.462	2.729	-4.66	-3.219	7.716	6.892	0.465	3.454	5.49	1.817	1.706	2.903	3.382	4.248	3.522	5.348	2.932	4.674	5.427	3.575	3.769	4.848	6.473	7.656	-0.8878	3.823	3.6	1.339	-0.1636	5.491	3.198	-1.377	4.134	3.039	7.375	6.527	3.476
2.006	1.981	6.579	8.236	3.302	3.092	0.4871	2.78	5.611	5.7	4.292	-3.499	4.576	-2.137	2.185	2.815	4.294	3.978	5.567	5.146	6.464	1.856	5.766	4.932	5.123	3.742	-6.778	5.064	5.003	4.01	4.135	3.799	1.946	-3.47	2.524	4.933	4.779	4.239	5.244	-3.909	3.039	3.638	4.222	3.064	1.396	4.947	6.97	6.047	4.451	2.957	6.703	3.573	2.628	4.942	-0.02938	2.874	4.954	1.852	-5.314	2.506	0.4422	4.706	3.312	1.462	2.729	-4.73	-3.323	7.486	6.752	0.4014	3.372	5.471	1.759	1.698	2.748	3.388	4.095	3.42	5.255	2.914	4.631	5.261	3.564	3.759	4.822	6.364	7.349	-0.9558	3.76	3.569	1.33	-0.2451	5.321	3.228	-1.4	4.08	2.981	7.197	6.457	3.403
1.899	1.93	6.249	7.85	3.154	3.095	0.4826	2.791	5.602	5.635	4.219	-3.609	4.419	-2.181	2.157	2.757	4.211	3.922	5.475	5.076	6.463	1.766	5.757	4.85	5.08	3.726	-6.916	4.991	4.783	3.94	4.105	3.654	1.928	-3.582	2.515	4.941	4.629	4.164	5.189	-3.983	3.027	3.602	4.123	3.058	1.402	4.74	6.904	5.874	4.331	2.906	6.337	3.603	2.62	4.882	-0.143	2.885	4.935	1.854	-5.429	2.476	0.3729	4.634	3.157	1.462	2.729	-4.8	-3.427	7.257	6.612	0.3377	3.29	5.451	1.702	1.69	2.593	3.395	3.942	3.319	5.162	2.896	4.588	5.096	3.553	3.748	4.796	6.256	7.041	-1.024	3.697	3.539	1.32	-0.3266	5.152	3.257	-1.423	4.027	2.923	7.019	6.387	3.331
1.792	1.879	5.919	7.463	3.005	3.098	0.478	2.803	5.593	5.57	4.145	-3.719	4.262	-2.225	2.128	2.699	4.128	3.865	5.383	5.006	6.463	1.676	5.748	4.768	5.037	3.71	-7.054	4.918	4.562	3.869	4.076	3.509	1.91	-3.694	2.506	4.949	4.48	4.088	5.134	-4.057	3.015	3.566	4.024	3.052	1.408	4.534	6.838	5.7	4.212	2.854	5.972	3.634	2.612	4.823	-0.2567	2.896	4.916	1.857	-5.545	2.447	0.3037	4.562	3.001	1.462	2.729	-4.87	-3.531	7.027	6.472	0.274	3.208	5.432	1.645	1.683	2.438	3.401	3.788	3.217	5.069	2.878	4.545	4.931	3.543	3.738	4.77	6.147	6.733	-1.092	3.635	3.509	1.311	-0.4081	4.983	3.286	-1.445	3.973	2.865	6.841	6.317	3.259
1.684	1.827	5.589	7.077	2.857	3.1	0.4734	2.815	5.585	5.505	4.072	-3.829	4.105	-2.27	2.1	2.641	4.045	3.808	5.292	4.936	6.462	1.585	5.738	4.686	4.994	3.694	-7.192	4.846	4.341	3.798	4.047	3.364	1.892	-3.807	2.497	4.957	4.331	4.012	5.079	-4.131	3.003	3.53	3.925	3.045	1.415	4.327	6.771	5.527	4.092	2.803	5.607	3.664	2.604	4.763	-0.3704	2.907	4.897	1.86	-5.661	2.418	0.2345	4.49	2.846	1.462	2.73	-4.94	-3.635	6.797	6.332	0.2104	3.126	5.413	1.587	1.675	2.283	3.407	3.635	3.115	4.975	2.859	4.502	4.765	3.532	3.727	4.744	6.038	6.425	-1.16	3.572	3.479	1.302	-0.4896	4.813	3.315	-1.468	3.919	2.807	6.663	6.247	3.186
1.577	1.776	5.26	6.69	2.708	3.103	0.4689	2.826	5.576	5.441	3.998	-3.939	3.948	-2.314	2.071	2.582	3.962	3.752	5.2	4.866	6.461	1.495	5.729	4.605	4.951	3.678	-7.33	4.773	4.121	3.728	4.018	3.219	1.874	-3.919	2.488	4.964	4.181	3.936	5.025	-4.205	2.991	3.493	3.826	3.039	1.421	4.12	6.705	5.354	3.972	2.752	5.241	3.694	2.595	4.703	-0.484	2.918	4.878	1.862	-5.777	2.389	0.1652	4.418	2.69	1.462	2.73	-5.01	-3.738	6.567	6.192	0.1467	3.044	5.393	1.53	1.667	2.128	3.413	3.482	3.013	4.882	2.841	4.459	4.6	3.521	3.717	4.718	5.93	6.117	-1.228	3.509	3.449	1.293	-0.5711	4.644	3.344	-1.491	3.866	2.749	6.485	6.177	3.114
1.47	1.725	4.93	6.304	2.56	3.106	0.4643	2.838	5.567	5.376	3.925	-4.05	3.791	-2.358	2.043	2.524	3.879	3.695	5.108	4.796	6.46	1.405	5.72	4.523	4.908	3.661	-7.468	4.7	3.9	3.657	3.989	3.074	1.857	-4.031	2.479	4.972	4.032	3.861	4.97	-4.279	2.979	3.457	3.728	3.033	1.427	3.914	6.639	5.181	3.852	2.701	4.876	3.725	2.587	4.644	-0.5977	2.928	4.859	1.865	-5.893	2.36	0.09601	4.346	2.535	1.462	2.73	-5.08	-3.842	6.338	6.052	0.08304	2.962	5.374	1.473	1.659	1.973	3.419	3.329	2.911	4.789	2.823	4.416	4.434	3.511	3.706	4.691	5.821	5.809	-1.295	3.446	3.419	1.283	-0.6526	4.474	3.373	-1.513	3.812	2.691	6.307	6.107	3.042
1.362	1.673	4.6	5.917	2.411	3.109	0.4597	2.85	5.558	5.311	3.851	-4.16	3.634	-2.403	2.015	2.466	3.796	3.639	5.016	4.726	6.46	1.315	5.711	4.441	4.865	3.645	-7.606	4.627	3.679	3.587	3.96	2.929	1.839	-4.144	2.47	4.98	3.882	3.785	4.915	-4.353	2.967	3.421	3.629	3.026	1.433	3.707	6.573	5.007	3.732	2.649	4.51	3.755	2.579	4.584	-0.7114	2.939	4.84	1.868	-6.009	2.331	0.02678	4.274	2.38	1.462	2.73	-5.15	-3.946	6.108	5.913	0.01938	2.88	5.355	1.415	1.651	1.818	3.425	3.176	2.81	4.696	2.805	4.373	4.269	3.5	3.695	4.665	5.712	5.501	-1.363	3.383	3.389	1.274	-0.7341	4.305	3.402	-1.536	3.758	2.633	6.129	6.037	2.969
1.255	1.622	4.27	5.531	2.263	3.112	0.4551	2.861	5.549	5.246	3.778	-4.27	3.477	-2.447	1.986	2.408	3.713	3.582	4.924	4.655	6.459	1.225	5.702	4.359	4.821	3.629	-7.744	4.554	3.458	3.516	3.931	2.784	1.821	-4.256	2.461	4.988	3.733	3.709	4.86	-4.427	2.955	3.385	3.53	3.02	1.44	3.5	6.507	4.834	3.612	2.598	4.145	3.786	2.571	4.524	-0.825	2.95	4.821	1.87	-6.125	2.301	-0.04245	4.202	2.224	1.462	2.731	-5.22	-4.05	5.878	5.773	-0.04429	2.798	5.335	1.358	1.643	1.663	3.431	3.022	2.708	4.603	2.786	4.33	4.103	3.489	3.685	4.639	5.604	5.193	-1.431	3.321	3.359	1.265	-0.8156	4.135	3.431	-1.559	3.705	2.575	5.951	5.967	2.897
1.148	1.571	3.941	5.145	2.115	3.114	0.4506	2.873	5.54	5.182	3.704	-4.38	3.32	-2.491	1.958	2.349	3.63	3.525	4.832	4.585	6.458	1.134	5.693	4.277	4.778	3.613	-7.882	4.481	3.238	3.446	3.902	2.639	1.803	-4.368	2.452	4.996	3.584	3.633	4.805	-4.501	2.943	3.349	3.431	3.014	1.446	3.294	6.441	4.661	3.492	2.547	3.78	3.816	2.563	4.465	-0.9387	2.961	4.802	1.873	-6.24	2.272	-0.1117	4.13	2.069	1.461	2.731	-5.291	-4.154	5.648	5.633	-0.1079	2.716	5.316	1.3	1.635	1.508	3.437	2.869	2.606	4.509	2.768	4.287	3.938	3.479	3.674	4.613	5.495	4.885	-1.499	3.258	3.329	1.256	-0.8971	3.966	3.46	-1.581	3.651	2.517	5.773	5.897	2.825
1.041	1.52	3.611	4.758	1.966	3.117	0.446	2.885	5.531	5.117	3.631	-4.49	3.163	-2.536	1.929	2.291	3.548	3.469	4.74	4.515	6.458	1.044	5.684	4.195	4.735	3.597	-8.02	4.408	3.017	3.375	3.873	2.494	1.785	-4.48	2.444	5.004	3.434	3.558	4.751	-4.576	2.93	3.312	3.332	3.007	1.452	3.087	6.375	4.488	3.372	2.495	3.414	3.847	2.555	4.405	-1.052	2.972	4.783	1.876	-6.356	2.243	-0.1809	4.058	1.913	1.461	2.731	-5.361	-4.258	5.418	5.493	-0.1716	2.634	5.297	1.243	1.627	1.353	3.443	2.716	2.504	4.416	2.75	4.244	3.772	3.468	3.664	4.587	5.387	4.577	-1.567	3.195	3.299	1.246	-0.9786	3.796	3.489	-1.604	3.597	2.458	5.595	5.828	2.752
0.9333	1.468	3.281	4.372	1.818	3.12	0.4414	2.896	5.522	5.052	3.557	-4.6	3.007	-2.58	1.901	2.233	3.465	3.412	4.648	4.445	6.457	0.954	5.675	4.113	4.692	3.581	-8.158	4.335	2.796	3.304	3.843	2.349	1.767	-4.593	2.435	5.012	3.285	3.482	4.696	-4.65	2.918	3.276	3.233	3.001	1.458	2.88	6.309	4.315	3.252	2.444	3.049	3.877	2.547	4.346	-1.166	2.983	4.764	1.878	-6.472	2.214	-0.2501	3.986	1.758	1.461	2.732	-5.431	-4.361	5.189	5.353	-0.2353	2.552	5.277	1.186	1.619	1.198	3.449	2.563	2.403	4.323	2.732	4.201	3.607	3.457	3.653	4.561	5.278	4.269	-1.635	3.132	3.269	1.237	-1.06	3.627	3.519	-1.627	3.544	2.4	5.417	5.758	2.68
0.826	1.417	2.951	3.985	1.669	3.123	0.4368	2.908	5.514	4.988	3.484	-4.71	2.85	-2.625	1.872	2.174	3.382	3.356	4.556	4.375	6.456	0.8638	5.666	4.032	4.649	3.565	-8.296	4.262	2.576	3.234	3.814	2.204	1.749	-4.705	2.426	5.02	3.136	3.406	4.641	-4.724	2.906	3.24	3.134	2.995	1.465	2.674	6.243	4.141	3.132	2.393	2.683	3.908	2.539	4.286	-1.28	2.994	4.745	1.881	-6.588	2.185	-0.3194	3.914	1.602	1.461	2.732	-5.501	-4.465	4.959	5.213	-0.2989	2.47	5.258	1.128	1.611	1.043	3.455	2.409	2.301	4.23	2.713	4.158	3.441	3.447	3.643	4.535	5.169	3.962	-1.703	3.07	3.239	1.228	-1.142	3.457	3.548	-1.649	3.49	2.342	5.239	5.688	2.608
