136.5	71.69	86.93	99.87	125.5	131.6	108	89.09	72.64	129.1	89.47	74.93	142.6	176.3	87.6	72.51	139.5	144.8	90.17	122.7	95.22	105.3	125.4	108.5	83.31	91.83	80.63	149.1	148.3	148.6	135.9	145.8	119.4	105.4	145.6	87.28	105.8	131	56.85	88.13	91.54	130.5	152.8	90.22	124.6	108.5	146.5	87.14	165.4	97.68	75.95	107.7	127.3	78.4	101.2	106.4	137.2	96.02	129.8	142.7	112.8	114.5	101.8	97.95	138.7	109.4	123.3	85.17	116.8	88.45	93.28	112.9	71.41	140.2	114.7	92.78	103	62.9	151.8	114.9	100.9	93.54	90.8	86.71	146.8	90.75	144	136.2	105.4	140.8	124.2	109.5	104.3	83.73	155.8	99.01	79.8	108.4	102.3	69.73
135.2	70.97	86.03	98.81	124.2	130.3	106.9	88.2	71.92	127.5	88.37	74.2	141.1	174.5	86.69	71.83	138.2	143.4	89.23	121.3	94.21	104.3	124.2	107.3	82.4	90.94	79.92	147.7	147	147.1	134.5	144.4	118.1	104.2	144.2	86.4	104.8	129.7	56.29	87.26	90.67	129.3	151.1	89.34	123.2	107.4	144.9	85.97	163.8	96.74	75.17	106.7	125.9	77.59	100.1	105.4	135.8	95.08	128.5	141.3	111.6	113.4	100.7	96.8	137.3	108.3	122.1	84.33	115.6	87.59	92.35	111.8	70.6	138.8	113.5	91.84	102	62.26	150.3	113.7	99.9	92.65	89.91	85.83	145.4	89.82	142.6	134.8	104.4	139.4	123	108.3	103.3	82.89	154.3	98.05	79.03	107.2	101.2	68.85
133.8	70.25	85.12	97.75	123	129	105.7	87.3	71.21	126	87.28	73.47	139.7	172.8	85.78	71.14	136.9	141.9	88.29	119.9	93.2	103.3	123	106.2	81.48	90.06	79.21	146.2	145.6	145.6	133.1	142.9	116.8	103	142.8	85.51	103.7	128.5	55.73	86.38	89.8	128.1	149.4	88.45	121.8	106.3	143.4	84.8	162.1	95.8	74.38	105.6	124.5	76.77	99.14	104.3	134.4	94.14	127.2	139.9	110.5	112.3	99.69	95.64	136	107.2	120.8	83.48	114.3	86.73	91.43	110.7	69.78	137.4	112.3	90.9	101	61.61	148.8	112.6	98.94	91.76	89.01	84.95	143.9	88.89	141.2	133.4	103.3	138	121.8	107.2	102.2	82.05	152.7	97.08	78.26	106.1	100.1	67.98
132.4	69.53	84.21	96.69	121.7	127.6	104.5	86.4	70.49	124.4	86.18	72.74	138.3	171	84.87	70.45	135.6	140.4	87.35	118.6	92.18	102.3	121.8	105	80.57	89.17	78.5	144.7	144.2	144.2	131.7	141.5	115.5	101.9	141.4	84.63	102.6	127.2	55.17	85.51	88.93	126.8	147.7	87.57	120.5	105.2	141.9	83.63	160.4	94.85	73.6	104.6	123.1	75.96	98.13	103.2	133	93.2	125.9	138.6	109.3	111.1	98.64	94.49	134.7	106.1	119.6	82.64	113.1	85.88	90.51	109.6	68.97	136	111.1	89.96	99.99	60.97	147.3	111.5	97.98	90.87	88.12	84.08	142.5	87.96	139.8	132	102.3	136.6	120.6	106.1	101.2	81.21	151.1	96.12	77.49	104.9	98.93	67.11
131	68.8	83.31	95.62	120.5	126.3	103.3	85.5	69.77	122.9	85.08	72.02	136.8	169.2	83.96	69.77	134.3	138.9	86.42	117.2	91.17	101.3	120.6	103.9	79.65	88.29	77.8	143.2	142.8	142.7	130.3	140	114.2	100.7	139.9	83.74	101.6	126	54.62	84.63	88.06	125.6	146	86.68	119.1	104.2	140.3	82.45	158.8	93.91	72.81	103.5	121.7	75.15	97.11	102.2	131.6	92.26	124.6	137.2	108.2	110	97.59	93.34	133.4	105	118.4	81.8	111.9	85.02	89.58	108.5	68.16	134.6	109.9	89.03	99	60.32	145.8	110.3	97.01	89.98	87.23	83.2	141	87.03	138.3	130.6	101.3	135.2	119.4	104.9	100.2	80.36	149.6	95.16	76.72	103.8	97.81	66.23
129.6	68.08	82.4	94.56	119.2	125	102.1	84.6	69.05	121.3	83.99	71.29	135.4	167.4	83.05	69.08	133	137.4	85.48	115.8	90.16	100.3	119.5	102.7	78.74	87.4	77.09	141.7	141.4	141.2	129	138.6	112.9	99.49	138.5	82.86	100.5	124.8	54.06	83.76	87.19	124.4	144.3	85.8	117.7	103.1	138.8	81.28	157.1	92.97	72.03	102.5	120.4	74.33	96.1	101.1	130.2	91.32	123.3	135.9	107.1	108.8	96.55	92.19	132	103.8	117.1	80.96	110.6	84.16	88.66	107.4	67.35	133.2	108.8	88.09	98.01	59.68	144.3	109.2	96.05	89.09	86.34	82.32	139.6	86.1	136.9	129.2	100.2	133.8	118.3	103.8	99.13	79.52	148	94.2	75.95	102.6	96.69	65.36
128.2	67.36	81.5	93.5	118	123.6	101	83.7	68.34	119.7	82.89	70.56	134	165.6	82.14	68.4	131.7	135.9	84.54	114.5	89.15	99.24	118.3	101.5	77.82	86.52	76.38	140.2	140.1	139.7	127.6	137.1	111.6	98.3	137.1	81.98	99.41	123.5	53.5	82.88	86.32	123.2	142.6	84.92	116.4	102	137.2	80.11	155.4	92.03	71.24	101.5	119	73.52	95.09	100	128.8	90.38	121.9	134.5	105.9	107.7	95.5	91.04	130.7	102.7	115.9	80.11	109.4	83.31	87.74	106.3	66.54	131.8	107.6	87.15	97.03	59.04	142.8	108.1	95.09	88.2	85.44	81.45	138.1	85.17	135.5	127.8	99.16	132.4	117.1	102.6	98.08	78.68	146.4	93.24	75.18	101.5	95.56	64.49
126.8	66.64	80.59	92.44	116.7	122.3	99.77	82.8	67.62	118.2	81.79	69.83	132.5	163.9	81.23	67.71	130.4	134.5	83.61	113.1	88.13	98.23	117.1	100.4	76.91	85.63	75.67	138.7	138.7	138.2	126.2	135.7	110.4	97.12	135.7	81.09	98.34	122.3	52.94	82	85.45	122	141	84.03	115	100.9	135.7	78.94	153.8	91.09	70.46	100.4	117.6	72.7	94.08	98.97	127.4	89.44	120.6	133.1	104.8	106.6	94.45	89.89	129.4	101.6	114.7	79.27	108.2	82.45	86.82	105.2	65.73	130.4	106.4	86.21	96.04	58.39	141.3	107	94.13	87.31	84.55	80.57	136.7	84.24	134.1	126.4	98.11	131	115.9	101.5	97.04	77.84	144.8	92.28	74.41	100.3	94.44	63.61
125.5	65.91	79.68	91.38	115.5	121	98.59	81.91	66.9	116.6	80.69	69.1	131.1	162.1	80.31	67.02	129.1	133	82.67	111.7	87.12	97.22	115.9	99.24	75.99	84.75	74.96	137.2	137.3	136.7	124.8	134.2	109.1	95.94	134.3	80.21	97.27	121	52.38	81.13	84.58	120.8	139.3	83.15	113.6	99.82	134.2	77.77	152.1	90.15	69.68	99.38	116.2	71.89	93.07	97.91	126	88.5	119.3	131.8	103.6	105.4	93.4	88.74	128.1	100.5	113.4	78.43	106.9	81.59	85.89	104	64.91	128.9	105.2	85.27	95.05	57.75	139.8	105.8	93.17	86.42	83.66	79.69	135.2	83.31	132.7	125	97.07	129.6	114.7	100.3	96	77	143.3	91.31	73.64	99.19	93.32	62.74
124.1	65.19	78.78	90.31	114.2	119.6	97.41	81.01	66.18	115.1	79.6	68.37	129.7	160.3	79.4	66.34	127.7	131.5	81.73	110.4	86.11	96.2	114.7	98.08	75.08	83.87	74.25	135.8	135.9	135.3	123.4	132.8	107.8	94.75	132.9	79.32	96.2	119.8	51.83	80.25	83.71	119.6	137.6	82.27	112.3	98.74	132.6	76.6	150.4	89.21	68.89	98.33	114.8	71.08	92.06	96.84	124.7	87.56	118	130.4	102.5	104.3	92.36	87.59	126.7	99.38	112.2	77.59	105.7	80.74	84.97	102.9	64.1	127.5	104	84.33	94.06	57.11	138.3	104.7	92.2	85.53	82.77	78.81	133.8	82.37	131.3	123.6	96.02	128.3	113.5	99.17	94.96	76.16	141.7	90.35	72.87	98.04	92.2	61.86
122.7	64.47	77.87	89.25	113	118.3	96.23	80.11	65.47	113.5	78.5	67.65	128.2	158.5	78.49	65.65	126.4	130	80.8	109	85.1	95.19	113.5	96.93	74.16	82.98	73.54	134.3	134.5	133.8	122	131.3	106.5	93.57	131.4	78.44	95.13	118.5	51.27	79.38	82.84	118.4	135.9	81.38	110.9	97.65	131.1	75.43	148.7	88.27	68.11	97.29	113.4	70.26	91.05	95.78	123.3	86.62	116.7	129.1	101.3	103.1	91.31	86.44	125.4	98.26	111	76.74	104.5	79.88	84.05	101.8	63.29	126.1	102.8	83.39	93.07	56.46	136.8	103.6	91.24	84.64	81.87	77.94	132.3	81.44	129.9	122.2	94.97	126.9	112.4	98.03	93.92	75.32	140.1	89.39	72.1	96.9	91.08	60.99
121.3	63.75	76.97	88.19	111.7	117	95.05	79.21	64.75	111.9	77.4	66.92	126.8	156.8	77.58	64.96	125.1	128.5	79.86	107.7	84.09	94.18	112.3	95.77	73.25	82.1	72.83	132.8	133.2	132.3	120.6	129.9	105.2	92.39	130	77.55	94.06	117.3	50.71	78.5	81.97	117.2	134.2	80.5	109.5	96.57	129.5	74.26	147.1	87.33	67.32	96.25	112	69.45	90.03	94.72	121.9	85.68	115.4	127.7	100.2	102	90.26	85.29	124.1	97.14	109.7	75.9	103.2	79.02	83.12	100.7	62.48	124.7	101.7	82.45	92.09	55.82	135.3	102.5	90.28	83.75	80.98	77.06	130.9	80.51	128.5	120.8	93.93	125.5	111.2	96.88	92.88	74.48	138.5	88.43	71.33	95.75	89.95	60.12
119.9	63.02	76.06	87.13	110.5	115.6	93.87	78.31	64.03	110.4	76.3	66.19	125.4	155	76.67	64.28	123.8	127	78.92	106.3	83.07	93.16	111.1	94.62	72.33	81.21	72.12	131.3	131.8	130.8	119.3	128.4	103.9	91.2	128.6	76.67	92.99	116.1	50.15	77.63	81.1	116	132.5	79.61	108.2	95.48	128	73.09	145.4	86.39	66.54	95.2	110.6	68.63	89.02	93.65	120.5	84.74	114.1	126.3	99.07	100.9	89.21	84.14	122.7	96.03	108.5	75.06	102	78.17	82.2	99.6	61.67	123.3	100.5	81.51	91.1	55.18	133.8	101.3	89.32	82.86	80.09	76.18	129.4	79.58	127.1	119.5	92.88	124.1	110	95.73	91.84	73.64	137	87.47	70.56	94.6	88.83	59.24
118.5	62.3	75.15	86.07	109.2	114.3	92.69	77.41	63.31	108.8	75.21	65.46	124	153.2	75.76	63.59	122.5	125.5	77.98	104.9	82.06	92.15	109.9	93.46	71.42	80.33	71.41	129.8	130.4	129.3	117.9	127	102.6	90.02	127.2	75.78	91.92	114.8	49.6	76.75	80.23	114.8	130.8	78.73	106.8	94.4	126.5	71.92	143.7	85.44	65.75	94.16	109.2	67.82	88.01	92.59	119.1	83.8	112.8	125	97.92	99.71	88.16	82.99	121.4	94.91	107.3	74.22	100.7	77.31	81.28	98.48	60.85	121.9	99.31	80.57	90.11	54.53	132.3	100.2	88.36	81.97	79.2	75.31	128	78.65	125.7	118.1	91.83	122.7	108.8	94.59	90.79	72.8	135.4	86.5	69.79	93.45	87.71	58.37
117.1	61.58	74.25	85	108	113	91.51	76.51	62.6	107.2	74.11	64.73	122.5	151.4	74.85	62.91	121.2	124.1	77.05	103.6	81.05	91.14	108.8	92.31	70.5	79.44	70.7	128.3	129	127.8	116.5	125.5	101.4	88.84	125.8	74.9	90.85	113.6	49.04	75.88	79.36	113.6	129.1	77.85	105.4	93.31	124.9	70.75	142.1	84.5	64.97	93.12	107.8	67.01	87	91.53	117.7	82.86	111.5	123.6	96.78	98.57	87.12	81.84	120.1	93.79	106	73.37	99.51	76.45	80.36	97.37	60.04	120.5	98.13	79.63	89.12	53.89	130.8	99.07	87.39	81.08	78.3	74.43	126.5	77.72	124.3	116.7	90.79	121.3	107.6	93.44	89.75	71.96	133.8	85.54	69.03	92.3	86.59	57.49
115.8	60.86	73.34	83.94	106.7	111.6	90.33	75.62	61.88	105.7	73.01	64	121.1	149.7	73.94	62.22	119.9	122.6	76.11	102.2	80.04	90.13	107.6	91.15	69.59	78.56	69.99	126.8	127.6	126.4	115.1	124.1	100.1	87.65	124.3	74.02	89.78	112.3	48.48	75	78.49	112.4	127.4	76.96	104.1	92.23	123.4	69.58	140.4	83.56	64.19	92.07	106.4	66.19	85.99	90.46	116.3	81.92	110.2	122.3	95.64	97.43	86.07	80.69	118.8	92.68	104.8	72.53	98.27	75.6	79.43	96.26	59.23	119.1	96.95	78.69	88.14	53.24	129.4	97.95	86.43	80.19	77.41	73.55	125.1	76.79	122.9	115.3	89.74	119.9	106.4	92.29	88.71	71.11	132.3	84.58	68.26	91.15	85.47	56.62
114.4	60.14	72.44	82.88	105.5	110.3	89.15	74.72	61.16	104.1	71.91	63.28	119.7	147.9	73.03	61.53	118.6	121.1	75.17	100.8	79.02	89.11	106.4	90	68.67	77.67	69.28	125.4	126.3	124.9	113.7	122.6	98.79	86.47	122.9	73.13	88.71	111.1	47.92	74.12	77.62	111.1	125.7	76.08	102.7	91.14	121.8	68.41	138.7	82.62	63.4	91.03	105	65.38	84.98	89.4	114.9	80.99	108.9	120.9	94.5	96.29	85.02	79.54	117.4	91.56	103.6	71.69	97.03	74.74	78.51	95.15	58.42	117.7	95.76	77.75	87.15	52.6	127.9	96.82	85.47	79.3	76.52	72.67	123.6	75.86	121.5	113.9	88.7	118.5	105.3	91.14	87.67	70.27	130.7	83.62	67.49	90	84.34	55.75
113	59.41	71.53	81.82	104.2	109	87.97	73.82	60.44	102.6	70.82	62.55	118.2	146.1	72.12	60.85	117.3	119.6	74.24	99.48	78.01	88.1	105.2	88.84	67.76	76.79	68.57	123.9	124.9	123.4	112.3	121.2	97.5	85.29	121.5	72.25	87.64	109.8	47.36	73.25	76.75	109.9	124.1	75.19	101.3	90.06	120.3	67.24	137.1	81.68	62.62	89.99	103.6	64.56	83.96	88.34	113.5	80.05	107.6	119.5	93.36	95.15	83.97	78.39	116.1	90.44	102.3	70.85	95.8	73.88	77.59	94.04	57.61	116.3	94.58	76.81	86.16	51.96	126.4	95.69	84.51	78.41	75.63	71.8	122.2	74.93	120.1	112.5	87.65	117.1	104.1	90	86.63	69.43	129.1	82.66	66.72	88.85	83.22	54.87
111.6	58.69	70.62	80.76	103	107.6	86.79	72.92	59.73	101	69.72	61.82	116.8	144.3	71.21	60.16	116	118.1	73.3	98.11	77	87.09	104	87.69	66.84	75.9	67.86	122.4	123.5	121.9	111	119.7	96.22	84.11	120.1	71.36	86.57	108.6	46.81	72.37	75.88	108.7	122.4	74.31	99.98	88.97	118.8	66.07	135.4	80.74	61.83	88.94	102.2	63.75	82.95	87.27	112.1	79.11	106.3	118.2	92.22	94.01	82.93	77.24	114.8	89.33	101.1	70	94.56	73.03	76.66	92.92	56.79	114.9	93.4	75.87	85.17	51.31	124.9	94.57	83.55	77.52	74.74	70.92	120.7	74	118.6	111.1	86.6	115.7	102.9	88.85	85.59	68.59	127.5	81.69	65.95	87.7	82.1	54
110.2	57.97	69.72	79.7	101.7	106.3	85.61	72.02	59.01	99.45	68.62	61.09	115.4	142.5	70.3	59.47	114.7	116.6	72.36	96.75	75.99	86.07	102.8	86.53	65.93	75.02	67.16	120.9	122.1	120.4	109.6	118.3	94.93	82.92	118.7	70.48	85.5	107.4	46.25	71.5	75.01	107.5	120.7	73.43	98.61	87.89	117.2	64.9	133.7	79.8	61.05	87.9	100.8	62.94	81.94	86.21	110.7	78.17	105	116.8	91.08	92.87	81.88	76.09	113.4	88.21	99.87	69.16	93.33	72.17	75.74	91.81	55.98	113.5	92.22	74.93	84.19	50.67	123.4	93.44	82.58	76.63	73.84	70.04	119.3	73.07	117.2	109.7	85.56	114.3	101.7	87.7	84.55	67.75	126	80.73	65.18	86.55	80.98	53.13
108.8	57.25	68.81	78.63	100.5	105	84.43	71.12	58.29	97.89	67.52	60.36	113.9	140.8	69.38	58.79	113.4	115.2	71.43	95.39	74.97	85.06	101.6	85.38	65.01	74.13	66.45	119.4	120.7	118.9	108.2	116.8	93.64	81.74	117.3	69.59	84.43	106.1	45.69	70.62	74.14	106.3	119	72.54	97.24	86.8	115.7	63.73	132.1	78.86	60.26	86.86	99.44	62.12	80.93	85.14	109.3	77.23	103.7	115.5	89.94	91.72	80.83	74.94	112.1	87.09	98.64	68.32	92.09	71.31	74.82	90.7	55.17	112	91.04	73.99	83.2	50.03	121.9	92.31	81.62	75.74	72.95	69.17	117.8	72.14	115.8	108.3	84.51	112.9	100.5	86.56	83.5	66.91	124.4	79.77	64.41	85.41	79.86	52.25
107.4	56.52	67.91	77.57	99.22	103.6	83.25	70.22	57.57	96.32	66.43	59.63	112.5	139	68.47	58.1	112.1	113.7	70.49	94.02	73.96	84.05	100.4	84.22	64.1	73.25	65.74	117.9	119.4	117.5	106.8	115.4	92.36	80.56	115.8	68.71	83.36	104.9	45.13	69.75	73.27	105.1	117.3	71.66	95.88	85.72	114.1	62.56	130.4	77.92	59.48	85.81	98.05	61.31	79.92	84.08	107.9	76.29	102.4	114.1	88.79	90.58	79.78	73.79	110.8	85.98	97.41	67.48	90.86	70.46	73.89	89.59	54.36	110.6	89.86	73.05	82.21	49.38	120.4	91.19	80.66	74.85	72.06	68.29	116.4	71.21	114.4	106.9	83.47	111.5	99.35	85.41	82.46	66.07	122.8	78.81	63.64	84.26	78.73	51.38
106.1	55.8	67	76.51	97.97	102.3	82.07	69.33	56.86	94.76	65.33	58.91	111.1	137.2	67.56	57.42	110.8	112.2	69.55	92.66	72.95	83.04	99.26	83.07	63.18	72.37	65.03	116.4	118	116	105.4	113.9	91.07	79.37	114.4	67.83	82.29	103.6	44.58	68.87	72.4	103.9	115.6	70.77	94.51	84.63	112.6	61.39	128.7	76.98	58.7	84.77	96.65	60.49	78.91	83.02	106.5	75.35	101.1	112.8	87.65	89.44	78.73	72.64	109.5	84.86	96.18	66.63	89.62	69.6	72.97	88.48	53.55	109.2	88.68	72.11	81.22	48.74	118.9	90.06	79.7	73.96	71.17	67.41	114.9	70.28	113	105.5	82.42	110.1	98.17	84.26	81.42	65.23	121.2	77.85	62.87	83.11	77.61	50.5
104.7	55.08	66.09	75.45	96.72	101	80.89	68.43	56.14	93.2	64.23	58.18	109.6	135.4	66.65	56.73	109.5	110.7	68.61	91.3	71.94	82.02	98.07	81.92	62.27	71.48	64.32	114.9	116.6	114.5	104	112.5	89.79	78.19	113	66.94	81.22	102.4	44.02	68	71.53	102.7	113.9	69.89	93.15	83.55	111.1	60.22	127	76.04	57.91	83.73	95.26	59.68	77.89	81.95	105.2	74.41	99.79	111.4	86.51	88.3	77.69	71.49	108.1	83.74	94.94	65.79	88.38	68.75	72.05	87.36	52.74	107.8	87.5	71.17	80.23	48.09	117.4	88.93	78.74	73.07	70.27	66.53	113.5	69.35	111.6	104.1	81.37	108.7	96.99	83.12	80.38	64.39	119.7	76.88	62.1	81.96	76.49	49.63
103.3	54.36	65.19	74.39	95.47	99.62	79.71	67.53	55.42	91.64	63.13	57.45	108.2	133.7	65.74	56.04	108.2	109.2	67.68	89.94	70.92	81.01	96.88	80.76	61.35	70.6	63.61	113.5	115.2	113	102.7	111	88.5	77.01	111.6	66.06	80.15	101.1	43.46	67.12	70.66	101.5	112.2	69.01	91.78	82.46	109.5	59.05	125.4	75.09	57.13	82.69	93.87	58.87	76.88	80.89	103.8	73.47	98.49	110	85.37	87.16	76.64	70.34	106.8	82.63	93.71	64.95	87.15	67.89	71.13	86.25	51.92	106.4	86.32	70.23	79.25	47.45	115.9	87.81	77.77	72.18	69.38	65.66	112	68.42	110.2	102.7	80.33	107.3	95.81	81.97	79.34	63.55	118.1	75.92	61.33	80.81	75.37	48.76
101.9	53.64	64.28	73.32	94.22	98.29	78.53	66.63	54.7	90.08	62.04	56.72	106.8	131.9	64.83	55.36	106.9	107.7	66.74	88.57	69.91	80	95.7	79.61	60.44	69.71	62.9	112	113.8	111.5	101.3	109.6	87.21	75.82	110.2	65.17	79.08	99.89	42.9	66.25	69.79	100.3	110.5	68.12	90.41	81.38	108	57.88	123.7	74.15	56.34	81.64	92.47	58.05	75.87	79.83	102.4	72.53	97.18	108.7	84.23	86.02	75.59	69.19	105.5	81.51	92.48	64.11	85.91	67.03	70.2	85.14	51.11	105	85.14	69.29	78.26	46.81	114.4	86.68	76.81	71.29	68.49	64.78	110.6	67.49	108.8	101.4	79.28	105.9	94.63	80.82	78.3	62.71	116.5	74.96	60.56	79.66	74.25	47.88
100.5	52.91	63.37	72.26	92.97	96.95	77.35	65.73	53.99	88.52	60.94	55.99	105.4	130.1	63.92	54.67	105.6	106.2	65.8	87.21	68.9	78.98	94.51	78.45	59.52	68.83	62.19	110.5	112.5	110	99.88	108.1	85.93	74.64	108.8	64.29	78.01	98.65	42.34	65.37	68.92	99.07	108.9	67.24	89.05	80.29	106.4	56.71	122	73.21	55.56	80.6	91.08	57.24	74.86	78.76	101	71.59	95.88	107.3	83.09	84.88	74.54	68.04	104.1	80.39	91.25	63.27	84.68	66.18	69.28	84.03	50.3	103.6	83.96	68.35	77.27	46.16	112.9	85.55	75.85	70.4	67.6	63.9	109.1	66.56	107.4	99.96	78.24	104.5	93.44	79.67	77.25	61.86	115	74	59.79	78.51	73.12	47.01
99.13	52.19	62.47	71.2	91.72	95.62	76.17	64.83	53.27	86.96	59.84	55.26	103.9	128.3	63.01	53.98	104.3	104.8	64.87	85.85	67.89	77.97	93.32	77.3	58.61	67.94	61.48	109	111.1	108.5	98.5	106.7	84.64	73.46	107.3	63.4	76.94	97.4	41.79	64.49	68.05	97.86	107.2	66.36	87.68	79.21	104.9	55.54	120.4	72.27	54.78	79.56	89.68	56.42	73.85	77.7	99.58	70.65	94.58	106	81.95	83.74	73.5	66.89	102.8	79.28	90.02	62.42	83.44	65.32	68.36	82.91	49.49	102.2	82.78	67.41	76.28	45.52	111.4	84.42	74.89	69.51	66.7	63.03	107.7	65.63	106	98.57	77.19	103.1	92.26	78.53	76.21	61.02	113.4	73.04	59.02	77.36	72	46.13
97.74	51.47	61.56	70.14	90.46	94.29	74.99	63.93	52.55	85.4	58.74	54.54	102.5	126.6	62.1	53.3	102.9	103.3	63.93	84.48	66.88	76.96	92.13	76.14	57.69	67.06	60.77	107.5	109.7	107.1	97.11	105.2	83.36	72.27	105.9	62.52	75.87	96.16	41.23	63.62	67.19	96.65	105.5	65.47	86.31	78.12	103.4	54.37	118.7	71.33	53.99	78.51	88.29	55.61	72.84	76.64	98.19	69.71	93.27	104.6	80.81	82.6	72.45	65.74	101.5	78.16	88.78	61.58	82.2	64.46	67.43	81.8	48.68	100.8	81.6	66.47	75.3	44.88	109.9	83.3	73.93	68.62	65.81	62.15	106.2	64.7	104.6	97.17	76.14	101.7	91.08	77.38	75.17	60.18	111.8	72.07	58.25	76.21	70.88	45.26
96.36	50.75	60.66	69.08	89.21	92.95	73.81	63.04	51.83	83.84	57.65	53.81	101.1	124.8	61.19	52.61	101.6	101.8	62.99	83.12	65.86	75.95	90.94	74.99	56.78	66.17	60.06	106	108.3	105.6	95.73	103.8	82.07	71.09	104.5	61.63	74.8	94.91	40.67	62.74	66.32	95.45	103.8	64.59	84.95	77.04	101.8	53.2	117	70.39	53.21	77.47	86.89	54.8	71.83	75.57	96.79	68.77	91.97	103.2	79.66	81.46	71.4	64.59	100.2	77.05	87.55	60.74	80.97	63.61	66.51	80.69	47.86	99.37	80.42	65.53	74.31	44.23	108.4	82.17	72.96	67.73	64.92	61.27	104.8	63.77	103.2	95.78	75.1	100.3	89.9	76.23	74.13	59.34	110.2	71.11	57.48	75.06	69.76	44.39
94.97	50.02	59.75	68.01	87.96	91.62	72.62	62.14	51.12	82.28	56.55	53.08	99.63	123	60.28	51.93	100.3	100.3	62.06	81.76	64.85	74.93	89.76	73.83	55.86	65.29	59.35	104.5	106.9	104.1	94.35	102.3	80.78	69.91	103.1	60.75	73.72	93.67	40.11	61.87	65.45	94.24	102.1	63.7	83.58	75.95	100.3	52.03	115.4	69.45	52.42	76.43	85.5	53.98	70.81	74.51	95.4	67.83	90.66	101.9	78.52	80.32	70.35	63.44	98.84	75.93	86.32	59.9	79.73	62.75	65.59	79.58	47.05	97.96	79.24	64.59	73.32	43.59	106.9	81.04	72	66.84	64.03	60.39	103.3	62.83	101.8	94.39	74.05	98.92	88.72	75.09	73.09	58.5	108.7	70.15	56.71	73.92	68.64	43.51
93.59	49.3	58.84	66.95	86.71	90.29	71.44	61.24	50.4	80.72	55.45	52.35	98.2	121.2	59.36	51.24	99.03	98.83	61.12	80.39	63.84	73.92	88.57	72.68	54.95	64.4	58.64	103.1	105.6	102.6	92.96	100.9	79.5	68.73	101.7	59.87	72.65	92.43	39.56	60.99	64.58	93.03	100.4	62.82	82.22	74.87	98.75	50.86	113.7	68.51	51.64	75.38	84.11	53.17	69.8	73.45	94.01	66.89	89.36	100.5	77.38	79.18	69.3	62.29	97.51	74.81	85.09	59.05	78.5	61.89	64.67	78.47	46.24	96.55	78.06	63.65	72.33	42.95	105.5	79.92	71.04	65.95	63.13	59.52	101.9	61.9	100.3	92.99	73	97.53	87.53	73.94	72.05	57.66	107.1	69.19	55.94	72.77	67.51	42.64
92.2	48.58	57.94	65.89	85.46	88.95	70.26	60.34	49.68	79.16	54.35	51.62	96.76	119.4	58.45	50.55	97.73	97.34	60.18	79.03	62.83	72.91	87.38	71.52	54.03	63.52	57.93	101.6	104.2	101.1	91.58	99.42	78.21	67.54	100.3	58.98	71.58	91.18	39	60.12	63.71	91.82	98.72	61.94	80.85	73.78	97.21	49.69	112	67.57	50.85	74.34	82.71	52.35	68.79	72.38	92.61	65.95	88.06	99.16	76.24	78.04	68.26	61.14	96.18	73.7	83.85	58.21	77.26	61.04	63.74	77.35	45.43	95.14	76.87	62.71	71.34	42.3	104	78.79	70.08	65.06	62.24	58.64	100.4	60.97	98.94	91.6	71.96	96.13	86.35	72.79	71.01	56.82	105.5	68.23	55.17	71.62	66.39	41.76
90.82	47.86	57.03	64.83	84.21	87.62	69.08	59.44	48.96	77.6	53.26	50.89	95.33	117.7	57.54	49.87	96.42	95.86	59.24	77.67	61.81	71.89	86.19	70.37	53.12	62.63	57.22	100.1	102.8	99.64	90.19	97.97	76.93	66.36	98.84	58.1	70.51	89.94	38.44	59.24	62.84	90.62	97.03	61.05	79.48	72.7	95.67	48.52	110.4	66.63	50.07	73.3	81.32	51.54	67.78	71.32	91.22	65.01	86.75	97.8	75.1	76.89	67.21	59.99	94.85	72.58	82.62	57.37	76.02	60.18	62.82	76.24	44.62	93.74	75.69	61.77	70.36	41.66	102.5	77.66	69.12	64.17	61.35	57.76	98.99	60.04	97.53	90.21	70.91	94.73	85.17	71.64	69.96	55.98	103.9	67.26	54.4	70.47	65.27	40.89
89.43	47.13	56.13	63.77	82.96	86.29	67.9	58.54	48.25	76.04	52.16	50.17	93.9	115.9	56.63	49.18	95.12	94.37	58.31	76.3	60.8	70.88	85.01	69.21	52.2	61.75	56.52	98.6	101.4	98.16	88.81	96.52	75.64	65.18	97.42	57.21	69.44	88.7	37.88	58.37	61.97	89.41	95.34	60.17	78.12	71.61	94.13	47.35	108.7	65.69	49.29	72.25	79.92	50.73	66.77	70.26	89.83	64.07	85.45	96.44	73.96	75.75	66.16	58.84	93.53	71.46	81.39	56.53	74.79	59.32	61.9	75.13	43.8	92.33	74.51	60.83	69.37	41.01	101	76.54	68.15	63.28	60.46	56.89	97.54	59.11	96.12	88.82	69.87	93.34	83.99	70.5	68.92	55.14	102.4	66.3	53.63	69.32	64.15	40.02
88.05	46.41	55.22	62.71	81.71	84.95	66.72	57.64	47.53	74.48	51.06	49.44	92.47	114.1	55.72	48.49	93.81	92.89	57.37	74.94	59.79	69.87	83.82	68.06	51.29	60.87	55.81	97.11	100	96.67	87.42	95.07	74.35	63.99	96	56.33	68.37	87.45	37.33	57.49	61.1	88.2	93.65	59.28	76.75	70.53	92.59	46.18	107	64.74	48.5	71.21	78.53	49.91	65.76	69.19	88.43	63.13	84.15	95.08	72.82	74.61	65.11	57.69	92.2	70.35	80.16	55.68	73.55	58.47	60.97	74.02	42.99	90.92	73.33	59.89	68.38	40.37	99.47	75.41	67.19	62.39	59.56	56.01	96.09	58.18	94.72	87.42	68.82	91.94	82.81	69.35	67.88	54.3	100.8	65.34	52.86	68.17	63.03	39.14
86.66	45.69	54.31	61.64	80.46	83.62	65.54	56.75	46.81	72.92	49.96	48.71	91.04	112.3	54.81	47.81	92.51	91.41	56.43	73.58	58.78	68.86	82.63	66.9	50.37	59.98	55.1	95.63	98.67	95.19	86.04	93.62	73.07	62.81	94.59	55.44	67.3	86.21	36.77	56.61	60.23	86.99	91.96	58.4	75.38	69.45	91.05	45.01	105.3	63.8	47.72	70.17	77.14	49.1	64.74	68.13	87.04	62.19	82.84	93.72	71.68	73.47	64.07	56.54	90.87	69.23	78.93	54.84	72.32	57.61	60.05	72.91	42.18	89.51	72.15	58.95	67.39	39.73	97.98	74.28	66.23	61.5	58.67	55.13	94.64	57.25	93.31	86.03	67.77	90.54	81.63	68.2	66.84	53.46	99.23	64.38	52.09	67.02	61.9	38.27
85.28	44.97	53.41	60.58	79.21	82.29	64.36	55.85	46.09	71.35	48.87	47.98	89.61	110.6	53.9	47.12	91.2	89.92	55.5	72.21	57.76	67.84	81.44	65.75	49.46	59.1	54.39	94.14	97.29	93.71	84.65	92.17	71.78	61.63	93.17	54.56	66.23	84.97	36.21	55.74	59.36	85.79	90.27	57.52	74.02	68.36	89.51	43.84	103.7	62.86	46.93	69.12	75.74	48.28	63.73	67.07	85.65	61.25	81.54	92.36	70.53	72.33	63.02	55.39	89.54	68.11	77.69	54	71.08	56.75	59.13	71.79	41.37	88.1	70.97	58.01	66.41	39.08	96.49	73.15	65.27	60.61	57.78	54.25	93.19	56.32	91.9	84.64	66.73	89.15	80.44	67.06	65.8	52.62	97.66	63.42	51.32	65.87	60.78	37.4
83.89	44.25	52.5	59.52	77.96	80.95	63.18	54.95	45.38	69.79	47.77	47.25	88.18	108.8	52.99	46.44	89.9	88.44	54.56	70.85	56.75	66.83	80.25	64.59	48.54	58.21	53.68	92.65	95.91	92.22	83.27	90.73	70.5	60.44	91.75	53.68	65.16	83.72	35.65	54.86	58.49	84.58	88.58	56.63	72.65	67.28	87.97	42.67	102	61.92	46.15	68.08	74.35	47.47	62.72	66	84.26	60.31	80.24	91	69.39	71.19	61.97	54.24	88.21	67	76.46	53.16	69.84	55.9	58.2	70.68	40.56	86.69	69.79	57.07	65.42	38.44	94.99	72.03	64.31	59.72	56.89	53.38	91.74	55.39	90.49	83.25	65.68	87.75	79.26	65.91	64.76	51.77	96.09	62.46	50.55	64.72	59.66	36.52
82.5	43.52	51.6	58.46	76.71	79.62	62	54.05	44.66	68.23	46.67	46.52	86.75	107	52.08	45.75	88.59	86.95	53.62	69.49	55.74	65.82	79.07	63.44	47.63	57.33	52.97	91.17	94.53	90.74	81.89	89.28	69.21	59.26	90.33	52.79	64.09	82.48	35.09	53.99	57.62	83.37	86.89	55.75	71.29	66.19	86.43	41.5	100.3	60.98	45.36	67.04	72.95	46.66	61.71	64.94	82.86	59.37	78.93	89.65	68.25	70.05	60.92	53.09	86.89	65.88	75.23	52.31	68.61	55.04	57.28	69.57	39.74	85.28	68.61	56.13	64.43	37.8	93.5	70.9	63.35	58.83	55.99	52.5	90.29	54.46	89.09	81.85	64.64	86.35	78.08	64.76	63.72	50.93	94.51	61.49	49.78	63.58	58.54	35.65
81.12	42.8	50.69	57.4	75.46	78.28	60.82	53.15	43.94	66.67	45.57	45.8	85.32	105.2	51.17	45.06	87.29	85.47	52.68	68.12	54.73	64.81	77.88	62.29	46.71	56.44	52.26	89.68	93.15	89.25	80.5	87.83	67.92	58.08	88.92	51.91	63.02	81.23	34.54	53.11	56.75	82.16	85.2	54.87	69.92	65.11	84.89	40.33	98.67	60.04	44.58	65.99	71.56	45.84	60.7	63.87	81.47	58.43	77.63	88.29	67.11	68.91	59.88	51.94	85.56	64.76	74	51.47	67.37	54.18	56.36	68.46	38.93	83.88	67.43	55.19	63.44	37.15	92	69.77	62.38	57.94	55.1	51.62	88.84	53.53	87.68	80.46	63.59	84.96	76.9	63.62	62.67	50.09	92.94	60.53	49.01	62.43	57.42	34.77
79.73	42.08	49.78	56.33	74.21	76.95	59.64	52.25	43.22	65.11	44.48	45.07	83.88	103.5	50.26	44.38	85.98	83.98	51.75	66.76	53.71	63.79	76.69	61.13	45.8	55.56	51.55	88.19	91.77	87.77	79.12	86.38	66.64	56.89	87.5	51.02	61.95	79.99	33.98	52.24	55.88	80.96	83.51	53.98	68.55	64.02	83.35	39.16	97	59.1	43.8	64.95	70.17	45.03	59.69	62.81	80.08	57.49	76.33	86.93	65.97	67.77	58.83	50.79	84.23	63.65	72.76	50.63	66.14	53.33	55.44	67.35	38.12	82.47	66.25	54.25	62.46	36.51	90.51	68.65	61.42	57.05	54.21	50.75	87.39	52.6	86.27	79.07	62.54	83.56	75.72	62.47	61.63	49.25	91.37	59.57	48.24	61.28	56.29	33.9
78.35	41.36	48.88	55.27	72.96	75.62	58.46	51.35	42.51	63.55	43.38	44.34	82.45	101.7	49.35	43.69	84.68	82.5	50.81	65.4	52.7	62.78	75.5	59.98	44.88	54.67	50.84	86.71	90.39	86.29	77.73	84.93	65.35	55.71	86.08	50.14	60.88	78.75	33.42	51.36	55.01	79.75	81.82	53.1	67.19	62.94	81.81	37.99	95.33	58.16	43.01	63.91	68.77	44.22	58.67	61.75	78.68	56.55	75.02	85.57	64.83	66.63	57.78	49.64	82.9	62.53	71.53	49.79	64.9	52.47	54.51	66.23	37.31	81.06	65.07	53.31	61.47	35.87	89.02	67.52	60.46	56.15	53.32	49.87	85.94	51.67	84.86	77.68	61.5	82.16	74.53	61.32	60.59	48.41	89.79	58.61	47.48	60.13	55.17	33.03
76.96	40.63	47.97	54.21	71.71	74.28	57.28	50.46	41.79	61.99	42.28	43.61	81.02	99.9	48.43	43	83.37	81.01	49.87	64.04	51.69	61.77	74.32	58.82	43.97	53.79	50.13	85.22	89.01	84.8	76.35	83.48	64.07	54.53	84.67	49.25	59.81	77.5	32.86	50.49	54.14	78.54	80.13	52.21	65.82	61.85	80.28	36.82	93.66	57.22	42.23	62.87	67.38	43.4	57.66	60.68	77.29	55.61	73.72	84.21	63.69	65.49	56.73	48.49	81.57	61.41	70.3	48.94	63.67	51.61	53.59	65.12	36.5	79.65	63.89	52.37	60.48	35.22	87.52	66.39	59.5	55.26	52.42	48.99	84.49	50.74	83.46	76.28	60.45	80.77	73.35	60.17	59.55	47.57	88.22	57.65	46.71	58.98	54.05	32.15
75.58	39.91	47.07	53.15	70.45	72.95	56.1	49.56	41.07	60.43	41.19	42.88	79.59	98.12	47.52	42.32	82.07	79.53	48.94	62.67	50.68	60.75	73.13	57.67	43.05	52.9	49.42	83.74	87.63	83.32	74.96	82.03	62.78	53.35	83.25	48.37	58.74	76.26	32.31	49.61	53.27	77.33	78.44	51.33	64.45	60.77	78.74	35.65	91.99	56.28	41.44	61.82	65.98	42.59	56.65	59.62	75.9	54.67	72.42	82.85	62.54	64.35	55.68	47.34	80.25	60.3	69.07	48.1	62.43	50.76	52.67	64.01	35.69	78.24	62.71	51.43	59.49	34.58	86.03	65.27	58.54	54.37	51.53	48.11	83.04	49.81	82.05	74.89	59.4	79.37	72.17	59.03	58.51	46.73	86.65	56.68	45.94	57.83	52.93	31.28
74.19	39.19	46.16	52.09	69.2	71.62	54.92	48.66	40.35	58.87	40.09	42.15	78.16	96.34	46.61	41.63	80.76	78.05	48	61.31	49.67	59.74	71.94	56.51	42.14	52.02	48.71	82.25	86.25	81.83	73.58	80.58	61.49	52.16	81.83	47.48	57.67	75.02	31.75	48.73	52.4	76.13	76.75	50.45	63.09	59.68	77.2	34.48	90.32	55.33	40.66	60.78	64.59	41.77	55.64	58.56	74.5	53.73	71.11	81.49	61.4	63.2	54.64	46.19	78.92	59.18	67.83	47.26	61.19	49.9	51.74	62.9	34.87	76.83	61.53	50.5	58.5	33.93	84.53	64.14	57.57	53.48	50.64	47.24	81.59	48.88	80.64	73.5	58.36	77.97	70.99	57.88	57.47	45.89	85.08	55.72	45.17	56.68	51.81	30.4
72.81	38.47	45.25	51.02	67.95	70.28	53.74	47.76	39.64	57.31	38.99	41.43	76.73	94.57	45.7	40.95	79.46	76.56	47.06	59.95	48.65	58.73	70.75	55.36	41.22	51.13	48	80.76	84.87	80.35	72.19	79.13	60.21	50.98	80.41	46.6	56.6	73.77	31.19	47.86	51.53	74.92	75.06	49.56	61.72	58.6	75.66	33.31	88.65	54.39	39.87	59.74	63.2	40.96	54.63	57.49	73.11	52.79	69.81	80.13	60.26	62.06	53.59	45.04	77.59	58.07	66.6	46.42	59.96	49.04	50.82	61.79	34.06	75.43	60.35	49.56	57.52	33.29	83.04	63.01	56.61	52.59	49.75	46.36	80.14	47.95	79.23	72.11	57.31	76.58	69.81	56.73	56.43	45.05	83.5	54.76	44.4	55.53	50.68	29.53
71.42	37.75	44.35	49.96	66.7	68.95	52.56	46.86	38.92	55.75	37.89	40.7	75.3	92.79	44.79	40.26	78.15	75.08	46.13	58.58	47.64	57.72	69.56	54.2	40.31	50.25	47.29	79.28	83.49	78.87	70.81	77.68	58.92	49.8	79	45.72	55.53	72.53	30.63	46.98	50.66	73.71	73.37	48.68	60.36	57.51	74.12	32.14	86.99	53.45	39.09	58.69	61.8	40.15	53.62	56.43	71.72	51.86	68.51	78.77	59.12	60.92	52.54	43.89	76.26	56.95	65.37	45.57	58.72	48.19	49.9	60.67	33.25	74.02	59.17	48.62	56.53	32.65	81.55	61.89	55.65	51.7	48.85	45.48	78.69	47.02	77.83	70.71	56.27	75.18	68.63	55.59	55.38	44.21	81.93	53.8	43.63	54.38	49.56	28.66
70.04	37.02	43.44	48.9	65.45	67.62	51.38	45.96	38.2	54.19	36.8	39.97	73.87	91.01	43.88	39.57	76.84	73.59	45.19	57.22	46.63	56.7	68.38	53.05	39.4	49.37	46.58	77.79	82.11	77.38	69.43	76.23	57.63	48.61	77.58	44.83	54.46	71.29	30.07	46.11	49.79	72.5	71.68	47.79	58.99	56.43	72.58	30.97	85.32	52.51	38.31	57.65	60.41	39.33	52.6	55.37	70.33	50.92	67.2	77.41	57.98	59.78	51.49	42.74	74.93	55.83	64.14	44.73	57.49	47.33	48.98	59.56	32.44	72.61	57.99	47.68	55.54	32	80.05	60.76	54.69	50.81	47.96	44.61	77.24	46.09	76.42	69.32	55.22	73.78	67.44	54.44	54.34	43.37	80.36	52.84	42.86	53.23	48.44	27.78
68.65	36.3	42.54	47.84	64.2	66.28	50.2	45.06	37.48	52.63	35.7	39.24	72.43	89.23	42.97	38.89	75.54	72.11	44.25	55.86	45.62	55.69	67.19	51.89	38.48	48.48	45.88	76.3	80.73	75.9	68.04	74.78	56.35	47.43	76.16	43.95	53.39	70.04	29.52	45.23	48.92	71.3	70	46.91	57.62	55.34	71.04	29.8	83.65	51.57	37.52	56.61	59.01	38.52	51.59	54.3	68.93	49.98	65.9	76.05	56.84	58.64	50.45	41.59	73.61	54.72	62.91	43.89	56.25	46.47	48.05	58.45	31.63	71.2	56.8	46.74	54.55	31.36	78.56	59.63	53.73	49.92	47.07	43.73	75.79	45.16	75.01	67.93	54.17	72.39	66.26	53.29	53.3	42.52	78.79	51.87	42.09	52.09	47.32	26.91
67.26	35.58	41.63	46.78	62.95	64.95	49.02	44.17	36.77	51.07	34.6	38.51	71	87.46	42.06	38.2	74.23	70.62	43.31	54.49	44.6	54.68	66	50.74	37.57	47.6	45.17	74.82	79.35	74.41	66.66	73.33	55.06	46.25	74.75	43.06	52.32	68.8	28.96	44.36	48.05	70.09	68.31	46.03	56.26	54.26	69.5	28.63	81.98	50.63	36.74	55.56	57.62	37.7	50.58	53.24	67.54	49.04	64.59	74.69	55.7	57.5	49.4	40.44	72.28	53.6	61.67	43.05	55.01	45.62	47.13	57.34	30.81	69.79	55.62	45.8	53.57	30.72	77.06	58.5	52.76	49.03	46.18	42.85	74.34	44.23	73.6	66.54	53.13	70.99	65.08	52.15	52.26	41.68	77.21	50.91	41.32	50.94	46.2	26.04
65.88	34.86	40.72	45.72	61.7	63.62	47.84	43.27	36.05	49.51	33.5	37.78	69.57	85.68	41.15	37.51	72.93	69.14	42.38	53.13	43.59	53.66	64.81	49.58	36.65	46.71	44.46	73.33	77.97	72.93	65.27	71.88	53.78	45.06	73.33	42.18	51.25	67.55	28.4	43.48	47.18	68.88	66.62	45.14	54.89	53.17	67.96	27.46	80.31	49.69	35.95	54.52	56.23	36.89	49.57	52.18	66.15	48.1	63.29	73.34	54.56	56.36	48.35	39.29	70.95	52.48	60.44	42.2	53.78	44.76	46.21	56.23	30	68.38	54.44	44.86	52.58	30.07	75.57	57.38	51.8	48.14	45.28	41.97	72.89	43.29	72.2	65.14	52.08	69.59	63.9	51	51.22	40.84	75.64	49.95	40.55	49.79	45.07	25.16
64.49	34.13	39.82	44.65	60.45	62.28	46.66	42.37	35.33	47.95	32.41	37.06	68.14	83.9	40.24	36.83	71.62	67.65	41.44	51.77	42.58	52.65	63.63	48.43	35.74	45.83	43.75	71.84	76.59	71.45	63.89	70.43	52.49	43.88	71.91	41.29	50.18	66.31	27.84	42.61	46.31	67.67	64.93	44.26	53.52	52.09	66.42	26.29	78.64	48.75	35.17	53.48	54.83	36.08	48.56	51.11	64.75	47.16	61.99	71.98	53.41	55.22	47.3	38.14	69.62	51.37	59.21	41.36	52.54	43.9	45.28	55.11	29.19	66.98	53.26	43.92	51.59	29.43	74.08	56.25	50.84	47.25	44.39	41.1	71.44	42.36	70.79	63.75	51.04	68.2	62.72	49.85	50.18	40	74.07	48.99	39.78	48.64	43.95	24.29
63.11	33.41	38.91	43.59	59.2	60.95	45.48	41.47	34.61	46.38	31.31	36.33	66.71	82.13	39.33	36.14	70.32	66.17	40.5	50.4	41.57	51.64	62.44	47.27	34.82	44.94	43.04	70.36	75.21	69.96	62.5	68.99	51.2	42.7	70.49	40.41	49.1	65.07	27.29	41.73	45.44	66.47	63.24	43.37	52.16	51	64.88	25.11	76.97	47.81	34.38	52.43	53.44	35.26	47.55	50.05	63.36	46.22	60.68	70.62	52.27	54.08	46.25	36.99	68.29	50.25	57.98	40.52	51.31	43.05	44.36	54	28.38	65.57	52.08	42.98	50.6	28.79	72.58	55.12	49.88	46.36	43.5	40.22	69.99	41.43	69.38	62.36	49.99	66.8	61.53	48.7	49.14	39.16	72.49	48.03	39.01	47.49	42.83	23.41
61.72	32.69	38	42.53	57.95	59.61	44.3	40.57	33.9	44.82	30.21	35.6	65.28	80.35	38.41	35.46	69.01	64.69	39.57	49.04	40.55	50.63	61.25	46.12	33.91	44.06	42.33	68.87	73.83	68.48	61.12	67.54	49.92	41.51	69.08	39.53	48.03	63.82	26.73	40.86	44.57	65.26	61.55	42.49	50.79	49.92	63.34	23.94	75.3	46.87	33.6	51.39	52.04	34.45	46.54	48.99	61.97	45.28	59.38	69.26	51.13	52.94	45.21	35.84	66.97	49.13	56.74	39.68	50.07	42.19	43.44	52.89	27.57	64.16	50.9	42.04	49.62	28.14	71.09	54	48.92	45.47	42.61	39.34	68.54	40.5	67.97	60.97	48.94	65.4	60.35	47.56	48.09	38.32	70.92	47.06	38.24	46.34	41.71	22.54
60.34	31.97	37.1	41.47	56.7	58.28	43.12	39.67	33.18	43.26	29.11	34.87	63.85	78.57	37.5	34.77	67.71	63.2	38.63	47.68	39.54	49.61	60.06	44.97	32.99	43.17	41.62	67.39	72.45	66.99	59.73	66.09	48.63	40.33	67.66	38.64	46.96	62.58	26.17	39.98	43.7	64.05	59.86	41.61	49.43	48.83	61.8	22.77	73.63	45.93	32.82	50.35	50.65	33.63	45.52	47.92	60.57	44.34	58.08	67.9	49.99	51.8	44.16	34.69	65.64	48.02	55.51	38.83	48.83	41.33	42.52	51.78	26.75	62.75	49.72	41.1	48.63	27.5	69.59	52.87	47.95	44.58	41.72	38.47	67.1	39.57	66.57	59.57	47.9	64.01	59.17	46.41	47.05	37.48	69.35	46.1	37.47	45.19	40.59	21.67
58.95	31.25	36.19	40.41	55.45	56.95	41.94	38.77	32.46	41.7	28.02	34.14	62.42	76.79	36.59	34.08	66.4	61.72	37.69	46.31	38.53	48.6	58.87	43.81	32.08	42.29	40.91	65.9	71.07	65.51	58.35	64.64	47.35	39.15	66.24	37.76	45.89	61.34	25.61	39.1	42.83	62.84	58.17	40.72	48.06	47.75	60.26	21.6	71.96	44.98	32.03	49.3	49.25	32.82	44.51	46.86	59.18	43.4	56.77	66.54	48.85	50.66	43.11	33.54	64.31	46.9	54.28	37.99	47.6	40.48	41.59	50.67	25.94	61.34	48.54	40.16	47.64	26.85	68.1	51.74	46.99	43.69	40.82	37.59	65.65	38.64	65.16	58.18	46.85	62.61	57.99	45.26	46.01	36.64	67.78	45.14	36.7	44.04	39.46	20.79
57.57	30.52	35.29	39.34	54.2	55.61	40.76	37.88	31.74	40.14	26.92	33.41	60.99	75.02	35.68	33.4	65.1	60.23	36.76	44.95	37.52	47.59	57.69	42.66	31.16	41.4	40.2	64.41	69.69	64.03	56.97	63.19	46.06	37.97	64.82	36.87	44.82	60.09	25.05	38.23	41.96	61.63	56.48	39.84	46.69	46.66	58.72	20.43	70.29	44.04	31.25	48.26	47.86	32.01	43.5	45.8	57.79	42.46	55.47	65.18	47.71	49.51	42.06	32.39	62.98	45.78	53.05	37.15	46.36	39.62	40.67	49.55	25.13	59.93	47.36	39.22	46.65	26.21	66.61	50.62	46.03	42.8	39.93	36.71	64.2	37.71	63.75	56.79	45.81	61.21	56.81	44.12	44.97	35.8	66.2	44.18	35.93	42.89	38.34	19.92
56.18	29.8	34.38	38.28	52.95	54.28	39.58	36.98	31.03	38.58	25.82	32.69	59.55	73.24	34.77	32.71	63.79	58.75	35.82	43.59	36.5	46.57	56.5	41.5	30.25	40.52	39.49	62.93	68.31	62.54	55.58	61.74	44.77	36.78	63.41	35.99	43.75	58.85	24.5	37.35	41.09	60.43	54.79	38.96	45.33	45.58	57.18	19.26	68.62	43.1	30.46	47.22	46.47	31.19	42.49	44.73	56.4	41.52	54.17	63.82	46.57	48.37	41.02	31.24	61.65	44.67	51.82	36.31	45.13	38.76	39.75	48.44	24.32	58.52	46.18	38.28	45.66	25.57	65.11	49.49	45.07	41.91	39.04	35.83	62.75	36.78	62.34	55.4	44.76	59.82	55.62	42.97	43.93	34.96	64.63	43.22	35.16	41.74	37.22	19.04
54.8	29.08	33.47	37.22	51.69	52.95	38.4	36.08	30.31	37.02	24.72	31.96	58.12	71.46	33.86	32.03	62.49	57.26	34.88	42.22	35.49	45.56	55.31	40.35	29.33	39.63	38.78	61.44	66.93	61.06	54.2	60.29	43.49	35.6	61.99	35.1	42.68	57.61	23.94	36.48	40.22	59.22	53.1	38.07	43.96	44.49	55.64	18.09	66.95	42.16	29.68	46.18	45.07	30.38	41.48	43.67	55	40.58	52.86	62.46	45.43	47.23	39.97	30.09	60.33	43.55	50.58	35.47	43.89	37.91	38.82	47.33	23.51	57.12	45	37.34	44.68	24.92	63.62	48.36	44.11	41.02	38.15	34.96	61.3	35.85	60.94	54	43.71	58.42	54.44	41.82	42.89	34.12	63.06	42.25	34.39	40.6	36.1	18.17
53.41	28.36	32.57	36.16	50.44	51.61	37.22	35.18	29.59	35.46	23.63	31.23	56.69	69.69	32.95	31.34	61.18	55.78	33.94	40.86	34.48	44.55	54.12	39.19	28.42	38.75	38.07	59.95	65.55	59.57	52.81	58.84	42.2	34.42	60.57	34.22	41.61	56.36	23.38	35.6	39.35	58.01	51.41	37.19	42.59	43.41	54.1	16.92	65.29	41.22	28.9	45.13	43.68	29.56	40.47	42.6	53.61	39.64	51.56	61.1	44.28	46.09	38.92	28.94	59	42.43	49.35	34.62	42.65	37.05	37.9	46.22	22.7	55.71	43.82	36.4	43.69	24.28	62.12	47.24	43.14	40.13	37.25	34.08	59.85	34.92	59.53	52.61	42.67	57.02	53.26	40.68	41.85	33.27	61.49	41.29	33.62	39.45	34.98	17.3
52.02	27.63	31.66	35.1	49.19	50.28	36.04	34.28	28.87	33.9	22.53	30.5	55.26	67.91	32.04	30.65	59.88	54.29	33.01	39.5	33.47	43.54	52.94	38.04	27.5	37.87	37.36	58.47	64.17	58.09	51.43	57.39	40.92	33.23	59.16	33.33	40.54	55.12	22.82	34.73	38.49	56.8	49.72	36.3	41.23	42.32	52.56	15.75	63.62	40.28	28.11	44.09	42.28	28.75	39.45	41.54	52.22	38.7	50.26	59.74	43.14	44.95	37.87	27.79	57.67	41.32	48.12	33.78	41.42	36.19	36.98	45.11	21.88	54.3	42.64	35.46	42.7	23.64	60.63	46.11	42.18	39.24	36.36	33.2	58.4	33.99	58.12	51.22	41.62	55.63	52.08	39.53	40.8	32.43	59.91	40.33	32.85	38.3	33.85	16.42
50.64	26.91	30.76	34.03	47.94	48.95	34.86	33.38	28.16	32.34	21.43	29.77	53.83	66.13	31.13	29.97	58.57	52.81	32.07	38.14	32.46	42.52	51.75	36.88	26.59	36.98	36.65	56.98	62.79	56.61	50.04	55.94	39.63	32.05	57.74	32.45	39.47	53.87	22.27	33.85	37.62	55.6	48.03	35.42	39.86	41.24	51.03	14.58	61.95	39.34	27.33	43.05	40.89	27.94	38.44	40.48	50.82	37.76	48.95	58.38	42	43.81	36.82	26.64	56.34	40.2	46.89	32.94	40.18	35.34	36.05	43.99	21.07	52.89	41.46	34.52	41.71	22.99	59.13	44.98	41.22	38.35	35.47	32.33	56.95	33.06	56.71	49.82	40.57	54.23	50.9	38.38	39.76	31.59	58.34	39.37	32.08	37.15	32.73	15.55
49.25	26.19	29.85	32.97	46.69	47.61	33.68	32.48	27.44	30.78	20.33	29.05	52.4	64.35	30.22	29.28	57.27	51.33	31.13	36.77	31.44	41.51	50.56	35.73	25.67	36.1	35.94	55.49	61.41	55.12	48.66	54.49	38.34	30.87	56.32	31.57	38.4	52.63	21.71	32.98	36.75	54.39	46.34	34.54	38.5	40.15	49.49	13.41	60.28	38.4	26.54	42	39.5	27.12	37.43	39.41	49.43	36.82	47.65	57.02	40.86	42.67	35.78	25.49	55.01	39.08	45.65	32.1	38.95	34.48	35.13	42.88	20.26	51.48	40.28	33.58	40.73	22.35	57.64	43.85	40.26	37.46	34.58	31.45	55.5	32.13	55.31	48.43	39.53	52.83	49.72	37.23	38.72	30.75	56.77	38.41	31.31	36	31.61	14.68
47.87	25.47	28.94	31.91	45.44	46.28	32.5	31.59	26.72	29.22	19.24	28.32	50.97	62.58	29.31	28.59	55.96	49.84	30.2	35.41	30.43	40.5	49.37	34.57	24.76	35.21	35.23	54.01	60.03	53.64	47.27	53.04	37.06	29.68	54.9	30.68	37.33	51.39	21.15	32.1	35.88	53.18	44.65	33.65	37.13	39.07	47.95	12.24	58.61	37.46	25.76	40.96	38.1	26.31	36.42	38.35	48.04	35.88	46.35	55.67	39.72	41.53	34.73	24.34	53.69	37.97	44.42	31.25	37.71	33.62	34.21	41.77	19.45	50.07	39.1	32.64	39.74	21.7	56.15	42.73	39.3	36.57	33.68	30.57	54.05	31.2	53.9	47.04	38.48	51.44	48.53	36.09	37.68	29.91	55.19	37.44	30.54	34.85	30.49	13.8
46.48	24.74	28.04	30.85	44.19	44.95	31.32	30.69	26	27.66	18.14	27.59	49.54	60.8	28.4	27.91	54.66	48.36	29.26	34.05	29.42	39.48	48.18	33.42	23.84	34.33	34.53	52.52	58.65	52.15	45.89	51.59	35.77	28.5	53.49	29.8	36.26	50.14	20.59	31.22	35.01	51.97	42.96	32.77	35.76	37.98	46.41	11.07	56.94	36.52	24.97	39.92	36.71	25.49	35.41	37.29	46.64	34.94	45.04	54.31	38.58	40.39	33.68	23.19	52.36	36.85	43.19	30.41	36.47	32.77	33.29	40.66	18.64	48.67	37.91	31.7	38.75	21.06	54.65	41.6	38.33	35.68	32.79	29.69	52.6	30.27	52.49	45.65	37.44	50.04	47.35	34.94	36.64	29.07	53.62	36.48	29.77	33.7	29.37	12.93
45.1	24.02	27.13	29.79	42.94	43.61	30.13	29.79	25.29	26.1	17.04	26.86	48.11	59.02	27.48	27.22	53.35	46.87	28.32	32.68	28.41	38.47	47	32.26	22.93	33.44	33.82	51.03	57.27	50.67	44.51	50.14	34.49	27.32	52.07	28.91	35.19	48.9	20.03	30.35	34.14	50.77	41.27	31.88	34.4	36.9	44.87	9.902	55.27	35.58	24.19	38.87	35.31	24.68	34.4	36.22	45.25	34	43.74	52.95	37.44	39.25	32.63	22.04	51.03	35.74	41.96	29.57	35.24	31.91	32.36	39.55	17.82	47.26	36.73	30.76	37.76	20.42	53.16	40.47	37.37	34.79	31.9	28.82	51.15	29.34	51.08	44.25	36.39	48.64	46.17	33.79	35.6	28.23	52.05	35.52	29	32.55	28.24	12.05
43.71	23.3	26.23	28.73	41.69	42.28	28.95	28.89	24.57	24.54	15.94	26.13	46.67	57.25	26.57	26.54	52.05	45.39	27.38	31.32	27.39	37.46	45.81	31.11	22.01	32.56	33.11	49.55	55.89	49.19	43.12	48.7	33.2	26.14	50.65	28.03	34.12	47.66	19.48	29.47	33.27	49.56	39.58	31	33.03	35.81	43.33	8.732	53.6	34.63	23.41	37.83	33.92	23.87	33.38	35.16	43.86	33.06	42.43	51.59	36.3	38.11	31.59	20.89	49.7	34.62	40.73	28.73	34	31.05	31.44	38.43	17.01	45.85	35.55	29.82	36.77	19.77	51.66	39.35	36.41	33.9	31.01	27.94	49.7	28.41	49.68	42.86	35.34	47.25	44.99	32.65	34.56	27.39	50.48	34.56	28.23	31.4	27.12	11.18
42.33	22.58	25.32	27.66	40.44	40.94	27.77	27.99	23.85	22.98	14.85	25.4	45.24	55.47	25.66	25.85	50.74	43.9	26.45	29.96	26.38	36.45	44.62	29.95	21.1	31.67	32.4	48.06	54.51	47.7	41.74	47.25	31.91	24.95	49.23	27.14	33.05	46.41	18.92	28.6	32.4	48.35	37.89	30.12	31.66	34.73	41.79	7.562	51.93	33.69	22.62	36.79	32.53	23.05	32.37	34.1	42.47	32.12	41.13	50.23	35.15	36.97	30.54	19.74	48.37	33.5	39.49	27.88	32.77	30.2	30.52	37.32	16.2	44.44	34.37	28.88	35.79	19.13	50.17	38.22	35.45	33.01	30.11	27.06	48.25	27.48	48.27	41.47	34.3	45.85	43.81	31.5	33.51	26.55	48.9	33.6	27.46	30.26	26	10.31
40.94	21.86	24.41	26.6	39.19	39.61	26.59	27.09	23.13	21.41	13.75	24.68	43.81	53.69	24.75	25.16	49.43	42.42	25.51	28.59	25.37	35.43	43.43	28.8	20.18	30.79	31.69	46.58	53.13	46.22	40.35	45.8	30.63	23.77	47.82	26.26	31.98	45.17	18.36	27.72	31.53	47.14	36.21	29.23	30.3	33.64	40.25	6.392	50.26	32.75	21.84	35.74	31.13	22.24	31.36	33.03	41.07	31.18	39.83	48.87	34.01	35.82	29.49	18.59	47.05	32.39	38.26	27.04	31.53	29.34	29.59	36.21	15.39	43.03	33.19	27.94	34.8	18.49	48.68	37.09	34.49	32.12	29.22	26.19	46.8	26.55	46.86	40.08	33.25	44.45	42.62	30.35	32.47	25.71	47.33	32.64	26.7	29.11	24.88	9.432
39.56	21.13	23.51	25.54	37.94	38.28	25.41	26.19	22.42	19.85	12.65	23.95	42.38	51.92	23.84	24.48	48.13	40.93	24.57	27.23	24.36	34.42	42.25	27.64	19.27	29.9	30.98	45.09	51.75	44.73	38.97	44.35	29.34	22.59	46.4	25.38	30.91	43.93	17.8	26.85	30.66	45.94	34.52	28.35	28.93	32.56	38.71	5.222	48.59	31.81	21.05	34.7	29.74	21.42	30.35	31.97	39.68	30.24	38.52	47.51	32.87	34.68	28.44	17.44	45.72	31.27	37.03	26.2	30.3	28.48	28.67	35.1	14.58	41.62	32.01	27	33.81	17.84	47.18	35.97	33.52	31.23	28.33	25.31	45.35	25.62	45.45	38.68	32.21	43.06	41.44	29.21	31.43	24.87	45.76	31.67	25.93	27.96	23.76	8.558
38.17	20.41	22.6	24.48	36.69	36.94	24.23	25.3	21.7	18.29	11.55	23.22	40.95	50.14	22.93	23.79	46.82	39.45	23.64	25.87	23.34	33.41	41.06	26.49	18.35	29.02	30.27	43.6	50.37	43.25	37.58	42.9	28.06	21.4	44.98	24.49	29.84	42.68	17.25	25.97	29.79	44.73	32.83	27.46	27.57	31.47	37.17	4.051	46.92	30.87	20.27	33.66	28.34	20.61	29.34	30.91	38.29	29.3	37.22	46.15	31.73	33.54	27.4	16.29	44.39	30.15	35.8	25.36	29.06	27.63	27.75	33.99	13.76	40.22	30.83	26.06	32.82	17.2	45.69	34.84	32.56	30.34	27.44	24.43	43.9	24.69	44.05	37.29	31.16	41.66	40.26	28.06	30.39	24.02	44.19	30.71	25.16	26.81	22.63	7.684
36.78	19.69	21.7	23.42	35.44	35.61	23.05	24.4	20.98	16.73	10.46	22.49	39.52	48.36	22.02	23.1	45.52	37.97	22.7	24.5	22.33	32.39	39.87	25.34	17.44	28.13	29.56	42.12	48.99	41.76	36.2	41.45	26.77	20.22	43.57	23.61	28.77	41.44	16.69	25.1	28.92	43.52	31.14	26.58	26.2	30.39	35.63	2.881	45.25	29.93	19.48	32.61	26.95	19.8	28.33	29.84	36.89	28.36	35.92	44.79	30.59	32.4	26.35	15.14	43.06	29.04	34.56	24.51	27.82	26.77	26.83	32.87	12.95	38.81	29.65	25.12	31.84	16.56	44.19	33.71	31.6	29.45	26.54	23.55	42.45	23.75	42.64	35.9	30.11	40.26	39.08	26.91	29.35	23.18	42.61	29.75	24.39	25.66	21.51	6.81
35.4	18.97	20.79	22.35	34.19	34.28	21.87	23.5	20.26	15.17	9.36	21.76	38.09	46.58	21.11	22.42	44.21	36.48	21.76	23.14	21.32	31.38	38.68	24.18	16.52	27.25	28.85	40.63	47.61	40.28	34.81	40	25.48	19.04	42.15	22.72	27.7	40.19	16.13	24.22	28.05	42.31	29.45	25.7	24.83	29.3	34.09	1.711	43.58	28.99	18.7	31.57	25.56	18.98	27.31	28.78	35.5	27.42	34.61	43.43	29.45	31.26	25.3	13.99	41.73	27.92	33.33	23.67	26.59	25.91	25.9	31.76	12.14	37.4	28.47	24.18	30.85	15.91	42.7	32.58	30.64	28.56	25.65	22.68	41	22.82	41.23	34.51	29.07	38.87	37.9	25.76	28.31	22.34	41.04	28.79	23.62	24.51	20.39	5.936
34.01	18.24	19.88	21.29	32.94	32.94	20.69	22.6	19.55	13.61	8.262	21.03	36.66	44.81	20.2	21.73	42.91	35	20.83	21.78	20.31	30.37	37.49	23.03	15.61	26.37	28.14	39.14	46.23	38.8	33.43	38.55	24.2	17.85	40.73	21.84	26.63	38.95	15.57	23.34	27.18	41.11	27.76	24.81	23.47	28.22	32.55	0.5407	41.92	28.05	17.92	30.53	24.16	18.17	26.3	27.72	34.11	26.48	33.31	42.07	28.31	30.12	24.25	12.84	40.41	26.8	32.1	22.83	25.35	25.06	24.98	30.65	11.33	35.99	27.29	23.24	29.86	15.27	41.21	31.46	29.68	27.67	24.76	21.8	39.55	21.89	39.82	33.11	28.02	37.47	36.71	24.62	27.27	21.5	39.47	27.83	22.85	23.36	19.27	5.062
32.63	17.52	18.98	20.23	31.68	31.61	19.51	21.7	18.83	12.05	7.165	20.31	35.23	43.03	19.29	21.05	41.6	33.51	19.89	20.41	19.3	29.36	36.31	21.87	14.69	25.48	27.43	37.66	44.85	37.31	32.05	37.1	22.91	16.67	39.31	20.95	25.56	37.71	15.01	22.47	26.31	39.9	26.07	23.93	22.1	27.13	31.01	-0.6295	40.25	27.11	17.13	29.49	22.77	17.35	25.29	26.65	32.72	25.54	32.01	40.71	27.17	28.98	23.2	11.69	39.08	25.69	30.87	21.99	24.12	24.2	24.06	29.54	10.52	34.58	26.11	22.3	28.87	14.62	39.71	30.33	28.71	26.78	23.87	20.92	38.1	20.96	38.42	31.72	26.97	36.07	35.53	23.47	26.22	20.66	37.89	26.86	22.08	22.21	18.15	4.189
31.24	16.8	18.07	19.17	30.43	30.28	18.33	20.8	18.11	10.49	6.067	19.58	33.79	41.25	18.38	20.36	40.3	32.03	18.95	19.05	18.28	28.34	35.12	20.72	13.78	24.6	26.72	36.17	43.47	35.83	30.66	35.65	21.63	15.49	37.9	20.07	24.49	36.46	14.46	21.59	25.44	38.69	24.38	23.05	20.73	26.05	29.47	-1.8	38.58	26.17	16.35	28.44	21.37	16.54	24.28	25.59	31.32	24.6	30.7	39.35	26.02	27.84	22.16	10.54	37.75	24.57	29.63	21.14	22.88	23.34	23.13	28.43	9.705	33.17	24.93	21.36	27.89	13.98	38.22	29.2	27.75	25.89	22.97	20.05	36.65	20.03	37.01	30.33	25.93	34.68	34.35	22.32	25.18	19.82	36.32	25.9	21.31	21.06	17.02	3.315
29.86	16.08	17.16	18.11	29.18	28.94	17.15	19.9	17.39	8.929	4.97	18.85	32.36	39.48	17.46	19.67	38.99	30.54	18.01	17.69	17.27	27.33	33.93	19.56	12.86	23.71	26.01	34.68	42.09	34.34	29.28	34.2	20.34	14.3	36.48	19.18	23.41	35.22	13.9	20.72	24.57	37.48	22.69	22.16	19.37	24.97	27.93	-2.97	36.91	25.22	15.56	27.4	19.98	15.73	23.27	24.52	29.93	23.66	29.4	38	24.88	26.7	21.11	9.389	36.42	23.45	28.4	20.3	21.64	22.49	22.21	27.31	8.893	31.77	23.75	20.42	26.9	13.34	36.72	28.08	26.79	25	22.08	19.17	35.2	19.1	35.6	28.94	24.88	33.28	33.17	21.18	24.14	18.98	34.75	24.94	20.54	19.91	15.9	2.441
28.47	15.36	16.26	17.04	27.93	27.61	15.97	19.01	16.68	7.369	3.872	18.12	30.93	37.7	16.55	18.99	37.69	29.06	17.08	16.32	16.26	26.32	32.74	18.41	11.95	22.83	25.3	33.2	40.71	32.86	27.89	32.75	19.05	13.12	35.06	18.3	22.34	33.98	13.34	19.84	23.7	36.28	21	21.28	18	23.88	26.39	-4.14	35.24	24.28	14.78	26.36	18.59	14.91	22.26	23.46	28.54	22.73	28.1	36.64	23.74	25.56	20.06	8.239	35.09	22.34	27.17	19.46	20.41	21.63	21.29	26.2	8.081	30.36	22.57	19.48	25.91	12.69	35.23	26.95	25.83	24.11	21.19	18.29	33.75	18.17	34.19	27.54	23.84	31.88	31.99	20.03	23.1	18.14	33.18	23.98	19.77	18.77	14.78	1.567
27.09	14.63	15.35	15.98	26.68	26.28	14.79	18.11	15.96	5.808	2.775	17.39	29.5	35.92	15.64	18.3	36.38	27.57	16.14	14.96	15.25	25.3	31.56	17.25	11.03	21.94	24.59	31.71	39.33	31.38	26.51	31.3	17.77	11.94	33.65	17.42	21.27	32.73	12.78	18.97	22.83	35.07	19.31	20.39	16.64	22.8	24.85	-5.31	33.57	23.34	13.99	25.31	17.19	14.1	21.25	22.4	27.14	21.79	26.79	35.28	22.6	24.42	19.01	7.089	33.77	21.22	25.94	18.62	19.17	20.77	20.36	25.09	7.269	28.95	21.39	18.54	24.92	12.05	33.74	25.82	24.87	23.22	20.3	17.41	32.3	17.24	32.79	26.15	22.79	30.49	30.81	18.88	22.06	17.3	31.6	23.02	19	17.62	13.66	0.6931
25.7	13.91	14.45	14.92	25.43	24.94	13.61	17.21	15.24	4.248	1.677	16.66	28.07	34.14	14.73	17.61	35.08	26.09	15.2	13.6	14.23	24.29	30.37	16.1	10.12	21.06	23.89	30.23	37.95	29.89	25.12	29.85	16.48	10.76	32.23	16.53	20.2	31.49	12.23	18.09	21.96	33.86	17.62	19.51	15.27	21.71	23.32	-6.481	31.9	22.4	13.21	24.27	15.8	13.29	20.23	21.33	25.75	20.85	25.49	33.92	21.46	23.28	17.97	5.939	32.44	20.1	24.71	17.77	17.94	19.92	19.44	23.98	6.457	27.54	20.21	17.6	23.93	11.41	32.24	24.7	23.91	22.33	19.4	16.54	30.85	16.31	31.38	24.76	21.74	29.09	29.62	17.74	21.02	16.46	30.03	22.05	18.23	16.47	12.54	-0.1807
24.32	13.19	13.54	13.86	24.18	23.61	12.43	16.31	14.52	2.687	0.58	15.94	26.64	32.37	13.82	16.93	33.77	24.61	14.27	12.24	13.22	23.28	29.18	14.94	9.203	20.17	23.18	28.74	36.57	28.41	23.74	28.4	15.2	9.572	30.81	15.65	19.13	30.25	11.67	17.22	21.09	32.65	15.93	18.63	13.9	20.63	21.78	-7.651	30.23	21.46	12.43	23.23	14.4	12.47	19.22	20.27	24.36	19.91	24.19	32.56	20.32	22.13	16.92	4.789	31.11	18.99	23.47	16.93	16.7	19.06	18.52	22.87	5.646	26.13	19.03	16.66	22.95	10.76	30.75	23.57	22.94	21.44	18.51	15.66	29.4	15.38	29.97	23.37	20.7	27.7	28.44	16.59	19.98	15.62	28.46	21.09	17.46	15.32	11.41	-1.055
22.93	12.47	12.63	12.8	22.93	22.27	11.25	15.41	13.81	1.126	-0.5174	15.21	25.21	30.59	12.91	16.24	32.47	23.12	13.33	10.87	12.21	22.27	27.99	13.79	8.288	19.29	22.47	27.25	35.19	26.92	22.36	26.96	13.91	8.389	29.39	14.76	18.06	29	11.11	16.34	20.22	31.45	14.24	17.74	12.54	19.54	20.24	-8.821	28.56	20.52	11.64	22.18	13.01	11.66	18.21	19.21	22.96	18.97	22.88	31.2	19.18	20.99	15.87	3.639	29.78	17.87	22.24	16.09	15.46	18.2	17.6	21.75	4.834	24.72	17.84	15.72	21.96	10.12	29.25	22.44	21.98	20.55	17.62	14.78	27.95	14.45	28.56	21.97	19.65	26.3	27.26	15.44	18.93	14.77	26.89	20.13	16.69	14.17	10.29	-1.928
21.54	11.74	11.73	11.74	21.68	20.94	10.07	14.51	13.09	-0.4344	-1.615	14.48	23.78	28.81	12	15.56	31.16	21.64	12.39	9.509	11.2	21.25	26.8	12.63	7.373	18.4	21.76	25.77	33.81	25.44	20.97	25.51	12.62	7.206	27.98	13.88	16.99	27.76	10.55	15.47	19.35	30.24	12.55	16.86	11.17	18.46	18.7	-9.991	26.89	19.58	10.86	21.14	11.61	10.84	17.2	18.14	21.57	18.03	21.58	29.84	18.04	19.85	14.82	2.489	28.45	16.76	21.01	15.25	14.23	17.35	16.67	20.64	4.022	23.31	16.66	14.78	20.97	9.476	27.76	21.32	21.02	19.66	16.73	13.91	26.5	13.52	27.16	20.58	18.61	24.9	26.08	14.29	17.89	13.93	25.31	19.17	15.92	13.02	9.169	-2.802
20.16	11.02	10.82	10.67	20.43	19.61	8.89	13.61	12.37	-1.995	-2.712	13.75	22.35	27.04	11.09	14.87	29.86	20.15	11.46	8.146	10.18	20.24	25.62	11.48	6.459	17.52	21.05	24.28	32.43	23.96	19.59	24.06	11.34	6.023	26.56	12.99	15.92	26.51	9.994	14.59	18.48	29.03	10.86	15.97	9.805	17.37	17.16	-11.16	25.22	18.64	10.07	20.1	10.22	10.03	16.19	17.08	20.18	17.09	20.27	28.48	16.89	18.71	13.77	1.339	27.13	15.64	19.78	14.4	12.99	16.49	15.75	19.53	3.21	21.91	15.48	13.84	19.98	8.832	26.27	20.19	20.06	18.77	15.83	13.03	25.05	12.59	25.75	19.19	17.56	23.51	24.9	13.15	16.85	13.09	23.74	18.21	15.15	11.87	8.047	-3.676
18.77	10.3	9.916	9.611	19.18	18.27	7.71	12.72	11.65	-3.556	-3.81	13.02	20.91	25.26	10.18	14.18	28.55	18.67	10.52	6.783	9.172	19.23	24.43	10.32	5.544	16.63	20.34	22.79	31.05	22.47	18.2	22.61	10.05	4.84	25.14	12.11	14.85	25.27	9.437	13.71	17.61	27.82	9.173	15.09	8.438	16.29	15.62	-12.33	23.55	17.7	9.289	19.05	8.827	9.215	15.18	16.02	18.79	16.15	18.97	27.12	15.75	17.57	12.73	0.1888	25.8	14.52	18.54	13.56	11.76	15.63	14.83	18.42	2.398	20.5	14.3	12.91	19	8.188	24.77	19.06	19.1	17.88	14.94	12.15	23.6	11.66	24.34	17.8	16.51	22.11	23.71	12	15.81	12.25	22.17	17.24	14.38	10.72	6.925	-4.55
17.39	9.577	9.01	8.549	17.93	16.94	6.529	11.82	10.94	-5.116	-4.907	12.29	19.48	23.48	9.267	13.5	27.25	17.18	9.581	5.419	8.159	18.21	23.24	9.169	4.629	15.75	19.63	21.31	29.67	20.99	16.82	21.16	8.765	3.657	23.72	11.23	13.78	24.03	8.879	12.84	16.74	26.62	7.484	14.21	7.072	15.2	14.08	-13.5	21.88	16.76	8.505	18.01	7.433	8.401	14.16	14.95	17.39	15.21	17.67	25.76	14.61	16.43	11.68	-0.9613	24.47	13.41	17.31	12.72	10.52	14.78	13.9	17.31	1.586	19.09	13.12	11.97	18.01	7.545	23.28	17.93	18.13	16.99	14.05	11.27	22.15	10.73	22.93	16.4	15.47	20.71	22.53	10.85	14.77	11.41	20.59	16.28	13.61	9.574	5.803	-5.424
16	8.855	8.104	7.488	16.68	15.61	5.349	10.92	10.22	-6.677	-6.005	11.57	18.05	21.7	8.356	12.81	25.94	15.7	8.644	4.056	7.147	17.2	22.05	8.015	3.714	14.87	18.92	19.82	28.29	19.5	15.43	19.71	7.479	2.474	22.31	10.34	12.71	22.78	8.321	11.96	15.87	25.41	5.794	13.32	5.706	14.12	12.54	-14.67	20.22	15.82	7.72	16.97	6.039	7.587	13.15	13.89	16	14.27	16.36	24.4	13.47	15.29	10.63	-2.111	23.14	12.29	16.08	11.88	9.285	13.92	12.98	16.19	0.7742	17.68	11.94	11.03	17.02	6.901	21.78	16.81	17.17	16.1	13.16	10.4	20.7	9.798	21.53	15.01	14.42	19.32	21.35	9.706	13.73	10.57	19.02	15.32	12.84	8.425	4.681	-6.298
14.62	8.133	7.198	6.426	15.43	14.27	4.169	10.02	9.501	-8.238	-7.102	10.84	16.62	19.93	7.445	12.12	24.64	14.21	7.707	2.693	6.134	16.19	20.87	6.86	2.799	13.98	18.21	18.33	26.91	18.02	14.05	18.26	6.193	1.291	20.89	9.457	11.64	21.54	7.763	11.09	15	24.2	4.105	12.44	4.34	13.03	11	-15.84	18.55	14.87	6.936	15.92	4.645	6.773	12.14	12.83	14.61	13.33	15.06	23.04	12.33	14.15	9.584	-3.261	21.81	11.17	14.85	11.04	8.049	13.06	12.06	15.08	-0.03764	16.27	10.76	10.09	16.03	6.257	20.29	15.68	16.21	15.21	12.26	9.52	19.25	8.867	20.12	13.62	13.37	17.92	20.17	8.559	12.68	9.729	17.45	14.36	12.07	7.276	3.559	-7.172
13.23	7.41	6.292	5.364	14.18	12.94	2.988	9.122	8.784	-9.798	-8.199	10.11	15.19	18.15	6.534	11.44	23.33	12.73	6.77	1.33	5.122	15.18	19.68	5.705	1.884	13.1	17.5	16.85	25.53	16.54	12.66	16.81	4.907	0.1076	19.47	8.572	10.57	20.3	7.206	10.21	14.13	22.99	2.415	11.55	2.973	11.95	9.46	-17.01	16.88	13.93	6.152	14.88	3.25	5.959	11.13	11.76	13.21	12.39	13.76	21.68	11.19	13.01	8.536	-4.412	20.49	10.06	13.62	10.19	6.813	12.21	11.14	13.97	-0.8495	14.86	9.58	9.146	15.05	5.614	18.8	14.55	15.25	14.31	11.37	8.643	17.8	7.937	18.71	12.23	12.33	16.52	18.99	7.412	11.64	8.889	15.88	13.4	11.3	6.127	2.437	-8.046
11.85	6.688	5.386	4.302	12.93	11.61	1.808	8.223	8.066	-11.36	-9.297	9.381	13.76	16.37	5.623	10.75	22.03	11.25	5.833	-0.03312	4.11	14.16	18.49	4.551	0.9691	12.21	16.79	15.36	24.15	15.05	11.28	15.36	3.621	-1.075	18.06	7.688	9.499	19.05	6.648	9.336	13.26	21.79	0.7259	10.67	1.607	10.86	7.921	-18.18	15.21	12.99	5.368	13.84	1.856	5.146	10.12	10.7	11.82	11.45	12.45	20.33	10.05	11.87	7.488	-5.562	19.16	8.94	12.38	9.35	5.577	11.35	10.21	12.86	-1.661	13.46	8.4	8.206	14.06	4.97	17.3	13.43	14.29	13.42	10.48	7.765	16.35	7.006	17.3	10.83	11.28	15.13	17.8	6.265	10.6	8.048	14.3	12.43	10.53	4.978	1.315	-8.919
10.46	5.966	4.48	3.24	11.67	10.27	0.6279	7.325	7.349	-12.92	-10.39	8.652	12.33	14.6	4.712	10.07	20.72	9.761	4.896	-1.396	3.097	13.15	17.3	3.396	0.05425	11.33	16.08	13.87	22.77	13.57	9.895	13.91	2.335	-2.259	16.64	6.804	8.429	17.81	6.09	8.461	12.39	20.58	-0.9636	9.787	0.2409	9.777	6.381	-19.35	13.54	12.05	4.583	12.79	0.4623	4.332	9.106	9.636	10.43	10.51	11.15	18.97	8.905	10.73	6.44	-6.712	17.83	7.823	11.15	8.508	4.341	10.49	9.29	11.75	-2.473	12.05	7.219	7.267	13.07	4.326	15.81	12.3	13.32	12.53	9.587	6.888	14.9	6.076	15.9	9.44	10.24	13.73	16.62	5.118	9.56	7.207	12.73	11.47	9.763	3.829	0.1932	-9.793
9.076	5.243	3.574	2.178	10.42	8.939	-0.5524	6.426	6.631	-14.48	-11.49	7.924	10.9	12.82	3.802	9.379	19.41	8.277	3.959	-2.759	2.085	12.14	16.11	2.241	-0.8607	10.44	15.37	12.39	21.39	12.08	8.511	12.46	1.049	-3.442	15.22	5.919	7.358	16.57	5.532	7.585	11.52	19.37	-2.653	8.903	-1.125	8.692	4.842	-20.52	11.87	11.11	3.799	11.75	-0.9318	3.518	8.094	8.572	9.034	9.57	9.847	17.61	7.764	9.586	5.393	-7.862	16.5	6.707	9.919	7.665	3.105	9.637	8.367	10.63	-3.285	10.64	6.038	6.327	12.08	3.683	14.31	11.17	12.36	11.64	8.695	6.011	13.45	5.145	14.49	8.048	9.19	12.33	15.44	3.971	8.519	6.366	11.16	10.51	8.993	2.68	-0.9288	-10.67
7.69	4.521	2.668	1.116	9.173	7.606	-1.733	5.528	5.914	-16.04	-12.59	7.196	9.465	11.04	2.891	8.693	18.11	6.793	3.022	-4.123	1.073	11.12	14.93	1.086	-1.776	9.558	14.66	10.9	20.01	10.6	7.126	11.01	-0.2373	-4.625	13.8	5.035	6.288	15.32	4.974	6.71	10.66	18.16	-4.343	8.019	-2.492	7.607	3.303	-21.69	10.2	10.17	3.015	10.71	-2.326	2.704	7.083	7.509	7.641	8.63	8.543	16.25	6.623	8.445	4.345	-9.012	15.17	5.59	8.686	6.823	1.869	8.78	7.444	9.522	-4.097	9.231	4.858	5.387	11.09	3.039	12.82	10.05	11.4	10.75	7.803	5.134	12	4.215	13.08	6.655	8.144	10.94	14.26	2.824	7.478	5.525	9.585	9.549	8.224	1.531	-2.051	-11.54
6.305	3.799	1.761	0.05448	7.922	6.272	-2.913	4.629	5.196	-17.6	-13.69	6.468	8.034	9.265	1.98	8.007	16.8	5.308	2.085	-5.486	0.06042	10.11	13.74	-0.0682	-2.69	8.673	13.95	9.416	18.63	9.117	5.742	9.563	-1.523	-5.808	12.39	4.15	5.217	14.08	4.417	5.834	9.786	16.95	-6.032	7.135	-3.858	6.522	1.763	-22.86	8.53	9.229	2.231	9.665	-3.72	1.89	6.071	6.445	6.248	7.691	7.24	14.89	5.482	7.304	3.297	-10.16	13.85	4.474	7.454	5.981	0.6333	7.923	6.521	8.41	-4.909	7.822	3.677	4.447	10.11	2.395	11.33	8.919	10.44	9.864	6.91	4.257	10.55	3.284	11.67	5.263	7.098	9.539	13.08	1.677	6.436	4.684	8.012	8.587	7.454	0.3819	-3.173	-12.41
4.919	3.077	0.8554	-1.007	6.672	4.938	-4.093	3.73	4.479	-19.16	-14.78	5.739	6.603	7.488	1.069	7.321	15.5	3.824	1.148	-6.849	-0.9519	9.099	12.55	-1.223	-3.605	7.789	13.25	7.929	17.25	7.633	4.358	8.114	-2.809	-6.991	10.97	3.266	4.147	12.83	3.859	4.959	8.916	15.75	-7.722	6.251	-5.224	5.437	0.2237	-24.03	6.861	8.288	1.446	8.622	-5.114	1.076	5.06	5.382	4.855	6.751	5.936	13.53	4.34	6.163	2.249	-11.31	12.52	3.357	6.222	5.138	-0.6026	7.067	5.598	7.298	-5.721	6.414	2.497	3.507	9.119	1.752	9.831	7.792	9.476	8.974	6.018	3.38	9.102	2.354	10.27	3.87	6.052	8.142	11.9	0.5299	5.395	3.843	6.44	7.625	6.684	-0.7671	-4.295	-13.29
3.534	2.354	-0.05067	-2.069	5.421	3.605	-5.274	2.832	3.761	-20.72	-15.88	5.011	5.172	5.711	0.1581	6.634	14.19	2.339	0.2108	-8.212	-1.964	8.086	11.36	-2.378	-4.52	6.904	12.54	6.443	15.88	6.149	2.973	6.665	-4.095	-8.174	9.552	2.382	3.077	11.59	3.301	4.083	8.046	14.54	-9.411	5.368	-6.59	4.353	-1.316	-25.2	5.192	7.347	0.6622	7.579	-6.508	0.2618	4.048	4.318	3.462	5.811	4.633	12.17	3.199	5.022	1.202	-12.46	11.19	2.241	4.989	4.296	-1.838	6.21	4.675	6.185	-6.533	5.005	1.316	2.568	8.131	1.108	8.337	6.665	8.514	8.083	5.125	2.503	7.652	1.423	8.858	2.477	5.006	6.746	10.71	-0.6171	4.353	3.002	4.867	6.663	5.915	-1.916	-5.417	-14.16
2.148	1.632	-0.9568	-3.131	4.171	2.271	-6.454	1.933	3.044	-22.28	-16.98	4.283	3.741	3.934	-0.7527	5.948	12.89	0.8549	-0.7263	-9.575	-2.977	7.073	10.18	-3.532	-5.435	6.02	11.83	4.956	14.5	4.665	1.589	5.215	-5.381	-9.357	8.135	1.497	2.006	10.35	2.743	3.208	7.176	13.33	-11.1	4.484	-7.957	3.268	-2.855	-26.37	3.522	6.406	-0.122	6.536	-7.902	-0.5521	3.037	3.255	2.069	4.872	3.329	10.81	2.058	3.882	0.1538	-13.61	9.861	1.124	3.757	3.453	-3.074	5.354	3.752	5.073	-7.345	3.597	0.1355	1.628	7.144	0.4643	6.843	5.538	7.552	7.193	4.233	1.626	6.202	0.4928	7.45	1.085	3.96	5.349	9.532	-1.764	3.312	2.161	3.294	5.701	5.145	-3.065	-6.539	-15.04
0.7629	0.9098	-1.863	-4.193	2.92	0.9378	-7.634	1.035	2.326	-23.84	-18.08	3.554	2.309	2.156	-1.664	5.262	11.58	-0.6296	-1.663	-10.94	-3.989	6.06	8.988	-4.687	-6.35	5.135	11.12	3.47	13.12	3.18	0.2044	3.766	-6.668	-10.54	6.718	0.613	0.9357	9.104	2.186	2.332	6.307	12.12	-12.79	3.6	-9.323	2.183	-4.395	-27.54	1.853	5.465	-0.9063	5.493	-9.296	-1.366	2.025	2.191	0.6763	3.932	2.026	9.452	0.9165	2.741	-0.8939	-14.76	8.533	0.007915	2.525	2.611	-4.31	4.497	2.829	3.961	-8.157	2.189	-1.045	0.6882	6.156	-0.1793	5.349	4.411	6.59	6.303	3.34	0.7484	4.752	-0.4377	6.043	-0.3078	2.914	3.952	8.35	-2.911	2.27	1.32	1.721	4.739	4.376	-4.214	-7.661	-15.91
-0.6226	0.1876	-2.769	-5.255	1.669	-0.3958	-8.814	0.1362	1.609	-25.4	-19.17	2.826	0.8783	0.3793	-2.574	4.576	10.28	-2.114	-2.6	-12.3	-5.001	5.048	7.8	-5.842	-7.265	4.25	10.41	1.984	11.74	1.696	-1.18	2.317	-7.954	-11.72	5.301	-0.2714	-0.1348	7.86	1.628	1.457	5.437	10.92	-14.48	2.716	-10.69	1.098	-5.934	-28.71	0.184	4.524	-1.691	4.45	-10.69	-2.18	1.013	1.128	-0.7167	2.992	0.7221	8.093	-0.2248	1.6	-1.942	-15.91	7.205	-1.109	1.293	1.768	-5.546	3.64	1.906	2.849	-8.968	0.7803	-2.226	-0.2515	5.168	-0.823	3.855	3.284	5.628	5.413	2.448	-0.1288	3.302	-1.368	4.635	-1.7	1.867	2.556	7.168	-4.058	1.229	0.4796	0.1488	3.777	3.606	-5.363	-8.783	-16.78
-2.008	-0.5347	-3.675	-6.317	0.4186	-1.729	-9.995	-0.7624	0.8914	-26.97	-20.27	2.098	-0.5528	-1.398	-3.485	3.89	8.973	-3.598	-3.537	-13.66	-6.014	4.035	6.612	-6.996	-8.18	3.366	9.699	0.4972	10.36	0.2124	-2.564	0.8672	-9.24	-12.91	3.883	-1.156	-1.205	6.617	1.07	0.5812	4.567	9.709	-16.17	1.832	-12.06	0.0131	-7.474	-29.88	-1.485	3.583	-2.475	3.407	-12.08	-2.994	0.001724	0.0642	-2.11	2.052	-0.5814	6.734	-1.366	0.4591	-2.989	-17.06	5.877	-2.225	0.06043	0.926	-6.782	2.784	0.9832	1.737	-9.78	-0.6281	-3.406	-1.191	4.181	-1.467	2.361	2.157	4.666	4.523	1.556	-1.006	1.852	-2.299	3.228	-3.093	0.8213	1.159	5.986	-5.205	0.1874	-0.3613	-1.424	2.815	2.836	-6.512	-9.905	-17.66
