18	16.95	16.24	11.61	14.43	3.72	2.174	3.875	12.65	9.529	21.59	5.708	13.09	11.44	5.071	15.82	10.47	2.433	13.4	21.37	17.72	8.075	10.41	24.14	17.99	12.62	11.15	4.062	11.41	5.279	17.35	11.71	4.261	10.82	11.56	8.561	14.1	1.65	13.18	4.804	12.12	10.09	8.822	5.959	11.07	10.74	10.5	9.637	14.43	12.38	20.2	5.602	5.44	5.807	5.716	8.395	9.983	3.761	4.311	10.03	8.836	2.154	2.309	2.25	4.352	14.66	3.624	3.555	11.89	12.13	7.613	11.35	10.6	10.11	7.691	7.404	13.31	10.75	23.03	6.211	6.747	6.125	8.966	3.425	3.342	18.5	2.946	8.753	20.63	11.18	7.703	1.672	8.225	10.13	15.86	6.478	2.703	10.96	18.18	8.159
17.82	16.79	16.06	11.5	14.29	3.69	2.105	3.782	12.53	9.425	21.39	5.65	12.96	11.32	5.03	15.66	10.37	2.335	13.24	21.15	17.56	7.991	10.3	23.88	17.82	12.46	11.05	4.006	11.29	5.187	17.17	11.59	4.16	10.72	11.46	8.462	13.97	1.585	13.07	4.748	12.01	9.987	8.729	5.908	10.94	10.63	10.41	9.551	14.28	12.26	20.01	5.545	5.364	5.739	5.671	8.309	9.883	3.713	4.175	9.936	8.738	2.086	2.242	2.177	4.289	14.51	3.597	3.463	11.77	11.98	7.528	11.25	10.5	10.03	7.624	7.346	13.18	10.64	22.8	6.143	6.672	6.058	8.871	3.284	3.291	18.33	2.878	8.666	20.44	11.07	7.605	1.618	8.154	10.03	15.72	6.423	2.603	10.85	18.03	8.074
17.63	16.63	15.88	11.39	14.15	3.66	2.035	3.688	12.41	9.321	21.19	5.593	12.83	11.2	4.989	15.5	10.27	2.237	13.08	20.92	17.39	7.906	10.19	23.63	17.66	12.31	10.95	3.949	11.17	5.094	16.98	11.48	4.059	10.61	11.35	8.363	13.83	1.52	12.97	4.692	11.89	9.882	8.636	5.856	10.81	10.52	10.32	9.465	14.14	12.14	19.81	5.488	5.288	5.67	5.626	8.223	9.783	3.665	4.039	9.839	8.64	2.017	2.175	2.105	4.226	14.35	3.571	3.372	11.65	11.83	7.443	11.15	10.4	9.945	7.556	7.288	13.04	10.53	22.57	6.074	6.597	5.99	8.776	3.143	3.241	18.15	2.81	8.579	20.25	10.95	7.506	1.563	8.082	9.924	15.57	6.369	2.503	10.74	17.88	7.989
17.44	16.47	15.7	11.28	14.01	3.629	1.966	3.595	12.28	9.217	20.99	5.535	12.7	11.08	4.948	15.33	10.17	2.139	12.92	20.7	17.23	7.822	10.09	23.38	17.49	12.16	10.85	3.893	11.05	5.002	16.79	11.37	3.957	10.51	11.24	8.263	13.69	1.454	12.86	4.636	11.78	9.776	8.543	5.804	10.68	10.41	10.23	9.38	14	12.02	19.62	5.431	5.212	5.602	5.58	8.136	9.684	3.617	3.903	9.743	8.542	1.948	2.107	2.032	4.162	14.2	3.545	3.28	11.53	11.69	7.358	11.04	10.3	9.864	7.488	7.231	12.9	10.42	22.34	6.005	6.522	5.922	8.681	3.003	3.191	17.97	2.742	8.491	20.06	10.83	7.408	1.508	8.011	9.822	15.43	6.314	2.402	10.63	17.72	7.904
17.25	16.31	15.51	11.17	13.87	3.599	1.896	3.502	12.16	9.113	20.79	5.477	12.57	10.95	4.906	15.17	10.07	2.041	12.76	20.47	17.07	7.737	9.979	23.12	17.33	12	10.75	3.837	10.92	4.91	16.6	11.26	3.856	10.4	11.14	8.164	13.56	1.389	12.75	4.581	11.67	9.671	8.449	5.753	10.55	10.3	10.14	9.294	13.86	11.91	19.42	5.374	5.136	5.533	5.535	8.05	9.584	3.569	3.767	9.647	8.444	1.879	2.04	1.959	4.099	14.05	3.518	3.188	11.41	11.54	7.273	10.94	10.19	9.784	7.42	7.173	12.77	10.3	22.11	5.936	6.447	5.854	8.585	2.862	3.14	17.8	2.675	8.404	19.87	10.71	7.31	1.453	7.94	9.719	15.29	6.259	2.302	10.51	17.57	7.819
17.06	16.15	15.33	11.06	13.73	3.569	1.827	3.408	12.04	9.009	20.59	5.419	12.44	10.83	4.865	15.01	9.971	1.943	12.6	20.25	16.91	7.653	9.872	22.87	17.16	11.85	10.65	3.78	10.8	4.818	16.41	11.14	3.754	10.3	11.03	8.065	13.42	1.324	12.64	4.525	11.56	9.565	8.356	5.701	10.42	10.2	10.05	9.208	13.72	11.79	19.23	5.317	5.06	5.465	5.49	7.963	9.484	3.52	3.631	9.551	8.346	1.81	1.972	1.886	4.036	13.89	3.492	3.096	11.28	11.39	7.188	10.84	10.09	9.703	7.353	7.115	12.63	10.19	21.88	5.868	6.372	5.787	8.49	2.721	3.09	17.62	2.607	8.316	19.68	10.59	7.212	1.399	7.869	9.617	15.14	6.204	2.202	10.4	17.41	7.734
16.87	15.99	15.15	10.96	13.59	3.539	1.757	3.315	11.92	8.905	20.39	5.361	12.31	10.71	4.824	14.85	9.872	1.845	12.44	20.03	16.74	7.568	9.765	22.61	16.99	11.7	10.55	3.724	10.68	4.725	16.22	11.03	3.653	10.2	10.92	7.965	13.28	1.259	12.53	4.469	11.44	9.46	8.263	5.649	10.29	10.09	9.963	9.123	13.57	11.67	19.03	5.26	4.984	5.396	5.444	7.877	9.384	3.472	3.496	9.454	8.248	1.741	1.905	1.814	3.973	13.74	3.465	3.005	11.16	11.24	7.103	10.74	9.987	9.623	7.285	7.058	12.5	10.08	21.65	5.799	6.297	5.719	8.395	2.58	3.04	17.44	2.539	8.229	19.49	10.48	7.114	1.344	7.797	9.515	15	6.149	2.102	10.29	17.26	7.649
16.68	15.83	14.97	10.85	13.45	3.509	1.688	3.221	11.79	8.802	20.19	5.303	12.18	10.59	4.782	14.69	9.774	1.747	12.28	19.8	16.58	7.484	9.658	22.36	16.83	11.54	10.45	3.667	10.56	4.633	16.03	10.92	3.551	10.09	10.82	7.866	13.14	1.194	12.43	4.413	11.33	9.354	8.17	5.598	10.16	9.978	9.873	9.037	13.43	11.55	18.84	5.203	4.908	5.328	5.399	7.791	9.284	3.424	3.36	9.358	8.149	1.672	1.838	1.741	3.909	13.59	3.439	2.913	11.04	11.1	7.018	10.63	9.885	9.542	7.217	7	12.36	9.963	21.42	5.73	6.223	5.651	8.3	2.439	2.989	17.27	2.471	8.141	19.3	10.36	7.015	1.289	7.726	9.412	14.85	6.094	2.002	10.18	17.11	7.564
16.49	15.67	14.79	10.74	13.31	3.479	1.618	3.128	11.67	8.698	19.99	5.246	12.05	10.47	4.741	14.52	9.675	1.649	12.12	19.58	16.42	7.399	9.551	22.11	16.66	11.39	10.35	3.611	10.44	4.541	15.84	10.81	3.45	9.99	10.71	7.766	13.01	1.129	12.32	4.357	11.22	9.249	8.077	5.546	10.03	9.869	9.784	8.951	13.29	11.43	18.64	5.146	4.832	5.259	5.354	7.704	9.185	3.376	3.224	9.262	8.051	1.603	1.77	1.668	3.846	13.44	3.413	2.821	10.92	10.95	6.934	10.53	9.782	9.462	7.149	6.942	12.22	9.85	21.19	5.661	6.148	5.583	8.204	2.298	2.939	17.09	2.403	8.054	19.11	10.24	6.917	1.235	7.655	9.31	14.71	6.04	1.902	10.07	16.95	7.479
16.3	15.51	14.61	10.63	13.17	3.449	1.548	3.034	11.55	8.594	19.79	5.188	11.92	10.35	4.7	14.36	9.576	1.552	11.97	19.36	16.26	7.315	9.443	21.85	16.5	11.24	10.25	3.555	10.32	4.448	15.65	10.69	3.348	9.886	10.61	7.667	12.87	1.064	12.21	4.302	11.1	9.143	7.984	5.494	9.896	9.76	9.695	8.866	13.15	11.31	18.45	5.088	4.756	5.191	5.308	7.618	9.085	3.328	3.088	9.165	7.953	1.535	1.703	1.595	3.783	13.28	3.386	2.73	10.8	10.8	6.849	10.43	9.679	9.381	7.081	6.885	12.09	9.737	20.96	5.593	6.073	5.516	8.109	2.157	2.889	16.91	2.335	7.967	18.92	10.12	6.819	1.18	7.584	9.208	14.57	5.985	1.802	9.958	16.8	7.394
16.11	15.35	14.42	10.52	13.03	3.418	1.479	2.941	11.43	8.49	19.59	5.13	11.79	10.22	4.659	14.2	9.477	1.454	11.81	19.13	16.1	7.23	9.336	21.6	16.33	11.08	10.15	3.498	10.2	4.356	15.46	10.58	3.247	9.782	10.5	7.568	12.73	0.9987	12.1	4.246	10.99	9.038	7.891	5.442	9.765	9.651	9.605	8.78	13.01	11.19	18.25	5.031	4.68	5.122	5.263	7.531	8.985	3.28	2.952	9.069	7.855	1.466	1.635	1.523	3.719	13.13	3.36	2.638	10.68	10.65	6.764	10.33	9.576	9.301	7.014	6.827	11.95	9.624	20.73	5.524	5.998	5.448	8.014	2.016	2.838	16.74	2.267	7.879	18.73	10.01	6.721	1.125	7.512	9.105	14.42	5.93	1.702	9.846	16.65	7.309
15.92	15.19	14.24	10.41	12.89	3.388	1.409	2.848	11.3	8.386	19.4	5.072	11.65	10.1	4.617	14.04	9.379	1.356	11.65	18.91	15.93	7.146	9.229	21.34	16.17	10.93	10.05	3.442	10.08	4.264	15.27	10.47	3.145	9.679	10.39	7.468	12.6	0.9336	12	4.19	10.88	8.932	7.798	5.391	9.634	9.542	9.516	8.694	12.87	11.07	18.06	4.974	4.604	5.054	5.218	7.445	8.885	3.232	2.816	8.973	7.757	1.397	1.568	1.45	3.656	12.98	3.334	2.546	10.56	10.5	6.679	10.22	9.474	9.22	6.946	6.769	11.82	9.51	20.5	5.455	5.923	5.38	7.919	1.875	2.788	16.56	2.199	7.792	18.54	9.887	6.623	1.07	7.441	9.003	14.28	5.875	1.601	9.735	16.49	7.224
15.73	15.03	14.06	10.31	12.75	3.358	1.34	2.754	11.18	8.282	19.2	5.014	11.52	9.981	4.576	13.87	9.28	1.258	11.49	18.69	15.77	7.061	9.122	21.09	16	10.78	9.946	3.386	9.958	4.171	15.08	10.36	3.044	9.575	10.29	7.369	12.46	0.8685	11.89	4.134	10.77	8.827	7.705	5.339	9.503	9.434	9.426	8.609	12.72	10.95	17.86	4.917	4.528	4.985	5.172	7.359	8.786	3.184	2.68	8.877	7.659	1.328	1.5	1.377	3.593	12.82	3.307	2.455	10.44	10.36	6.594	10.12	9.371	9.14	6.878	6.712	11.68	9.397	20.27	5.386	5.848	5.313	7.823	1.734	2.738	16.38	2.131	7.704	18.35	9.77	6.524	1.016	7.37	8.901	14.13	5.82	1.501	9.624	16.34	7.139
15.54	14.87	13.88	10.2	12.6	3.328	1.27	2.661	11.06	8.178	19	4.956	11.39	9.859	4.535	13.71	9.181	1.16	11.33	18.46	15.61	6.977	9.015	20.84	15.83	10.62	9.845	3.329	9.837	4.079	14.89	10.24	2.943	9.471	10.18	7.27	12.32	0.8034	11.78	4.078	10.65	8.721	7.611	5.287	9.372	9.325	9.337	8.523	12.58	10.84	17.67	4.86	4.452	4.917	5.127	7.272	8.686	3.136	2.545	8.78	7.561	1.259	1.433	1.305	3.53	12.67	3.281	2.363	10.32	10.21	6.509	10.02	9.268	9.059	6.81	6.654	11.54	9.284	20.04	5.318	5.773	5.245	7.728	1.593	2.687	16.21	2.063	7.617	18.16	9.652	6.426	0.9608	7.299	8.798	13.99	5.765	1.401	9.513	16.18	7.054
15.35	14.71	13.7	10.09	12.46	3.298	1.201	2.567	10.94	8.074	18.8	4.899	11.26	9.737	4.493	13.55	9.082	1.062	11.17	18.24	15.45	6.892	8.907	20.58	15.67	10.47	9.745	3.273	9.717	3.987	14.7	10.13	2.841	9.367	10.07	7.17	12.18	0.7383	11.67	4.023	10.54	8.616	7.518	5.236	9.241	9.216	9.247	8.437	12.44	10.72	17.47	4.803	4.376	4.848	5.082	7.186	8.586	3.088	2.409	8.684	7.463	1.19	1.366	1.232	3.466	12.52	3.254	2.271	10.19	10.06	6.424	9.916	9.165	8.979	6.742	6.596	11.41	9.171	19.81	5.249	5.699	5.177	7.633	1.452	2.637	16.03	1.995	7.53	17.97	9.534	6.328	0.906	7.227	8.696	13.85	5.711	1.301	9.401	16.03	6.969
15.16	14.55	13.52	9.98	12.32	3.268	1.131	2.474	10.81	7.97	18.6	4.841	11.13	9.615	4.452	13.39	8.984	0.9637	11.01	18.01	15.28	6.808	8.8	20.33	15.5	10.32	9.645	3.216	9.596	3.894	14.51	10.02	2.74	9.264	9.968	7.071	12.05	0.6732	11.57	3.967	10.43	8.51	7.425	5.184	9.11	9.107	9.158	8.352	12.3	10.6	17.28	4.746	4.3	4.78	5.036	7.099	8.486	3.039	2.273	8.588	7.364	1.121	1.298	1.159	3.403	12.37	3.228	2.18	10.07	9.913	6.339	9.814	9.063	8.898	6.675	6.539	11.27	9.058	19.58	5.18	5.624	5.109	7.538	1.311	2.587	15.85	1.928	7.442	17.78	9.416	6.23	0.8513	7.156	8.594	13.7	5.656	1.201	9.29	15.88	6.884
14.97	14.39	13.33	9.872	12.18	3.238	1.062	2.38	10.69	7.867	18.4	4.783	11	9.493	4.411	13.22	8.885	0.8657	10.85	17.79	15.12	6.723	8.693	20.07	15.34	10.16	9.544	3.16	9.475	3.802	14.32	9.906	2.638	9.16	9.861	6.972	11.91	0.6081	11.46	3.911	10.31	8.405	7.332	5.132	8.979	8.998	9.068	8.266	12.16	10.48	17.08	4.689	4.224	4.711	4.991	7.013	8.386	2.991	2.137	8.491	7.266	1.053	1.231	1.086	3.34	12.21	3.202	2.088	9.952	9.766	6.254	9.711	8.96	8.818	6.607	6.481	11.14	8.945	19.35	5.111	5.549	5.042	7.442	1.17	2.536	15.68	1.86	7.355	17.59	9.298	6.132	0.7965	7.085	8.491	13.56	5.601	1.101	9.179	15.72	6.799
14.78	14.23	13.15	9.764	12.04	3.207	0.9923	2.287	10.57	7.763	18.2	4.725	10.87	9.372	4.37	13.06	8.786	0.7678	10.69	17.57	14.96	6.639	8.586	19.82	15.17	10.01	9.444	3.104	9.354	3.71	14.14	9.793	2.537	9.056	9.755	6.872	11.77	0.5429	11.35	3.855	10.2	8.299	7.239	5.08	8.848	8.89	8.979	8.18	12.01	10.36	16.89	4.632	4.148	4.643	4.946	6.927	8.287	2.943	2.001	8.395	7.168	0.9837	1.163	1.014	3.277	12.06	3.175	1.996	9.83	9.618	6.17	9.609	8.857	8.737	6.539	6.423	11	8.832	19.13	5.043	5.474	4.974	7.347	1.03	2.486	15.5	1.792	7.267	17.4	9.181	6.033	0.7418	7.014	8.389	13.41	5.546	1.001	9.068	15.57	6.714
14.59	14.07	12.97	9.655	11.9	3.177	0.9228	2.194	10.45	7.659	18	4.667	10.74	9.25	4.328	12.9	8.687	0.6698	10.54	17.34	14.8	6.554	8.479	19.57	15	9.856	9.344	3.047	9.233	3.618	13.95	9.681	2.435	8.953	9.649	6.773	11.63	0.4778	11.24	3.799	10.09	8.194	7.146	5.029	8.717	8.781	8.889	8.095	11.87	10.24	16.69	4.575	4.072	4.574	4.9	6.84	8.187	2.895	1.865	8.299	7.07	0.9148	1.096	0.9409	3.213	11.91	3.149	1.905	9.709	9.47	6.085	9.506	8.754	8.657	6.471	6.366	10.86	8.718	18.9	4.974	5.399	4.906	7.252	0.8886	2.436	15.33	1.724	7.18	17.21	9.063	5.935	0.687	6.942	8.287	13.27	5.491	0.9006	8.956	15.41	6.629
14.4	13.91	12.79	9.547	11.76	3.147	0.8532	2.1	10.32	7.555	17.8	4.61	10.61	9.128	4.287	12.74	8.589	0.5718	10.38	17.12	14.63	6.47	8.372	19.31	14.84	9.703	9.243	2.991	9.113	3.525	13.76	9.568	2.334	8.849	9.543	6.674	11.5	0.4127	11.14	3.743	9.975	8.088	7.053	4.977	8.586	8.672	8.8	8.009	11.73	10.12	16.5	4.518	3.996	4.506	4.855	6.754	8.087	2.847	1.73	8.203	6.972	0.8459	1.028	0.8682	3.15	11.75	3.123	1.813	9.588	9.322	6	9.404	8.651	8.576	6.403	6.308	10.73	8.605	18.67	4.905	5.324	4.839	7.157	0.7477	2.385	15.15	1.656	7.093	17.02	8.945	5.837	0.6323	6.871	8.184	13.13	5.437	0.8004	8.845	15.26	6.544
14.21	13.75	12.61	9.438	11.62	3.117	0.7837	2.007	10.2	7.451	17.6	4.552	10.48	9.006	4.246	12.57	8.49	0.4738	10.22	16.9	14.47	6.385	8.264	19.06	14.67	9.549	9.143	2.935	8.992	3.433	13.57	9.456	2.232	8.745	9.436	6.574	11.36	0.3476	11.03	3.688	9.863	7.983	6.96	4.925	8.455	8.563	8.71	7.923	11.59	10	16.3	4.461	3.92	4.437	4.81	6.667	7.987	2.799	1.594	8.106	6.874	0.777	0.9611	0.7954	3.087	11.6	3.096	1.721	9.467	9.174	5.915	9.301	8.549	8.496	6.336	6.25	10.59	8.492	18.44	4.836	5.249	4.771	7.061	0.6068	2.335	14.97	1.588	7.005	16.83	8.827	5.739	0.5776	6.8	8.082	12.98	5.382	0.7003	8.734	15.11	6.459
14.02	13.59	12.43	9.33	11.48	3.087	0.7142	1.913	10.08	7.347	17.41	4.494	10.35	8.884	4.204	12.41	8.391	0.3759	10.06	16.67	14.31	6.3	8.157	18.8	14.51	9.396	9.043	2.878	8.871	3.341	13.38	9.343	2.131	8.641	9.33	6.475	11.22	0.2825	10.92	3.632	9.75	7.877	6.867	4.874	8.325	8.454	8.621	7.838	11.45	9.885	16.11	4.404	3.844	4.369	4.764	6.581	7.887	2.751	1.458	8.01	6.776	0.7082	0.8936	0.7227	3.024	11.45	3.07	1.629	9.346	9.027	5.83	9.199	8.446	8.415	6.268	6.193	10.46	8.379	18.21	4.768	5.174	4.703	6.966	0.4659	2.285	14.8	1.52	6.918	16.64	8.71	5.641	0.5228	6.729	7.98	12.84	5.327	0.6002	8.623	14.95	6.374
13.83	13.44	12.24	9.221	11.34	3.057	0.6447	1.82	9.955	7.243	17.21	4.436	10.22	8.763	4.163	12.25	8.292	0.2779	9.901	16.45	14.15	6.216	8.05	18.55	14.34	9.243	8.942	2.822	8.75	3.248	13.19	9.231	2.03	8.538	9.224	6.376	11.09	0.2174	10.81	3.576	9.637	7.772	6.773	4.822	8.194	8.346	8.531	7.752	11.31	9.766	15.91	4.347	3.768	4.3	4.719	6.495	7.788	2.703	1.322	7.914	6.678	0.6393	0.8262	0.65	2.96	11.3	3.044	1.538	9.225	8.879	5.745	9.096	8.343	8.335	6.2	6.135	10.32	8.266	17.98	4.699	5.1	4.635	6.871	0.3249	2.234	14.62	1.452	6.83	16.45	8.592	5.542	0.4681	6.657	7.877	12.69	5.272	0.5001	8.511	14.8	6.289
13.64	13.28	12.06	9.113	11.2	3.026	0.5751	1.726	9.833	7.139	17.01	4.378	10.09	8.641	4.122	12.09	8.194	0.1799	9.742	16.23	13.98	6.131	7.943	18.3	14.17	9.089	8.842	2.766	8.629	3.156	13	9.118	1.928	8.434	9.117	6.276	10.95	0.1523	10.71	3.52	9.524	7.666	6.68	4.77	8.063	8.237	8.442	7.666	11.16	9.647	15.72	4.29	3.692	4.232	4.674	6.408	7.688	2.655	1.186	7.818	6.579	0.5704	0.7588	0.5772	2.897	11.14	3.017	1.446	9.103	8.731	5.66	8.993	8.24	8.254	6.132	6.077	10.19	8.153	17.75	4.63	5.025	4.568	6.776	0.184	2.184	14.44	1.384	6.743	16.26	8.474	5.444	0.4133	6.586	7.775	12.55	5.217	0.3999	8.4	14.64	6.204
13.45	13.12	11.88	9.005	11.06	2.996	0.5056	1.633	9.71	7.036	16.81	4.32	9.955	8.519	4.081	11.92	8.095	0.08197	9.583	16	13.82	6.047	7.836	18.04	14.01	8.936	8.741	2.709	8.508	3.064	12.81	9.006	1.827	8.33	9.011	6.177	10.81	0.08717	10.6	3.464	9.411	7.561	6.587	4.718	7.932	8.128	8.352	7.581	11.02	9.528	15.52	4.233	3.617	4.163	4.628	6.322	7.588	2.606	1.05	7.721	6.481	0.5016	0.6914	0.5045	2.834	10.99	2.991	1.354	8.982	8.583	5.575	8.891	8.138	8.174	6.064	6.02	10.05	8.04	17.52	4.561	4.95	4.5	6.681	0.0431	2.134	14.27	1.316	6.655	16.07	8.356	5.346	0.3586	6.515	7.673	12.41	5.162	0.2998	8.289	14.49	6.119
13.26	12.96	11.7	8.896	10.92	2.966	0.4361	1.539	9.587	6.932	16.61	4.263	9.824	8.397	4.039	11.76	7.996	-0.016	9.424	15.78	13.66	5.962	7.728	17.79	13.84	8.782	8.641	2.653	8.388	2.971	12.62	8.893	1.725	8.226	8.905	6.078	10.67	0.02206	10.49	3.409	9.298	7.455	6.494	4.667	7.801	8.019	8.263	7.495	10.88	9.409	15.33	4.176	3.541	4.095	4.583	6.235	7.488	2.558	0.9145	7.625	6.383	0.4327	0.624	0.4318	2.77	10.84	2.964	1.263	8.861	8.435	5.49	8.788	8.035	8.093	5.997	5.962	9.913	7.926	17.29	4.493	4.875	4.432	6.585	-0.09783	2.083	14.09	1.249	6.568	15.88	8.239	5.248	0.3038	6.443	7.57	12.26	5.108	0.1997	8.178	14.34	6.034
13.07	12.8	11.52	8.788	10.77	2.936	0.3666	1.446	9.465	6.828	16.41	4.205	9.694	8.276	3.998	11.6	7.897	-0.114	9.265	15.56	13.5	5.878	7.621	17.53	13.68	8.629	8.541	2.596	8.267	2.879	12.43	8.78	1.624	8.123	8.798	5.978	10.54	-0.04305	10.38	3.353	9.185	7.35	6.401	4.615	7.67	7.91	8.173	7.409	10.74	9.291	15.13	4.119	3.465	4.026	4.538	6.149	7.389	2.51	0.7786	7.529	6.285	0.3638	0.5565	0.359	2.707	10.68	2.938	1.171	8.74	8.288	5.406	8.686	7.932	8.013	5.929	5.904	9.777	7.813	17.06	4.424	4.8	4.365	6.49	-0.2388	2.033	13.91	1.181	6.481	15.69	8.121	5.15	0.2491	6.372	7.468	12.12	5.053	0.09958	8.066	14.18	5.949
12.88	12.64	11.33	8.679	10.63	2.906	0.297	1.353	9.342	6.724	16.21	4.147	9.563	8.154	3.957	11.44	7.799	-0.2119	9.106	15.33	13.33	5.793	7.514	17.28	13.51	8.475	8.44	2.54	8.146	2.787	12.24	8.668	1.522	8.019	8.692	5.879	10.4	-0.1082	10.28	3.297	9.072	7.244	6.308	4.563	7.539	7.802	8.084	7.324	10.6	9.172	14.94	4.062	3.389	3.958	4.492	6.063	7.289	2.462	0.6428	7.432	6.187	0.295	0.4891	0.2863	2.644	10.53	2.912	1.079	8.619	8.14	5.321	8.583	7.829	7.932	5.861	5.847	9.641	7.7	16.83	4.355	4.725	4.297	6.395	-0.3797	1.983	13.74	1.113	6.393	15.5	8.003	5.051	0.1943	6.301	7.366	11.97	4.998	-0.0005437	7.955	14.03	5.864
12.69	12.48	11.15	8.571	10.49	2.876	0.2275	1.259	9.22	6.62	16.01	4.089	9.432	8.032	3.915	11.27	7.7	-0.3099	8.947	15.11	13.17	5.709	7.407	17.02	13.34	8.322	8.34	2.484	8.025	2.695	12.05	8.555	1.421	7.915	8.586	5.78	10.26	-0.1733	10.17	3.241	8.96	7.139	6.215	4.512	7.408	7.693	7.994	7.238	10.45	9.053	14.74	4.005	3.313	3.889	4.447	5.976	7.189	2.414	0.507	7.336	6.089	0.2261	0.4217	0.2136	2.581	10.38	2.885	0.9876	8.498	7.992	5.236	8.481	7.727	7.852	5.793	5.789	9.506	7.587	16.6	4.286	4.65	4.229	6.3	-0.5206	1.933	13.56	1.045	6.306	15.31	7.885	4.953	0.1396	6.23	7.263	11.83	4.943	-0.1007	7.844	13.87	5.779
12.5	12.32	10.97	8.462	10.35	2.846	0.158	1.166	9.097	6.516	15.81	4.031	9.301	7.91	3.874	11.11	7.601	-0.4079	8.788	14.88	13.01	5.624	7.3	16.77	13.18	8.169	8.24	2.427	7.904	2.602	11.86	8.443	1.319	7.811	8.48	5.68	10.13	-0.2384	10.06	3.185	8.847	7.033	6.122	4.46	7.277	7.584	7.905	7.152	10.31	8.934	14.55	3.948	3.237	3.821	4.402	5.89	7.089	2.366	0.3711	7.24	5.991	0.1572	0.3543	0.1409	2.517	10.23	2.859	0.8959	8.376	7.844	5.151	8.378	7.624	7.771	5.725	5.731	9.37	7.474	16.37	4.218	4.576	4.161	6.204	-0.6615	1.882	13.38	0.9769	6.218	15.13	7.767	4.855	0.08483	6.158	7.161	11.69	4.888	-0.2008	7.733	13.72	5.694
12.31	12.16	10.79	8.354	10.21	2.815	0.08848	1.072	8.975	6.412	15.61	3.973	9.171	7.788	3.833	10.95	7.502	-0.5059	8.63	14.66	12.85	5.54	7.193	16.52	13.01	8.015	8.139	2.371	7.783	2.51	11.67	8.33	1.218	7.708	8.373	5.581	9.988	-0.3035	9.955	3.129	8.734	6.928	6.029	4.408	7.146	7.475	7.815	7.067	10.17	8.815	14.35	3.89	3.161	3.752	4.356	5.804	6.989	2.318	0.2353	7.144	5.893	0.08834	0.2868	0.06812	2.454	10.07	2.833	0.8042	8.255	7.696	5.066	8.276	7.521	7.691	5.658	5.674	9.234	7.361	16.14	4.149	4.501	4.094	6.109	-0.8025	1.832	13.21	0.909	6.131	14.94	7.65	4.757	0.03009	6.087	7.059	11.54	4.833	-0.3009	7.622	13.57	5.609
12.12	12	10.61	8.246	10.07	2.785	0.01895	0.9789	8.852	6.308	15.41	3.916	9.04	7.667	3.792	10.79	7.404	-0.6038	8.471	14.44	12.68	5.455	7.085	16.26	12.85	7.862	8.039	2.315	7.663	2.418	11.48	8.218	1.117	7.604	8.267	5.481	9.851	-0.3686	9.847	3.074	8.621	6.822	5.935	4.357	7.015	7.366	7.726	6.981	10.03	8.696	14.16	3.833	3.085	3.684	4.311	5.717	6.89	2.27	0.09943	7.047	5.794	0.01947	0.2194	-0.004613	2.391	9.92	2.806	0.7125	8.134	7.549	4.981	8.173	7.418	7.61	5.59	5.616	9.098	7.248	15.91	4.08	4.426	4.026	6.014	-0.9434	1.782	13.03	0.8411	6.044	14.75	7.532	4.659	-0.02466	6.016	6.956	11.4	4.779	-0.401	7.51	13.41	5.524
11.94	11.84	10.43	8.137	9.93	2.755	-0.05057	0.8855	8.73	6.204	15.22	3.858	8.909	7.545	3.75	10.62	7.305	-0.7018	8.312	14.21	12.52	5.371	6.978	16.01	12.68	7.708	7.939	2.258	7.542	2.325	11.29	8.105	1.015	7.5	8.161	5.382	9.714	-0.4337	9.739	3.018	8.508	6.717	5.842	4.305	6.884	7.258	7.636	6.895	9.887	8.578	13.96	3.776	3.009	3.616	4.266	5.631	6.79	2.222	-0.03642	6.951	5.696	-0.0494	0.152	-0.07734	2.328	9.767	2.78	0.6208	8.013	7.401	4.896	8.071	7.316	7.53	5.522	5.558	8.962	7.135	15.68	4.011	4.351	3.958	5.919	-1.084	1.731	12.85	0.7732	5.956	14.56	7.414	4.56	-0.0794	5.945	6.854	11.26	4.724	-0.5012	7.399	13.26	5.439
11.75	11.68	10.24	8.029	9.789	2.725	-0.1201	0.7921	8.607	6.101	15.02	3.8	8.778	7.423	3.709	10.46	7.206	-0.7998	8.153	13.99	12.36	5.286	6.871	15.75	12.52	7.555	7.838	2.202	7.421	2.233	11.1	7.993	0.9136	7.396	8.054	5.283	9.577	-0.4988	9.632	2.962	8.395	6.611	5.749	4.253	6.753	7.149	7.547	6.81	9.745	8.459	13.77	3.719	2.933	3.547	4.22	5.544	6.69	2.174	-0.1723	6.855	5.598	-0.1183	0.08458	-0.1501	2.264	9.614	2.753	0.5291	7.892	7.253	4.811	7.968	7.213	7.449	5.454	5.501	8.826	7.021	15.45	3.943	4.276	3.89	5.823	-1.225	1.681	12.68	0.7053	5.869	14.37	7.296	4.462	-0.1342	5.873	6.752	11.11	4.669	-0.6013	7.288	13.11	5.354
11.56	11.52	10.06	7.92	9.648	2.695	-0.1896	0.6986	8.485	5.997	14.82	3.742	8.648	7.301	3.668	10.3	7.107	-0.8977	7.994	13.77	12.2	5.202	6.764	15.5	12.35	7.401	7.738	2.145	7.3	2.141	10.92	7.88	0.8122	7.293	7.948	5.183	9.44	-0.5639	9.524	2.906	8.282	6.506	5.656	4.201	6.622	7.04	7.457	6.724	9.603	8.34	13.57	3.662	2.857	3.479	4.175	5.458	6.59	2.125	-0.3081	6.758	5.5	-0.1871	0.01716	-0.2228	2.201	9.461	2.727	0.4374	7.771	7.105	4.726	7.865	7.11	7.369	5.386	5.443	8.69	6.908	15.22	3.874	4.201	3.823	5.728	-1.366	1.631	12.5	0.6374	5.781	14.18	7.179	4.364	-0.1889	5.802	6.649	10.97	4.614	-0.7014	7.177	12.95	5.269
11.37	11.36	9.881	7.812	9.507	2.665	-0.2591	0.6052	8.362	5.893	14.62	3.684	8.517	7.179	3.626	10.14	7.009	-0.9957	7.835	13.54	12.04	5.117	6.657	15.25	12.18	7.248	7.637	2.089	7.179	2.048	10.73	7.768	0.7107	7.189	7.842	5.084	9.302	-0.629	9.417	2.85	8.169	6.4	5.563	4.15	6.491	6.931	7.368	6.638	9.461	8.221	13.38	3.605	2.781	3.41	4.13	5.372	6.49	2.077	-0.444	6.662	5.402	-0.256	-0.05026	-0.2955	2.138	9.308	2.701	0.3458	7.649	6.957	4.642	7.763	7.007	7.288	5.319	5.385	8.554	6.795	14.99	3.805	4.126	3.755	5.633	-1.507	1.58	12.32	0.5695	5.694	13.99	7.061	4.266	-0.2436	5.731	6.547	10.82	4.559	-0.8015	7.065	12.8	5.184
11.18	11.2	9.699	7.703	9.366	2.635	-0.3287	0.5118	8.24	5.789	14.42	3.627	8.386	7.058	3.585	9.974	6.91	-1.094	7.676	13.32	11.87	5.033	6.549	14.99	12.02	7.095	7.537	2.033	7.059	1.956	10.54	7.655	0.6093	7.085	7.736	4.985	9.165	-0.6941	9.309	2.795	8.057	6.295	5.47	4.098	6.36	6.822	7.278	6.553	9.32	8.102	13.18	3.548	2.705	3.342	4.084	5.285	6.391	2.029	-0.5798	6.566	5.304	-0.3249	-0.1177	-0.3683	2.074	9.156	2.674	0.2541	7.528	6.81	4.557	7.66	6.904	7.208	5.251	5.328	8.418	6.682	14.76	3.736	4.052	3.687	5.538	-1.648	1.53	12.15	0.5016	5.607	13.8	6.943	4.168	-0.2984	5.66	6.445	10.68	4.505	-0.9016	6.954	12.64	5.099
10.99	11.04	9.518	7.595	9.226	2.604	-0.3982	0.4183	8.117	5.685	14.22	3.569	8.255	6.936	3.544	9.812	6.811	-1.192	7.517	13.1	11.71	4.948	6.442	14.74	11.85	6.941	7.437	1.976	6.938	1.864	10.35	7.543	0.5078	6.981	7.629	4.885	9.028	-0.7593	9.202	2.739	7.944	6.189	5.377	4.046	6.229	6.714	7.189	6.467	9.178	7.983	12.99	3.491	2.629	3.273	4.039	5.199	6.291	1.981	-0.7156	6.47	5.206	-0.3938	-0.1851	-0.441	2.011	9.003	2.648	0.1624	7.407	6.662	4.472	7.558	6.802	7.127	5.183	5.27	8.282	6.569	14.53	3.668	3.977	3.62	5.442	-1.789	1.48	11.97	0.4337	5.519	13.61	6.825	4.069	-0.3531	5.588	6.342	10.54	4.45	-1.002	6.843	12.49	5.014
10.8	10.88	9.336	7.487	9.085	2.574	-0.4677	0.3249	7.995	5.581	14.02	3.511	8.125	6.814	3.503	9.649	6.712	-1.29	7.359	12.87	11.55	4.864	6.335	14.48	11.69	6.788	7.336	1.92	6.817	1.771	10.16	7.43	0.4064	6.878	7.523	4.786	8.891	-0.8244	9.094	2.683	7.831	6.084	5.284	3.995	6.098	6.605	7.099	6.381	9.036	7.865	12.79	3.434	2.553	3.205	3.994	5.112	6.191	1.933	-0.8515	6.373	5.108	-0.4626	-0.2525	-0.5137	1.948	8.85	2.622	0.07068	7.286	6.514	4.387	7.455	6.699	7.047	5.115	5.212	8.146	6.456	14.3	3.599	3.902	3.552	5.347	-1.93	1.429	11.8	0.3658	5.432	13.42	6.707	3.971	-0.4079	5.517	6.24	10.39	4.395	-1.102	6.732	12.34	4.929
10.61	10.72	9.154	7.378	8.944	2.544	-0.5372	0.2315	7.872	5.477	13.82	3.453	7.994	6.692	3.461	9.487	6.614	-1.388	7.2	12.65	11.39	4.779	6.228	14.23	11.52	6.634	7.236	1.864	6.696	1.679	9.969	7.317	0.3049	6.774	7.417	4.687	8.754	-0.8895	8.987	2.627	7.718	5.978	5.191	3.943	5.967	6.496	7.01	6.296	8.894	7.746	12.6	3.377	2.477	3.136	3.948	5.026	6.091	1.885	-0.9873	6.277	5.009	-0.5315	-0.3199	-0.5865	1.885	8.697	2.595	-0.02101	7.165	6.366	4.302	7.353	6.596	6.966	5.047	5.155	8.01	6.343	14.07	3.53	3.827	3.484	5.252	-2.071	1.379	11.62	0.2979	5.344	13.23	6.59	3.873	-0.4626	5.446	6.138	10.25	4.34	-1.202	6.62	12.18	4.844
10.42	10.56	8.972	7.27	8.803	2.514	-0.6068	0.1381	7.75	5.373	13.62	3.395	7.863	6.571	3.42	9.324	6.515	-1.486	7.041	12.43	11.22	4.695	6.121	13.98	11.35	6.481	7.136	1.807	6.575	1.587	9.779	7.205	0.2035	6.67	7.31	4.587	8.616	-0.9546	8.879	2.571	7.605	5.873	5.097	3.891	5.836	6.387	6.92	6.21	8.752	7.627	12.4	3.32	2.401	3.068	3.903	4.94	5.992	1.837	-1.123	6.181	4.911	-0.6004	-0.3874	-0.6592	1.821	8.544	2.569	-0.1127	7.044	6.218	4.217	7.25	6.493	6.886	4.98	5.097	7.875	6.229	13.84	3.461	3.752	3.416	5.157	-2.212	1.329	11.44	0.23	5.257	13.04	6.472	3.775	-0.5174	5.375	6.035	10.1	4.285	-1.302	6.509	12.03	4.759
10.23	10.4	8.791	7.161	8.662	2.484	-0.6763	0.04462	7.627	5.269	13.42	3.337	7.732	6.449	3.379	9.162	6.416	-1.584	6.882	12.2	11.06	4.61	6.014	13.72	11.19	6.327	7.035	1.751	6.454	1.495	9.59	7.092	0.102	6.567	7.204	4.488	8.479	-1.02	8.772	2.516	7.492	5.767	5.004	3.839	5.705	6.278	6.831	6.124	8.61	7.508	12.21	3.263	2.325	2.999	3.858	4.853	5.892	1.789	-1.259	6.084	4.813	-0.6692	-0.4548	-0.7319	1.758	8.391	2.542	-0.2044	6.922	6.071	4.132	7.148	6.391	6.805	4.912	5.039	7.739	6.116	13.61	3.393	3.677	3.349	5.061	-2.353	1.278	11.27	0.1621	5.17	12.85	6.354	3.677	-0.5721	5.303	5.933	9.96	4.23	-1.402	6.398	11.87	4.673
10.04	10.24	8.609	7.053	8.522	2.454	-0.7458	-0.04881	7.505	5.166	13.22	3.28	7.602	6.327	3.337	8.999	6.317	-1.681	6.723	11.98	10.9	4.526	5.906	13.47	11.02	6.174	6.935	1.695	6.334	1.402	9.4	6.98	0.0005913	6.463	7.098	4.389	8.342	-1.085	8.664	2.46	7.379	5.662	4.911	3.788	5.574	6.17	6.741	6.039	8.469	7.389	12.01	3.206	2.249	2.931	3.812	4.767	5.792	1.741	-1.395	5.988	4.715	-0.7381	-0.5222	-0.8047	1.695	8.238	2.516	-0.2961	6.801	5.923	4.047	7.045	6.288	6.725	4.844	4.982	7.603	6.003	13.38	3.324	3.602	3.281	4.966	-2.494	1.228	11.09	0.09417	5.082	12.66	6.236	3.578	-0.6269	5.232	5.831	9.816	4.176	-1.502	6.287	11.72	4.588
9.849	10.08	8.427	6.945	8.381	2.424	-0.8153	-0.1422	7.382	5.062	13.03	3.222	7.471	6.205	3.296	8.837	6.219	-1.779	6.564	11.75	10.74	4.441	5.799	13.21	10.86	6.021	6.835	1.638	6.213	1.31	9.211	6.867	-0.1009	6.359	6.991	4.289	8.205	-1.15	8.557	2.404	7.267	5.556	4.818	3.736	5.443	6.061	6.652	5.953	8.327	7.27	11.82	3.149	2.173	2.862	3.767	4.68	5.692	1.692	-1.531	5.892	4.617	-0.807	-0.5896	-0.8774	1.632	8.086	2.49	-0.3878	6.68	5.775	3.962	6.943	6.185	6.644	4.776	4.924	7.467	5.89	13.15	3.255	3.528	3.213	4.871	-2.634	1.178	10.91	0.02626	4.995	12.47	6.119	3.48	-0.6816	5.161	5.728	9.672	4.121	-1.603	6.175	11.57	4.503
9.659	9.923	8.246	6.836	8.24	2.393	-0.8848	-0.2357	7.259	4.958	12.83	3.164	7.34	6.083	3.255	8.675	6.12	-1.877	6.405	11.53	10.57	4.357	5.692	12.96	10.69	5.867	6.734	1.582	6.092	1.218	9.022	6.755	-0.2023	6.255	6.885	4.19	8.068	-1.215	8.449	2.348	7.154	5.451	4.725	3.684	5.312	5.952	6.562	5.867	8.185	7.151	11.62	3.092	2.097	2.794	3.722	4.594	5.592	1.644	-1.667	5.796	4.519	-0.8759	-0.6571	-0.9501	1.568	7.933	2.463	-0.4795	6.559	5.627	3.878	6.84	6.082	6.564	4.708	4.866	7.331	5.777	12.92	3.186	3.453	3.146	4.776	-2.775	1.127	10.74	-0.04164	4.907	12.28	6.001	3.382	-0.7364	5.09	5.626	9.528	4.066	-1.703	6.064	11.41	4.418
9.469	9.763	8.064	6.728	8.099	2.363	-0.9544	-0.3291	7.137	4.854	12.63	3.106	7.209	5.962	3.214	8.512	6.021	-1.975	6.247	11.31	10.41	4.272	5.585	12.71	10.52	5.714	6.634	1.525	5.971	1.125	8.832	6.642	-0.3038	6.152	6.779	4.091	7.93	-1.28	8.342	2.292	7.041	5.345	4.632	3.633	5.181	5.843	6.473	5.782	8.043	7.033	11.43	3.035	2.021	2.725	3.676	4.508	5.493	1.596	-1.802	5.699	4.421	-0.9447	-0.7245	-1.023	1.505	7.78	2.437	-0.5712	6.438	5.479	3.793	6.738	5.98	6.483	4.641	4.809	7.195	5.664	12.7	3.118	3.378	3.078	4.68	-2.916	1.077	10.56	-0.1095	4.82	12.09	5.883	3.284	-0.7911	5.018	5.524	9.384	4.011	-1.803	5.953	11.26	4.333
9.28	9.604	7.882	6.619	7.959	2.333	-1.024	-0.4225	7.014	4.75	12.43	3.048	7.079	5.84	3.172	8.35	5.922	-2.073	6.088	11.08	10.25	4.188	5.478	12.45	10.36	5.56	6.534	1.469	5.85	1.033	8.643	6.53	-0.4052	6.048	6.673	3.991	7.793	-1.345	8.234	2.236	6.928	5.24	4.539	3.581	5.05	5.734	6.383	5.696	7.901	6.914	11.23	2.978	1.945	2.657	3.631	4.421	5.393	1.548	-1.938	5.603	4.323	-1.014	-0.7919	-1.096	1.442	7.627	2.411	-0.6628	6.317	5.332	3.708	6.635	5.877	6.403	4.573	4.751	7.059	5.551	12.47	3.049	3.303	3.01	4.585	-3.057	1.027	10.38	-0.1775	4.732	11.9	5.765	3.186	-0.8459	4.947	5.421	9.24	3.956	-1.903	5.842	11.1	4.248
9.09	9.444	7.7	6.511	7.818	2.303	-1.093	-0.516	6.892	4.646	12.23	2.99	6.948	5.718	3.131	8.187	5.824	-2.171	5.929	10.86	10.09	4.103	5.371	12.2	10.19	5.407	6.433	1.413	5.729	0.9407	8.453	6.417	-0.5066	5.944	6.566	3.892	7.656	-1.41	8.127	2.181	6.815	5.134	4.446	3.529	4.919	5.626	6.294	5.61	7.759	6.795	11.04	2.921	1.869	2.588	3.586	4.335	5.293	1.5	-2.074	5.507	4.224	-1.082	-0.8593	-1.168	1.378	7.474	2.384	-0.7545	6.196	5.184	3.623	6.532	5.774	6.322	4.505	4.693	6.923	5.437	12.24	2.98	3.228	2.942	4.49	-3.198	0.9763	10.21	-0.2454	4.645	11.71	5.648	3.087	-0.9006	4.876	5.319	9.096	3.901	-2.003	5.73	10.95	4.163
8.9	9.284	7.519	6.402	7.677	2.273	-1.163	-0.6094	6.769	4.542	12.03	2.933	6.817	5.596	3.09	8.025	5.725	-2.269	5.77	10.64	9.924	4.019	5.263	11.94	10.03	5.253	6.333	1.356	5.609	0.8484	8.264	6.305	-0.6081	5.84	6.46	3.793	7.519	-1.475	8.019	2.125	6.702	5.029	4.353	3.477	4.789	5.517	6.204	5.525	7.618	6.676	10.84	2.864	1.793	2.52	3.54	4.248	5.193	1.452	-2.21	5.411	4.126	-1.151	-0.9267	-1.241	1.315	7.321	2.358	-0.8462	6.074	5.036	3.538	6.43	5.671	6.242	4.437	4.636	6.787	5.324	12.01	2.911	3.153	2.875	4.395	-3.339	0.926	10.03	-0.3133	4.558	11.52	5.53	2.989	-0.9553	4.805	5.217	8.953	3.847	-2.103	5.619	10.8	4.078
8.711	9.125	7.337	6.294	7.536	2.243	-1.232	-0.7028	6.647	4.438	11.83	2.875	6.686	5.475	3.048	7.862	5.626	-2.367	5.611	10.41	9.762	3.934	5.156	11.69	9.861	5.1	6.232	1.3	5.488	0.7561	8.075	6.192	-0.7095	5.737	6.354	3.693	7.382	-1.541	7.912	2.069	6.589	4.923	4.259	3.426	4.658	5.408	6.115	5.439	7.476	6.557	10.65	2.807	1.717	2.451	3.495	4.162	5.093	1.404	-2.346	5.314	4.028	-1.22	-0.9942	-1.314	1.252	7.169	2.331	-0.9379	5.953	4.888	3.453	6.327	5.569	6.161	4.37	4.578	6.651	5.211	11.78	2.843	3.078	2.807	4.299	-3.48	0.8756	9.854	-0.3812	4.47	11.33	5.412	2.891	-1.01	4.733	5.114	8.809	3.792	-2.203	5.508	10.64	3.993
8.521	8.965	7.155	6.186	7.395	2.213	-1.302	-0.7962	6.524	4.335	11.63	2.817	6.555	5.353	3.007	7.7	5.527	-2.465	5.452	10.19	9.599	3.85	5.049	11.44	9.695	4.947	6.132	1.244	5.367	0.6638	7.885	6.079	-0.811	5.633	6.247	3.594	7.244	-1.606	7.804	2.013	6.476	4.818	4.166	3.374	4.527	5.299	6.025	5.353	7.334	6.438	10.45	2.749	1.641	2.383	3.45	4.076	4.994	1.356	-2.482	5.218	3.93	-1.289	-1.062	-1.387	1.189	7.016	2.305	-1.03	5.832	4.741	3.368	6.225	5.466	6.081	4.302	4.52	6.515	5.098	11.55	2.774	3.004	2.739	4.204	-3.621	0.8253	9.677	-0.4491	4.383	11.14	5.294	2.793	-1.065	4.662	5.012	8.665	3.737	-2.303	5.397	10.49	3.908
8.331	8.805	6.974	6.077	7.255	2.182	-1.372	-0.8897	6.402	4.231	11.43	2.759	6.425	5.231	2.966	7.537	5.429	-2.563	5.293	9.966	9.437	3.765	4.942	11.18	9.529	4.793	6.032	1.187	5.246	0.5715	7.696	5.967	-0.9124	5.529	6.141	3.495	7.107	-1.671	7.697	1.957	6.364	4.712	4.073	3.322	4.396	5.19	5.936	5.268	7.192	6.32	10.26	2.692	1.565	2.314	3.404	3.989	4.894	1.308	-2.617	5.122	3.832	-1.358	-1.129	-1.459	1.125	6.863	2.279	-1.121	5.711	4.593	3.283	6.122	5.363	6	4.234	4.463	6.379	4.985	11.32	2.705	2.929	2.672	4.109	-3.762	0.775	9.501	-0.517	4.295	10.95	5.176	2.695	-1.12	4.591	4.91	8.521	3.682	-2.403	5.285	10.33	3.823
8.142	8.646	6.792	5.969	7.114	2.152	-1.441	-0.9831	6.279	4.127	11.23	2.701	6.294	5.109	2.925	7.375	5.33	-2.661	5.134	9.742	9.275	3.68	4.835	10.93	9.363	4.64	5.931	1.131	5.125	0.4792	7.506	5.854	-1.014	5.425	6.035	3.395	6.97	-1.736	7.589	1.902	6.251	4.607	3.98	3.271	4.265	5.082	5.846	5.182	7.05	6.201	10.06	2.635	1.489	2.246	3.359	3.903	4.794	1.259	-2.753	5.025	3.734	-1.427	-1.196	-1.532	1.062	6.71	2.252	-1.213	5.59	4.445	3.198	6.02	5.26	5.919	4.166	4.405	6.243	4.872	11.09	2.636	2.854	2.604	4.014	-3.903	0.7247	9.324	-0.5849	4.208	10.76	5.059	2.596	-1.174	4.52	4.807	8.377	3.627	-2.504	5.174	10.18	3.738
7.952	8.486	6.61	5.86	6.973	2.122	-1.511	-1.077	6.157	4.023	11.04	2.644	6.163	4.987	2.883	7.213	5.231	-2.759	4.976	9.519	9.112	3.596	4.727	10.67	9.197	4.486	5.831	1.074	5.005	0.3869	7.317	5.742	-1.115	5.322	5.928	3.296	6.833	-1.801	7.482	1.846	6.138	4.501	3.887	3.219	4.134	4.973	5.757	5.096	6.908	6.082	9.868	2.578	1.413	2.177	3.314	3.817	4.694	1.211	-2.889	4.929	3.636	-1.496	-1.264	-1.605	0.9989	6.557	2.226	-1.305	5.469	4.297	3.114	5.917	5.157	5.839	4.098	4.347	6.108	4.759	10.86	2.568	2.779	2.536	3.918	-4.044	0.6743	9.148	-0.6528	4.121	10.57	4.941	2.498	-1.229	4.448	4.705	8.233	3.573	-2.604	5.063	10.03	3.653
7.762	8.326	6.428	5.752	6.832	2.092	-1.58	-1.17	6.034	3.919	10.84	2.586	6.032	4.866	2.842	7.05	5.132	-2.857	4.817	9.295	8.95	3.511	4.62	10.42	9.031	4.333	5.731	1.018	4.884	0.2946	7.128	5.629	-1.217	5.218	5.822	3.197	6.696	-1.866	7.374	1.79	6.025	4.396	3.794	3.167	4.003	4.864	5.667	5.011	6.767	5.963	9.673	2.521	1.337	2.109	3.268	3.73	4.595	1.163	-3.025	4.833	3.538	-1.565	-1.331	-1.677	0.9356	6.404	2.2	-1.396	5.347	4.149	3.029	5.815	5.055	5.758	4.031	4.29	5.972	4.645	10.63	2.499	2.704	2.468	3.823	-4.185	0.624	8.971	-0.7207	4.033	10.38	4.823	2.4	-1.284	4.377	4.603	8.089	3.518	-2.704	4.952	9.873	3.568
7.573	8.167	6.247	5.643	6.691	2.062	-1.65	-1.263	5.912	3.815	10.64	2.528	5.902	4.744	2.801	6.888	5.033	-2.955	4.658	9.072	8.787	3.427	4.513	10.16	8.866	4.179	5.63	0.9617	4.763	0.2023	6.938	5.517	-1.318	5.114	5.716	3.097	6.558	-1.931	7.267	1.734	5.912	4.29	3.701	3.115	3.872	4.755	5.578	4.925	6.625	5.844	9.478	2.464	1.261	2.04	3.223	3.644	4.495	1.115	-3.161	4.737	3.439	-1.633	-1.399	-1.75	0.8723	6.251	2.173	-1.488	5.226	4.002	2.944	5.712	4.952	5.678	3.963	4.232	5.836	4.532	10.4	2.43	2.629	2.401	3.728	-4.326	0.5737	8.795	-0.7886	3.946	10.19	4.705	2.302	-1.339	4.306	4.5	7.945	3.463	-2.804	4.841	9.719	3.483
7.383	8.007	6.065	5.535	6.551	2.032	-1.719	-1.357	5.789	3.711	10.44	2.47	5.771	4.622	2.759	6.725	4.935	-3.053	4.499	8.848	8.625	3.342	4.406	9.911	8.7	4.026	5.53	0.9053	4.642	0.11	6.749	5.404	-1.42	5.01	5.61	2.998	6.421	-1.996	7.159	1.678	5.799	4.185	3.608	3.064	3.741	4.646	5.488	4.839	6.483	5.725	9.283	2.407	1.185	1.972	3.178	3.557	4.395	1.067	-3.297	4.64	3.341	-1.702	-1.466	-1.823	0.8091	6.099	2.147	-1.58	5.105	3.854	2.859	5.61	4.849	5.597	3.895	4.174	5.7	4.419	10.17	2.361	2.554	2.333	3.633	-4.467	0.5234	8.618	-0.8565	3.858	9.999	4.588	2.204	-1.393	4.234	4.398	7.801	3.408	-2.904	4.729	9.565	3.398
7.193	7.848	5.883	5.427	6.41	2.001	-1.789	-1.45	5.667	3.607	10.24	2.412	5.64	4.5	2.718	6.563	4.836	-3.151	4.34	8.624	8.463	3.258	4.299	9.657	8.534	3.873	5.43	0.849	4.521	0.0177	6.56	5.292	-1.521	4.907	5.503	2.898	6.284	-2.061	7.052	1.623	5.686	4.079	3.515	3.012	3.61	4.538	5.399	4.754	6.341	5.607	9.088	2.35	1.109	1.903	3.132	3.471	4.295	1.019	-3.433	4.544	3.243	-1.771	-1.534	-1.896	0.7458	5.946	2.121	-1.671	4.984	3.706	2.774	5.507	4.746	5.517	3.827	4.116	5.564	4.306	9.939	2.293	2.48	2.265	3.537	-4.607	0.473	8.442	-0.9244	3.771	9.809	4.47	2.105	-1.448	4.163	4.296	7.657	3.353	-3.004	4.618	9.411	3.313
7.004	7.688	5.702	5.318	6.269	1.971	-1.858	-1.544	5.544	3.503	10.04	2.354	5.509	4.378	2.677	6.4	4.737	-3.249	4.181	8.401	8.3	3.173	4.192	9.402	8.368	3.719	5.329	0.7926	4.4	-0.0746	6.37	5.179	-1.623	4.803	5.397	2.799	6.147	-2.127	6.944	1.567	5.574	3.974	3.421	2.96	3.479	4.429	5.309	4.668	6.199	5.488	8.893	2.293	1.033	1.835	3.087	3.385	4.195	0.9709	-3.568	4.448	3.145	-1.84	-1.601	-1.968	0.6825	5.793	2.094	-1.763	4.863	3.558	2.689	5.404	4.644	5.436	3.759	4.059	5.428	4.193	9.71	2.224	2.405	2.197	3.442	-4.748	0.4227	8.265	-0.9923	3.684	9.619	4.352	2.007	-1.503	4.092	4.193	7.513	3.298	-3.104	4.507	9.257	3.228
6.814	7.528	5.52	5.21	6.128	1.941	-1.928	-1.637	5.422	3.4	9.841	2.297	5.379	4.257	2.636	6.238	4.638	-3.347	4.022	8.177	8.138	3.089	4.084	9.148	8.202	3.566	5.229	0.7362	4.28	-0.1669	6.181	5.067	-1.724	4.699	5.291	2.7	6.01	-2.192	6.836	1.511	5.461	3.869	3.328	2.909	3.348	4.32	5.22	4.582	6.057	5.369	8.698	2.236	0.9575	1.766	3.042	3.298	4.096	0.9228	-3.704	4.351	3.047	-1.909	-1.668	-2.041	0.6192	5.64	2.068	-1.855	4.742	3.41	2.604	5.302	4.541	5.356	3.692	4.001	5.292	4.08	9.48	2.155	2.33	2.13	3.347	-4.889	0.3724	8.089	-1.06	3.596	9.429	4.234	1.909	-1.558	4.021	4.091	7.369	3.244	-3.204	4.396	9.104	3.143
6.624	7.369	5.338	5.101	5.987	1.911	-1.997	-1.731	5.299	3.296	9.642	2.239	5.248	4.135	2.594	6.075	4.54	-3.445	3.863	7.954	7.975	3.004	3.977	8.894	8.036	3.412	5.129	0.6799	4.159	-0.2592	5.991	4.954	-1.825	4.595	5.184	2.6	5.873	-2.257	6.729	1.455	5.348	3.763	3.235	2.857	3.217	4.211	5.13	4.497	5.916	5.25	8.503	2.179	0.8815	1.698	2.996	3.212	3.996	0.8746	-3.84	4.255	2.949	-1.978	-1.736	-2.114	0.556	5.487	2.041	-1.947	4.62	3.263	2.519	5.199	4.438	5.275	3.624	3.943	5.156	3.967	9.25	2.086	2.255	2.062	3.252	-5.03	0.3221	7.912	-1.128	3.509	9.239	4.116	1.811	-1.612	3.949	3.989	7.226	3.189	-3.305	4.284	8.95	3.058
6.435	7.209	5.156	4.993	5.847	1.881	-2.067	-1.824	5.177	3.192	9.442	2.181	5.117	4.013	2.553	5.913	4.441	-3.543	3.705	7.73	7.813	2.92	3.87	8.64	7.87	3.259	5.028	0.6235	4.038	-0.3515	5.802	4.842	-1.927	4.492	5.078	2.501	5.735	-2.322	6.621	1.399	5.235	3.658	3.142	2.805	3.086	4.102	5.041	4.411	5.774	5.131	8.308	2.122	0.8055	1.629	2.951	3.125	3.896	0.8265	-3.976	4.159	2.851	-2.047	-1.803	-2.187	0.4927	5.334	2.015	-2.038	4.499	3.115	2.434	5.097	4.335	5.195	3.556	3.886	5.02	3.854	9.021	2.018	2.18	1.994	3.156	-5.171	0.2717	7.736	-1.196	3.421	9.049	3.999	1.713	-1.667	3.878	3.886	7.082	3.134	-3.405	4.173	8.796	2.973
6.245	7.049	4.975	4.884	5.706	1.851	-2.136	-1.917	5.054	3.088	9.243	2.123	4.986	3.891	2.512	5.751	4.342	-3.641	3.546	7.506	7.651	2.835	3.763	8.386	7.704	3.105	4.928	0.5671	3.917	-0.4438	5.613	4.729	-2.028	4.388	4.972	2.402	5.598	-2.387	6.514	1.343	5.122	3.552	3.049	2.754	2.955	3.994	4.951	4.325	5.632	5.012	8.113	2.065	0.7296	1.561	2.906	3.039	3.796	0.7784	-4.112	4.063	2.752	-2.116	-1.871	-2.259	0.4294	5.182	1.989	-2.13	4.378	2.967	2.35	4.994	4.233	5.114	3.488	3.828	4.884	3.74	8.791	1.949	2.105	1.927	3.061	-5.312	0.2214	7.559	-1.264	3.334	8.859	3.881	1.614	-1.722	3.807	3.784	6.938	3.079	-3.505	4.062	8.642	2.888
6.055	6.89	4.793	4.776	5.565	1.821	-2.206	-2.011	4.931	2.984	9.044	2.065	4.856	3.77	2.47	5.588	4.243	-3.739	3.387	7.283	7.488	2.751	3.656	8.132	7.538	2.952	4.827	0.5108	3.796	-0.5361	5.423	4.616	-2.13	4.284	4.865	2.302	5.461	-2.452	6.406	1.288	5.009	3.447	2.956	2.702	2.824	3.885	4.862	4.239	5.49	4.893	7.918	2.008	0.6536	1.492	2.86	2.953	3.696	0.7303	-4.248	3.966	2.654	-2.184	-1.938	-2.332	0.3662	5.029	1.962	-2.222	4.257	2.819	2.265	4.892	4.13	5.034	3.42	3.77	4.748	3.627	8.562	1.88	2.03	1.859	2.966	-5.453	0.1711	7.383	-1.332	3.246	8.67	3.763	1.516	-1.777	3.736	3.682	6.794	3.024	-3.605	3.951	8.488	2.803
5.865	6.73	4.611	4.668	5.424	1.79	-2.275	-2.104	4.809	2.88	8.845	2.007	4.725	3.648	2.429	5.426	4.145	-3.837	3.228	7.059	7.326	2.666	3.548	7.878	7.372	2.799	4.727	0.4544	3.676	-0.6284	5.234	4.504	-2.231	4.181	4.759	2.203	5.324	-2.517	6.299	1.232	4.896	3.341	2.863	2.65	2.693	3.776	4.772	4.154	5.348	4.775	7.723	1.951	0.5776	1.424	2.815	2.866	3.597	0.6822	-4.383	3.87	2.556	-2.253	-2.005	-2.405	0.3029	4.876	1.936	-2.313	4.136	2.671	2.18	4.789	4.027	4.953	3.353	3.713	4.612	3.514	8.332	1.811	1.956	1.791	2.871	-5.594	0.1207	7.206	-1.4	3.159	8.48	3.645	1.418	-1.831	3.664	3.579	6.65	2.969	-3.705	3.839	8.334	2.718
5.676	6.57	4.43	4.559	5.284	1.76	-2.345	-2.198	4.686	2.776	8.646	1.95	4.594	3.526	2.388	5.263	4.046	-3.935	3.069	6.836	7.164	2.582	3.441	7.624	7.207	2.645	4.627	0.398	3.555	-0.7207	5.044	4.391	-2.333	4.077	4.653	2.104	5.187	-2.582	6.191	1.176	4.783	3.236	2.77	2.598	2.562	3.667	4.683	4.068	5.206	4.656	7.528	1.894	0.5017	1.355	2.77	2.78	3.497	0.6341	-4.519	3.774	2.458	-2.322	-2.073	-2.477	0.2396	4.723	1.91	-2.405	4.015	2.524	2.095	4.687	3.924	4.873	3.285	3.655	4.477	3.401	8.102	1.743	1.881	1.723	2.775	-5.735	0.07042	7.03	-1.468	3.072	8.29	3.528	1.32	-1.886	3.593	3.477	6.506	2.915	-3.805	3.728	8.18	2.633
5.486	6.411	4.248	4.451	5.143	1.73	-2.414	-2.291	4.564	2.672	8.447	1.892	4.463	3.404	2.347	5.101	3.947	-4.033	2.91	6.612	7.001	2.497	3.334	7.37	7.041	2.492	4.526	0.3416	3.434	-0.813	4.855	4.279	-2.434	3.973	4.547	2.004	5.049	-2.647	6.084	1.12	4.671	3.13	2.677	2.547	2.431	3.558	4.593	3.982	5.065	4.537	7.333	1.837	0.4257	1.287	2.724	2.693	3.397	0.586	-4.655	3.677	2.36	-2.391	-2.14	-2.55	0.1763	4.57	1.883	-2.497	3.893	2.376	2.01	4.584	3.821	4.792	3.217	3.597	4.341	3.288	7.873	1.674	1.806	1.656	2.68	-5.876	0.02009	6.853	-1.536	2.984	8.1	3.41	1.222	-1.941	3.522	3.375	6.362	2.86	-3.905	3.617	8.026	2.548
5.296	6.251	4.066	4.342	5.002	1.7	-2.484	-2.385	4.441	2.568	8.248	1.834	4.333	3.282	2.305	4.938	3.848	-4.131	2.751	6.389	6.839	2.413	3.227	7.116	6.875	2.338	4.426	0.2853	3.313	-0.9053	4.666	4.166	-2.536	3.869	4.44	1.905	4.912	-2.713	5.976	1.064	4.558	3.025	2.583	2.495	2.3	3.449	4.504	3.897	4.923	4.418	7.138	1.78	0.3497	1.218	2.679	2.607	3.297	0.5379	-4.791	3.581	2.262	-2.46	-2.208	-2.623	0.1131	4.417	1.857	-2.588	3.772	2.228	1.925	4.482	3.719	4.712	3.149	3.54	4.205	3.175	7.643	1.605	1.731	1.588	2.585	-6.017	-0.03023	6.677	-1.603	2.897	7.91	3.292	1.123	-1.996	3.451	3.272	6.218	2.805	-4.005	3.506	7.872	2.463
5.107	6.091	3.884	4.234	4.861	1.67	-2.553	-2.478	4.319	2.465	8.049	1.776	4.202	3.161	2.264	4.776	3.75	-4.229	2.593	6.165	6.676	2.328	3.12	6.862	6.709	2.185	4.326	0.2289	3.192	-0.9976	4.476	4.054	-2.637	3.766	4.334	1.806	4.775	-2.778	5.869	1.009	4.445	2.919	2.49	2.443	2.169	3.341	4.414	3.811	4.781	4.299	6.943	1.723	0.2737	1.15	2.634	2.521	3.198	0.4898	-4.927	3.485	2.164	-2.529	-2.275	-2.696	0.0498	4.265	1.83	-2.68	3.651	2.08	1.84	4.379	3.616	4.631	3.081	3.482	4.069	3.062	7.413	1.536	1.656	1.52	2.49	-6.158	-0.08056	6.5	-1.671	2.809	7.72	3.174	1.025	-2.05	3.379	3.17	6.074	2.75	-4.106	3.394	7.718	2.378
4.917	5.932	3.703	4.125	4.72	1.64	-2.623	-2.571	4.196	2.361	7.85	1.718	4.071	3.039	2.223	4.613	3.651	-4.327	2.434	5.941	6.514	2.244	3.013	6.608	6.543	2.031	4.225	0.1725	3.071	-1.09	4.287	3.941	-2.739	3.662	4.228	1.706	4.638	-2.843	5.761	0.9527	4.332	2.814	2.397	2.392	2.038	3.232	4.325	3.725	4.639	4.18	6.748	1.666	0.1978	1.081	2.588	2.434	3.098	0.4417	-5.063	3.389	2.066	-2.598	-2.343	-2.768	-0.01347	4.112	1.804	-2.772	3.53	1.932	1.755	4.277	3.513	4.551	3.014	3.424	3.933	2.948	7.184	1.468	1.581	1.453	2.394	-6.299	-0.1309	6.324	-1.739	2.722	7.53	3.057	0.927	-2.105	3.308	3.068	5.93	2.695	-4.206	3.283	7.565	2.293
4.727	5.772	3.521	4.017	4.58	1.61	-2.692	-2.665	4.074	2.257	7.651	1.661	3.94	2.917	2.181	4.451	3.552	-4.425	2.275	5.718	6.352	2.159	2.905	6.354	6.377	1.878	4.125	0.1162	2.951	-1.182	4.097	3.829	-2.84	3.558	4.121	1.607	4.501	-2.908	5.654	0.8969	4.219	2.708	2.304	2.34	1.907	3.123	4.235	3.64	4.497	4.062	6.553	1.609	0.1218	1.013	2.543	2.348	2.998	0.3936	-5.199	3.292	1.967	-2.666	-2.41	-2.841	-0.07674	3.959	1.778	-2.863	3.409	1.785	1.67	4.174	3.41	4.47	2.946	3.367	3.797	2.835	6.954	1.399	1.506	1.385	2.299	-6.439	-0.1812	6.147	-1.807	2.635	7.341	2.939	0.8288	-2.16	3.237	2.965	5.786	2.64	-4.306	3.172	7.411	2.208
4.538	5.612	3.339	3.909	4.439	1.579	-2.762	-2.758	3.951	2.153	7.452	1.603	3.81	2.795	2.14	4.289	3.453	-4.523	2.116	5.494	6.189	2.075	2.798	6.099	6.211	1.725	4.025	0.0598	2.83	-1.275	3.908	3.716	-2.941	3.454	4.015	1.508	4.363	-2.973	5.546	0.8411	4.106	2.603	2.211	2.288	1.776	3.014	4.146	3.554	4.355	3.943	6.358	1.551	0.04582	0.9445	2.498	2.261	2.898	0.3455	-5.334	3.196	1.869	-2.735	-2.477	-2.914	-0.14	3.806	1.751	-2.955	3.288	1.637	1.586	4.071	3.308	4.39	2.878	3.309	3.661	2.722	6.724	1.33	1.432	1.317	2.204	-6.58	-0.2315	5.971	-1.875	2.547	7.151	2.821	0.7306	-2.215	3.166	2.863	5.642	2.586	-4.406	3.061	7.257	2.123
4.348	5.453	3.158	3.8	4.298	1.549	-2.831	-2.852	3.829	2.049	7.253	1.545	3.679	2.673	2.099	4.126	3.355	-4.621	1.957	5.271	6.027	1.99	2.691	5.845	6.045	1.571	3.924	0.003428	2.709	-1.367	3.719	3.604	-3.043	3.351	3.909	1.408	4.226	-3.038	5.439	0.7853	3.993	2.497	2.118	2.236	1.645	2.905	4.056	3.468	4.214	3.824	6.163	1.494	-0.03015	0.876	2.452	2.175	2.798	0.2974	-5.47	3.1	1.771	-2.804	-2.545	-2.987	-0.2033	3.653	1.725	-3.047	3.166	1.489	1.501	3.969	3.205	4.309	2.81	3.251	3.525	2.609	6.495	1.261	1.357	1.249	2.109	-6.721	-0.2819	5.794	-1.943	2.46	6.961	2.703	0.6324	-2.269	3.094	2.761	5.499	2.531	-4.506	2.949	7.103	2.038
4.158	5.293	2.976	3.692	4.157	1.519	-2.901	-2.945	3.706	1.945	7.054	1.487	3.548	2.552	2.058	3.964	3.256	-4.719	1.798	5.047	5.864	1.906	2.584	5.591	5.879	1.418	3.824	-0.05294	2.588	-1.459	3.529	3.491	-3.144	3.247	3.802	1.309	4.089	-3.103	5.331	0.7295	3.88	2.392	2.025	2.185	1.514	2.797	3.967	3.383	4.072	3.705	5.968	1.437	-0.1061	0.8075	2.407	2.089	2.699	0.2493	-5.606	3.004	1.673	-2.873	-2.612	-3.059	-0.2665	3.5	1.699	-3.139	3.045	1.341	1.416	3.866	3.102	4.229	2.742	3.194	3.389	2.496	6.265	1.193	1.282	1.182	2.014	-6.862	-0.3322	5.618	-2.011	2.372	6.771	2.585	0.5342	-2.324	3.023	2.658	5.355	2.476	-4.606	2.838	6.949	1.953
3.969	5.133	2.794	3.583	4.016	1.489	-2.971	-3.039	3.584	1.841	6.855	1.429	3.417	2.43	2.016	3.801	3.157	-4.817	1.639	4.823	5.702	1.821	2.477	5.337	5.714	1.264	3.723	-0.1093	2.467	-1.551	3.34	3.378	-3.246	3.143	3.696	1.21	3.952	-3.168	5.224	0.6737	3.768	2.286	1.932	2.133	1.383	2.688	3.877	3.297	3.93	3.586	5.773	1.38	-0.1821	0.739	2.362	2.002	2.599	0.2012	-5.742	2.907	1.575	-2.942	-2.68	-3.132	-0.3298	3.347	1.672	-3.23	2.924	1.193	1.331	3.764	2.999	4.148	2.675	3.136	3.253	2.383	6.035	1.124	1.207	1.114	1.918	-7.003	-0.3825	5.441	-2.079	2.285	6.581	2.468	0.436	-2.379	2.952	2.556	5.211	2.421	-4.706	2.727	6.795	1.868
3.779	4.974	2.612	3.475	3.876	1.459	-3.04	-3.132	3.461	1.737	6.656	1.371	3.287	2.308	1.975	3.639	3.058	-4.914	1.48	4.6	5.54	1.737	2.369	5.083	5.548	1.111	3.623	-0.1657	2.346	-1.644	3.15	3.266	-3.347	3.039	3.59	1.11	3.815	-3.233	5.116	0.6179	3.655	2.181	1.839	2.081	1.253	2.579	3.788	3.211	3.788	3.467	5.578	1.323	-0.2581	0.6705	2.316	1.916	2.499	0.1531	-5.878	2.811	1.477	-3.011	-2.747	-3.205	-0.3931	3.195	1.646	-3.322	2.803	1.046	1.246	3.661	2.897	4.068	2.607	3.078	3.117	2.27	5.806	1.055	1.132	1.046	1.823	-7.144	-0.4328	5.265	-2.147	2.198	6.391	2.35	0.3378	-2.434	2.881	2.454	5.067	2.366	-4.806	2.616	6.641	1.783
3.589	4.814	2.431	3.367	3.735	1.429	-3.11	-3.225	3.339	1.634	6.457	1.314	3.156	2.186	1.934	3.476	2.96	-5.012	1.322	4.376	5.377	1.652	2.262	4.829	5.382	0.9574	3.523	-0.222	2.226	-1.736	2.961	3.153	-3.449	2.936	3.484	1.011	3.677	-3.299	5.009	0.562	3.542	2.075	1.745	2.03	1.122	2.47	3.698	3.126	3.646	3.348	5.382	1.266	-0.334	0.602	2.271	1.83	2.399	0.1049	-6.014	2.715	1.379	-3.08	-2.815	-3.278	-0.4564	3.042	1.619	-3.414	2.682	0.8978	1.161	3.559	2.794	3.987	2.539	3.021	2.981	2.156	5.576	0.9863	1.057	0.9785	1.728	-7.285	-0.4832	5.088	-2.215	2.11	6.201	2.232	0.2396	-2.488	2.809	2.351	4.923	2.312	-4.907	2.504	6.487	1.698
3.4	4.654	2.249	3.258	3.594	1.399	-3.179	-3.319	3.216	1.53	6.257	1.256	3.025	2.065	1.892	3.314	2.861	-5.11	1.163	4.153	5.215	1.568	2.155	4.575	5.216	0.804	3.422	-0.2784	2.105	-1.828	2.772	3.041	-3.55	2.832	3.377	0.9115	3.54	-3.364	4.901	0.5062	3.429	1.97	1.652	1.978	0.9906	2.361	3.609	3.04	3.504	3.23	5.187	1.209	-0.41	0.5335	2.226	1.743	2.299	0.05684	-6.149	2.618	1.281	-3.149	-2.882	-3.35	-0.5196	2.889	1.593	-3.505	2.561	0.75	1.076	3.456	2.691	3.907	2.471	2.963	2.846	2.043	5.347	0.9175	0.9824	0.9108	1.633	-7.426	-0.5335	4.912	-2.282	2.023	6.011	2.114	0.1414	-2.543	2.738	2.249	4.779	2.257	-5.007	2.393	6.333	1.613
3.21	4.495	2.067	3.15	3.453	1.368	-3.249	-3.412	3.094	1.426	6.058	1.198	2.894	1.943	1.851	3.151	2.762	-5.208	1.004	3.929	5.052	1.483	2.048	4.321	5.05	0.6506	3.322	-0.3348	1.984	-1.921	2.582	2.928	-3.652	2.728	3.271	0.8122	3.403	-3.429	4.794	0.4504	3.316	1.864	1.559	1.926	0.8596	2.253	3.52	2.954	3.362	3.111	4.992	1.152	-0.486	0.465	2.18	1.657	2.2	0.008737	-6.285	2.522	1.182	-3.217	-2.949	-3.423	-0.5829	2.736	1.567	-3.597	2.439	0.6022	0.9913	3.354	2.588	3.826	2.403	2.905	2.71	1.93	5.117	0.8488	0.9076	0.8431	1.537	-7.567	-0.5838	4.735	-2.35	1.935	5.822	1.997	0.0432	-2.598	2.667	2.147	4.635	2.202	-5.107	2.282	6.179	1.528
3.02	4.335	1.886	3.041	3.312	1.338	-3.318	-3.506	2.971	1.322	5.859	1.14	2.764	1.821	1.81	2.989	2.663	-5.306	0.845	3.706	4.89	1.399	1.941	4.067	4.884	0.4971	3.222	-0.3912	1.863	-2.013	2.393	2.816	-3.753	2.624	3.165	0.7128	3.266	-3.494	4.686	0.3946	3.203	1.759	1.466	1.874	0.7287	2.144	3.43	2.869	3.221	2.992	4.797	1.095	-0.562	0.3965	2.135	1.57	2.1	-0.03937	-6.421	2.426	1.084	-3.286	-3.017	-3.496	-0.6462	2.583	1.54	-3.689	2.318	0.4544	0.9064	3.251	2.486	3.746	2.336	2.848	2.574	1.817	4.887	0.78	0.8327	0.7754	1.442	-7.708	-0.6342	4.559	-2.418	1.848	5.632	1.879	-0.055	-2.652	2.596	2.044	4.491	2.147	-5.207	2.171	6.025	1.443
2.831	4.176	1.704	2.933	3.172	1.308	-3.388	-3.599	2.849	1.218	5.66	1.082	2.633	1.699	1.769	2.827	2.565	-5.404	0.6861	3.482	4.728	1.314	1.834	3.813	4.718	0.3437	3.121	-0.4475	1.742	-2.105	2.204	2.703	-3.854	2.521	3.058	0.6135	3.129	-3.559	4.579	0.3388	3.09	1.653	1.373	1.823	0.5977	2.035	3.341	2.783	3.079	2.873	4.602	1.038	-0.6379	0.3281	2.09	1.484	2	-0.08747	-6.557	2.33	0.9862	-3.355	-3.084	-3.568	-0.7094	2.43	1.514	-3.78	2.197	0.3066	0.8215	3.149	2.383	3.665	2.268	2.79	2.438	1.704	4.658	0.7113	0.7579	0.7077	1.347	-7.849	-0.6845	4.382	-2.486	1.76	5.442	1.761	-0.1532	-2.707	2.524	1.942	4.347	2.092	-5.307	2.059	5.872	1.358
2.641	4.016	1.522	2.824	3.031	1.278	-3.457	-3.693	2.726	1.114	5.461	1.024	2.502	1.577	1.727	2.664	2.466	-5.502	0.5272	3.258	4.565	1.23	1.726	3.559	4.552	0.1903	3.021	-0.5039	1.622	-2.198	2.014	2.591	-3.956	2.417	2.952	0.5141	2.991	-3.624	4.471	0.283	2.978	1.548	1.28	1.771	0.4667	1.926	3.251	2.697	2.937	2.754	4.407	0.981	-0.7139	0.2596	2.044	1.398	1.9	-0.1356	-6.693	2.233	0.8881	-3.424	-3.152	-3.641	-0.7727	2.278	1.488	-3.872	2.076	0.1588	0.7366	3.046	2.28	3.585	2.2	2.732	2.302	1.591	4.428	0.6425	0.683	0.6399	1.252	-7.99	-0.7348	4.206	-2.554	1.673	5.252	1.643	-0.2514	-2.762	2.453	1.84	4.203	2.037	-5.407	1.948	5.718	1.273
2.451	3.856	1.34	2.716	2.89	1.248	-3.527	-3.786	2.603	1.01	5.262	0.9666	2.371	1.456	1.686	2.502	2.367	-5.6	0.3684	3.035	4.403	1.145	1.619	3.305	4.386	0.03684	2.921	-0.5603	1.501	-2.29	1.825	2.478	-4.057	2.313	2.846	0.4148	2.854	-3.689	4.364	0.2272	2.865	1.442	1.187	1.719	0.3358	1.817	3.162	2.612	2.795	2.635	4.212	0.9239	-0.7899	0.1911	1.999	1.311	1.801	-0.1837	-6.829	2.137	0.79	-3.493	-3.219	-3.714	-0.836	2.125	1.461	-3.964	1.955	0.01097	0.6518	2.943	2.177	3.504	2.132	2.675	2.166	1.478	4.198	0.5738	0.6081	0.5722	1.156	-8.131	-0.7851	4.029	-2.622	1.586	5.062	1.525	-0.3496	-2.817	2.382	1.737	4.059	1.983	-5.507	1.837	5.564	1.188
2.262	3.697	1.159	2.608	2.749	1.218	-3.596	-3.879	2.481	0.9064	5.063	0.9088	2.241	1.334	1.645	2.339	2.268	-5.698	0.2095	2.811	4.24	1.061	1.512	3.051	4.22	-0.1166	2.82	-0.6166	1.38	-2.382	1.635	2.366	-4.159	2.209	2.74	0.3154	2.717	-3.754	4.256	0.1713	2.752	1.337	1.094	1.668	0.2048	1.709	3.072	2.526	2.653	2.517	4.017	0.8669	-0.8659	0.1226	1.954	1.225	1.701	-0.2318	-6.964	2.041	0.6918	-3.562	-3.286	-3.787	-0.8993	1.972	1.435	-4.055	1.834	-0.1368	0.5669	2.841	2.074	3.424	2.064	2.617	2.03	1.364	3.969	0.505	0.5333	0.5045	1.061	-8.271	-0.8355	3.853	-2.69	1.498	4.872	1.408	-0.4478	-2.871	2.311	1.635	3.915	1.928	-5.607	1.726	5.41	1.103
2.072	3.537	0.9771	2.499	2.609	1.188	-3.666	-3.973	2.358	0.8025	4.864	0.851	2.11	1.212	1.603	2.177	2.17	-5.796	0.05063	2.588	4.078	0.976	1.405	2.796	4.055	-0.27	2.72	-0.673	1.259	-2.475	1.446	2.253	-4.26	2.106	2.633	0.2161	2.58	-3.819	4.149	0.1155	2.639	1.231	1.001	1.616	0.07385	1.6	2.983	2.44	2.511	2.398	3.822	0.8098	-0.9418	0.0541	1.908	1.138	1.601	-0.2799	-7.1	1.944	0.5937	-3.631	-3.354	-3.859	-0.9625	1.819	1.408	-4.147	1.713	-0.2846	0.482	2.738	1.972	3.343	1.997	2.559	1.894	1.251	3.739	0.4362	0.4584	0.4368	0.9658	-8.412	-0.8858	3.676	-2.758	1.411	4.682	1.29	-0.546	-2.926	2.239	1.533	3.771	1.873	-5.708	1.615	5.256	1.018
1.882	3.377	0.7953	2.391	2.468	1.157	-3.735	-4.066	2.236	0.6986	4.665	0.7932	1.979	1.09	1.562	2.014	2.071	-5.894	-0.1082	2.364	3.916	0.8915	1.298	2.542	3.889	-0.4234	2.62	-0.7294	1.138	-2.567	1.257	2.141	-4.362	2.002	2.527	0.1167	2.443	-3.885	4.041	0.05972	2.526	1.126	0.9074	1.564	-0.05711	1.491	2.893	2.355	2.37	2.279	3.627	0.7528	-1.018	-0.01438	1.863	1.052	1.501	-0.328	-7.236	1.848	0.4956	-3.7	-3.421	-3.932	-1.026	1.666	1.382	-4.239	1.591	-0.4324	0.3971	2.636	1.869	3.263	1.929	2.502	1.758	1.138	3.509	0.3675	0.3836	0.3691	0.8706	-8.553	-0.9361	3.5	-2.826	1.323	4.493	1.172	-0.6442	-2.981	2.168	1.43	3.628	1.818	-5.808	1.503	5.102	0.9326
1.693	3.218	0.6136	2.282	2.327	1.127	-3.805	-4.16	2.113	0.5947	4.466	0.7353	1.848	0.9685	1.521	1.852	1.972	-5.992	-0.2671	2.14	3.753	0.807	1.191	2.288	3.723	-0.5769	2.519	-0.7857	1.017	-2.659	1.067	2.028	-4.463	1.898	2.421	0.01739	2.305	-3.95	3.933	0.003903	2.413	1.02	0.8143	1.513	-0.1881	1.382	2.804	2.269	2.228	2.16	3.432	0.6957	-1.094	-0.08287	1.818	0.9656	1.401	-0.3761	-7.372	1.752	0.3974	-3.768	-3.489	-4.005	-1.089	1.513	1.356	-4.33	1.47	-0.5802	0.3122	2.533	1.766	3.182	1.861	2.444	1.622	1.025	3.28	0.2987	0.3087	0.3013	0.7753	-8.694	-0.9864	3.323	-2.894	1.236	4.303	1.054	-0.7424	-3.036	2.097	1.328	3.484	1.763	-5.908	1.392	4.948	0.8475
1.503	3.058	0.4319	2.174	2.186	1.097	-3.874	-4.253	1.991	0.4908	4.267	0.6775	1.718	0.8467	1.48	1.689	1.873	-6.09	-0.426	1.917	3.591	0.7224	1.083	2.034	3.557	-0.7303	2.419	-0.8421	0.8966	-2.751	0.8778	1.915	-4.565	1.795	2.314	-0.08196	2.168	-4.015	3.826	-0.05191	2.3	0.9148	0.7212	1.461	-0.319	1.273	2.714	2.183	2.086	2.041	3.237	0.6387	-1.17	-0.1514	1.772	0.8792	1.302	-0.4242	-7.508	1.656	0.2993	-3.837	-3.556	-4.078	-1.152	1.36	1.329	-4.422	1.349	-0.728	0.2273	2.431	1.663	3.102	1.793	2.386	1.486	0.9119	3.05	0.23	0.2338	0.2336	0.6801	-8.835	-1.037	3.147	-2.962	1.149	4.113	0.9366	-0.8406	-3.09	2.026	1.226	3.34	1.708	-6.008	1.281	4.794	0.7625
1.313	2.898	0.2502	2.065	2.045	1.067	-3.944	-4.347	1.868	0.3869	4.068	0.6197	1.587	0.7249	1.438	1.527	1.775	-6.188	-0.5848	1.693	3.429	0.6379	0.9762	1.78	3.391	-0.8837	2.318	-0.8985	0.7758	-2.844	0.6884	1.803	-4.666	1.691	2.208	-0.1813	2.031	-4.08	3.718	-0.1077	2.187	0.8093	0.6281	1.409	-0.45	1.165	2.625	2.098	1.944	1.922	3.042	0.5816	-1.246	-0.2199	1.727	0.7928	1.202	-0.4723	-7.644	1.559	0.2012	-3.906	-3.624	-4.15	-1.216	1.208	1.303	-4.514	1.228	-0.8758	0.1424	2.328	1.561	3.021	1.725	2.329	1.35	0.7988	2.82	0.1612	0.159	0.1659	0.5848	-8.976	-1.087	2.97	-3.029	1.061	3.923	0.8188	-0.9388	-3.145	1.954	1.123	3.196	1.654	-6.108	1.17	4.64	0.6775
1.124	2.739	0.06849	1.957	1.905	1.037	-4.013	-4.44	1.746	0.283	3.869	0.5619	1.456	0.6031	1.397	1.365	1.676	-6.286	-0.7437	1.47	3.266	0.5534	0.869	1.526	3.225	-1.037	2.218	-0.9549	0.6549	-2.936	0.499	1.69	-4.767	1.587	2.102	-0.2807	1.894	-4.145	3.611	-0.1635	2.075	0.7038	0.535	1.357	-0.581	1.056	2.535	2.012	1.802	1.804	2.847	0.5246	-1.322	-0.2883	1.682	0.7064	1.102	-0.5204	-7.78	1.463	0.1031	-3.975	-3.691	-4.223	-1.279	1.055	1.277	-4.606	1.107	-1.024	0.05753	2.226	1.458	2.941	1.658	2.271	1.215	0.6856	2.591	0.09248	0.08413	0.09817	0.4896	-9.117	-1.137	2.794	-3.097	0.9738	3.733	0.701	-1.037	-3.2	1.883	1.021	3.052	1.599	-6.208	1.058	4.486	0.5925
0.9339	2.579	-0.1132	1.849	1.764	1.007	-4.083	-4.533	1.623	0.1792	3.67	0.504	1.325	0.4813	1.356	1.202	1.577	-6.384	-0.9026	1.246	3.104	0.4689	0.7618	1.272	3.059	-1.191	2.118	-1.011	0.5341	-3.028	0.3096	1.578	-4.869	1.483	1.995	-0.38	1.757	-4.21	3.503	-0.2194	1.962	0.5983	0.4418	1.306	-0.7119	0.947	2.446	1.926	1.66	1.685	2.652	0.4675	-1.398	-0.3568	1.636	0.62	1.002	-0.5685	-7.915	1.367	0.004942	-4.044	-3.758	-4.296	-1.342	0.902	1.25	-4.697	0.9855	-1.171	-0.02736	2.123	1.355	2.86	1.59	2.213	1.079	0.5725	2.361	0.02373	0.009269	0.03045	0.3944	-9.258	-1.188	2.617	-3.165	0.8864	3.543	0.5833	-1.135	-3.255	1.812	0.9185	2.908	1.544	-6.308	0.9471	4.332	0.5074
0.7442	2.419	-0.2949	1.74	1.623	0.9765	-4.152	-4.627	1.501	0.07528	3.471	0.4462	1.195	0.3595	1.314	1.04	1.478	-6.482	-1.061	1.023	2.941	0.3844	0.6546	1.018	2.893	-1.344	2.017	-1.068	0.4133	-3.121	0.1202	1.465	-4.97	1.38	1.889	-0.4794	1.619	-4.275	3.396	-0.2752	1.849	0.4928	0.3487	1.254	-0.8429	0.8382	2.356	1.841	1.519	1.566	2.457	0.4105	-1.474	-0.4253	1.591	0.5336	0.9025	-0.6166	-8.051	1.27	-0.09318	-4.113	-3.826	-4.369	-1.405	0.7491	1.224	-4.789	0.8644	-1.319	-0.1123	2.021	1.252	2.78	1.522	2.156	0.9427	0.4594	2.131	-0.04502	-0.06559	-0.03727	0.2991	-9.399	-1.238	2.441	-3.233	0.799	3.353	0.4655	-1.233	-3.309	1.74	0.8162	2.764	1.489	-6.408	0.8359	4.179	0.4224
0.5545	2.26	-0.4767	1.632	1.482	0.9464	-4.222	-4.72	1.378	-0.0286	3.271	0.3884	1.064	0.2377	1.273	0.8772	1.38	-6.58	-1.22	0.799	2.779	0.2999	0.5475	0.7638	2.727	-1.497	1.917	-1.124	0.2925	-3.213	-0.06918	1.353	-5.072	1.276	1.783	-0.5787	1.482	-4.34	3.288	-0.331	1.736	0.3873	0.2556	1.202	-0.9738	0.7294	2.267	1.755	1.377	1.447	2.262	0.3534	-1.55	-0.4938	1.546	0.4473	0.8027	-0.6647	-8.187	1.174	-0.1913	-4.182	-3.893	-4.441	-1.469	0.5963	1.198	-4.881	0.7432	-1.467	-0.1971	1.918	1.15	2.699	1.454	2.098	0.8068	0.3462	1.902	-0.1138	-0.1404	-0.105	0.2039	-9.54	-1.288	2.264	-3.301	0.7116	3.163	0.3477	-1.332	-3.364	1.669	0.7139	2.62	1.434	-6.509	0.7246	4.025	0.3374
0.3649	2.1	-0.6584	1.523	1.341	0.9162	-4.291	-4.814	1.256	-0.1325	3.072	0.3306	0.933	0.116	1.232	0.7147	1.281	-6.678	-1.379	0.5754	2.617	0.2154	0.4403	0.5098	2.561	-1.651	1.817	-1.18	0.1716	-3.305	-0.2586	1.24	-5.173	1.172	1.677	-0.678	1.345	-4.405	3.181	-0.3868	1.623	0.2818	0.1625	1.151	-1.105	0.6206	2.177	1.669	1.235	1.328	2.067	0.2964	-1.626	-0.5623	1.5	0.3609	0.7029	-0.7129	-8.323	1.078	-0.2894	-4.251	-3.961	-4.514	-1.532	0.4434	1.171	-4.972	0.622	-1.615	-0.282	1.816	1.047	2.619	1.387	2.04	0.6709	0.2331	1.672	-0.1825	-0.2153	-0.1727	0.1086	-9.681	-1.339	2.088	-3.369	0.6241	2.974	0.23	-1.43	-3.419	1.598	0.6115	2.476	1.38	-6.609	0.6134	3.871	0.2524
0.1752	1.94	-0.8401	1.415	1.201	0.8861	-4.361	-4.907	1.133	-0.2364	2.873	0.2728	0.8023	-0.005831	1.191	0.5523	1.182	-6.776	-1.538	0.3518	2.454	0.1308	0.3331	0.2557	2.396	-1.804	1.716	-1.237	0.05082	-3.398	-0.448	1.128	-5.275	1.068	1.57	-0.7774	1.208	-4.471	3.073	-0.4426	1.51	0.1763	0.06939	1.099	-1.236	0.5118	2.088	1.584	1.093	1.209	1.872	0.2393	-1.702	-0.6308	1.455	0.2745	0.6031	-0.761	-8.459	0.9817	-0.3876	-4.319	-4.028	-4.587	-1.595	0.2906	1.145	-5.064	0.5009	-1.763	-0.3669	1.713	0.944	2.538	1.319	1.983	0.5349	0.1199	1.443	-0.2513	-0.2902	-0.2404	0.01338	-9.822	-1.389	1.911	-3.437	0.5367	2.784	0.1122	-1.528	-3.474	1.527	0.5092	2.332	1.325	-6.709	0.5021	3.717	0.1674
-0.0145	1.781	-1.022	1.306	1.06	0.8559	-4.431	-5.001	1.011	-0.3403	2.674	0.2149	0.6715	-0.1276	1.149	0.3898	1.083	-6.874	-1.697	0.1282	2.292	0.04632	0.2259	0.001617	2.23	-1.958	1.616	-1.293	-0.07001	-3.49	-0.6374	1.015	-5.376	0.9646	1.464	-0.8767	1.071	-4.536	2.966	-0.4984	1.397	0.07082	-0.02372	1.047	-1.367	0.403	1.998	1.498	0.9513	1.09	1.677	0.1823	-1.778	-0.6993	1.41	0.1881	0.5033	-0.8091	-8.595	0.8854	-0.4857	-4.388	-4.096	-4.659	-1.658	0.1377	1.118	-5.156	0.3797	-1.91	-0.4518	1.61	0.8413	2.458	1.251	1.925	0.399	0.006811	1.213	-0.32	-0.365	-0.3081	-0.08187	-9.963	-1.439	1.735	-3.505	0.4493	2.594	-0.005591	-1.626	-3.528	1.455	0.4069	2.188	1.27	-6.809	0.3909	3.563	0.08234
-0.2042	1.621	-1.204	1.198	0.9191	0.8258	-4.5	-5.094	0.8881	-0.4441	2.475	0.1571	0.5407	-0.2494	1.108	0.2274	0.9845	-6.972	-1.856	-0.09537	2.129	-0.03819	0.1187	-0.2525	2.064	-2.111	1.516	-1.349	-0.1908	-3.582	-0.8268	0.9025	-5.478	0.8609	1.358	-0.9761	0.9335	-4.601	2.858	-0.5542	1.285	-0.03467	-0.1168	0.9954	-1.498	0.2942	1.909	1.412	0.8094	0.9716	1.482	0.1252	-1.853	-0.7678	1.364	0.1017	0.4035	-0.8572	-8.73	0.7891	-0.5838	-4.457	-4.163	-4.732	-1.722	-0.01511	1.092	-5.247	0.2586	-2.058	-0.5367	1.508	0.7385	2.377	1.183	1.867	0.2631	-0.1063	0.9833	-0.3888	-0.4399	-0.3759	-0.1771	-10.1	-1.49	1.559	-3.573	0.3619	2.404	-0.1234	-1.724	-3.583	1.384	0.3045	2.044	1.215	-6.909	0.2797	3.409	-0.002682
-0.3939	1.461	-1.385	1.09	0.7783	0.7956	-4.57	-5.187	0.7656	-0.548	2.276	0.09928	0.41	-0.3712	1.067	0.06495	0.8858	-7.07	-2.015	-0.3189	1.967	-0.1227	0.01156	-0.5065	1.898	-2.265	1.415	-1.406	-0.3117	-3.674	-1.016	0.79	-5.579	0.7571	1.251	-1.075	0.7963	-4.666	2.751	-0.6101	1.172	-0.1402	-0.2099	0.9437	-1.629	0.1854	1.819	1.327	0.6676	0.8528	1.287	0.06819	-1.929	-0.8362	1.319	0.01529	0.3038	-0.9053	-8.866	0.6928	-0.6819	-4.526	-4.23	-4.805	-1.785	-0.168	1.066	-5.339	0.1374	-2.206	-0.6216	1.405	0.6357	2.297	1.115	1.81	0.1272	-0.2195	0.7536	-0.4575	-0.5147	-0.4436	-0.2724	-10.24	-1.54	1.382	-3.641	0.2745	2.214	-0.2411	-1.823	-3.638	1.313	0.2022	1.901	1.16	-7.009	0.1684	3.255	-0.0877
-0.5835	1.302	-1.567	0.9812	0.6375	0.7655	-4.639	-5.281	0.6431	-0.6519	2.077	0.04146	0.2792	-0.493	1.025	-0.0975	0.787	-7.168	-2.174	-0.5425	1.805	-0.2072	-0.09562	-0.7606	1.732	-2.418	1.315	-1.462	-0.4325	-3.767	-1.206	0.6775	-5.681	0.6534	1.145	-1.175	0.6591	-4.731	2.643	-0.6659	1.059	-0.2457	-0.3031	0.892	-1.76	0.07663	1.73	1.241	0.5258	0.7339	1.092	0.01114	-2.005	-0.9047	1.274	-0.0711	0.204	-0.9534	-9.002	0.5965	-0.7801	-4.595	-4.298	-4.878	-1.848	-0.3208	1.039	-5.431	0.01623	-2.354	-0.7065	1.303	0.533	2.216	1.048	1.752	-0.008733	-0.3326	0.524	-0.5263	-0.5896	-0.5113	-0.3676	-10.39	-1.59	1.206	-3.708	0.1871	2.024	-0.3589	-1.921	-3.693	1.242	0.09987	1.757	1.105	-7.109	0.05717	3.101	-0.1727
-0.7732	1.142	-1.749	0.8728	0.4967	0.7353	-4.709	-5.374	0.5205	-0.7558	1.878	-0.01636	0.1485	-0.6148	0.9842	-0.2599	0.6883	-7.266	-2.332	-0.7661	1.642	-0.2917	-0.2028	-1.015	1.566	-2.571	1.214	-1.519	-0.5533	-3.859	-1.395	0.5649	-5.782	0.5496	1.039	-1.274	0.5219	-4.796	2.536	-0.7217	0.9459	-0.3511	-0.3962	0.8403	-1.891	-0.03217	1.64	1.155	0.3839	0.6151	0.8968	-0.0459	-2.081	-0.9732	1.228	-0.1575	0.1042	-1.001	-9.138	0.5003	-0.8782	-4.664	-4.365	-4.95	-1.912	-0.4736	1.013	-5.522	-0.1049	-2.502	-0.7914	1.2	0.4302	2.136	0.9797	1.694	-0.1447	-0.4457	0.2943	-0.595	-0.6645	-0.579	-0.4628	-10.53	-1.641	1.029	-3.776	0.09967	1.834	-0.4767	-2.019	-3.747	1.17	-0.002468	1.613	1.051	-7.209	-0.05407	2.947	-0.2577
-0.9629	0.9825	-1.93	0.7643	0.3559	0.7052	-4.778	-5.468	0.398	-0.8597	1.679	-0.07419	0.01773	-0.7365	0.9429	-0.4224	0.5895	-7.364	-2.491	-0.9897	1.48	-0.3763	-0.31	-1.269	1.4	-2.725	1.114	-1.575	-0.6741	-3.951	-1.584	0.4524	-5.883	0.4459	0.9325	-1.373	0.3847	-4.861	2.428	-0.7775	0.833	-0.4566	-0.4893	0.7886	-2.022	-0.141	1.551	1.07	0.2421	0.4963	0.7018	-0.103	-2.157	-1.042	1.183	-0.2439	0.004395	-1.05	-9.274	0.404	-0.9763	-4.733	-4.433	-5.023	-1.975	-0.6265	0.9865	-5.614	-0.2261	-2.649	-0.8763	1.098	0.3274	2.055	0.9119	1.637	-0.2806	-0.5589	0.0647	-0.6638	-0.7393	-0.6467	-0.5581	-10.67	-1.691	0.8525	-3.844	0.01226	1.645	-0.5945	-2.117	-3.802	1.099	-0.1048	1.469	0.9958	-7.309	-0.1653	2.793	-0.3428
