65.18	173.4	72.22	119.8	67.75	106.4	69.77	47.27	75.21	107.5	62.03	75	114.9	57.32	72.2	76.75	162.4	103.1	61.68	125.4	74.31	74.57	103.5	103.1	86.14	116.2	127.7	59.68	59.74	122.3	141.5	124	80.65	90.2	131.7	103.6	92.95	148.8	141	92.11	69.87	56.62	164	64.19	105.7	113.7	74.76	103.9	77.61	134.9	119.1	60.65	98.54	53.19	58.78	79.29	133.1	139.9	157.7	64.41	151.6	75.05	140.2	152.1	55.01	65.27	170.6	124.7	71.71	65.82	135.9	83.39	175.1	198	116.5	69.82	68.44	83.18	45.95	88.76	132.4	66.61	154.1	106.8	68.42	132.3	110.6	150.4	112	101.7	71.02	62.8	70.13	128.9	118.7	140.5	142.3	129.4	160.4	158.5
64.54	171.7	71.53	118.7	67.13	105.4	69.1	46.86	74.47	106.5	61.47	74.28	113.8	56.77	71.51	76.01	160.8	102.1	61.08	124.1	73.57	73.87	102.5	102	85.31	115.1	126.4	59.14	59.16	121.1	140.2	122.8	79.9	89.32	130.4	102.6	92.08	147.4	139.6	91.21	69.2	56.08	162.4	63.59	104.7	112.6	74.02	102.8	76.87	133.6	117.9	60.08	97.59	52.68	58.2	78.53	131.8	138.5	156.2	63.8	150.2	74.32	138.8	150.6	54.49	64.64	168.9	123.5	71.03	65.17	134.6	82.58	173.4	196.1	115.3	69.16	67.79	82.38	45.52	87.91	131.2	65.98	152.7	105.8	67.75	131	109.6	149	111	100.7	70.35	62.21	69.45	127.6	117.5	139.2	140.9	128.1	158.8	156.9
63.91	170.1	70.83	117.5	66.51	104.4	68.44	46.44	73.74	105.5	60.91	73.55	112.7	56.22	70.82	75.27	159.3	101.1	60.49	122.9	72.83	73.17	101.5	101	84.48	113.9	125.2	58.61	58.58	120	138.8	121.6	79.15	88.44	129.1	101.6	91.2	146	138.3	90.31	68.53	55.54	160.8	62.99	103.6	111.5	73.28	101.8	76.14	132.3	116.7	59.52	96.63	52.17	57.62	77.77	130.5	137.2	154.7	63.19	148.7	73.59	137.5	149.1	53.98	64.02	167.2	122.3	70.34	64.53	133.3	81.77	171.7	194.2	114.2	68.5	67.14	81.58	45.09	87.06	129.9	65.35	151.2	104.8	67.09	129.7	108.5	147.5	109.9	99.71	69.67	61.62	68.77	126.4	116.4	137.9	139.5	126.9	157.3	155.4
63.28	168.4	70.13	116.3	65.89	103.3	67.77	46.02	73	104.5	60.35	72.83	111.6	55.67	70.13	74.53	157.7	100.1	59.89	121.7	72.09	72.47	100.4	100	83.66	112.8	123.9	58.07	58	118.8	137.4	120.4	78.39	87.56	127.9	100.6	90.32	144.5	136.9	89.41	67.86	55	159.2	62.39	102.6	110.4	72.54	100.8	75.41	131	115.5	58.96	95.68	51.66	57.04	77.01	129.3	135.8	153.2	62.59	147.3	72.86	136.2	147.7	53.46	63.39	165.5	121.1	69.66	63.88	131.9	80.95	170	192.3	113.1	67.83	66.49	80.78	44.67	86.21	128.6	64.71	149.7	103.7	66.43	128.5	107.4	146	108.8	98.73	69	61.03	68.09	125.1	115.2	136.5	138.1	125.6	155.7	153.9
62.64	166.8	69.44	115.1	65.27	102.3	67.11	45.6	72.27	103.4	59.78	72.11	110.5	55.12	69.44	73.8	156.2	99.11	59.3	120.5	71.35	71.77	99.43	99.01	82.83	111.7	122.7	57.54	57.42	117.7	136.1	119.2	77.64	86.68	126.6	99.57	89.44	143.1	135.5	88.51	67.19	54.46	157.6	61.78	101.6	109.3	71.8	99.8	74.68	129.7	114.3	58.39	94.72	51.15	56.46	76.25	128	134.5	151.7	61.98	145.8	72.13	134.8	146.2	52.95	62.77	163.9	119.9	68.98	63.24	130.6	80.14	168.3	190.3	112	67.17	65.84	79.98	44.24	85.35	127.3	64.08	148.2	102.7	65.76	127.2	106.3	144.5	107.7	97.76	68.33	60.44	67.41	123.9	114.1	135.2	136.7	124.4	154.2	152.4
62.01	165.1	68.74	114	64.65	101.3	66.44	45.18	71.53	102.4	59.22	71.39	109.4	54.57	68.75	73.06	154.6	98.12	58.7	119.3	70.61	71.07	98.43	97.99	82	110.6	121.5	57	56.84	116.5	134.7	118	76.89	85.8	125.3	98.57	88.57	141.6	134.1	87.61	66.52	53.92	156	61.18	100.6	108.2	71.06	98.79	73.95	128.4	113.1	57.83	93.77	50.64	55.88	75.49	126.7	133.2	150.1	61.37	144.4	71.4	133.5	144.8	52.43	62.15	162.2	118.7	68.29	62.6	129.3	79.33	166.6	188.4	110.8	66.51	65.19	79.18	43.81	84.5	126	63.45	146.8	101.7	65.1	125.9	105.3	143.1	106.6	96.78	67.65	59.85	66.74	122.6	112.9	133.9	135.3	123.1	152.6	150.8
61.38	163.4	68.05	112.8	64.04	100.3	65.78	44.76	70.8	101.4	58.66	70.66	108.3	54.02	68.06	72.32	153	97.14	58.11	118.1	69.87	70.36	97.42	96.98	81.18	109.5	120.2	56.47	56.26	115.4	133.3	116.8	76.13	84.92	124	97.56	87.69	140.2	132.8	86.71	65.85	53.38	154.5	60.58	99.56	107.1	70.32	97.78	73.22	127.1	111.9	57.27	92.81	50.13	55.3	74.74	125.4	131.8	148.6	60.77	143	70.67	132.1	143.3	51.91	61.52	160.5	117.5	67.61	61.95	128	78.51	164.9	186.5	109.7	65.85	64.54	78.38	43.38	83.65	124.8	62.82	145.3	100.7	64.44	124.6	104.2	141.6	105.5	95.8	66.98	59.26	66.06	121.4	111.8	132.5	134	121.9	151.1	149.3
60.74	161.8	67.35	111.6	63.42	99.26	65.11	44.35	70.06	100.4	58.1	69.94	107.2	53.47	67.37	71.59	151.5	96.15	57.51	116.8	69.13	69.66	96.41	95.97	80.35	108.4	119	55.94	55.68	114.2	132	115.6	75.38	84.04	122.8	96.56	86.81	138.7	131.4	85.81	65.18	52.84	152.9	59.97	98.54	106	69.58	96.77	72.49	125.8	110.8	56.7	91.85	49.61	54.72	73.98	124.2	130.5	147.1	60.16	141.5	69.94	130.8	141.8	51.4	60.9	158.8	116.3	66.93	61.31	126.7	77.7	163.2	184.6	108.6	65.19	63.89	77.58	42.96	82.8	123.5	62.18	143.8	99.73	63.78	123.4	103.1	140.1	104.4	94.83	66.31	58.67	65.38	120.1	110.6	131.2	132.6	120.6	149.5	147.8
60.11	160.1	66.66	110.5	62.8	98.24	64.45	43.93	69.33	99.33	57.54	69.22	106.1	52.92	66.68	70.85	149.9	95.16	56.92	115.6	68.39	68.96	95.4	94.95	79.52	107.2	117.7	55.4	55.1	113.1	130.6	114.4	74.63	83.16	121.5	95.55	85.94	137.3	130	84.91	64.51	52.3	151.3	59.37	97.52	104.9	68.84	95.75	71.75	124.5	109.6	56.14	90.9	49.1	54.14	73.22	122.9	129.1	145.6	59.55	140.1	69.21	129.5	140.4	50.88	60.27	157.1	115.1	66.24	60.66	125.4	76.89	161.4	182.6	107.5	64.52	63.24	76.77	42.53	81.95	122.2	61.55	142.3	98.73	63.11	122.1	102	138.6	103.3	93.85	65.63	58.07	64.7	118.8	109.5	129.8	131.2	119.4	148	146.3
59.48	158.5	65.96	109.3	62.18	97.22	63.78	43.51	68.59	98.3	56.97	68.49	105	52.37	65.99	70.11	148.3	94.18	56.32	114.4	67.65	68.26	94.39	93.94	78.7	106.1	116.5	54.87	54.52	111.9	129.2	113.2	73.87	82.28	120.2	94.55	85.06	135.9	128.6	84.01	63.84	51.76	149.7	58.77	96.5	103.8	68.1	94.74	71.02	123.2	108.4	55.57	89.94	48.59	53.55	72.46	121.6	127.8	144.1	58.95	138.6	68.47	128.1	138.9	50.37	59.65	155.5	113.9	65.56	60.02	124	76.07	159.7	180.7	106.3	63.86	62.59	75.97	42.1	81.1	120.9	60.92	140.8	97.73	62.45	120.8	100.9	137.2	102.2	92.87	64.96	57.48	64.02	117.6	108.4	128.5	129.8	118.1	146.4	144.7
58.85	156.8	65.27	108.1	61.56	96.2	63.11	43.09	67.86	97.27	56.41	67.77	103.9	51.82	65.3	69.37	146.8	93.19	55.73	113.2	66.91	67.56	93.38	92.93	77.87	105	115.2	54.33	53.94	110.7	127.8	112	73.12	81.4	119	93.54	84.18	134.4	127.3	83.11	63.17	51.22	148.1	58.17	95.48	102.7	67.36	93.73	70.29	121.9	107.2	55.01	88.99	48.08	52.97	71.7	120.3	126.5	142.6	58.34	137.2	67.74	126.8	137.4	49.85	59.02	153.8	112.7	64.88	59.38	122.7	75.26	158	178.8	105.2	63.2	61.94	75.17	41.68	80.25	119.6	60.28	139.4	96.72	61.79	119.5	99.87	135.7	101.1	91.9	64.29	56.89	63.34	116.3	107.2	127.2	128.4	116.9	144.9	143.2
58.21	155.1	64.57	107	60.94	95.18	62.45	42.67	67.13	96.24	55.85	67.05	102.8	51.27	64.61	68.64	145.2	92.21	55.13	112	66.17	66.86	92.37	91.91	77.04	103.9	114	53.8	53.36	109.6	126.5	110.8	72.36	80.52	117.7	92.54	83.3	133	125.9	82.21	62.5	50.68	146.5	57.56	94.46	101.6	66.62	92.72	69.56	120.6	106	54.45	88.03	47.57	52.39	70.94	119.1	125.1	141	57.73	135.7	67.01	125.4	136	49.34	58.4	152.1	111.5	64.19	58.73	121.4	74.45	156.3	176.9	104.1	62.54	61.3	74.37	41.25	79.39	118.4	59.65	137.9	95.72	61.13	118.3	98.8	134.2	100.1	90.92	63.61	56.3	62.67	115.1	106.1	125.8	127	115.6	143.3	141.7
57.58	153.5	63.87	105.8	60.32	94.16	61.78	42.25	66.39	95.22	55.29	66.33	101.7	50.72	63.92	67.9	143.7	91.22	54.54	110.8	65.43	66.16	91.36	90.9	76.22	102.8	112.8	53.26	52.78	108.4	125.1	109.7	71.61	79.64	116.4	91.53	82.43	131.5	124.5	81.31	61.83	50.14	144.9	56.96	93.44	100.5	65.88	91.7	68.83	119.3	104.8	53.88	87.08	47.06	51.81	70.18	117.8	123.8	139.5	57.13	134.3	66.28	124.1	134.5	48.82	57.78	150.4	110.3	63.51	58.09	120.1	73.63	154.6	174.9	103	61.87	60.65	73.57	40.82	78.54	117.1	59.02	136.4	94.71	60.46	117	97.72	132.7	98.97	89.94	62.94	55.71	61.99	113.8	104.9	124.5	125.6	114.3	141.8	140.2
56.95	151.8	63.18	104.6	59.7	93.14	61.12	41.84	65.66	94.19	54.73	65.6	100.6	50.17	63.23	67.16	142.1	90.23	53.94	109.5	64.69	65.46	90.36	89.89	75.39	101.7	111.5	52.73	52.2	107.3	123.7	108.5	70.86	78.77	115.2	90.53	81.55	130.1	123.2	80.41	61.16	49.6	143.3	56.36	92.42	99.41	65.14	90.69	68.1	118	103.6	53.32	86.12	46.55	51.23	69.42	116.5	122.5	138	56.52	132.9	65.55	122.8	133.1	48.31	57.15	148.8	109.1	62.83	57.45	118.8	72.82	152.9	173	101.8	61.21	60	72.77	40.39	77.69	115.8	58.39	134.9	93.71	59.8	115.7	96.65	131.3	97.88	88.97	62.27	55.12	61.31	112.6	103.8	123.1	124.2	113.1	140.2	138.6
56.31	150.2	62.48	103.4	59.09	92.13	60.45	41.42	64.92	93.16	54.16	64.88	99.54	49.62	62.54	66.42	140.5	89.25	53.35	108.3	63.95	64.76	89.35	88.87	74.57	100.6	110.3	52.19	51.62	106.1	122.4	107.3	70.1	77.89	113.9	89.53	80.67	128.7	121.8	79.51	60.49	49.07	141.7	55.76	91.4	98.31	64.4	89.68	67.37	116.7	102.4	52.76	85.17	46.04	50.65	68.66	115.3	121.1	136.5	55.91	131.4	64.82	121.4	131.6	47.79	56.53	147.1	108	62.14	56.8	117.5	72.01	151.2	171.1	100.7	60.55	59.35	71.97	39.97	76.84	114.5	57.75	133.4	92.71	59.14	114.4	95.57	129.8	96.79	87.99	61.59	54.53	60.63	111.3	102.6	121.8	122.8	111.8	138.7	137.1
55.68	148.5	61.79	102.3	58.47	91.11	59.79	41	64.19	92.13	53.6	64.16	98.45	49.07	61.85	65.69	139	88.26	52.75	107.1	63.21	64.06	88.34	87.86	73.74	99.44	109	51.66	51.05	105	121	106.1	69.35	77.01	112.6	88.52	79.79	127.2	120.4	78.61	59.82	48.53	140.1	55.15	90.38	97.2	63.66	88.67	66.63	115.4	101.3	52.19	84.21	45.53	50.07	67.91	114	119.8	135	55.31	130	64.09	120.1	130.1	47.27	55.9	145.4	106.8	61.46	56.16	116.1	71.19	149.5	169.2	99.58	59.89	58.7	71.17	39.54	75.99	113.2	57.12	132	91.7	58.47	113.1	94.49	128.3	95.7	87.01	60.92	53.94	59.95	110.1	101.5	120.5	121.4	110.6	137.1	135.6
55.05	146.8	61.09	101.1	57.85	90.09	59.12	40.58	63.45	91.11	53.04	63.44	97.35	48.52	61.16	64.95	137.4	87.27	52.16	105.9	62.47	63.36	87.33	86.85	72.91	98.32	107.8	51.12	50.47	103.8	119.6	104.9	68.6	76.13	111.3	87.52	78.92	125.8	119	77.71	59.15	47.99	138.5	54.55	89.36	96.1	62.92	87.66	65.9	114.2	100.1	51.63	83.26	45.01	49.49	67.15	112.7	118.4	133.5	54.7	128.5	63.36	118.8	128.7	46.76	55.28	143.7	105.6	60.78	55.51	114.8	70.38	147.8	167.2	98.46	59.22	58.05	70.37	39.11	75.14	112	56.49	130.5	90.7	57.81	111.9	93.42	126.8	94.61	86.04	60.25	53.35	59.27	108.8	100.3	119.1	120	109.3	135.6	134.1
54.42	145.2	60.4	99.94	57.23	89.07	58.46	40.16	62.72	90.08	52.48	62.71	96.25	47.97	60.47	64.21	135.8	86.29	51.56	104.7	61.73	62.65	86.32	85.84	72.09	97.21	106.5	50.59	49.89	102.7	118.3	103.7	67.84	75.25	110.1	86.51	78.04	124.3	117.7	76.81	58.48	47.45	137	53.95	88.33	95	62.18	86.64	65.17	112.9	98.88	51.07	82.3	44.5	48.91	66.39	111.4	117.1	131.9	54.09	127.1	62.63	117.4	127.2	46.24	54.65	142.1	104.4	60.1	54.87	113.5	69.57	146.1	165.3	97.33	58.56	57.4	69.57	38.69	74.28	110.7	55.85	129	89.7	57.15	110.6	92.34	125.4	93.52	85.06	59.57	52.76	58.6	107.6	99.19	117.8	118.6	108.1	134	132.5
53.78	143.5	59.7	98.77	56.61	88.05	57.79	39.74	61.98	89.05	51.92	61.99	95.15	47.42	59.78	63.48	134.3	85.3	50.97	103.4	60.99	61.95	85.31	84.82	71.26	96.09	105.3	50.06	49.31	101.5	116.9	102.5	67.09	74.37	108.8	85.51	77.16	122.9	116.3	75.91	57.81	46.91	135.4	53.35	87.31	93.9	61.44	85.63	64.44	111.6	97.69	50.5	81.34	43.99	48.32	65.63	110.2	115.8	130.4	53.49	125.7	61.89	116.1	125.7	45.73	54.03	140.4	103.2	59.41	54.23	112.2	68.75	144.4	163.4	96.21	57.9	56.75	68.77	38.26	73.43	109.4	55.22	127.5	88.69	56.49	109.3	91.27	123.9	92.43	84.08	58.9	52.17	57.92	106.3	98.04	116.5	117.3	106.8	132.5	131
53.15	141.9	59.01	97.6	55.99	87.03	57.13	39.33	61.25	88.03	51.36	61.27	94.06	46.87	59.09	62.74	132.7	84.31	50.37	102.2	60.25	61.25	84.3	83.81	70.43	94.98	104.1	49.52	48.73	100.3	115.5	101.3	66.34	73.49	107.5	84.5	76.28	121.5	114.9	75.01	57.14	46.37	133.8	52.74	86.29	92.79	60.7	84.62	63.71	110.3	96.5	49.94	80.39	43.48	47.74	64.87	108.9	114.4	128.9	52.88	124.2	61.16	114.7	124.3	45.21	53.41	138.7	102	58.73	53.58	110.9	67.94	142.7	161.5	95.08	57.24	56.1	67.97	37.83	72.58	108.1	54.59	126.1	87.69	55.82	108	90.19	122.4	91.34	83.11	58.23	51.58	57.24	105.1	96.9	115.1	115.9	105.6	130.9	129.5
52.52	140.2	58.31	96.43	55.37	86.01	56.46	38.91	60.51	87	50.79	60.55	92.96	46.32	58.4	62	131.1	83.33	49.78	101	59.51	60.55	83.29	82.8	69.61	93.86	102.8	48.99	48.15	99.19	114.2	100.1	65.58	72.61	106.3	83.5	75.41	120	113.5	74.11	56.47	45.83	132.2	52.14	85.27	91.69	59.96	83.61	62.98	109	95.32	49.38	79.43	42.97	47.16	64.11	107.6	113.1	127.4	52.27	122.8	60.43	113.4	122.8	44.7	52.78	137	100.8	58.05	52.94	109.6	67.13	141	159.5	93.96	56.57	55.45	67.17	37.4	71.73	106.9	53.95	124.6	86.68	55.16	106.8	89.12	120.9	90.25	82.13	57.55	50.99	56.56	103.8	95.75	113.8	114.5	104.3	129.4	128
51.88	138.5	57.62	95.26	54.76	84.99	55.8	38.49	59.78	85.97	50.23	59.82	91.86	45.77	57.71	61.26	129.6	82.34	49.18	99.79	58.78	59.85	82.29	81.78	68.78	92.75	101.6	48.45	47.57	98.03	112.8	98.91	64.83	71.73	105	82.5	74.53	118.6	112.2	73.21	55.8	45.29	130.6	51.54	84.25	90.59	59.22	82.6	62.24	107.7	94.13	48.81	78.48	42.46	46.58	63.35	106.3	111.8	125.9	51.67	121.3	59.7	112.1	121.3	44.18	52.16	135.3	99.6	57.36	52.29	108.2	66.31	139.3	157.6	92.83	55.91	54.8	66.37	36.98	70.88	105.6	53.32	123.1	85.68	54.5	105.5	88.04	119.5	89.16	81.15	56.88	50.39	55.88	102.6	94.6	112.4	113.1	103.1	127.8	126.4
51.25	136.9	56.92	94.09	54.14	83.97	55.13	38.07	59.04	84.94	49.67	59.1	90.76	45.22	57.02	60.53	128	81.36	48.59	98.58	58.04	59.15	81.28	80.77	67.95	91.63	100.3	47.92	46.99	96.88	111.4	97.71	64.07	70.85	103.7	81.49	73.65	117.1	110.8	72.31	55.14	44.75	129	50.93	83.23	89.49	58.48	81.58	61.51	106.4	92.94	48.25	77.52	41.95	46	62.59	105.1	110.4	124.4	51.06	119.9	58.97	110.7	119.9	43.66	51.53	133.7	98.41	56.68	51.65	106.9	65.5	137.5	155.7	91.71	55.25	54.15	65.57	36.55	70.03	104.3	52.69	121.6	84.68	53.83	104.2	86.97	118	88.07	80.18	56.21	49.8	55.2	101.3	93.46	111.1	111.7	101.8	126.2	124.9
50.62	135.2	56.22	92.92	53.52	82.95	54.47	37.65	58.31	83.92	49.11	58.38	89.67	44.67	56.33	59.79	126.5	80.37	47.99	97.36	57.3	58.45	80.27	79.76	67.13	90.52	99.09	47.38	46.41	95.72	110.1	96.52	63.32	69.97	102.4	80.49	72.77	115.7	109.4	71.41	54.47	44.21	127.4	50.33	82.21	88.38	57.74	80.57	60.78	105.1	91.76	47.69	76.57	41.44	45.42	61.84	103.8	109.1	122.8	50.45	118.5	58.24	109.4	118.4	43.15	50.91	132	97.22	56	51.01	105.6	64.69	135.8	153.8	90.58	54.59	53.51	64.77	36.12	69.18	103	52.06	120.1	83.67	53.17	102.9	85.89	116.5	86.98	79.2	55.53	49.21	54.53	100.1	92.31	109.8	110.3	100.6	124.7	123.4
49.99	133.6	55.53	91.75	52.9	81.93	53.8	37.23	57.57	82.89	48.55	57.66	88.57	44.13	55.64	59.05	124.9	79.38	47.4	96.14	56.56	57.75	79.26	78.74	66.3	89.4	97.84	46.85	45.83	94.57	108.7	95.32	62.57	69.09	101.2	79.48	71.9	114.3	108.1	70.51	53.8	43.67	125.8	49.73	81.19	87.28	57	79.56	60.05	103.8	90.57	47.12	75.61	40.93	44.84	61.08	102.5	107.7	121.3	49.85	117	57.51	108.1	117	42.63	50.29	130.3	96.02	55.31	50.36	104.3	63.87	134.1	151.8	89.46	53.93	52.86	63.97	35.7	68.32	101.7	51.42	118.7	82.67	52.51	101.7	84.81	115	85.89	78.23	54.86	48.62	53.85	98.8	91.17	108.4	108.9	99.3	123.1	121.9
49.35	131.9	54.83	90.58	52.28	80.91	53.13	36.81	56.84	81.86	47.98	56.93	87.47	43.58	54.95	58.31	123.3	78.4	46.81	94.92	55.82	57.05	78.25	77.73	65.48	88.29	96.6	46.31	45.25	93.41	107.3	94.13	61.81	68.21	99.9	78.48	71.02	112.8	106.7	69.61	53.13	43.13	124.2	49.13	80.17	86.18	56.26	78.55	59.32	102.5	89.38	46.56	74.66	40.42	44.26	60.32	101.2	106.4	119.8	49.24	115.6	56.78	106.7	115.5	42.12	49.66	128.6	94.83	54.63	49.72	103	63.06	132.4	149.9	88.33	53.26	52.21	63.17	35.27	67.47	100.5	50.79	117.2	81.67	51.85	100.4	83.74	113.6	84.8	77.25	54.18	48.03	53.17	97.54	90.02	107.1	107.5	98.05	121.6	120.3
48.72	130.2	54.14	89.41	51.66	79.89	52.47	36.4	56.1	80.83	47.42	56.21	86.37	43.03	54.26	57.58	121.8	77.41	46.21	93.7	55.08	56.35	77.24	76.72	64.65	87.17	95.36	45.78	44.67	92.25	105.9	92.93	61.06	67.33	98.63	77.47	70.14	111.4	105.3	68.71	52.46	42.59	122.6	48.52	79.15	85.08	55.51	77.54	58.59	101.2	88.19	46	73.7	39.9	43.68	59.56	99.97	105.1	118.3	48.63	114.1	56.05	105.4	114	41.6	49.04	127	93.64	53.95	49.07	101.7	62.25	130.7	148	87.2	52.6	51.56	62.37	34.84	66.62	99.17	50.16	115.7	80.66	51.18	99.1	82.66	112.1	83.71	76.27	53.51	47.44	52.49	96.29	88.88	105.7	106.1	96.8	120	118.8
48.09	128.6	53.44	88.25	51.04	78.87	51.8	35.98	55.37	79.81	46.86	55.49	85.28	42.48	53.57	56.84	120.2	76.42	45.62	92.49	54.34	55.65	76.23	75.7	63.82	86.06	94.12	45.25	44.09	91.1	104.6	91.74	60.31	66.45	97.36	76.47	69.26	109.9	103.9	67.81	51.79	42.05	121	47.92	78.13	83.97	54.77	76.52	57.86	99.92	87.01	45.43	72.74	39.39	43.1	58.8	98.7	103.7	116.8	48.03	112.7	55.31	104	112.6	41.09	48.41	125.3	92.44	53.26	48.43	100.3	61.43	129	146.1	86.08	51.94	50.91	61.57	34.41	65.77	97.89	49.52	114.2	79.66	50.52	97.83	81.59	110.6	82.62	75.3	52.84	46.85	51.81	95.04	87.73	104.4	104.7	95.54	118.5	117.3
47.45	126.9	52.75	87.08	50.42	77.85	51.14	35.56	54.63	78.78	46.3	54.77	84.18	41.93	52.88	56.1	118.6	75.44	45.02	91.27	53.6	54.94	75.22	74.69	63	84.94	92.87	44.71	43.51	89.94	103.2	90.55	59.55	65.57	96.09	75.46	68.39	108.5	102.6	66.91	51.12	41.51	119.5	47.32	77.11	82.87	54.03	75.51	57.12	98.63	85.82	44.87	71.79	38.88	42.51	58.04	97.42	102.4	115.3	47.42	111.3	54.58	102.7	111.1	40.57	47.79	123.6	91.25	52.58	47.79	99.02	60.62	127.3	144.1	84.95	51.28	50.26	60.77	33.99	64.92	96.61	48.89	112.8	78.66	49.86	96.55	80.51	109.1	81.53	74.32	52.16	46.26	51.13	93.79	86.58	103.1	103.3	94.29	116.9	115.8
46.82	125.3	52.05	85.91	49.81	76.83	50.47	35.14	53.9	77.75	45.74	54.04	83.08	41.38	52.19	55.37	117.1	74.45	44.43	90.05	52.86	54.24	74.22	73.68	62.17	83.83	91.63	44.18	42.93	88.79	101.8	89.35	58.8	64.69	94.82	74.46	67.51	107.1	101.2	66.01	50.45	40.97	117.9	46.72	76.09	81.77	53.29	74.5	56.39	97.33	84.63	44.31	70.83	38.37	41.93	57.28	96.15	101.1	113.7	46.81	109.8	53.85	101.4	109.6	40.05	47.16	121.9	90.06	51.9	47.14	97.7	59.81	125.6	142.2	83.83	50.61	49.61	59.97	33.56	64.07	95.33	48.26	111.3	77.65	49.2	95.27	79.44	107.7	80.44	73.34	51.49	45.67	50.46	92.53	85.44	101.7	101.9	93.04	115.4	114.2
46.19	123.6	51.36	84.74	49.19	75.81	49.81	34.72	53.16	76.72	45.18	53.32	81.98	40.83	51.5	54.63	115.5	73.47	43.83	88.83	52.12	53.54	73.21	72.66	61.34	82.71	90.39	43.64	42.35	87.63	100.5	88.16	58.04	63.81	93.55	73.46	66.63	105.6	99.82	65.11	49.78	40.43	116.3	46.11	75.07	80.67	52.55	73.49	55.66	96.04	83.45	43.74	69.88	37.86	41.35	56.52	94.88	99.71	112.2	46.21	108.4	53.12	100	108.2	39.54	46.54	120.3	88.87	51.22	46.5	96.38	58.99	123.9	140.3	82.7	49.95	48.96	59.17	33.13	63.21	94.06	47.62	109.8	76.65	48.53	94	78.36	106.2	79.35	72.37	50.82	45.08	49.78	91.28	84.29	100.4	100.6	91.78	113.8	112.7
45.56	121.9	50.66	83.57	48.57	74.79	49.14	34.3	52.43	75.7	44.61	52.6	80.88	40.28	50.81	53.89	114	72.48	43.24	87.62	51.38	52.84	72.2	71.65	60.52	81.6	89.14	43.11	41.77	86.48	99.1	86.96	57.29	62.93	92.27	72.45	65.75	104.2	98.45	64.21	49.11	39.89	114.7	45.51	74.05	79.56	51.81	72.47	54.93	94.75	82.26	43.18	68.92	37.35	40.77	55.76	93.6	98.37	110.7	45.6	106.9	52.39	98.69	106.7	39.02	45.92	118.6	87.67	50.53	45.85	95.07	58.18	122.2	138.4	81.58	49.29	48.31	58.37	32.71	62.36	92.78	46.99	108.3	75.64	47.87	92.72	77.29	104.7	78.26	71.39	50.14	44.49	49.1	90.03	83.15	99.05	99.16	90.53	112.3	111.2
44.92	120.3	49.96	82.4	47.95	73.77	48.48	33.89	51.7	74.67	44.05	51.88	79.79	39.73	50.12	53.15	112.4	71.49	42.64	86.4	50.64	52.14	71.19	70.64	59.69	80.48	87.9	42.57	41.19	85.32	97.73	85.77	56.54	62.05	91	71.45	64.88	102.7	97.08	63.31	48.44	39.35	113.1	44.91	73.03	78.46	51.07	71.46	54.2	93.45	81.07	42.62	67.97	36.84	40.19	55.01	92.33	97.04	109.2	44.99	105.5	51.66	97.35	105.3	38.51	45.29	116.9	86.48	49.85	45.21	93.75	57.37	120.5	136.4	80.45	48.63	47.66	57.57	32.28	61.51	91.5	46.36	106.8	74.64	47.21	91.44	76.21	103.2	77.17	70.41	49.47	43.9	48.42	88.77	82	97.71	97.77	89.28	110.7	109.7
44.29	118.6	49.27	81.23	47.33	72.75	47.81	33.47	50.96	73.64	43.49	51.15	78.69	39.18	49.43	52.42	110.8	70.51	42.05	85.18	49.9	51.44	70.18	69.62	58.86	79.37	86.66	42.04	40.61	84.17	96.36	84.57	55.78	61.17	89.73	70.44	64	101.3	95.71	62.41	47.77	38.81	111.5	44.31	72.01	77.36	50.33	70.45	53.47	92.16	79.88	42.05	67.01	36.33	39.61	54.25	91.06	95.7	107.7	44.38	104.1	50.93	96.01	103.8	37.99	44.67	115.2	85.29	49.17	44.57	92.43	56.55	118.8	134.5	79.33	47.96	47.01	56.77	31.85	60.66	90.22	45.73	105.4	73.64	46.54	90.17	75.13	101.8	76.08	69.44	48.8	43.31	47.74	87.52	80.86	96.37	96.38	88.02	109.2	108.1
43.66	117	48.57	80.06	46.71	71.73	47.15	33.05	50.23	72.61	42.93	50.43	77.59	38.63	48.74	51.68	109.3	69.52	41.45	83.96	49.16	50.74	69.17	68.61	58.04	78.25	85.42	41.5	40.03	83.01	94.99	83.38	55.03	60.29	88.46	69.44	63.12	99.85	94.33	61.51	47.1	38.27	109.9	43.7	70.99	76.26	49.59	69.44	52.74	90.86	78.7	41.49	66.06	35.82	39.03	53.49	89.78	94.36	106.2	43.78	102.6	50.2	94.67	102.3	37.48	44.04	113.6	84.09	48.48	43.92	91.12	55.74	117.1	132.6	78.2	47.3	46.37	55.97	31.42	59.81	88.94	45.09	103.9	72.63	45.88	88.89	74.06	100.3	74.99	68.46	48.12	42.71	47.06	86.27	79.71	95.03	94.98	86.77	107.6	106.6
43.02	115.3	47.88	78.89	46.09	70.71	46.48	32.63	49.49	71.59	42.37	49.71	76.49	38.08	48.05	50.94	107.7	68.53	40.86	82.75	48.42	50.04	68.16	67.6	57.21	77.14	84.17	40.97	39.45	81.85	93.62	82.19	54.28	59.41	87.19	68.43	62.25	98.41	92.96	60.61	46.43	37.73	108.3	43.1	69.97	75.15	48.85	68.43	52	89.57	77.51	40.93	65.1	35.3	38.45	52.73	88.51	93.02	104.6	43.17	101.2	49.46	93.34	100.9	36.96	43.42	111.9	82.9	47.8	43.28	89.8	54.93	115.4	130.7	77.08	46.64	45.72	55.17	31	58.96	87.66	44.46	102.4	71.63	45.22	87.61	72.98	98.81	73.9	67.48	47.45	42.12	46.39	85.01	78.56	93.7	93.59	85.52	106.1	105.1
42.39	113.6	47.18	77.72	45.47	69.7	45.82	32.21	48.76	70.56	41.8	48.99	75.4	37.53	47.36	50.2	106.1	67.55	40.26	81.53	47.68	49.34	67.15	66.58	56.38	76.02	82.93	40.43	38.88	80.7	92.26	80.99	53.52	58.53	85.92	67.43	61.37	96.97	91.59	59.71	45.76	37.19	106.7	42.5	68.95	74.05	48.11	67.41	51.27	88.28	76.32	40.36	64.15	34.79	37.87	51.97	87.24	91.68	103.1	42.56	99.74	48.73	92	99.4	36.45	42.79	110.2	81.71	47.12	42.63	88.48	54.11	113.7	128.7	75.95	45.98	45.07	54.37	30.57	58.1	86.38	43.83	100.9	70.63	44.56	86.33	71.91	97.34	72.81	66.51	46.78	41.53	45.71	83.76	77.42	92.36	92.2	84.26	104.5	103.6
41.76	112	46.49	76.55	44.86	68.68	45.15	31.79	48.02	69.53	41.24	48.26	74.3	36.98	46.67	49.47	104.6	66.56	39.67	80.31	46.94	48.64	66.15	65.57	55.56	74.91	81.69	39.9	38.3	79.54	90.89	79.8	52.77	57.65	84.65	66.42	60.49	95.53	90.22	58.81	45.09	36.65	105.1	41.89	67.93	72.95	47.37	66.4	50.54	86.98	75.13	39.8	63.19	34.28	37.28	51.21	85.96	90.35	101.6	41.96	98.3	48	90.66	97.94	35.93	42.17	108.5	80.51	46.43	41.99	87.17	53.3	111.9	126.8	74.82	45.32	44.42	53.57	30.14	57.25	85.1	43.19	99.45	69.62	43.89	85.06	70.83	95.86	71.72	65.53	46.1	40.94	45.03	82.51	76.27	91.02	90.81	83.01	103	102
41.12	110.3	45.79	75.38	44.24	67.66	44.49	31.38	47.29	68.5	40.68	47.54	73.2	36.43	45.98	48.73	103	65.58	39.07	79.09	46.2	47.93	65.14	64.56	54.73	73.79	80.44	39.37	37.72	78.39	89.52	78.6	52.02	56.77	83.38	65.42	59.61	94.09	88.84	57.91	44.42	36.11	103.5	41.29	66.91	71.85	46.63	65.39	49.81	85.69	73.95	39.23	62.23	33.77	36.7	50.45	84.69	89.01	100.1	41.35	96.86	47.27	89.32	96.47	35.41	41.55	106.8	79.32	45.75	41.35	85.85	52.49	110.2	124.9	73.7	44.65	43.77	52.77	29.71	56.4	83.82	42.56	97.97	68.62	43.23	83.78	69.76	94.39	70.63	64.55	45.43	40.35	44.35	81.26	75.13	89.68	89.42	81.76	101.4	100.5
40.49	108.7	45.1	74.21	43.62	66.64	43.82	30.96	46.55	67.48	40.12	46.82	72.1	35.88	45.29	47.99	101.5	64.59	38.48	77.87	45.46	47.23	64.13	63.55	53.91	72.68	79.2	38.83	37.14	77.23	88.15	77.41	51.26	55.89	82.11	64.42	58.74	92.65	87.47	57.01	43.75	35.57	102	40.69	65.89	70.74	45.89	64.38	49.08	84.39	72.76	38.67	61.28	33.26	36.12	49.69	83.42	87.67	98.58	40.74	95.42	46.54	87.98	95.01	34.9	40.92	105.2	78.13	45.07	40.7	84.53	51.67	108.5	123	72.57	43.99	43.12	51.97	29.29	55.55	82.54	41.93	96.49	67.61	42.57	82.5	68.68	92.92	69.54	63.58	44.76	39.76	43.67	80	73.98	88.34	88.03	80.5	99.88	99
39.86	107	44.4	73.04	43	65.62	43.15	30.54	45.82	66.45	39.56	46.1	71.01	35.33	44.6	47.26	99.89	63.6	37.88	76.66	44.72	46.53	63.12	62.53	53.08	71.56	77.96	38.3	36.56	76.08	86.78	76.21	50.51	55.01	80.84	63.41	57.86	91.21	86.1	56.11	43.08	35.03	100.4	40.09	64.87	69.64	45.15	63.37	48.35	83.1	71.57	38.11	60.32	32.75	35.54	48.94	82.14	86.33	97.06	40.14	93.98	45.81	86.64	93.55	34.38	40.3	103.5	76.94	44.38	40.06	83.22	50.86	106.8	121	71.45	43.33	42.47	51.17	28.86	54.7	81.26	41.29	95.01	66.61	41.91	81.23	67.61	91.44	68.45	62.6	44.08	39.17	42.99	78.75	72.83	87	86.63	79.25	98.33	97.47
39.23	105.3	43.71	71.87	42.38	64.6	42.49	30.12	45.08	65.42	39	45.37	69.91	34.78	43.91	46.52	98.33	62.62	37.29	75.44	43.98	45.83	62.11	61.52	52.25	70.45	76.72	37.76	35.98	74.92	85.41	75.02	49.75	54.13	79.56	62.41	56.98	89.77	84.73	55.21	42.41	34.49	98.77	39.48	63.85	68.54	44.41	62.35	47.62	81.81	70.39	37.54	59.37	32.24	34.96	48.18	80.87	85	95.54	39.53	92.54	45.08	85.31	92.08	33.87	39.67	101.8	75.74	43.7	39.41	81.9	50.05	105.1	119.1	70.32	42.67	41.82	50.37	28.43	53.85	79.98	40.66	93.53	65.61	41.24	79.95	66.53	89.97	67.36	61.62	43.41	38.58	42.32	77.5	71.69	85.66	85.24	78	96.78	95.95
38.59	103.7	43.01	70.7	41.76	63.58	41.82	29.7	44.35	64.4	38.43	44.65	68.81	34.23	43.22	45.78	96.77	61.63	36.69	74.22	43.24	45.13	61.1	60.51	51.43	69.33	75.47	37.23	35.4	73.76	84.04	73.83	49	53.25	78.29	61.4	56.1	88.33	83.35	54.31	41.74	33.95	97.18	38.88	62.83	67.44	43.67	61.34	46.88	80.51	69.2	36.98	58.41	31.73	34.38	47.42	79.6	83.66	94.03	38.92	91.1	44.35	83.97	90.62	33.35	39.05	100.1	74.55	43.02	38.77	80.58	49.23	103.4	117.2	69.2	42	41.17	49.57	28.01	53	78.7	40.03	92.06	64.6	40.58	78.67	65.45	88.49	66.27	60.65	42.74	37.99	41.64	76.24	70.54	84.33	83.85	76.74	95.23	94.42
37.96	102	42.31	69.53	41.14	62.56	41.16	29.28	43.61	63.37	37.87	43.93	67.71	33.68	42.53	45.04	95.21	60.64	36.1	73	42.5	44.43	60.09	59.49	50.6	68.22	74.23	36.69	34.82	72.61	82.67	72.63	48.25	52.38	77.02	60.4	55.23	86.89	81.98	53.41	41.07	33.41	95.59	38.28	61.8	66.33	42.93	60.33	46.15	79.22	68.01	36.42	57.46	31.22	33.8	46.66	78.32	82.32	92.51	38.32	89.66	43.62	82.63	89.16	32.84	38.43	98.46	73.36	42.33	38.13	79.27	48.42	101.7	115.3	68.07	41.34	40.52	48.76	27.58	52.14	77.42	39.4	90.58	63.6	39.92	77.4	64.38	87.02	65.18	59.67	42.06	37.4	40.96	74.99	69.4	82.99	82.46	75.49	93.67	92.9
37.33	100.3	41.62	68.36	40.53	61.54	40.49	28.87	42.88	62.34	37.31	43.21	66.62	33.13	41.84	44.31	93.64	59.66	35.5	71.79	41.76	43.73	59.08	58.48	49.77	67.1	72.99	36.16	34.24	71.45	81.3	71.44	47.49	51.5	75.75	59.39	54.35	85.45	80.61	52.51	40.4	32.87	94	37.68	60.78	65.23	42.19	59.32	45.42	77.93	66.82	35.85	56.5	30.71	33.22	45.9	77.05	80.98	90.99	37.71	88.22	42.88	81.29	87.69	32.32	37.8	96.78	72.16	41.65	37.48	77.95	47.61	99.99	113.3	66.95	40.68	39.87	47.96	27.15	51.29	76.14	38.76	89.1	62.6	39.25	76.12	63.3	85.54	64.09	58.69	41.39	36.81	40.28	73.74	68.25	81.65	81.07	74.24	92.12	91.37
36.69	98.69	40.92	67.19	39.91	60.52	39.83	28.45	42.14	61.31	36.75	42.48	65.52	32.58	41.15	43.57	92.08	58.67	34.91	70.57	41.02	43.03	58.07	57.47	48.95	65.99	71.74	35.62	33.66	70.3	79.94	70.24	46.74	50.62	74.48	58.39	53.47	84.01	79.24	51.61	39.73	32.34	92.41	37.07	59.76	64.13	41.45	58.31	44.69	76.63	65.64	35.29	55.55	30.19	32.64	45.14	75.78	79.64	89.48	37.1	86.78	42.15	79.95	86.23	31.8	37.18	95.11	70.97	40.97	36.84	76.63	46.79	98.29	111.4	65.82	40.02	39.23	47.16	26.72	50.44	74.86	38.13	87.62	61.59	38.59	74.84	62.23	84.07	63	57.72	40.72	36.22	39.6	72.48	67.11	80.31	79.67	72.98	90.57	89.85
36.06	97.03	40.23	66.02	39.29	59.5	39.16	28.03	41.41	60.29	36.19	41.76	64.42	32.03	40.46	42.83	90.52	57.68	34.31	69.35	40.28	42.33	57.07	56.45	48.12	64.87	70.5	35.09	33.08	69.14	78.57	69.05	45.99	49.74	73.21	57.38	52.59	82.57	77.86	50.71	39.07	31.8	90.82	36.47	58.74	63.03	40.71	57.29	43.96	75.34	64.45	34.73	54.59	29.68	32.05	44.38	74.5	78.31	87.96	36.5	85.34	41.42	78.62	84.77	31.29	36.55	93.43	69.78	40.29	36.19	75.31	45.98	96.58	109.5	64.7	39.35	38.58	46.36	26.3	49.59	73.58	37.5	86.14	60.59	37.93	73.57	61.15	82.59	61.91	56.74	40.04	35.63	38.93	71.23	65.96	78.97	78.28	71.73	89.02	88.32
35.43	95.37	39.53	64.85	38.67	58.48	38.5	27.61	40.67	59.26	35.62	41.04	63.32	31.48	39.77	42.09	88.95	56.7	33.72	68.13	39.54	41.63	56.06	55.44	47.29	63.76	69.26	34.56	32.5	67.99	77.2	67.85	45.23	48.86	71.94	56.38	51.72	81.13	76.49	49.81	38.4	31.26	89.23	35.87	57.72	61.92	39.97	56.28	43.23	74.04	63.26	34.16	53.64	29.17	31.47	43.62	73.23	76.97	86.44	35.89	83.9	40.69	77.28	83.31	30.77	35.93	91.75	68.58	39.6	35.55	74	45.17	94.87	107.6	63.57	38.69	37.93	45.56	25.87	48.74	72.3	36.86	84.66	59.58	37.27	72.29	60.08	81.12	60.82	55.76	39.37	35.04	38.25	69.98	64.81	77.63	76.89	70.48	87.47	86.8
34.8	93.71	38.84	63.68	38.05	57.46	37.83	27.19	39.94	58.23	35.06	40.31	62.22	30.93	39.08	41.36	87.39	55.71	33.12	66.92	38.8	40.93	55.05	54.43	46.47	62.64	68.02	34.02	31.92	66.83	75.83	66.66	44.48	47.98	70.67	55.38	50.84	79.69	75.12	48.91	37.73	30.72	87.64	35.27	56.7	60.82	39.23	55.27	42.49	72.75	62.08	33.6	52.68	28.66	30.89	42.86	71.96	75.63	84.93	35.28	82.46	39.96	75.94	81.84	30.26	35.3	90.08	67.39	38.92	34.91	72.68	44.35	93.17	105.6	62.44	38.03	37.28	44.76	25.44	47.89	71.02	36.23	83.19	58.58	36.6	71.01	59	79.64	59.73	54.79	38.69	34.44	37.57	68.72	63.67	76.29	75.5	69.22	85.92	85.27
34.16	92.05	38.14	62.52	37.43	56.44	37.17	26.77	39.2	57.2	34.5	39.59	61.13	30.38	38.39	40.62	85.83	54.73	32.53	65.7	38.06	40.22	54.04	53.41	45.64	61.53	66.77	33.49	31.34	65.68	74.46	65.47	43.73	47.1	69.4	54.37	49.96	78.24	73.75	48.01	37.06	30.18	86.05	34.66	55.68	59.72	38.49	54.26	41.76	71.46	60.89	33.04	51.72	28.15	30.31	42.11	70.68	74.29	83.41	34.68	81.02	39.23	74.6	80.38	29.74	34.68	88.4	66.2	38.24	34.26	71.36	43.54	91.46	103.7	61.32	37.37	36.63	43.96	25.02	47.03	69.74	35.6	81.71	57.58	35.94	69.74	57.93	78.17	58.64	53.81	38.02	33.85	36.89	67.47	62.52	74.95	74.11	67.97	84.37	83.75
33.53	90.39	37.45	61.35	36.81	55.42	36.5	26.35	38.47	56.18	33.94	38.87	60.03	29.83	37.7	39.88	84.27	53.74	31.93	64.48	37.32	39.52	53.03	52.4	44.81	60.41	65.53	32.95	30.76	64.52	73.09	64.27	42.97	46.22	68.13	53.37	49.08	76.8	72.38	47.11	36.39	29.64	84.46	34.06	54.66	58.62	37.75	53.24	41.03	70.16	59.7	32.47	50.77	27.64	29.73	41.35	69.41	72.95	81.89	34.07	79.58	38.5	73.26	78.92	29.23	34.06	86.72	65.01	37.55	33.62	70.05	42.73	89.75	101.8	60.19	36.71	35.98	43.16	24.59	46.18	68.47	34.96	80.23	56.57	35.28	68.46	56.85	76.69	57.55	52.83	37.35	33.26	36.21	66.22	61.38	73.62	72.71	66.71	82.82	82.22
32.9	88.73	36.75	60.18	36.19	54.4	35.84	25.94	37.74	55.15	33.38	38.15	58.93	29.28	37.01	39.15	82.7	52.75	31.34	63.26	36.58	38.82	52.02	51.39	43.99	59.3	64.29	32.42	30.18	63.36	71.72	63.08	42.22	45.34	66.85	52.36	48.21	75.36	71	46.21	35.72	29.1	82.87	33.46	53.64	57.51	37	52.23	40.3	68.87	58.51	31.91	49.81	27.13	29.15	40.59	68.14	71.62	80.38	33.46	78.14	37.77	71.93	77.45	28.71	33.43	85.05	63.81	36.87	32.98	68.73	41.91	88.05	99.86	59.07	36.04	35.33	42.36	24.16	45.33	67.19	34.33	78.75	55.57	34.61	67.18	55.78	75.22	56.46	51.86	36.67	32.67	35.53	64.97	60.23	72.28	71.32	65.46	81.27	80.7
32.26	87.07	36.06	59.01	35.58	53.38	35.17	25.52	37	54.12	32.82	37.42	57.83	28.73	36.32	38.41	81.14	51.77	30.74	62.04	35.84	38.12	51.01	50.37	43.16	58.18	63.04	31.88	29.6	62.21	70.35	61.88	41.46	44.46	65.58	51.36	47.33	73.92	69.63	45.31	35.05	28.56	81.28	32.86	52.62	56.41	36.26	51.22	39.57	67.57	57.33	31.35	48.86	26.62	28.57	39.83	66.86	70.28	78.86	32.86	76.7	37.04	70.59	75.99	28.2	32.81	83.37	62.62	36.19	32.33	67.41	41.1	86.34	97.94	57.94	35.38	34.68	41.56	23.73	44.48	65.91	33.7	77.27	54.57	33.95	65.91	54.7	73.74	55.37	50.88	36	32.08	34.86	63.71	59.09	70.94	69.93	64.21	79.71	79.17
31.63	85.41	35.36	57.84	34.96	52.36	34.51	25.1	36.27	53.09	32.25	36.7	56.74	28.18	35.63	37.67	79.58	50.78	30.15	60.83	35.1	37.42	50	49.36	42.34	57.07	61.8	31.35	29.02	61.05	68.99	60.69	40.71	43.58	64.31	50.35	46.45	72.48	68.26	44.41	34.38	28.02	79.68	32.25	51.6	55.31	35.52	50.21	38.84	66.28	56.14	30.78	47.9	26.11	27.99	39.07	65.59	68.94	77.34	32.25	75.26	36.3	69.25	74.53	27.68	32.18	81.69	61.43	35.5	31.69	66.1	40.29	84.63	96.01	56.82	34.72	34.03	40.76	23.31	43.63	64.63	33.07	75.79	53.56	33.29	64.63	53.62	72.27	54.28	49.91	35.33	31.49	34.18	62.46	57.94	69.6	68.54	62.95	78.16	77.65
31	83.75	34.66	56.67	34.34	51.34	33.84	24.68	35.53	52.07	31.69	35.98	55.64	27.63	34.94	36.93	78.01	49.79	29.56	59.61	34.36	36.72	49	48.35	41.51	55.95	60.56	30.81	28.44	59.9	67.62	59.5	39.96	42.7	63.04	49.35	45.57	71.04	66.89	43.5	33.71	27.48	78.09	31.65	50.58	54.21	34.78	49.2	38.11	64.99	54.95	30.22	46.95	25.6	27.41	38.31	64.32	67.6	75.83	31.64	73.82	35.57	67.91	73.06	27.16	31.56	80.02	60.23	34.82	31.04	64.78	39.47	82.92	94.09	55.69	34.06	33.38	39.96	22.88	42.78	63.35	32.43	74.32	52.56	32.63	63.35	52.55	70.79	53.19	48.93	34.65	30.9	33.5	61.21	56.79	68.26	67.15	61.7	76.61	76.12
30.37	82.09	33.97	55.5	33.72	50.32	33.17	24.26	34.8	51.04	31.13	35.26	54.54	27.08	34.25	36.2	76.45	48.81	28.96	58.39	33.62	36.02	47.99	47.33	40.68	54.84	59.32	30.28	27.86	58.74	66.25	58.3	39.2	41.82	61.77	48.35	44.7	69.6	65.51	42.6	33.04	26.94	76.5	31.05	49.56	53.1	34.04	48.18	37.37	63.69	53.77	29.66	45.99	25.08	26.82	37.55	63.04	66.26	74.31	31.04	72.38	34.84	66.57	71.6	26.65	30.93	78.34	59.04	34.14	30.4	63.46	38.66	81.22	92.16	54.57	33.39	32.73	39.16	22.45	41.93	62.07	31.8	72.84	51.55	31.96	62.08	51.47	69.32	52.11	47.95	33.98	30.31	32.82	59.95	55.65	66.92	65.76	60.45	75.06	74.6
29.73	80.43	33.27	54.33	33.1	49.3	32.51	23.84	34.06	50.01	30.57	34.53	53.44	26.53	33.56	35.46	74.89	47.82	28.37	57.17	32.88	35.32	46.98	46.32	39.86	53.72	58.07	29.74	27.28	57.59	64.88	57.11	38.45	40.94	60.5	47.34	43.82	68.16	64.14	41.7	32.37	26.4	74.91	30.44	48.54	52	33.3	47.17	36.64	62.4	52.58	29.09	45.04	24.57	26.24	36.79	61.77	64.93	72.8	30.43	70.94	34.11	65.24	70.14	26.13	30.31	76.66	57.85	33.45	29.76	62.15	37.85	79.51	90.24	53.44	32.73	32.08	38.36	22.03	41.07	60.79	31.17	71.36	50.55	31.3	60.8	50.4	67.84	51.02	46.98	33.31	29.72	32.14	58.7	54.5	65.58	64.36	59.19	73.51	73.07
29.1	78.77	32.58	53.16	32.48	48.28	31.84	23.43	33.33	48.98	30.01	33.81	52.35	25.98	32.87	34.72	73.33	46.84	27.77	55.96	32.14	34.62	45.97	45.31	39.03	52.6	56.83	29.21	26.71	56.43	63.51	55.91	37.7	40.06	59.23	46.34	42.94	66.72	62.77	40.8	31.7	25.86	73.32	29.84	47.52	50.9	32.56	46.16	35.91	61.1	51.39	28.53	44.08	24.06	25.66	36.03	60.5	63.59	71.28	29.82	69.5	33.38	63.9	68.67	25.62	29.69	74.99	56.66	32.77	29.11	60.83	37.03	77.8	88.31	52.31	32.07	31.44	37.56	21.6	40.22	59.51	30.53	69.88	49.55	30.64	59.52	49.32	66.37	49.93	46	32.63	29.13	31.46	57.45	53.36	64.25	62.97	57.94	71.96	71.55
28.47	77.11	31.88	51.99	31.86	47.27	31.18	23.01	32.59	47.96	29.44	33.09	51.25	25.43	32.18	33.98	71.76	45.85	27.18	54.74	31.4	33.92	44.96	44.29	38.2	51.49	55.59	28.68	26.13	55.28	62.14	54.72	36.94	39.18	57.96	45.33	42.06	65.28	61.4	39.9	31.03	25.32	71.73	29.24	46.5	49.8	31.82	45.15	35.18	59.81	50.2	27.97	43.12	23.55	25.08	35.28	59.22	62.25	69.76	29.22	68.06	32.65	62.56	67.21	25.1	29.06	73.31	55.46	32.09	28.47	59.51	36.22	76.1	86.39	51.19	31.41	30.79	36.76	21.17	39.37	58.23	29.9	68.4	48.54	29.98	58.25	48.25	64.9	48.84	45.02	31.96	28.54	30.79	56.19	52.21	62.91	61.58	56.69	70.41	70.02
27.83	75.45	31.19	50.82	31.25	46.25	30.51	22.59	31.86	46.93	28.88	32.37	50.15	24.88	31.49	33.25	70.2	44.86	26.58	53.52	30.66	33.22	43.95	43.28	37.38	50.37	54.34	28.14	25.55	54.12	60.77	53.52	36.19	38.3	56.69	44.33	41.19	63.84	60.02	39	30.36	24.78	70.14	28.64	45.48	48.69	31.08	44.14	34.45	58.52	49.02	27.4	42.17	23.04	24.5	34.52	57.95	60.91	68.25	28.61	66.62	31.92	61.22	65.75	24.59	28.44	71.63	54.27	31.41	27.82	58.2	35.41	74.39	84.46	50.06	30.74	30.14	35.96	20.74	38.52	56.95	29.27	66.92	47.54	29.31	56.97	47.17	63.42	47.75	44.05	31.29	27.95	30.11	54.94	51.07	61.57	60.19	55.43	68.86	68.5
27.2	73.79	30.49	49.65	30.63	45.23	29.85	22.17	31.12	45.9	28.32	31.64	49.05	24.33	30.8	32.51	68.64	43.88	25.99	52.3	29.92	32.51	42.94	42.27	36.55	49.26	53.1	27.61	24.97	52.96	59.4	52.33	35.43	37.42	55.42	43.32	40.31	62.4	58.65	38.1	29.69	24.24	68.55	28.03	44.46	47.59	30.34	43.12	33.72	57.22	47.83	26.84	41.21	22.53	23.92	33.76	56.68	59.57	66.73	28	65.18	31.19	59.88	64.28	24.07	27.81	69.96	53.08	30.72	27.18	56.88	34.59	72.68	82.54	48.94	30.08	29.49	35.16	20.32	37.67	55.67	28.63	65.45	46.54	28.65	55.69	46.1	61.95	46.66	43.07	30.61	27.36	29.43	53.69	49.92	60.23	58.8	54.18	67.31	66.97
26.57	72.13	29.8	48.48	30.01	44.21	29.18	21.75	30.39	44.87	27.76	30.92	47.96	23.78	30.11	31.77	67.08	42.89	25.39	51.09	29.18	31.81	41.93	41.26	35.72	48.14	51.86	27.07	24.39	51.81	58.03	51.14	34.68	36.54	54.14	42.32	39.43	60.96	57.28	37.2	29.02	23.7	66.96	27.43	43.44	46.49	29.6	42.11	32.99	55.93	46.64	26.28	40.26	22.02	23.34	33	55.4	58.24	65.21	27.4	63.74	30.46	58.54	62.82	23.55	27.19	68.28	51.88	30.04	26.54	55.56	33.78	70.98	80.61	47.81	29.42	28.84	34.36	19.89	36.82	54.39	28	63.97	45.53	27.99	54.42	45.02	60.47	45.57	42.09	29.94	26.76	28.75	52.44	48.77	58.89	57.4	52.93	65.75	65.45
25.93	70.47	29.1	47.31	29.39	43.19	28.52	21.33	29.65	43.85	27.2	30.2	46.86	23.23	29.42	31.03	65.51	41.9	24.8	49.87	28.44	31.11	40.93	40.24	34.9	47.03	50.62	26.54	23.81	50.65	56.67	49.94	33.93	35.66	52.87	41.31	38.56	59.52	55.91	36.3	28.35	23.16	65.37	26.83	42.42	45.39	28.86	41.1	32.25	54.64	45.46	25.71	39.3	21.51	22.76	32.24	54.13	56.9	63.7	26.79	62.3	29.72	57.21	61.36	23.04	26.57	66.6	50.69	29.36	25.89	54.25	32.97	69.27	78.69	46.69	28.76	28.19	33.56	19.46	35.96	53.11	27.37	62.49	44.53	27.32	53.14	43.94	59	44.48	41.12	29.27	26.17	28.07	51.18	47.63	57.55	56.01	51.67	64.2	63.92
25.3	68.8	28.4	46.14	28.77	42.17	27.85	20.92	28.92	42.82	26.63	29.48	45.76	22.68	28.73	30.3	63.95	40.92	24.2	48.65	27.7	30.41	39.92	39.23	34.07	45.91	49.37	26	23.23	49.5	55.3	48.75	33.17	34.78	51.6	40.31	37.68	58.08	54.53	35.4	27.68	22.62	63.78	26.23	41.4	44.28	28.12	40.09	31.52	53.34	44.27	25.15	38.35	21	22.18	31.48	52.86	55.56	62.18	26.18	60.86	28.99	55.87	59.89	22.52	25.94	64.93	49.5	28.67	25.25	52.93	32.15	67.56	76.76	45.56	28.1	27.54	32.76	19.03	35.11	51.83	26.74	61.01	43.53	26.66	51.86	42.87	57.52	43.39	40.14	28.59	25.58	27.39	49.93	46.48	56.21	54.62	50.42	62.65	62.4
24.67	67.14	27.71	44.97	28.15	41.15	27.19	20.5	28.18	41.79	26.07	28.75	44.66	22.13	28.04	29.56	62.39	39.93	23.61	47.43	26.96	29.71	38.91	38.22	33.24	44.8	48.13	25.47	22.65	48.34	53.93	47.55	32.42	33.9	50.33	39.31	36.8	56.64	53.16	34.5	27.01	22.08	62.18	25.62	40.38	43.18	27.38	39.07	30.79	52.05	43.08	24.59	37.39	20.48	21.59	30.72	51.58	54.22	60.66	25.58	59.42	28.26	54.53	58.43	22.01	25.32	63.25	48.3	27.99	24.6	51.61	31.34	65.86	74.84	44.44	27.43	26.89	31.96	18.61	34.26	50.55	26.1	59.53	42.52	26	50.59	41.79	56.05	42.3	39.16	27.92	24.99	26.72	48.68	45.34	54.87	53.23	49.17	61.1	60.87
24.04	65.48	27.01	43.8	27.53	40.13	26.52	20.08	27.45	40.77	25.51	28.03	43.56	21.58	27.35	28.82	60.82	38.94	23.01	46.22	26.22	29.01	37.9	37.2	32.42	43.68	46.89	24.93	22.07	47.19	52.56	46.36	31.67	33.02	49.06	38.3	35.92	55.2	51.79	33.6	26.34	21.54	60.59	25.02	39.36	42.08	26.64	38.06	30.06	50.75	41.89	24.02	36.44	19.97	21.01	29.96	50.31	52.88	59.15	24.97	57.98	27.53	53.19	56.97	21.49	24.69	61.57	47.11	27.31	23.96	50.3	30.53	64.15	72.91	43.31	26.77	26.24	31.16	18.18	33.41	49.27	25.47	58.05	41.52	25.34	49.31	40.72	54.57	41.21	38.19	27.25	24.4	26.04	47.42	44.19	53.54	51.84	47.91	59.55	59.35
23.4	63.82	26.32	42.63	26.91	39.11	25.86	19.66	26.71	39.74	24.95	27.31	42.47	21.03	26.66	28.09	59.26	37.96	22.42	45	25.48	28.31	36.89	36.19	31.59	42.57	45.64	24.4	21.49	46.03	51.19	45.16	30.91	32.14	47.79	37.3	35.05	53.76	50.42	32.7	25.67	21	59	24.42	38.34	40.98	25.9	37.05	29.33	49.46	40.71	23.46	35.48	19.46	20.43	29.21	49.04	51.55	57.63	24.36	56.54	26.8	51.85	55.51	20.98	24.07	59.9	45.92	26.62	23.32	48.98	29.71	62.44	70.99	42.19	26.11	25.59	30.36	17.75	32.56	47.99	24.84	56.58	40.51	24.67	48.03	39.64	53.1	40.12	37.21	26.57	23.81	25.36	46.17	43.05	52.2	50.45	46.66	58	57.82
22.77	62.16	25.62	41.46	26.3	38.09	25.19	19.24	25.98	38.71	24.39	26.59	41.37	20.48	25.97	27.35	57.7	36.97	21.82	43.78	24.74	27.61	35.88	35.18	30.77	41.45	44.4	23.87	20.91	44.87	49.82	43.97	30.16	31.26	46.52	36.29	34.17	52.31	49.04	31.8	25	20.46	57.41	23.82	37.32	39.87	25.16	36.04	28.6	48.17	39.52	22.89	34.53	18.95	19.85	28.45	47.76	50.21	56.11	23.76	55.1	26.07	50.52	54.04	20.46	23.44	58.22	44.73	25.94	22.67	47.66	28.9	60.73	69.06	41.06	25.45	24.94	29.56	17.33	31.71	46.71	24.2	55.1	39.51	24.01	46.76	38.57	51.62	39.03	36.23	25.9	23.22	24.68	44.92	41.9	50.86	49.05	45.41	56.45	56.3
22.14	60.5	24.93	40.29	25.68	37.07	24.53	18.82	25.24	37.68	23.83	25.86	40.27	19.93	25.28	26.61	56.14	35.99	21.23	42.56	24	26.91	34.87	34.16	29.94	40.34	43.16	23.33	20.33	43.72	48.45	42.78	29.41	30.38	45.25	35.29	33.29	50.87	47.67	30.9	24.33	19.92	55.82	23.21	36.3	38.77	24.42	35.03	27.87	46.87	38.33	22.33	33.57	18.44	19.27	27.69	46.49	48.87	54.6	23.15	53.66	25.34	49.18	52.58	19.94	22.82	56.54	43.53	25.26	22.03	46.34	28.09	59.03	67.14	39.93	24.78	24.3	28.76	16.9	30.85	45.43	23.57	53.62	38.51	23.35	45.48	37.49	50.15	37.94	35.26	25.23	22.63	24	43.66	40.75	49.52	47.66	44.15	54.9	54.77
21.5	58.84	24.23	39.12	25.06	36.05	23.86	18.41	24.51	36.66	23.26	25.14	39.17	19.38	24.59	25.87	54.57	35	20.63	41.34	23.26	26.21	33.86	33.15	29.11	39.22	41.92	22.8	19.75	42.56	47.08	41.58	28.65	29.5	43.98	34.28	32.41	49.43	46.3	30	23.67	19.38	54.23	22.61	35.27	37.67	23.68	34.01	27.13	45.58	37.14	21.77	32.61	17.93	18.69	26.93	45.22	47.53	53.08	22.54	52.22	24.61	47.84	51.12	19.43	22.2	54.87	42.34	24.57	21.38	45.03	27.27	57.32	65.21	38.81	24.12	23.65	27.96	16.47	30	44.15	22.94	52.14	37.5	22.68	44.2	36.42	48.67	36.85	34.28	24.55	22.04	23.32	42.41	39.61	48.18	46.27	42.9	53.35	53.25
20.87	57.18	23.54	37.96	24.44	35.03	23.19	17.99	23.78	35.63	22.7	24.42	38.08	18.83	23.9	25.14	53.01	34.01	20.04	40.13	22.52	25.51	32.86	32.14	28.29	38.11	40.67	22.26	19.17	41.41	45.71	40.39	27.9	28.62	42.71	33.28	31.54	47.99	44.93	29.1	23	18.84	52.64	22.01	34.25	36.57	22.94	33	26.4	44.28	35.96	21.2	31.66	17.42	18.11	26.17	43.94	46.19	51.56	21.94	50.78	23.88	46.5	49.65	18.91	21.57	53.19	41.15	23.89	20.74	43.71	26.46	55.61	63.29	37.68	23.46	23	27.16	16.04	29.15	42.88	22.3	50.66	36.5	22.02	42.93	35.34	47.2	35.76	33.3	23.88	21.45	22.65	41.16	38.46	46.84	44.88	41.65	51.79	51.72
20.24	55.52	22.84	36.79	23.82	34.01	22.53	17.57	23.04	34.6	22.14	23.7	36.98	18.28	23.21	24.4	51.45	33.03	19.44	38.91	21.78	24.8	31.85	31.12	27.46	36.99	39.43	21.73	18.59	40.25	44.35	39.19	27.14	27.74	41.43	32.27	30.66	46.55	43.55	28.2	22.33	18.3	51.05	21.4	33.23	35.46	22.2	31.99	25.67	42.99	34.77	20.64	30.7	16.91	17.53	25.41	42.67	44.86	50.05	21.33	49.34	23.14	45.16	48.19	18.4	20.95	51.51	39.95	23.21	20.1	42.39	25.65	53.91	61.36	36.56	22.8	22.35	26.36	15.62	28.3	41.6	21.67	49.18	35.5	21.36	41.65	34.26	45.72	34.67	32.33	23.21	20.86	21.97	39.91	37.32	45.5	43.49	40.39	50.24	50.2
19.61	53.86	22.15	35.62	23.2	32.99	21.86	17.15	22.31	33.57	21.58	22.97	35.88	17.73	22.52	23.66	49.88	32.04	18.85	37.69	21.04	24.1	30.84	30.11	26.63	35.88	38.19	21.19	18.01	39.1	42.98	38	26.39	26.86	40.16	31.27	29.78	45.11	42.18	27.3	21.66	17.76	49.46	20.8	32.21	34.36	21.46	30.98	24.94	41.7	33.58	20.08	29.75	16.4	16.95	24.65	41.4	43.52	48.53	20.72	47.9	22.41	43.83	46.73	17.88	20.32	49.84	38.76	22.52	19.45	41.08	24.83	52.2	59.44	35.43	22.13	21.7	25.56	15.19	27.45	40.32	21.04	47.71	34.49	20.7	40.37	33.19	44.25	33.58	31.35	22.53	20.27	21.29	38.65	36.17	44.17	42.09	39.14	48.69	48.67
18.97	52.2	21.45	34.45	22.58	31.97	21.2	16.73	21.57	32.55	21.02	22.25	34.78	17.18	21.83	22.92	48.32	31.05	18.25	36.47	20.3	23.4	29.83	29.1	25.81	34.76	36.94	20.66	17.43	37.94	41.61	36.8	25.64	25.99	38.89	30.27	28.9	43.67	40.81	26.4	20.99	17.22	47.87	20.2	31.19	33.26	20.72	29.97	24.21	40.4	32.4	19.51	28.79	15.89	16.37	23.89	40.12	42.18	47.01	20.12	46.46	21.68	42.49	45.26	17.37	19.7	48.16	37.57	21.84	18.81	39.76	24.02	50.49	57.51	34.31	21.47	21.05	24.76	14.76	26.6	39.04	20.41	46.23	33.49	20.03	39.1	32.11	42.77	32.49	30.37	21.86	19.68	20.61	37.4	35.03	42.83	40.7	37.89	47.14	47.15
18.34	50.54	20.75	33.28	21.97	30.95	20.53	16.31	20.84	31.52	20.45	21.53	33.69	16.63	21.14	22.19	46.76	30.07	17.66	35.26	19.57	22.7	28.82	28.08	24.98	33.65	35.7	20.12	16.85	36.79	40.24	35.61	24.88	25.11	37.62	29.26	28.03	42.23	39.44	25.5	20.32	16.68	46.28	19.6	30.17	32.16	19.98	28.95	23.48	39.11	31.21	18.95	27.84	15.37	15.78	23.13	38.85	40.84	45.5	19.51	45.02	20.95	41.15	43.8	16.85	19.07	46.48	36.37	21.16	18.16	38.44	23.21	48.79	55.59	33.18	20.81	20.4	23.96	14.34	25.75	37.76	19.77	44.75	32.48	19.37	37.82	31.04	41.3	31.4	29.4	21.18	19.08	19.93	36.15	33.88	41.49	39.31	36.63	45.59	45.62
17.71	48.88	20.06	32.11	21.35	29.93	19.87	15.89	20.1	30.49	19.89	20.81	32.59	16.08	20.45	21.45	45.2	29.08	17.06	34.04	18.83	22	27.81	27.07	24.15	32.53	34.46	19.59	16.27	35.63	38.87	34.42	24.13	24.23	36.35	28.26	27.15	40.79	38.06	24.6	19.65	16.14	44.69	18.99	29.15	31.05	19.24	27.94	22.75	37.81	30.02	18.39	26.88	14.86	15.2	22.38	37.58	39.5	43.98	18.9	43.58	20.22	39.81	42.34	16.34	18.45	44.81	35.18	20.48	17.52	37.13	22.39	47.08	53.66	32.06	20.15	19.75	23.16	13.91	24.89	36.48	19.14	43.27	31.48	18.71	36.54	29.96	39.82	30.31	28.42	20.51	18.49	19.25	34.89	32.73	40.15	37.92	35.38	44.04	44.1
17.07	47.22	19.36	30.94	20.73	28.91	19.2	15.48	19.37	29.46	19.33	20.08	31.49	15.53	19.76	20.71	43.63	28.1	16.47	32.82	18.09	21.3	26.8	26.06	23.33	31.42	33.22	19.05	15.69	34.47	37.5	33.22	23.38	23.35	35.08	27.25	26.27	39.35	36.69	23.7	18.98	15.61	43.09	18.39	28.13	29.95	18.5	26.93	22.01	36.52	28.83	17.82	25.93	14.35	14.62	21.62	36.3	38.17	42.46	18.3	42.14	19.49	38.47	40.87	15.82	17.83	43.13	33.99	19.79	16.88	35.81	21.58	45.37	51.74	30.93	19.49	19.1	22.36	13.48	24.04	35.2	18.51	41.79	30.48	18.05	35.27	28.89	38.35	29.22	27.44	19.84	17.9	18.58	33.64	31.59	38.81	36.53	34.13	42.49	42.57
16.44	45.56	18.67	29.77	20.11	27.89	18.54	15.06	18.63	28.44	18.77	19.36	30.39	14.98	19.07	19.98	42.07	27.11	15.87	31.6	17.35	20.6	25.79	25.04	22.5	30.3	31.97	18.52	15.12	33.32	36.13	32.03	22.62	22.47	33.81	26.25	25.39	37.91	35.32	22.8	18.31	15.07	41.5	17.79	27.11	28.85	17.75	25.92	21.28	35.23	27.65	17.26	24.97	13.84	14.04	20.86	35.03	36.83	40.95	17.69	40.7	18.76	37.14	39.41	15.3	17.2	41.45	32.8	19.11	16.23	34.49	20.77	43.66	49.81	29.81	18.82	18.45	21.56	13.05	23.19	33.92	17.87	40.31	29.47	17.38	33.99	27.81	36.88	28.13	26.47	19.16	17.31	17.9	32.39	30.44	37.47	35.14	32.87	40.94	41.05
15.81	43.9	17.97	28.6	19.49	26.87	17.87	14.64	17.9	27.41	18.21	18.64	29.3	14.43	18.38	19.24	40.51	26.12	15.28	30.39	16.61	19.9	24.78	24.03	21.67	29.19	30.73	17.99	14.54	32.16	34.76	30.83	21.87	21.59	32.54	25.24	24.52	36.47	33.95	21.9	17.64	14.53	39.91	17.19	26.09	27.75	17.01	24.91	20.55	33.93	26.46	16.7	24.02	13.33	13.46	20.1	33.76	35.49	39.43	17.08	39.26	18.03	35.8	37.95	14.79	16.58	39.78	31.6	18.43	15.59	33.18	19.95	41.96	47.89	28.68	18.16	17.8	20.75	12.63	22.34	32.64	17.24	38.84	28.47	16.72	32.71	26.74	35.4	27.04	25.49	18.49	16.72	17.22	31.13	29.3	36.13	33.74	31.62	39.39	39.52
15.18	42.24	17.28	27.43	18.87	25.85	17.21	14.22	17.16	26.38	17.65	17.92	28.2	13.88	17.69	18.5	38.95	25.14	14.68	29.17	15.87	19.2	23.78	23.02	20.85	28.07	29.49	17.45	13.96	31.01	33.4	29.64	21.12	20.71	31.27	24.24	23.64	35.03	32.57	21	16.97	13.99	38.32	16.58	25.07	26.64	16.27	23.89	19.82	32.64	25.27	16.13	23.06	12.82	12.88	19.34	32.48	34.15	37.92	16.48	37.82	17.3	34.46	36.48	14.27	15.95	38.1	30.41	17.74	14.94	31.86	19.14	40.25	45.96	27.55	17.5	17.15	19.95	12.2	21.49	31.36	16.61	37.36	27.47	16.06	31.44	25.66	33.93	25.95	24.51	17.82	16.13	16.54	29.88	28.15	34.8	32.35	30.37	37.83	38
14.54	40.58	16.58	26.26	18.25	24.83	16.54	13.8	16.43	25.35	17.08	17.19	27.1	13.33	17	17.76	37.38	24.15	14.09	27.95	15.13	18.5	22.77	22	20.02	26.96	28.24	16.92	13.38	29.85	32.03	28.44	20.36	19.83	30	23.23	22.76	33.59	31.2	20.1	16.3	13.45	36.73	15.98	24.05	25.54	15.53	22.88	19.09	31.35	24.09	15.57	22.1	12.31	12.3	18.58	31.21	32.82	36.4	15.87	36.38	16.56	33.12	35.02	13.76	15.33	36.42	29.22	17.06	14.3	30.54	18.33	38.54	44.04	26.43	16.84	16.51	19.15	11.77	20.64	30.08	15.97	35.88	26.46	15.39	30.16	24.58	32.45	24.86	23.54	17.14	15.54	15.86	28.63	27.01	33.46	30.96	29.11	36.28	36.47
13.91	38.92	15.89	25.09	17.63	23.82	15.88	13.38	15.69	24.33	16.52	16.47	26	12.78	16.31	17.03	35.82	23.16	13.49	26.73	14.39	17.79	21.76	20.99	19.2	25.84	27	16.38	12.8	28.7	30.66	27.25	19.61	18.95	28.72	22.23	21.88	32.15	29.83	19.2	15.63	12.91	35.14	15.38	23.03	24.44	14.79	21.87	18.36	30.05	22.9	15.01	21.15	11.8	11.72	17.82	29.94	31.48	34.88	15.26	34.94	15.83	31.78	33.56	13.24	14.71	34.75	28.02	16.38	13.66	29.23	17.51	36.84	42.11	25.3	16.17	15.86	18.35	11.35	19.78	28.8	15.34	34.4	25.46	14.73	28.88	23.51	30.98	23.77	22.56	16.47	14.95	15.18	27.38	25.86	32.12	29.57	27.86	34.73	34.95
13.28	37.26	15.19	23.92	17.02	22.8	15.21	12.97	14.96	23.3	15.96	15.75	24.9	12.23	15.62	16.29	34.26	22.18	12.9	25.51	13.65	17.09	20.75	19.98	18.37	24.73	25.76	15.85	12.22	27.54	29.29	26.06	18.85	18.07	27.45	21.23	21.01	30.71	28.46	18.3	14.96	12.37	33.55	14.78	22.01	23.34	14.05	20.86	17.62	28.76	21.71	14.44	20.19	11.29	11.14	17.06	28.66	30.14	33.37	14.66	33.5	15.1	30.44	32.09	12.73	14.08	33.07	26.83	15.69	13.01	27.91	16.7	35.13	40.19	24.18	15.51	15.21	17.55	10.92	18.93	27.52	14.71	32.92	24.45	14.07	27.61	22.43	29.5	22.68	21.59	15.8	14.36	14.51	26.12	24.71	30.78	28.18	26.61	33.18	33.42
12.64	35.6	14.49	22.75	16.4	21.78	14.55	12.55	14.22	22.27	15.4	15.03	23.81	11.68	14.93	15.55	32.69	21.19	12.31	24.3	12.91	16.39	19.74	18.96	17.54	23.61	24.52	15.31	11.64	26.38	27.92	24.86	18.1	17.19	26.18	20.22	20.13	29.27	27.09	17.4	14.29	11.83	31.96	14.17	20.99	22.23	13.31	19.84	16.89	27.46	20.52	13.88	19.24	10.77	10.55	16.31	27.39	28.8	31.85	14.05	32.06	14.37	29.11	30.63	12.21	13.46	31.39	25.64	15.01	12.37	26.59	15.89	33.42	38.26	23.05	14.85	14.56	16.75	10.49	18.08	26.24	14.08	31.44	23.45	13.41	26.33	21.36	28.03	21.59	20.61	15.12	13.77	13.83	24.87	23.57	29.44	26.78	25.35	31.63	31.9
12.01	33.94	13.8	21.58	15.78	20.76	13.88	12.13	13.49	21.24	14.84	14.3	22.71	11.13	14.24	14.81	31.13	20.21	11.71	23.08	12.17	15.69	18.73	17.95	16.72	22.5	23.27	14.78	11.06	25.23	26.55	23.67	17.35	16.31	24.91	19.22	19.25	27.83	25.71	16.5	13.62	11.29	30.37	13.57	19.97	21.13	12.57	18.83	16.16	26.17	19.34	13.32	18.28	10.26	9.973	15.55	26.12	27.46	30.33	13.44	30.61	13.64	27.77	29.17	11.69	12.83	29.72	24.45	14.33	11.72	25.28	15.07	31.72	36.34	21.93	14.19	13.91	15.95	10.06	17.23	24.96	13.44	29.97	22.45	12.74	25.05	20.28	26.55	20.5	19.63	14.45	13.18	13.15	23.62	22.42	28.1	25.39	24.1	30.08	30.37
11.38	32.28	13.1	20.41	15.16	19.74	13.21	11.71	12.75	20.22	14.27	13.58	21.61	10.58	13.55	14.08	29.57	19.22	11.12	21.86	11.43	14.99	17.72	16.94	15.89	21.38	22.03	14.24	10.48	24.07	25.18	22.47	16.59	15.43	23.64	18.21	18.37	26.38	24.34	15.6	12.95	10.75	28.78	12.97	18.95	20.03	11.83	17.82	15.43	24.88	18.15	12.75	17.33	9.753	9.392	14.79	24.84	26.13	28.82	12.84	29.17	12.91	26.43	27.71	11.18	12.21	28.04	23.25	13.64	11.08	23.96	14.26	30.01	34.41	20.8	13.52	13.26	15.15	9.637	16.38	23.68	12.81	28.49	21.44	12.08	23.78	19.21	25.08	19.41	18.66	13.78	12.59	12.47	22.36	21.28	26.76	24	22.85	28.53	28.85
10.75	30.62	12.41	19.24	14.54	18.72	12.55	11.29	12.02	19.19	13.71	12.86	20.51	10.03	12.86	13.34	28.01	18.23	10.52	20.64	10.69	14.29	16.71	15.93	15.06	20.27	20.79	13.71	9.899	22.92	23.81	21.28	15.84	14.55	22.37	17.21	17.5	24.94	22.97	14.7	12.28	10.21	27.19	12.36	17.93	18.93	11.09	16.81	14.7	23.58	16.96	12.19	16.37	9.242	8.811	14.03	23.57	24.79	27.3	12.23	27.73	12.18	25.09	26.24	10.66	11.58	26.36	22.06	12.96	10.44	22.64	13.45	28.3	32.49	19.68	12.86	12.61	14.35	9.209	15.53	22.4	12.18	27.01	20.44	11.42	22.5	18.13	23.6	18.32	17.68	13.1	12	11.79	21.11	20.13	25.42	22.61	21.59	26.98	27.32
10.11	28.96	11.71	18.07	13.92	17.7	11.88	10.87	11.28	18.16	13.15	12.13	19.42	9.476	12.17	12.6	26.44	17.25	9.926	19.43	9.947	13.59	15.71	14.91	14.24	19.15	19.54	13.18	9.32	21.76	22.44	20.09	15.09	13.67	21.1	16.2	16.62	23.5	21.6	13.8	11.61	9.669	25.59	11.76	16.91	17.82	10.35	15.8	13.97	22.29	15.78	11.63	15.42	8.731	8.23	13.27	22.3	23.45	25.78	11.62	26.29	11.45	23.75	24.78	10.15	10.96	24.69	20.87	12.28	9.793	21.33	12.63	26.59	30.56	18.55	12.2	11.96	13.55	8.782	14.68	21.12	11.54	25.53	19.44	10.76	21.22	17.06	22.13	17.23	16.7	12.43	11.41	11.12	19.86	18.99	24.09	21.22	20.34	25.43	25.8
9.479	27.3	11.02	16.9	13.3	16.68	11.22	10.46	10.55	17.13	12.59	11.41	18.32	8.926	11.48	11.87	24.88	16.26	9.331	18.21	9.208	12.89	14.7	13.9	13.41	18.04	18.3	12.64	8.74	20.61	21.08	18.89	14.33	12.79	19.83	15.2	15.74	22.06	20.22	12.9	10.94	9.129	24	11.16	15.89	16.72	9.61	14.78	13.24	20.99	14.59	11.06	14.46	8.22	7.649	12.51	21.02	22.11	24.27	11.02	24.85	10.72	22.42	23.32	9.632	10.34	23.01	19.67	11.6	9.149	20.01	11.82	24.89	28.64	17.43	11.54	11.31	12.75	8.355	13.82	19.84	10.91	24.05	18.43	10.09	19.95	15.98	20.65	16.14	15.73	11.76	10.81	10.44	18.6	17.84	22.75	19.83	19.08	23.87	24.27
8.846	25.64	10.32	15.73	12.69	15.66	10.55	10.04	9.815	16.11	12.03	10.69	17.22	8.376	10.79	11.13	23.32	15.27	8.736	16.99	8.468	12.19	13.69	12.89	12.58	16.92	17.06	12.11	8.161	19.45	19.71	17.7	13.58	11.91	18.56	14.19	14.87	20.62	18.85	12	10.27	8.59	22.41	10.56	14.87	15.62	8.87	13.77	12.5	19.7	13.4	10.5	13.5	7.709	7.068	11.75	19.75	20.77	22.75	10.41	23.41	9.984	21.08	21.85	9.116	9.712	21.33	18.48	10.91	8.505	18.69	11.01	23.18	26.71	16.3	10.88	10.66	11.95	7.928	12.97	18.56	10.28	22.57	17.43	9.43	18.67	14.9	19.18	15.05	14.75	11.08	10.22	9.759	17.35	16.69	21.41	18.43	17.83	22.32	22.75
8.213	23.98	9.626	14.56	12.07	14.64	9.888	9.619	9.08	15.08	11.47	9.967	16.12	7.826	10.1	10.39	21.75	14.29	8.141	15.77	7.728	11.49	12.68	11.87	11.76	15.81	15.82	11.57	7.581	18.3	18.34	16.5	12.82	11.03	17.29	13.19	13.99	19.18	17.48	11.1	9.604	8.05	20.82	9.954	13.85	14.52	8.13	12.76	11.77	18.41	12.21	9.936	12.55	7.198	6.487	10.99	18.48	19.44	21.23	9.803	21.97	9.253	19.74	20.39	8.601	9.088	19.66	17.29	10.23	7.861	17.37	10.19	21.47	24.79	15.17	10.21	10.01	11.15	7.501	12.12	17.29	9.645	21.1	16.42	8.767	17.39	13.83	17.7	13.96	13.77	10.41	9.633	9.08	16.1	15.55	20.07	17.04	16.58	20.77	21.22
7.58	22.32	8.931	13.4	11.45	13.62	9.222	9.2	8.346	14.05	10.9	9.245	15.03	7.276	9.414	9.654	20.19	13.3	7.547	14.56	6.988	10.79	11.67	10.86	10.93	14.69	14.57	11.04	7.002	17.14	16.97	15.31	12.07	10.15	16.01	12.19	13.11	17.74	16.11	10.2	8.934	7.51	19.23	9.351	12.83	13.41	7.389	11.75	11.04	17.11	11.03	9.372	11.59	6.686	5.905	10.23	17.2	18.1	19.72	9.196	20.53	8.522	18.4	18.93	8.085	8.463	17.98	16.09	9.546	7.217	16.06	9.381	19.77	22.86	14.05	9.551	9.365	10.35	7.073	11.27	16.01	9.012	19.62	15.42	8.104	16.12	12.75	16.23	12.87	12.8	9.736	9.042	8.402	14.85	14.4	18.73	15.65	15.32	19.22	19.7
6.948	20.66	8.235	12.23	10.83	12.6	8.557	8.782	7.611	13.03	10.34	8.522	13.93	6.726	8.724	8.916	18.63	12.31	6.952	13.34	6.248	10.08	10.66	9.846	10.1	13.58	13.33	10.5	6.422	15.98	15.6	14.11	11.32	9.272	14.74	11.18	12.23	16.3	14.73	9.302	8.265	6.971	17.64	8.749	11.81	12.31	6.649	10.74	10.31	15.82	9.839	8.809	10.64	6.175	5.324	9.476	15.93	16.76	18.2	8.59	19.09	7.791	17.06	17.46	7.569	7.839	16.3	14.9	8.863	6.573	14.74	8.567	18.06	20.94	12.92	8.888	8.716	9.551	6.646	10.42	14.73	8.379	18.14	14.42	7.441	14.84	11.68	14.75	11.78	11.82	9.062	8.451	7.724	13.59	13.26	17.39	14.26	14.07	17.67	18.17
6.315	19	7.54	11.06	10.21	11.58	7.892	8.363	6.876	12	9.78	7.8	12.83	6.176	8.034	8.179	17.07	11.33	6.357	12.12	5.509	9.384	9.653	8.833	9.278	12.46	12.09	9.968	5.843	14.83	14.23	12.92	10.56	8.392	13.47	10.18	11.36	14.86	13.36	8.402	7.595	6.431	16.05	8.146	10.79	11.21	5.909	9.724	9.579	14.53	8.652	8.245	9.683	5.664	4.743	8.717	14.66	15.42	16.68	7.983	17.65	7.059	15.73	16	7.054	7.215	14.63	13.71	8.18	5.929	13.42	7.754	16.35	19.01	11.8	8.226	8.067	8.751	6.219	9.566	13.45	7.746	16.66	13.41	6.779	13.56	10.6	13.28	10.69	10.84	8.389	7.861	7.045	12.34	12.11	16.05	12.87	12.82	16.12	16.65
5.682	17.34	6.844	9.886	9.592	10.56	7.226	7.945	6.141	10.97	9.218	7.077	11.73	5.626	7.344	7.442	15.5	10.34	5.762	10.9	4.769	8.683	8.644	7.82	8.452	11.35	10.84	9.434	5.263	13.67	12.86	11.73	9.81	7.512	12.2	9.173	10.48	13.42	11.99	7.502	6.926	5.891	14.46	7.544	9.765	10.11	5.168	8.712	8.847	13.23	7.465	7.682	8.727	5.153	4.162	7.958	13.38	14.08	15.17	7.376	16.21	6.328	14.39	14.54	6.538	6.591	12.95	12.52	7.496	5.285	12.11	6.941	14.65	17.09	10.67	7.564	7.418	7.95	5.792	8.714	12.17	7.113	15.18	12.41	6.116	12.29	9.526	11.8	9.6	9.867	7.716	7.27	6.367	11.09	10.97	14.72	11.47	11.56	14.57	15.12
5.049	15.68	6.149	8.717	8.973	9.542	6.561	7.527	5.407	9.943	8.656	6.354	10.64	5.076	6.655	6.705	13.94	9.356	5.167	9.685	4.029	7.982	7.635	6.807	7.626	10.23	9.602	8.899	4.684	12.52	11.49	10.53	9.056	6.633	10.93	8.168	9.601	11.98	10.62	6.602	6.256	5.351	12.87	6.941	8.745	9.004	4.428	7.699	8.116	11.94	6.278	7.118	7.772	4.642	3.581	7.199	12.11	12.75	13.65	6.769	14.77	5.597	13.05	13.07	6.022	5.967	11.27	11.32	6.813	4.641	10.79	6.127	12.94	15.16	9.547	6.901	6.769	7.15	5.365	7.863	10.89	6.48	13.71	11.41	5.453	11.01	8.451	10.33	8.51	8.89	7.042	6.679	5.689	9.833	9.819	13.38	10.08	10.31	13.02	13.6
4.416	14.02	5.453	7.547	8.355	8.522	5.896	7.108	4.672	8.916	8.094	5.632	9.538	4.526	5.965	5.967	12.38	8.369	4.572	8.467	3.289	7.281	6.627	5.794	6.799	9.115	8.359	8.365	4.104	11.36	10.12	9.337	8.303	5.753	9.659	7.164	8.723	10.54	9.244	5.702	5.586	4.812	11.28	6.338	7.725	7.901	3.687	6.687	7.384	10.64	5.09	6.555	6.816	4.131	3	6.44	10.84	11.41	12.13	6.163	13.33	4.866	11.71	11.61	5.507	5.342	9.596	10.13	6.13	3.997	9.474	5.314	11.23	13.24	8.421	6.239	6.12	6.35	4.937	7.011	9.608	5.847	12.23	10.4	4.79	9.734	7.375	8.855	7.42	7.913	6.369	6.088	5.011	8.58	8.674	12.04	8.69	9.057	11.47	12.07
3.783	12.36	4.758	6.378	7.736	7.503	5.23	6.69	3.937	7.888	7.532	4.909	8.44	3.976	5.275	5.23	10.81	7.383	3.978	7.249	2.549	6.58	5.618	4.78	5.973	8	7.116	7.83	3.525	10.21	8.756	8.143	7.549	4.873	8.388	6.16	7.846	9.098	7.871	4.802	4.917	4.272	9.686	5.736	6.704	6.799	2.947	5.675	6.653	9.35	3.903	5.991	5.861	3.62	2.419	5.682	9.563	10.07	10.62	5.556	11.89	4.135	10.37	10.15	4.991	4.718	7.919	8.937	5.447	3.353	8.157	4.501	9.525	11.31	7.296	5.577	5.47	5.55	4.51	6.159	8.329	5.214	10.75	9.399	4.128	8.457	6.3	7.38	6.33	6.937	5.695	5.498	4.332	7.327	7.528	10.7	7.298	7.804	9.915	10.55
3.15	10.7	4.062	5.208	7.117	6.483	4.565	6.271	3.202	6.861	6.97	4.187	7.343	3.426	4.585	4.493	9.252	6.397	3.383	6.032	1.81	5.879	4.609	3.767	5.146	6.885	5.873	7.296	2.945	9.051	7.387	6.948	6.795	3.994	7.117	5.155	6.969	7.657	6.499	3.902	4.247	3.732	8.095	5.133	5.684	5.696	2.207	4.663	5.921	8.056	2.716	5.428	4.905	3.109	1.838	4.923	8.29	8.732	9.102	4.949	10.45	3.404	9.035	8.684	4.476	4.094	6.242	7.744	4.764	2.709	6.84	3.687	7.818	9.385	6.17	4.915	4.821	4.749	4.083	5.308	7.049	4.581	9.27	8.395	3.465	7.181	5.224	5.905	5.24	5.96	5.022	4.907	3.654	6.074	6.382	9.36	5.907	6.551	8.363	9.025
2.517	9.035	3.367	4.039	6.498	5.463	3.9	5.853	2.468	5.834	6.409	3.464	6.245	2.876	3.895	3.755	7.689	5.411	2.788	4.814	1.07	5.178	3.6	2.754	4.32	5.77	4.631	6.761	2.366	7.895	6.018	5.754	6.042	3.114	5.846	4.151	6.091	6.217	5.126	3.002	3.578	3.193	6.504	4.53	4.664	4.594	1.466	3.651	5.19	6.762	1.529	4.865	3.95	2.598	1.257	4.164	7.016	7.394	7.585	4.343	9.012	2.673	7.697	7.221	3.96	3.47	4.566	6.551	4.081	2.065	5.523	2.874	6.111	7.46	5.045	4.252	4.172	3.949	3.656	4.456	5.77	3.948	7.792	7.391	2.802	5.904	4.149	4.431	4.15	4.984	4.348	4.316	2.976	4.821	5.236	8.022	4.515	5.297	6.812	7.5
1.884	7.375	2.671	2.869	5.88	4.444	3.234	5.435	1.733	4.806	5.847	2.742	5.147	2.326	3.205	3.018	6.126	4.424	2.193	3.596	0.3299	4.477	2.592	1.741	3.493	4.655	3.388	6.227	1.786	6.739	4.65	4.56	5.288	2.234	4.575	3.146	5.214	4.776	3.754	2.102	2.908	2.653	4.913	3.928	3.643	3.491	0.7258	2.639	4.458	5.468	0.3415	4.301	2.994	2.087	0.6756	3.405	5.743	6.056	6.069	3.736	7.572	1.942	6.359	5.758	3.444	2.846	2.889	5.358	3.398	1.421	4.206	2.061	4.404	5.535	3.919	3.59	3.523	3.149	3.229	3.605	4.49	3.315	6.313	6.387	2.139	4.627	3.073	2.956	3.06	4.007	3.675	3.725	2.297	3.568	4.091	6.683	3.123	4.044	5.261	5.975
