2.47	4.057	3.79	6.057	1.741	3.139	5.41	5.195	0.7671	5.187	3.855	3.899	2.896	4.541	3.811	1.336	1.814	0.4304	1.975	4.791	3.247	3.65	4.568	3.373	0.7609	3.822	1.376	3.827	2.541	4.182	3.538	4.81	2.8	2.823	2.644	2.453	3.298	0.3826	2.56	5.761	4.205	4.421	4.278	0.7583	5.148	1.052	0.5957	4.62	4.111	3.891	2.262	1.784	0.5208	2.967	5.37	2.46	3.99	4.336	1.51	2.628	3.965	3.105	1.44	2.655	1.374	1.153	1.431	4.471	3.556	4.288	3.763	4.347	1.829	5.751	2.336	1.916	2.25	4.541	4.515	0.8538	5.606	2.429	4.321	2.919	1.931	2.701	4.725	2.521	6.325	3.478	4.256	1.359	4.945	1.245	1.552	4.28	4.151	3.833	2.39	5.145
4.634	5.321	4.989	4.514	5.559	5.087	3.308	5.48	3.992	4.78	3.269	2.764	2.405	3.011	3.816	5.11	4.662	2.414	2.788	2.873	3.052	4.857	2.676	1.185	2.054	4.961	2.248	4.016	4.756	6.001	2.846	4.899	3.364	3.728	5.688	2.02	2.635	2.962	5.613	4.941	3.075	2.266	3.748	3.938	3.267	4.029	3.13	3.477	3.955	4.622	2.768	1.693	3.077	1.602	5.25	0.9131	4.997	4.497	2.929	2.182	4.226	4.464	2.108	4.902	4.153	3.039	3.062	4.038	4.079	2.478	4.713	5.052	2.91	3.586	1.024	4.75	3.135	5.604	2.109	1.081	5.716	3.018	2.488	2.481	3.923	4.069	4.943	2.835	4.471	4.859	3.664	6.02	4.268	4.472	1.282	2.801	3.09	6.432	1.993	4.61
6.829	3.294	3.586	2.188	3.769	5.118	5.318	3.604	3.053	3.842	2.864	1.817	4.089	2.197	4.493	1.648	5.558	2.675	4.887	5.574	5.149	3.488	2.275	4.385	3.157	4.05	1.658	2.97	3.009	4.676	6.181	5.941	5.456	3.546	3.348	2.799	2.916	3.738	2.631	3.554	5.125	4.054	4.185	5.508	2.976	3.426	5.065	5.353	4.352	4.941	4.989	4.274	2.056	4.286	4.362	3.99	5.155	1.886	4.38	2.29	4.764	4.732	3.103	4.968	5.46	2.694	2.813	2.374	2.027	3.037	5.017	3.923	2.44	6.711	6.264	4.939	3.082	5.073	4.409	0.624	4.198	2.129	2.721	5.186	5.202	2.24	6.727	4.001	4.37	5.219	2.236	3.422	2.793	5.126	2.647	4.417	5.929	-1.964	5.861	3.278
6.039	4.155	5.428	4.542	2.049	5.082	3.054	5.113	1.871	2.566	3.098	4.967	1.493	4.508	2.089	4.21	4.755	2.191	2.765	3.432	2.964	1.791	4.119	2.015	3.306	5.762	3.31	5.004	0.5423	4.983	4.548	3.875	1.897	2.473	3.348	1.215	2.494	-0.4856	4.166	4.762	3.262	3.157	3.295	3.692	5.275	1.542	1.46	4.148	3.009	0.8412	5.447	1.556	2.358	3.001	6.148	2.439	5.068	1.485	1.906	5.093	4.38	3.773	1.989	5.31	2.56	4.675	5.008	5.627	4.593	2.719	3.273	4.2	4.593	5.637	4.533	4.784	3.78	5.413	5.133	1.459	4.347	2.899	5.955	4.241	3.968	3.925	5.17	2.599	3.74	2.991	4.862	1.946	4.184	4.84	2.714	0.7467	3.741	1.986	5.833	5.472
3.434	5.168	2.786	5.564	2.462	1.979	3.897	4.654	2.743	4.917	5.548	6.217	1.488	2.711	2.793	1.793	4.501	4.105	4.908	4.168	2.739	2.695	3.034	4.544	3.173	2.91	3.302	4.107	3.893	4.173	3.791	2.971	3.28	2.978	3.974	2.231	4.459	3.071	4.968	2.062	4.736	4.857	2.596	1.766	3.131	0.7635	0.2148	2.142	4.993	1.447	5.403	2.511	2.84	1.394	3.622	3.622	4.231	1.096	2.269	4.323	3.288	2.229	2.826	5.269	6.455	3.866	4.605	0.995	2.856	3.263	3.289	4.251	3.07	2.683	2.751	4.236	5.168	2.295	5.483	0.4773	3.403	2.573	4.469	4.118	2.616	3.805	4.398	3.328	7.117	1.815	1.029	5.523	3.274	5.356	4.554	4.985	2.464	3.448	2.728	4.71
2.394	5.354	3.523	7.432	2.458	2.345	2.246	5.854	3.145	3.091	4.13	3.403	0.1284	2.184	4.371	1.325	3.891	3.453	3.293	4.847	2.309	1.858	-0.06513	3.712	0.6589	1.93	1.466	1.938	-0.002315	4.328	2.733	3.472	2.559	1.937	4.349	3.585	5.301	2.515	3.129	4.862	3.344	3.608	3.001	2.631	2.934	3.905	2.27	2.953	5.616	1.2	4.613	1.572	2.431	3.741	2.313	3.975	3.615	2.888	3.925	3.059	6.166	1.901	1.543	1.848	5.168	3.007	5.504	3.124	3.753	4.978	2.194	3.718	3.212	5.023	0.8019	2.649	2.871	3.103	2.277	2.224	5.344	1.497	4.841	4.104	5.191	3.188	3.41	1.822	4.377	3.067	1.044	2.749	1.856	4.595	4.044	2.745	3.168	0.8445	4.167	4.231
4.845	1.883	5.298	4.853	5.034	3.823	4.773	3.683	3.317	4.426	2.031	4.385	1.886	3.049	4.983	3.388	1.543	1.525	2.841	5.913	2.734	4.805	4.17	1.749	3.699	2.764	2.336	4.105	2.608	2.847	2.737	2.682	0.7662	3.556	5.171	5.37	1.207	3.223	2.151	2.984	3.646	2.197	1.37	-0.7752	4.125	1.154	3.665	1.92	3.798	3.097	4.154	3.411	2.985	0.885	4.345	2.184	3.271	1.137	4.358	1.925	6.88	2.985	0.995	5.21	1.474	3.617	4.25	3.404	2.307	4.265	5.285	4.11	1.331	3.759	4.217	3.037	5.132	3.227	4.992	3.367	4.791	0.2876	2.973	3.369	3.805	0.9469	5.272	1.201	5.671	1.975	4.746	2.212	4.621	2.847	2.816	5.51	3.947	7.108	2.382	2.943
5.127	4.21	4.095	6.341	5.074	2.838	6.592	2.11	2.308	1.387	-1.324	3.285	0.2213	1.671	2.984	3.167	3.916	-3.34	1.976	2.787	5.035	2.829	1.455	1.371	0.5237	1.922	1.494	2.828	3.691	4.019	3.611	4.032	1.061	1.588	5.532	3.139	2.966	2.139	3.392	2.343	4.622	3.784	1.134	4.12	2.934	1.931	4.502	2.104	3.826	5.615	3.145	3.136	3.336	1.777	4.304	3.819	3.793	3.368	4.207	1.603	2.617	3.599	4.265	3.979	1.743	0.8822	4.625	2.963	4.363	4.991	2.806	4.081	4.674	4.861	1.978	4.969	2.874	3.179	4.251	2.111	2.355	2.503	4.058	1.668	3.974	4.732	5.174	4.44	2.98	6.24	2.104	2.835	2.725	2.858	2.089	3.111	2.942	4.052	2.384	5.495
4.297	4.242	4.877	7.116	3.483	5.223	2.228	3.132	4.024	4.153	3.898	2.221	1.482	3.416	3.884	2.804	3.543	2.099	3.988	3.608	3.203	5.284	-0.3493	3.721	1.649	2.79	3.301	5.317	1.473	3.472	2.702	4.039	3.099	2.944	3.711	4.83	4.157	5.773	4.995	5.477	4.546	3.604	4.512	3.087	3.297	2.873	5.826	2.732	4.279	3.362	3.234	2.126	1.543	2.461	2.082	2.638	4.209	1.353	3.517	1.35	3.91	2.334	2.819	3.164	4.639	4.241	2.638	2.356	3.436	4.776	4.561	3.018	2.476	3.761	3.964	2.363	4.325	3.506	3.309	0.6475	6.09	2.022	2.991	3.037	4.519	3.286	4.237	4.131	4.168	3.117	4.482	4.209	5.184	5.53	2.806	4.493	3.062	5.056	4.914	4.467
2.769	4.185	5.925	6.63	4.09	5.427	4.543	4.38	3.489	3.828	2.717	7.37	3.855	4.316	2.42	5.131	3.45	4.031	2.006	2.203	6.466	4.537	2.68	2.289	3.959	5.082	3.731	4.79	2.988	4.239	1.397	5.093	2.118	1.199	4.479	3.19	1.949	4.676	3.117	4.616	5.497	2.665	4.33	4.87	4.508	2.653	3.751	4.583	2.752	1.602	5.741	5.256	1.858	3.738	1.935	2.346	4.808	2.368	3.337	3.141	3.593	4.692	1.164	1.966	5.466	1.021	4.757	2.812	6.008	2.001	3.611	2.679	3.125	5.475	3.873	4.264	2.382	2.668	3.199	2.537	6.242	3.538	3.112	3.207	1.671	0.9888	5.386	2.517	4.595	3.574	5.572	1.852	3.435	3.86	6.232	3.709	5.29	5.458	3.301	2.32
5.874	4.9	3.865	6.452	2.182	2.101	4.999	5.426	3.737	2.96	1.605	3.861	3.346	3.509	1.832	6.452	2.806	4.255	3.559	4.3	4.408	3.661	5.668	3.734	2.886	3.258	2.733	6.019	3.808	4.152	3.653	7.041	1.906	1.743	2.406	2.418	2.26	4.648	2.413	5.239	2.356	2.302	2.792	3.017	4.301	0.8371	3.466	5.244	3.45	4.687	2.799	3.049	4.697	2.903	6.297	1.583	3.1	3.691	1.234	1.972	4.774	1.4	2.843	3.348	4.592	2.715	5.588	2.691	1.749	6.191	3.523	3.332	2.745	4.848	3.076	6.621	2.3	5.685	4.769	3.331	3.809	2.888	5.089	2.38	3.906	3.558	4.632	6.423	7.64	5.263	1.872	3.935	5.229	3.089	3.89	2.002	3.336	3.041	5.429	3.822
3.768	5.466	7.006	4.198	6.081	4.477	4.345	3.863	4.873	4.827	4.918	3.122	2.151	3.514	3.809	4.189	4.141	5.541	2.609	4.11	3.904	3.287	3.237	3.254	1.841	4.631	3.228	3.76	2.318	4.623	5.592	4.728	5.178	4.082	4.714	3.449	3.447	3.695	1.838	3.793	4.735	0.6613	1.215	5.81	4.104	2.993	4.561	2.122	2.931	3.55	5.622	1.94	1.339	5.725	0.8746	3.334	2.918	3.41	2.371	2.219	4.84	4.977	2.72	2.25	3.962	2.629	3.209	3.343	4.48	3.942	3.327	5.261	3.262	4.844	2.419	1.801	4.505	3.39	3.878	2.156	6.714	2.455	3.546	3.725	4.613	1.145	2.718	1.135	4.37	4.578	1.852	2.426	3.552	3.505	3.078	5.909	4.293	1.442	4.662	3.743
4.308	4.352	6.489	4.948	3.212	3.543	4.232	5.366	2.593	4.805	5.225	2.64	3.112	3.546	6.132	3.278	2.659	5.804	2.274	2.654	6.447	3.942	6.859	1.349	3.917	5.223	3.01	1.771	5.073	2.849	3.765	5.401	6.245	2.063	4.098	3.004	2.561	2.089	3.513	2.63	4.037	1.747	1.704	1.233	1.946	3.044	3.259	2.527	4.443	1.938	4.968	2.605	2.983	2.899	4.113	4.267	2.389	2.136	4.528	3.356	3.932	3.004	2.688	4.908	4.324	2.133	2.776	2.082	5.514	2.736	3.689	4.05	1.496	3.933	6.144	4.533	2.821	5.944	4.569	0.477	2.994	1.47	1.92	3.333	2.075	1.596	3.79	3.896	5.895	6.598	1.907	3.761	4.387	2.262	4.311	3.425	3.598	3.957	3.406	4.471
5.044	2.56	4.153	5.035	3.782	3.586	4.892	4.853	1.81	4.239	2.881	6.027	3.651	2.452	2.279	5.126	5.662	5.833	6.316	2.603	5.004	2.906	2.596	3.88	2.049	3.806	2.34	2.532	0.5727	3.076	3.87	3.382	2.415	2.624	3.473	2.525	2.304	3.585	5.906	4.129	3.034	4.843	3.798	4.412	3.669	4.682	3.758	5.206	5.556	4.235	4.094	0.4791	2.426	4.858	4.514	2.921	4.664	5.075	4.401	3.765	3.014	2.768	2.548	3.487	6.547	5.713	6.521	3.772	3.164	2.981	3.544	4.41	3.354	5.939	6.805	4.68	4.33	3.645	5.885	1.583	5.382	2.683	1.595	3.739	2.063	3.457	3.756	3.356	5.396	1.667	4.403	3.087	4.659	1.552	3.409	2.909	3.169	7.027	7.115	4.673
3.368	5.355	3.359	3.913	2.885	2.78	2.857	3.865	1.781	4.19	3.118	2.614	1.625	3.617	3.336	3.841	3.157	4.61	1.665	2.824	2.607	5.2	2.234	2.992	3.018	4.479	1.261	5.667	1.615	1.73	0.1123	3.541	3.765	4.488	3.65	1.777	3.993	4.139	3.889	2.916	4.243	2.22	2.031	4.756	3.585	2.85	2.989	3.463	1.959	3.12	3.315	1.375	1.823	3.278	2.596	2.366	2.939	1.972	1.879	4.488	4.506	3.54	3.052	4.437	3.898	2.92	4.179	4.8	2.198	2.82	4.119	2.821	1.018	5.286	3.944	2.433	4.006	3.724	6.592	1.019	4.282	1.503	4.644	4.565	5.469	2.581	4.828	3.69	6.652	3.886	2.067	3.917	2.505	4.233	3.94	3.056	2.987	4.201	4.808	2.953
5.865	6.095	7.009	6.262	2.936	4.414	5.241	6.317	3.012	3.356	4.504	3.594	3.629	0.8089	4.046	4.55	2.381	2.359	4.032	2.554	3.107	3.093	3.787	2.539	1.309	2.776	4.39	3.456	2.735	2.265	3.232	3.826	1.969	2.431	4.827	3.109	3.659	6.093	3.467	2.695	3.079	2.8	1.696	3.325	4.261	0.0185	3.592	3.242	5.075	0.1363	3.3	2.83	1.561	2.893	3.554	2.781	5.016	1.996	2.455	4.027	5.588	4.181	2.152	2.051	2.997	2.621	1.593	3.263	5.794	5.582	4.171	4.195	0.2014	6.837	3.332	2.26	3.612	3.957	5.104	0.5715	3.827	1.66	4.124	1.955	3.793	3.577	4.197	1.867	4.479	4.1	1.537	2.578	4.145	4.928	2.21	2.112	4.652	3.07	6.33	5.219
5.782	3.837	5.739	3.046	2.787	4.352	4.407	4.332	2.642	2.582	2.523	2.517	3.729	1.958	1.049	4.53	2.669	3.088	3.296	3.525	4.564	2.973	5.446	2.889	1.578	2.864	2.757	4.677	1.966	3.804	3.987	4.173	3.664	1.865	4.403	3.813	2.381	5.479	5.732	4.65	4.004	1.278	3.16	6.293	2.881	1.672	4.373	3.748	6.509	2.219	3.127	3.13	2.517	4.787	4.923	1.168	5.321	3.542	4.594	1.983	2.868	2.302	1.853	6.491	4.691	1.556	2.378	0.8851	3.645	5.522	2.391	5.61	3.453	2.665	3.177	3.662	5.43	5.855	3.252	3.493	4.371	1.703	3.098	1.965	3.161	1.392	3.53	1.891	3.796	3.172	1.877	4.853	3.367	2.68	4.403	3.053	4.349	2.543	4.094	5.897
3.069	3.95	5.964	2.473	1.881	3.22	3.17	3.816	1.868	4.166	5.347	5.212	2.709	2.631	3.62	3.669	4.587	0.7224	4.637	4.016	1.776	3.579	4.243	1.676	2.096	3.704	2.746	3.591	1.56	5.308	2.841	5.354	3.722	2.335	2.299	1.825	3.836	2.259	4.117	3.587	3.021	3.91	2.1	3.555	2.989	2.982	2.758	3.003	4.912	3.501	4.532	2.914	2.979	4.122	4.297	2.089	2.391	2.499	2.994	2.066	4.049	5.242	2.428	3.869	4.254	3.49	2.073	3.46	2.164	1.928	5.005	4.662	2.718	5.379	3.038	5.052	4.492	4.17	2.639	2.277	6.206	1.555	2.887	2.929	2.966	2.427	4.478	2.479	6.03	3.968	0.03055	2.308	4.043	3.262	2.4	2.764	3.238	7.245	3.117	3.648
4.361	2.597	3.269	6.34	4.198	3.603	4.125	3.058	0.6682	2.801	3.533	2.945	1.969	4.765	4.295	1.982	2.598	6.522	5.384	4.954	3.176	2.827	3.369	4.069	3.778	5.283	3.267	2.96	0.8632	4.535	4.164	5.619	2.018	2.423	2.391	0.6512	2.204	5.527	3.458	4.22	4.934	2.293	0.5625	2.764	1.137	1.953	3.248	1.594	5.252	2.594	4.608	2.712	2.825	0.9148	1.083	2.607	3.676	1.856	3.239	0.965	3.783	2.841	2.421	4.148	4.78	3.046	3.535	2.302	1.518	3.816	2.345	3.58	4.948	4.49	5.039	4.509	4.369	2.997	3.295	0.2407	3.594	1.582	2.791	1.609	4.227	3.563	4.968	2.748	5.89	5.701	3.639	2.975	2.121	4.283	4.934	2.107	3.217	2.028	2.162	4.841
4.264	2.94	5.266	3.637	2.395	3.263	3.862	2.886	0.6884	4.821	2.857	5.345	2.342	3.8	3.934	3.556	2.531	1.02	3.581	4.108	2.166	-6.347	3.602	3.113	1.735	2.137	5.139	4.321	2.996	1.386	3.26	1.869	2.608	4.454	1.837	1.844	4.18	2.048	4.839	1.355	5.324	1.646	1.518	3.551	5.336	4.079	4.022	4.883	6.15	0.559	3.912	2.535	1.716	1.746	-3.7	2.685	3.862	0.9359	4.214	2.637	3.231	2.439	2.995	3.291	3.251	2.096	1.005	3.049	3.986	4.688	5.203	3.292	2.402	5.365	4.427	2.059	5.185	5.63	5.325	2.225	6.703	1.269	1.039	1.546	4.042	2.27	4.504	4.721	4.293	5.473	2.397	4.688	3.048	2.505	2.265	2.455	4.684	3.234	2.9	3.78
3.719	5.532	3.453	3.178	4.278	4.386	4.67	5.563	3.295	5.09	3.277	1.178	3.556	4.03	2.824	4.092	4.544	3.337	4.597	4.268	4.551	4.596	3.898	1.083	1.931	5.144	2.595	1.7	3.013	6.206	2.491	3.456	5.581	2.371	5.009	5.17	2.787	2.954	5.236	2.638	4.867	1.908	2.76	2.933	2.624	2.054	2.249	2.459	3.974	1.086	4.798	2.974	2.245	4.58	1.779	1.949	4.543	3.729	3.039	2.382	3.599	2.882	0.9596	2.768	5.141	2.024	3.993	2.59	3.033	2.801	2.879	1.531	2.462	3.448	5.318	4.137	5.884	5.592	4.205	2.313	3.319	0.4649	4.053	2.542	1.632	0.7881	5.511	2.486	5.311	3.951	3.151	3.311	1.351	2.423	3.749	4.062	2.717	3.049	4.529	3.817
5.309	4.737	3.111	5.631	2.737	4.714	4.607	3.244	3.789	6.124	0.3172	5.424	2.118	2.383	1.067	2.631	1.845	3.582	3.527	3.578	4.442	3.351	0.8644	3.133	2.45	4.251	3.192	2.529	1.422	2.334	3.942	3.128	2.343	3.242	4.063	3.468	3.99	4.629	4.712	4.272	3.016	4.649	2.753	3.375	3.477	3.133	4.87	4.095	2.987	3.213	4.394	1.392	4.949	1.96	1.374	1.467	4.695	2.24	3.353	3.823	2.531	4.522	2.998	3.734	2.238	3.408	1.152	2.989	2.353	6.62	2.793	2.576	2.207	5.501	3.238	1.424	2.422	5.757	5.82	1.812	3.134	1.305	4.261	4.432	4.381	3.609	3.719	4.446	-6.579	4.545	4.573	3.319	1.391	4.145	2.668	2.839	3.478	5.011	4.024	3.316
3.388	3.055	3.577	5.093	3.575	2.08	3.642	5.472	2.932	3.727	1.333	3.485	3.026	2.528	1.097	2.974	4.476	2.528	2.663	1.303	3.885	2.117	6.999	1.875	2.829	3.155	2.72	4.361	1.854	1.936	3.657	2.375	1.285	3.353	5.269	2.507	2.593	1.31	4.3	2.122	2.815	3.841	2.189	1.819	2.949	0.5351	4.397	4.382	4.019	0.9899	3.225	2.559	0.7123	1.614	3.683	4.211	4.362	3.401	3.925	3.157	2.076	2.16	3.305	4.271	2.024	3.984	3.4	2.583	5.167	3.69	3.001	2.164	3.938	4.986	4.964	5.288	2.852	4.118	5.063	1.524	4.802	-3.283	3.277	3.56	4.671	2.654	2.374	1.884	3.213	3.641	1.087	2.738	4.13	2.964	2.376	4.041	4.613	4.073	4.947	2.437
-6.382	3.956	4.912	2.362	1.285	2.319	4.596	3.768	0.8097	4.964	4.226	6.546	1.971	3.182	0.9704	2.591	2.789	3.965	3.901	2.644	5.731	6.803	1.763	2.133	1.676	4.183	2.925	3.811	3.18	1.792	3.425	4.204	3.755	3.232	4.876	3.191	3.084	3.221	4.118	3.855	2.432	3.325	2.775	2.281	2.841	1.801	2.871	4.844	2.808	3.723	6.096	1.541	2.673	3.108	5.826	1.935	3.699	2.717	3.472	3.654	3.792	3.906	2.793	3.366	5.122	2.919	1.462	3.197	3.323	4.068	4.791	4.326	4.763	4.799	2.942	3.681	5.128	3.492	4.568	2.063	3.372	0.7484	4.932	2.553	4.152	3.517	4.277	3.032	3.767	4.226	2.832	3.348	3.411	4.912	1.775	1.044	1.989	3.258	4.528	3.382
2.83	4.921	3.944	5.054	3.402	4.037	4.785	5.292	2.511	5.065	2.77	1.517	-4.114	3.64	1.131	3.043	2.757	2.63	4.057	3.506	2.868	2.616	3.5	3.145	3.327	1.37	3.035	4.259	1.301	4.682	2.123	6.773	3.268	2.654	3.489	2.657	4.552	5.905	4.577	4.56	5.229	3.07	2.872	4.001	5.979	4.981	3.447	3.678	5.376	4.794	3.994	3.86	2.401	3.446	4.365	2.218	4.526	5.037	2.917	1.087	2.807	2.512	3.039	4.421	2.462	2.853	5.23	1.476	3.738	5.316	4.97	4.251	3.447	5.734	2.157	4.195	4.071	5.495	4.462	0.553	1.461	2.076	2.847	2.813	5.225	3	5.408	1.107	4.842	1.903	2.594	4.098	3.287	-2.278	2.667	3.95	2.921	5.401	1.722	4.723
2.677	4.339	4.751	5.877	1.481	3.896	4.329	3.406	3.131	4.485	3.028	1.762	4.719	3.329	3.466	-3.269	4.876	3.403	2.829	1.686	3.509	4.666	4.484	3.379	1.075	3.58	3.313	4.359	2.607	3.8	3.439	3.766	3.336	1.168	5.735	1.578	3.573	2.306	4.446	2.825	3.917	1.545	2.955	5.065	3.929	0.887	4.39	4.527	5.796	2.527	3.796	4.194	2.591	3.583	3.801	0.9552	3.772	1.194	3.712	1.642	3.752	3.98	1.987	3.887	1.227	1.717	3.225	1.7	1.214	4.66	6.001	4.568	1.552	4.625	4.53	4.108	4.146	2.051	3.858	1.722	2.699	2.286	5.155	1.144	4.189	1.76	4.343	2.782	5.481	1.325	2.737	2.137	3.455	4.791	2.211	2.698	4.467	1.317	4.616	3.884
6.987	4.063	3.764	4.652	1.618	4.468	3.956	1.903	2.668	3.861	4.145	3.041	2.524	3.74	2.835	2.029	3.756	2.44	2.68	5.354	2.5	3.949	0.3123	3.174	1.602	4.56	2.297	2.068	0.9466	4.17	2.021	5.984	2.969	2.789	5.41	3.035	0.8556	3.078	5.061	4.245	3.308	3.445	2.482	3.22	3.468	3.408	4.102	-4.355	4.061	2.034	3.167	1.382	0.5651	3.895	2.973	1.125	3.919	3.1	3.498	2.509	2.233	5.157	2.585	5.237	5.085	3.362	-0.02621	1.204	3.112	5.262	4.116	5.026	3.334	3.694	4.871	2.239	2.74	3.516	5.212	1.816	5.653	0.5779	3.374	3.567	4.228	1.326	6.664	4.862	7.305	2.203	2.114	5.74	4.404	3.782	-1.289	2.059	4.747	4.603	4.723	2.736
3.151	4.646	4.574	5.071	2.362	5.341	2.035	5.97	3.771	4.492	1.379	1.533	2.685	3.985	3.622	4.359	3.488	1.142	4.454	3.851	3.516	2.847	5.003	3.817	3.442	3.749	3.665	3.351	2.914	4.105	3.111	5.632	2.279	2.747	4.197	2.676	3.44	-5.108	4.637	4.114	2.422	3.466	3.733	3.458	4.044	3.13	6.916	2.298	4.928	3.052	4.565	5.129	2.299	3.197	2.169	1.201	3.514	3.147	2.737	2.634	2.522	0.9178	1.97	2.58	3.501	1.962	3.702	1.549	3.959	4.022	2.077	5.081	2.863	4.456	1.518	4.862	4.88	5.254	4.728	2.053	4.376	1.216	2.64	1.368	3.815	2.128	3.688	4.1	4.558	4.204	3.129	2.608	1.338	3.31	1.41	2.147	3.56	6.6	5.312	5.314
3.428	4.365	1.907	3.665	3.969	4.63	4.866	3.013	2.826	4.081	4.911	2.357	0.2715	2.972	3.722	3.567	-1.882	2.374	3.128	4.778	5.67	4.609	0.2174	3.84	2.603	4.082	1.699	3.704	-0.8839	2.316	3.908	5.034	2.969	1.97	4.846	3.133	3.819	2.275	2.532	4.042	5.252	2.851	2.896	1.798	3.854	2.345	3.123	2.445	1.761	-0.4452	3.782	4.317	1.538	2.73	2.896	2.703	4.148	0.5599	2.632	3.031	4.751	3.932	2.558	4.428	4.616	1.621	2.288	2.602	2.333	4.803	3.93	3.11	3.313	5.361	4.326	3.609	3.465	2.572	5.26	2.47	4.635	1.317	3.437	2.889	4.462	0.5532	4.941	2.65	3.557	4.433	3.257	3.639	3.743	3.887	4.074	3.786	3.557	1.34	4.23	3.86
5.481	2.873	3.413	2.993	2.439	3.924	3.931	4.323	3.825	2.185	1.347	4.402	0.5478	2.267	3.239	3.564	4.437	2.174	5.151	3.531	4.998	5.499	4.305	1.832	1.827	2.505	3.264	3.876	1.066	2.409	3.688	4.832	3.077	1.696	4.834	2.852	0.963	3.743	5.18	2.969	4.865	2.846	2.991	4.824	3.753	3.077	3.372	0.2585	4.564	1.002	3.976	3.139	1.742	3.059	3.047	1.452	3.728	-0.3854	1.748	3.002	4.945	3.877	1.194	1.705	5.193	2.576	2.601	2.033	1.451	1.952	1.414	2.501	3.651	4.031	2.138	0.7895	4.373	4.773	3.307	4.664	2.939	3.986	3.596	3.166	4.553	3.657	4.408	3.308	2.017	3.821	2.719	4.848	2.783	1.14	2.677	1.834	3.722	4.531	6.618	3.149
5.247	4.063	5.829	4.356	3.058	3.081	4.504	3.817	1.428	2.573	3.345	4.049	3.328	3.731	3.995	1.086	1.161	2.782	3.96	3.715	4.314	3.79	3.119	2.948	2.529	1.964	2.761	3.188	2.427	2.953	2.601	3.613	3.593	1.444	4.311	2.838	2.262	4.117	3.691	2.804	4.297	3.427	3.133	6.43	3.608	1.07	3.689	4.556	5.492	1.664	4.264	2.617	0.5452	6.187	2.527	1.64	2.947	3.089	1.361	1.62	5.663	1.954	4.578	4.171	3.546	2.263	2.505	2.547	3.405	3.849	3.299	3.489	3.237	3.329	2.767	1.576	4.246	6.684	4.278	3.799	4.194	3.078	4.05	2.728	3.883	1.854	4.524	2.751	3.497	2.383	3.604	2.682	3.24	1.608	4.05	2.817	4.243	5.532	4.223	4.852
4.276	3.971	3.815	3.983	2.508	2.773	4.226	2.672	1.767	2.086	3.873	3.249	1.752	3.362	2.579	4.736	3.998	2.407	3.196	2.658	2.687	3.294	4.103	3.172	2.775	3.958	5.494	5.65	2.019	4.063	3.082	2.843	2.598	3.104	3.5	5.527	2.444	0.4426	5.875	4.507	3.144	1.44	2.97	3.802	3.472	2.622	3.672	3.472	4.994	1.622	4.307	2.57	2.612	4.369	4.398	3.252	2.876	1.638	2.811	2.137	4.765	1.12	2.172	4.078	2.667	0.2171	2.62	2.515	6.521	3.456	4.864	4.085	1.451	5.398	3.504	4.585	3.693	4.287	5.222	2.757	2.368	2.825	5.045	1.903	2.581	2.091	4.104	0.833	5.433	2.942	1.7	3.11	3.392	4.264	3.598	3.125	4.087	3.898	3.882	2.168
5.524	2.648	4.015	3.916	5.026	3.839	4.059	2.824	2.573	4.254	3.531	3.959	1.82	3.928	2.358	3.924	1.847	3.639	3.983	2.264	4.425	3.368	2.197	3.353	3.01	3.539	4.704	3.105	1.962	2.861	6.34	3.256	2.526	2.658	5.244	3.899	2.937	4.296	3.107	3.852	3.033	2.664	2.495	1.55	3.739	0.8414	3.562	3.308	5.512	1.808	3.025	2.58	1.043	0.5983	2.638	1.152	2.722	3.726	3.133	2.758	3.528	2.129	3.218	1.861	1.932	4.072	3.094	5.874	2.905	4.077	4.339	4.621	2.923	3.721	3.258	3.877	3.594	1.7	5.722	2.426	2.564	1.896	3.593	3.516	3.178	3.642	5.977	4.503	4.489	3.526	2.79	3.87	5.392	4.918	2.359	2.628	4.684	2.789	3.116	3.761
4.623	3.259	6.491	6.55	1.984	5.857	2.934	3.137	4.134	4.813	2.791	2.614	1.886	3.299	4.299	2.256	2.783	2.988	3.72	2.69	3.148	2.64	1.902	3.156	2.473	3.923	2.525	2.592	1.679	4.29	4.434	4.026	2.484	2.686	3.898	2.087	2.03	3.644	2.914	3.274	4.807	2.099	3.928	3.075	3.668	2.705	3.384	3.307	4.685	3.589	3.427	5.229	2.65	2.291	4.266	3.209	3.752	6.137	4.773	3.091	4.874	5.81	1.76	5.654	4.233	2.108	3.096	3.072	4.602	3.19	2.906	4.063	3.685	5.374	3.984	3.192	3.562	2.84	3.004	2.373	4.847	1.285	3.521	3.015	3.841	2.319	5.109	1.149	4.357	3.057	1.96	2.698	4.513	0.9903	2.468	3.498	3.975	4.852	3.258	3.608
5.22	2.7	4.413	3.169	3.178	3.397	5.549	2.308	3.648	4.985	0.5225	3.195	1.403	2.286	2.328	2.209	2.821	4.432	4.126	3.54	3.967	4.608	6.199	3.833	1.789	3.82	3.855	1.746	1.186	3.287	2.496	4.211	2.999	2.842	5.837	0.9916	3.038	5.341	6.587	3.152	3.868	2.857	2.287	3.613	6.227	2.457	3.448	2.628	2.873	4.959	4.136	2.213	2.296	3.027	2.386	2.489	3.636	1.531	2.534	1.748	3.661	3.337	1.16	3.841	2.49	2.012	2.132	2.021	2.418	5.669	3.018	4.847	2.098	4.342	2.15	3.799	1.805	4.403	4.576	1.72	5.023	0.9477	4.137	2.696	4.939	1.89	4.759	2.166	3.65	2.393	1.629	3.192	3.522	4.209	3.368	3.823	3.97	3.862	4.758	3.232
4.184	3.261	4.134	1.681	3.741	4.734	4.028	3.781	1.434	4.993	2.814	1.291	3.073	1.786	3.015	4.457	3.245	0.9661	4.305	3.489	4.009	1.586	3.205	1.387	2.523	2.748	3.969	3.74	2.342	5.542	3.385	4.853	3.25	5.284	3.422	2.517	3.628	3.581	5.434	4.991	3.73	2.475	2.84	1.233	2.358	2.718	4.15	3.196	3.255	3.059	3.563	4.916	1.68	3.666	3.421	2.533	4.018	3.05	3.949	3.065	3.835	5.011	1.248	2.027	6.451	2.108	3.42	3.899	1.148	2.868	2.422	2.184	3.275	4.169	3.98	2.768	4.501	3.735	5.783	4.077	3.435	2.236	4.179	2.828	3.682	2.351	5.491	5.74	3.333	3.601	2.158	3.822	2.56	3.06	3.279	4.041	3.822	3.627	2.521	4.709
4.163	2.305	3.74	3.615	2.664	2.833	3.256	3.844	3.226	3.756	0.244	6.006	2.466	2.943	2.847	3.026	2.779	2.489	3.453	4.158	3.87	3.123	5.493	1.504	3.107	3.602	1.669	3.57	3.162	2.48	3.587	3.842	2.534	1.651	4.063	2.03	4.622	1.081	4.426	3.637	4.165	3.446	3.064	3.28	3.911	3.615	3.621	3.665	4.706	2.36	2.876	3.607	2.979	2.143	5.151	2.572	3.441	1.055	4.112	1.011	5.457	3.344	3.335	3.64	3.755	3.503	4.087	1.637	3.488	4.392	2.974	5.048	2.894	5.568	4.143	3.927	3.942	3.506	6.347	2.334	3.781	2.462	3.46	2.109	3.64	1.735	2.689	4.023	4.24	1.933	2.109	1.739	1.458	6.142	3.185	3.065	4.383	3.325	3.65	3.893
3.127	1.645	5.389	5.255	4.329	4.22	4.763	3.356	1.566	4.418	4.774	3.95	2.223	4.301	5.394	3.625	2.315	0.9758	3.193	1.845	2.072	1.066	1.562	2.881	1.612	3.56	1.615	3.093	2.099	3.473	3.648	3.588	3.391	2.725	4.79	5.137	3.125	3.253	2.794	3.566	4.054	3.793	3.653	4.442	4.616	1.085	2.53	2.305	2.815	3.511	3.091	2.405	0.7464	1.975	3.2	2.51	6.101	3.582	1.269	2.18	3.755	2.825	2.566	3.63	-1.421	2.826	3.797	2.368	3.284	3.751	5.014	4.769	2.371	3.534	3.397	4.934	4.613	5.321	3.86	1.023	1.971	1.709	3.798	1.871	5.208	2.872	4.171	3.52	1.778	2.876	2.686	4.197	2.816	3.452	3.204	4.319	4.802	5.683	4.338	1.736
5.42	2.751	3.395	4.728	0.6239	3.911	6.057	4.764	2.933	2.277	1.672	6.312	3.129	3.494	4.895	2.153	1.252	3.678	2.436	3.287	4.964	3.327	2.751	3.892	3.157	2.594	3.541	1.629	2.226	6.042	3.913	5.489	2.269	2.917	3.843	2.077	3.506	4.87	2.824	3.975	3.659	5.173	3.327	3.588	4.545	2.684	4.109	2.093	3.851	1.241	4.11	4.235	3.388	2.66	2.863	3.007	3.609	1.43	2.561	2.51	4.225	3.794	3.19	4.047	4.759	2.513	2.77	3.661	4.166	4.563	2.676	3.784	3.184	6.068	2.498	4.065	3.726	3.463	5.817	1.567	4.114	3.302	4.343	3.185	1.67	2.198	3.953	4.275	5.019	2.658	2.339	1.447	3.256	3.202	2.763	2.076	3.605	3.483	4.042	5.933
3.517	1.754	2.965	5.198	2.787	5.014	3.89	2.86	3.218	2.784	1.89	1.712	1.206	3.419	3.141	3.094	3.643	3.926	3.28	4.444	2.93	4.389	2.082	3.446	-0.09636	3.204	2.893	2.11	3.68	3.794	3.534	4.924	2.386	1.733	2.714	3.566	4.398	2.878	3.498	4.489	4.168	1.352	2.473	1.736	2.968	2.573	3.029	2.686	4.289	1.937	3.625	3.185	0.5447	2.605	2.061	2.666	3.37	0.1688	3.541	3.929	5.066	4.669	1.069	2.816	3.467	2.789	5.208	2.202	3.938	3.581	3.85	4.421	3.625	4.919	5.555	2.793	3.545	4.832	6.058	4.035	5.539	4.232	3.479	3.168	5.703	2.835	6.1	0.5312	3.796	4.031	3.656	3.447	2.956	4.132	4.801	1.395	4.417	2.053	4.144	4.103
6.18	4.014	5.463	4.327	1.386	3.151	5.865	3.398	0.7704	1.971	3.694	4.491	2.305	2.836	1.059	6.063	3.65	4.359	3.162	4.294	2.578	4.524	0.8084	5.354	2.641	4.089	3.005	4.457	2.008	4.22	5.887	2.75	3.538	1.206	3.252	2.528	6.17	6.194	3.4	4.313	2.465	3.21	2.745	2.997	5.843	1.431	2.004	1.713	4.147	0.8781	2.256	4.952	2.897	3.736	4.134	2.484	3.72	3.402	2.587	2.996	2.018	4.779	2.996	2.629	4.455	1.964	5.071	3.236	2.1	3.685	1.429	4.028	3.758	6.826	5.17	6.189	2.878	5.348	2.567	0.6032	5.275	3.011	2.724	4.97	3.872	2.73	4.689	3.187	6.541	2.578	4.517	3.838	5.051	3.857	4.098	4.114	3.516	5.199	5.183	4.106
4.902	1.764	4.882	4.058	1.639	4.824	4.121	2.119	4.565	2.715	2.18	5.569	3.489	4.286	2.56	5.476	3.378	1.846	4.126	3.95	4.948	2.014	1.248	1.381	2.697	2.646	4.313	3.116	2.512	4.496	2.601	2.596	1.967	2.097	4.828	3.551	2.265	2.022	5.337	3.383	3.59	3.405	3.666	2.836	2.995	2.808	4.499	3.455	5.46	0.7968	4.621	4.29	3.29	3.747	4.566	3.374	3.909	2.895	3.654	2.677	3.699	2.667	4.773	3.81	2.761	2.769	3.574	4.566	3.065	1.649	5.281	6.375	3.583	4.381	4.052	3.703	5.948	4.595	2.164	1.186	5.413	2.956	4.751	1.539	4.714	2.144	4.346	3.104	2.487	3.246	3.415	2.927	4.242	11.19	1.265	3.008	5.623	5.613	6.401	2.945
5.797	4.892	4.315	5.431	5.103	2.978	4.065	4.348	0.9736	4.78	3.114	3.918	4.756	2.368	0.6584	3.307	2.494	6.313	2.052	3.469	4.422	3.001	1.028	3.849	2.535	3.413	2.514	5.991	1.786	2.942	3.979	4.148	3.081	3.392	2.559	1.834	2.798	-1.939	5.166	3.716	3.629	1.233	4.884	3.552	2.903	3.685	5.853	2.936	4.867	3.361	3.99	3.605	2.449	-0.7	3.55	2.358	3.542	3.751	1.278	1.487	1.697	0.923	4.758	3.653	5.104	1.472	4.249	0.943	5.665	4.991	4.919	2.475	5.138	6.692	6.036	3.175	3.929	3.891	4.358	1.003	3.463	0.7035	3.862	2.344	3.845	2.35	6.86	2.036	2.399	2.08	2.703	1.766	3.656	5.788	2.747	2.476	4.871	1.69	3.184	2.543
2.062	2.168	4.969	5.025	3.131	5.577	3.454	5.336	2.374	3.758	4.58	6.33	2.294	1.666	2.941	5.404	3.976	2.537	3.175	3.262	4.236	5.263	4.144	3.325	2.29	4.213	5.048	4.9	3.092	4.059	1.802	2.754	3.406	3.438	3.957	2.587	5.897	3.66	4.053	3.58	3.67	3.535	1.625	4.267	3.835	1.934	2.599	5.969	4.477	1.797	6.567	2.597	4.647	2.915	3.561	3.243	4.025	5.025	3.604	1.151	3.627	2.637	1.924	3.549	1.253	3.099	2.734	3.401	2.935	5.972	3.763	4.305	5.263	4.726	4.542	3.576	3.58	3.13	4.002	1.752	3.87	2.221	3.872	3.503	4.141	3.477	4.454	4.366	7.207	4.762	3.495	3.564	4.505	2.11	3.248	3.966	3.542	3.228	3.982	1.995
4.185	6.332	4.112	2.872	5.931	4.317	5.982	2.281	3.02	3.052	3.7	7.117	1.052	5.253	4.866	1.476	4.034	4.172	3.75	2.846	3.821	3.004	1.523	3.611	3.771	4.322	2.406	3.62	2.684	3.714	4.155	4.615	3.99	4.833	6.678	1.312	4.503	1.467	4.213	4.27	2.34	3.162	4.042	4.348	4.835	2.619	5.28	4.58	5.19	1.263	2.347	3.27	1.545	4.652	3.323	2.446	4.499	2.948	2.958	3.08	6.039	2.404	3.799	3.834	3.227	4.197	1.785	1.035	1.068	5.402	4.429	4.07	2.229	4.55	1.941	6.294	4.399	5.929	5.15	0.9761	3.084	1.863	6.083	3.073	3.202	2.661	4.784	3.326	6.314	3.209	4.146	2.617	2.108	4.111	4.581	3.682	4.113	1.774	4.282	4.3
4.34	3.22	5.044	6.907	2.839	4.653	4.436	5.743	1.257	1.487	1.437	1.739	2.615	3.271	3.279	1.418	3.338	3.009	3.509	4.49	5.618	4.675	1.977	5.166	2.662	1.904	2.901	2.335	2.166	3.525	3.346	5.728	2.862	2.71	2.455	1.962	1.921	4.255	3.047	3.355	3.532	1.167	2.56	4.18	5.702	0.801	0.751	3.703	1.877	3.151	2.037	5.494	0.2962	4.541	4.544	2.626	3.365	5.464	3.27	3.81	5.758	5.479	2.011	3.179	1.738	3.607	4.846	1.372	5.608	3.573	1.552	4.698	4.193	5.192	1.91	4.285	4.255	4.454	2.879	2.935	5.443	3.582	4.429	1.584	5.153	2.333	4.079	3.497	2.205	3.785	2.984	3.231	6.035	3.306	3.744	0.6428	3.47	3.087	2.341	3.355
4.943	2.961	5.597	3.627	-0.6789	4.289	5.982	4.608	2.639	4.117	2.134	3.974	3.103	4.004	5.886	3.934	3.89	0.8882	6.11	5.436	3.334	6.499	4.84	3.414	2.213	3.338	4.774	3.344	3.931	3.817	4.01	3.719	2.639	3.901	4.019	2.318	2.004	3.868	3.648	5.577	4.15	3.384	2.624	2.461	3.978	2.399	5.583	0.2766	3.99	3.436	3.774	0.4595	3.117	2.167	2.327	2.331	3.455	2.314	1.226	3.164	3.961	3.736	4.693	6.629	3.695	4.236	3.797	1.858	3.518	6.1	4.886	4.33	2.374	6.565	3.762	2.987	3.813	4.68	3.678	1.078	0.7448	2.018	3.116	3.578	3.613	3.034	4.389	4.365	7.577	3.569	1.429	3.597	5.398	3.785	4.887	3.723	3.791	3.793	3.688	3.796
3.794	4.233	7.57	6.713	3.852	2.203	4.393	3.438	4.083	3.287	3.332	5.232	1.265	2.21	1.043	4.834	2.588	0.9625	3.482	2.624	4.173	5.35	3.837	2.652	0.7127	3.546	0.7135	2.867	0.9426	1.588	1.393	4.072	3.809	2.805	5.1	2.734	2.512	5.65	6.941	2.536	4.75	4.401	2.144	3.445	5.092	2.692	1.403	4.024	6.174	2.717	4.931	3.695	1.798	3.744	2.439	1.902	3.297	1.13	2.451	0.7366	3.822	1.889	1.778	3.072	1.855	4.449	4.002	2.553	2.27	6.129	3.885	2.021	2.266	4.536	5.328	4.449	3.629	3.748	4.601	2.272	1.254	2.413	4.662	2.422	1.426	3.751	3.232	3.887	5.917	4.835	4.489	4.121	3.939	4.606	2.888	2.784	5.896	5.603	4.801	2.962
1.969	3.865	4.874	6.539	4.759	4.661	5.115	2.885	2.322	5.861	5.036	2.358	2.298	3.176	3.758	1.784	3.992	2.891	4.143	2.157	5.193	3.806	3.925	1.414	2.426	3.618	2.979	5.744	1.076	4.36	2.949	4.86	3.47	2.385	5.194	4.309	3.412	2.724	6.16	5.696	5.861	3.721	3.206	1.724	3.681	2.532	5.49	5.041	5.342	3.363	3.666	2.138	2.75	1.168	5.471	1.069	5.055	1.074	3.196	2.511	4.125	3.363	4.668	2.133	4.899	2.144	2.146	4.113	5.595	3.94	4.764	2.846	3.407	5.209	4.667	3.808	3.586	2.47	5.412	2.314	7.435	1.139	2.654	2.461	4.005	3.341	4.303	2.472	4.188	2.951	3.771	2.129	1.437	4.863	3.683	5.573	4.042	2.72	3.671	3.693
3.417	4.19	3.488	4.034	2.308	3.404	4.286	4.111	2.498	3.435	3.816	2.431	1.845	5.097	4.643	3.72	3.918	5.559	4.397	3.878	3.961	3.925	5.079	3.409	3.934	3.579	2.202	2.327	2.937	4.055	2.675	5.61	1.831	4.973	5.036	2.048	3.448	5.474	4.005	5.363	5.806	3.598	4.185	5.488	3.717	2.954	1.65	4.254	3.606	4.2	4.11	3.011	1.869	2.35	5.243	1.737	3.778	2.176	1.099	3.401	6.758	3.002	0.7674	3.623	4.612	4.119	2.201	4.528	1.846	4.294	1.368	4.171	3.819	3.813	3.666	3.199	3.634	3.38	3.967	1.678	4.671	1.542	2.024	4.029	5.66	4.133	3.8	4.417	4.066	5.009	5.001	2.818	3.955	5.911	3.506	5.233	1.958	2.195	4.791	5.087
2.786	3.19	3.206	5.645	1.461	2.762	4.4	3.69	1.739	6.028	4.708	4.85	4.681	3.418	2.843	3.803	2.739	3.098	4.26	3.573	4.889	2.028	4.553	4.14	0.5746	3.769	1.577	2.971	0.4208	2.819	3.501	4.89	3.79	2.823	4.653	2.1	1.951	3.228	5.05	3.632	4.192	3.464	2.413	2.525	3.86	3.596	4.305	2.422	3.873	3.403	4.432	3.112	2.946	3.356	3.553	0.8525	4.201	2.764	3.17	1.781	3.402	2.707	3.631	4.515	2.615	2.506	6.546	2.18	3.509	3.611	5.354	5.175	4.315	3.895	4.33	2.554	6.199	5.324	5.088	0.5839	8.083	1.222	3.946	2.729	1.612	0.2436	3.123	2.317	7.895	4.796	2.971	2.646	1.311	4.146	3.164	3.752	3.503	6.097	5.764	3.325
4.4	1.827	4.584	3.439	5.996	3.239	3.036	4.087	0.7926	1.664	5.303	4.3	2.653	2.266	5.701	1.289	3.138	5.024	5.713	3.792	2.057	2.522	1.598	2.76	1.949	3.764	2.105	2.48	3.475	5.605	5.652	4.475	0.09157	2.954	5.487	1.692	3.297	3.491	4.519	5.897	4.485	3.007	2.946	0.6579	1.889	2.228	3.079	3.506	4.417	4.481	4.996	3.991	1.804	0.8803	0.6886	2.961	4.996	3.131	4.264	4.011	5.022	2.756	2.101	1.951	3.724	6.55	5.135	1.876	4.104	3.137	-0.7549	4.355	2.907	6.612	2.978	2.266	3.653	4.044	4.537	1.53	7.124	2.411	2.917	2.363	2.574	1.376	5.186	0.9473	4.824	5.603	3.219	2.78	4.133	4.013	2.651	2.997	4.044	2.435	4.028	4.307
4.369	3.76	3.27	5.106	2.179	3.808	3.066	2.928	1.565	3.672	1.461	4.188	-0.2948	2.403	1.151	2.931	3.299	2.731	5.079	3.406	4.364	2.322	3.727	2.279	1.917	5.509	1.547	4.011	2.349	4.868	1.084	4.942	1.798	2.381	5.053	3.135	1.476	0.7701	4.425	2.781	3.413	5.352	2.347	1.932	2.349	0.5668	4.672	2.156	3.114	4.646	3.33	2.744	2.332	3.73	3.003	2.569	3.932	0.8654	2.58	3.116	3.553	3.964	2.924	1.506	3.737	1.712	3.246	0.5874	2.784	4.18	4.033	4.415	3.353	2.423	3.585	2.613	3.576	2.249	5.313	2.707	4.362	2.013	5.684	1.37	3.665	2.938	4.968	4.516	3.142	3.708	5.909	2.174	3.174	1.881	1.514	1.512	2.939	3.898	2.901	2.954
4.398	2.234	5.461	2.99	1.757	4.197	3.101	3.781	2.196	2.958	6.487	2.542	3.78	3.488	2.948	5.239	3.619	2.872	5.555	2.951	2.433	4.212	6.223	4.351	2.632	4.125	1.062	4.044	5.225	3.776	2.958	4.448	1.946	1.973	4.629	2.138	3.343	3.293	2.705	2.121	4.574	1.705	5.079	2.603	2.056	1.976	2.652	2.56	5.298	2.098	3.462	2.063	4.579	5.161	3.426	2.054	3.88	-0.9079	4.932	1.942	3.193	5.432	2.359	3.569	1.69	2.732	4.394	3.099	2.676	2.953	4.691	4.03	3.301	3.181	2.348	5.628	3.088	4.957	4.621	1.933	7.244	2.808	2.968	1.729	3.051	2.356	4.682	3.357	-1.208	1.978	1.126	3.363	1.693	1.822	1.675	6.017	4.88	3.946	6.104	4.446
3.784	2.141	3.289	2.791	3.309	4.466	2.292	3.724	3.792	5.211	3.592	2.05	3.075	3.112	3.351	2.067	2.578	3.001	2.904	2.15	2.118	3.069	2.882	2.639	1.81	3.08	3.333	3.413	0.4856	3.145	2.292	4.452	3.319	3.118	2.359	2.938	2.458	3.478	4.721	3.685	5.015	1.603	2.118	3.809	1.976	2.943	2.145	2.876	2.376	2.925	4.148	4.348	0.9318	1.581	3.811	1.202	2.646	-0.2833	3.254	2.033	4.674	4.301	2.316	3.224	0.3667	2.185	3.425	3.906	0.7049	2.071	0.9533	6.511	2.327	4.443	0.008399	1.747	1.674	1.989	4.452	1.107	2.604	1.872	2.756	3.295	4.139	3.522	4.568	1.831	3.62	2.514	1.305	2.034	2.621	3.132	3.401	2.647	6.253	2.668	5.085	3.395
4.779	3.282	2.71	2.456	2.306	4.05	3.832	3.393	1.775	5.824	3.918	3.498	1.024	3.926	3.129	2.175	3.092	2.402	3.815	2.607	5.036	2.404	3.093	4.326	2.825	3.863	4.606	4.745	0.9871	2.771	3.676	3.853	4.427	2.589	6.363	2.616	2.298	3.471	3.35	3.067	3.953	2.504	2.77	2.612	1.403	2.47	2.096	0.9802	3.04	3.978	4.508	2.674	1.608	1.981	2.988	2.394	5.96	0.757	4.125	2.951	2.753	2.38	3.226	3.649	1.647	2.182	3.494	1.826	2.316	4.093	1.836	3.003	2.679	5.035	2.314	1.249	2.882	4.028	4.591	0.4217	4.538	0.7201	3.633	1.268	3.858	2.909	3.885	3.058	2.769	3.998	2.983	3.786	3.403	2.253	4.358	1.172	2.465	2.284	2.9	4.45
3.641	2.088	3.964	3.044	3.306	2.893	5.22	3.244	1.697	3.412	3.532	3.37	3.16	3.382	2.328	2.716	2.183	4.157	3.691	3.376	3.132	5.109	1.816	2.738	5.169	2.18	3.83	2.919	0.7319	2.836	2.545	3.049	2.095	2.889	3.208	2.248	2.228	2.919	4.419	2.978	5.942	2.952	2.175	1.988	5.826	4.719	6.953	4.805	2.662	6.009	4.099	-0.4869	2.915	2.083	2.142	2.899	3.953	4.453	3.326	3.552	3.69	1.942	1.828	3.972	2.829	4.248	2.465	2.759	2.326	3.997	3.806	4.026	3.737	4.077	3.981	4.764	4.208	5.085	4.611	2.277	6.962	1.583	3.332	3.185	3.803	1.661	3.305	1.665	4.425	3.115	3.153	2.99	3.606	3.799	2.36	1.386	2.98	5.258	4.48	2.209
2.471	5.965	3.071	2.565	3.725	2.926	2.905	3.467	2.456	4.033	1.126	3.032	3.599	2.658	1.809	2.062	4.169	1.058	2.81	4.848	2.747	2.042	-2.386	2.914	1.046	3.54	3.312	1.545	1.723	1.935	3.206	4.861	2.703	2.186	5.942	1.286	0.662	2.382	3.95	3.771	2.915	3.073	2.88	5.394	3.686	1.689	2.77	3.798	3.99	1.257	3.716	3.809	3.366	1.914	5.792	1.409	4.342	2.719	3.134	3.857	3.811	4.504	2.631	2.6	5.011	3.488	3.683	2.124	2.045	5.387	2.659	3.144	2.367	4.821	2.907	3.652	3.845	4.531	4.173	3.261	2.297	2.704	3.427	3.917	2.708	1.567	4.78	1.855	4.136	4.612	2.11	1.641	2.918	2.651	3.54	1.638	5.003	1.717	3.605	2.859
2.882	4.942	8.461	2.482	3.8	3.027	2.673	3.701	2.08	3.879	6.066	2.383	-0.3325	2.262	1.295	6.478	4.071	2.153	4.689	3.652	6.587	2.847	2.423	5.551	1.68	4.951	4.14	1.625	2.261	3.753	1.842	2.244	5.43	1.186	4.281	2.237	4.272	5.186	3.632	4.231	2.249	4.271	1.614	2.72	4.949	2.487	2.92	5.965	5.236	1.923	3.81	6.495	3.425	3.035	2.744	0.6138	4.958	3.907	1.532	3.302	4.369	3.953	3.443	2.557	2.644	2.611	2.872	2.451	4.754	4.047	1.361	2.638	3.43	4.407	2.275	4.098	5.281	5.24	3.129	1.203	2.993	0.9925	5.445	3.26	2.781	2.235	2.935	1.241	5.003	3.351	1.1	3.382	3.297	2.086	5.19	0.9968	2.605	4.074	3.921	2.538
3.24	5.285	2.997	1.63	4.079	4.554	3.589	5.403	0.4741	3.916	4.961	1.855	1.812	2.171	5.27	3.26	5.541	4.089	3.604	5.303	2.536	3.127	4.103	2.176	2.632	3.049	1.885	2.745	3.135	2.923	2.26	5.289	2.765	1.94	3.721	2.258	2.551	2.224	3.293	2.359	3.802	3.659	1.035	4.519	3.061	2.378	1.821	1.965	4.106	2.174	3.162	2.123	0.3515	3.252	4.478	1.488	4.055	2.962	1.857	1.747	4.829	2.555	2.847	5.162	2.014	3.404	2.132	1.637	2.131	2.925	1.943	4.579	1.257	4.473	5.297	1.144	2.928	2.616	4.049	2.779	3.939	2.644	2.743	4.254	3.817	1.262	4.446	1.396	3.958	2.376	0.9815	3.32	3.548	2.281	2.513	5.239	3.515	3.445	3.953	3.184
1.426	1.945	3.383	5.625	3.375	3.001	5.076	5.78	2.355	3.753	2.633	2.104	2.126	2.622	4.772	3.211	2.336	3.358	4.084	1.892	4.281	5.622	0.7305	2.046	2.059	3.504	4.007	5.724	3.381	3.351	2.843	4.302	1.268	3.22	2.67	2.223	5.498	2.38	4.208	4.232	3.064	3.271	1.124	7.111	3.77	0.8238	3.015	2.643	4.14	1.272	4.592	3.425	1.465	1.099	3.029	1.66	4.056	1.608	2.24	1.933	4.364	1.665	0.8738	2.245	4.557	7.317	3.559	2.027	3.453	4.438	4.697	4.281	3.24	3.414	2.028	5.289	4.711	3.558	4.239	1.274	2.56	1.287	5.464	2.854	2.107	4.712	5.326	1.985	3.983	2.144	1.912	5.341	4.688	3.007	3.451	2.422	4.169	3.915	2.973	3.029
4.165	2.371	2.733	5.837	2.477	4.142	4.174	2.52	2.48	6.083	2.52	0.9996	0.9626	2.077	4.371	1.182	1.999	1.717	2.051	3.759	4.716	1.978	2.887	5.024	4.138	3.08	3.719	4.015	3.378	4.193	1.564	5.676	2.326	2.551	5.409	2.255	3.41	3.339	2.763	3.545	5.002	3.509	4.839	1.639	3.692	0.8044	3.169	4.127	3.75	4.94	2.898	2.414	2.984	0.9513	2.431	2.394	2.72	-0.3634	1.658	2.693	4.866	3.663	1.643	2.747	3.689	1.477	1.436	2.375	2.314	5.153	3.645	3.062	3.436	3.716	1.962	3.217	2.829	3.489	3.107	3.101	2.743	2.653	4.682	1.974	1.342	3.494	3.486	3.034	1.659	3.012	3.618	3.561	1.72	3.294	3.347	2.184	2.016	3.315	4.44	3.088
3.977	5.057	5.083	2.181	4.538	4.603	5.999	4.157	4.036	2.671	1.331	3.586	1.336	4.582	3.498	3.615	1.996	3.281	2.483	2.722	3.933	5.532	3.777	4.282	2.913	3.217	3.198	4.778	0.9818	3.405	5.337	6.072	3.767	2.035	3.097	1.096	4.542	5.632	1.925	5.958	2.942	2.488	3.863	4.612	2.336	1.826	3.947	2.262	6.608	4.524	1.489	1.614	1.537	2.003	2.864	3.479	3.659	2.075	3.331	3.501	3.016	2.606	3.846	2.106	5.076	2.034	2.387	2.884	3.745	4.247	2.663	4.209	3.565	3.978	3.202	4.985	3.738	4.613	4.835	0.5521	5.624	3.063	3.509	3.19	4.039	1.816	5.059	2.093	4.132	3.145	1.7	3.942	3.28	1.757	2.346	3.852	3.421	3.338	3.059	4.007
3.166	4.762	3.197	5.6	1.701	5.156	3.576	2.631	1.777	1.775	2.48	4.581	-2.248	3.723	2.1	4.083	2.439	3.46	3.577	1.987	5.894	2.756	4.619	4.259	2.484	3.416	2.817	4.457	2.832	4.674	3.479	3.277	4.072	2.342	4.201	3.066	5.91	2.861	3.75	4.451	3.669	1.7	2.524	2.737	3.862	1.625	7.522	4.842	3.834	2.317	2.014	2.018	1.026	1.825	4.674	2.49	3.114	1.462	1.234	4.393	2.127	2.248	2.805	5.437	0.4223	1.994	2.143	2.74	3.199	2.998	2.695	2.241	4.537	2.372	3.406	4.667	3.869	0.156	4.813	3.267	2.914	2.632	3.191	2.946	2.464	2.65	3.244	3.843	4.734	2.185	3.203	2.899	3.401	4.499	0.8715	1.775	4.713	2.397	5.108	4.255
4.474	2.645	2.308	5.192	2.86	4.178	2.976	4.131	1.557	3.918	4.419	3.935	4.227	3.665	2.328	3.265	3.11	4.765	2.973	3.86	5.289	2.627	3.506	2.478	1.301	5.847	1.269	4.778	2.744	5.681	4.23	4.596	3.89	2.158	5.247	3.868	3.937	3.387	4.522	3.712	2.747	3.11	4.067	4.624	3.686	2.999	3.909	3.957	1.959	3.824	3.39	4.535	2.808	3.756	0.7802	1.644	3.545	4.184	1.918	3.178	4.649	4.278	1.124	3.196	4.268	2.12	2.575	2.763	4.231	2.072	2.184	2.638	2.704	5.141	3.944	3.952	4.25	4.078	3.293	1.295	5.133	2.566	1.808	3.177	4.014	3.089	4.502	1.601	4.149	2.328	2.43	5.679	4.613	2.991	2.622	2.295	2.525	2.094	4.924	4.135
2.867	3.854	3.128	-2.737	3.607	4.141	4.465	3.236	3.251	2.057	1.804	4.097	1.299	3.518	2.162	0.8383	4.561	1.554	1.529	1.368	2	2.775	2.031	3.651	1.382	4.531	3.296	3.149	1.288	2.447	3.971	4.497	4.048	3.023	6.314	3.187	4.088	4.349	3.79	3.877	2.937	5.173	3.855	2.948	2.085	1.706	2.679	3.076	2.289	3.718	2.616	3.457	2.749	1.619	2.104	2.643	6.118	2.616	2.278	2.206	3.643	3.701	2.996	2.408	4.929	1.73	2.54	2.003	3.437	5.744	3.862	4.327	3.216	5.407	5.456	4.539	5.245	4.349	2.374	2.354	2.615	1.799	1.346	2.285	4.09	3.339	3.679	1.93	4.62	2.855	1.432	1.827	3.355	3.055	5.579	3.884	3.185	5.299	5.103	1.59
4.281	2.858	5.147	5.503	5.313	5.181	4.341	4.38	2.661	2.677	4.13	3.547	1.503	3.134	3.84	2.999	4.389	5.347	2.417	4.187	4.417	2.863	4.286	2.195	1.879	4.536	3.596	2.509	2.96	4.905	3.366	5.106	1.844	4.302	4.682	0.7302	4.108	3.446	2.126	2.592	2.008	3.707	2.253	2.033	4.245	2.84	2.139	0.7422	4.015	2.124	2.747	2.03	1.147	3.869	2.184	2.224	4.724	3.561	4.105	1.499	3.526	3.842	2.254	5.335	4.021	2.067	2.564	3.303	4.251	3.961	3.473	4.976	4.255	5.837	5.472	2.784	3.962	2.826	6.229	1.935	2.812	1.068	3.257	3.433	4.086	2.981	3.516	3.584	4.875	3.135	0.401	2.155	4.006	4.297	3.59	2.437	4.937	1.364	4.444	3.846
2.394	2.155	4.43	4.132	2.949	4.22	4.718	3.043	1.98	1.465	4.022	2.401	3.333	3.485	3.903	2.309	3.117	2.3	4.268	2.417	0.8931	2.973	4.014	2.514	0.764	4.398	2.833	4.571	2.792	2.662	2.678	4.649	4.031	3.11	3.701	3.154	2.769	2.671	2.697	2.037	3.927	2.455	1.711	4.217	3.645	2.09	2.501	3.199	5.573	0.5601	5.659	4.154	1.392	2.161	4.033	2.257	5.856	4.58	1.584	3.732	4.225	4.783	2.473	1.497	4.783	2.327	4.985	4.45	3.913	4.432	4.334	2.878	5.406	4.803	5.542	4.623	3.532	5.667	4.573	1.073	2.894	3.72	4.292	3.927	2.895	2.588	4.555	1.497	3.033	4.404	2.938	2.728	4.287	2.4	4.223	2.296	4.713	3.714	4.094	3.448
3.667	4.278	4.712	5.868	2.328	5.857	4.121	5.647	1.109	2.942	2.85	4.299	2.221	2.879	2.656	4.136	0.9709	1.816	2.782	3.259	3.746	4.199	3.74	4.605	2.837	3.731	2.084	2.611	1.563	4.052	1.737	4.863	2.833	3.153	3.161	4.051	1.855	3.902	2.76	4.221	4.097	4.53	2.046	4.836	4.504	3.024	3	3.707	2.076	4.345	5.487	2.236	2.65	4.534	2.651	3.624	2.941	-0.4186	3.145	3.054	2.798	2.085	1.946	3.949	3.808	3.267	1.632	4.424	2.081	3.535	2.787	4.454	2.79	5.604	4.299	3.485	5.581	3.311	5.129	1.294	4.786	2.848	3.961	4.901	2.671	3.608	4.774	1.418	5.296	4.078	2.597	2.374	2.126	3.785	1.984	2.621	4.211	5.392	3.938	3.593
3.352	5.253	4.042	7.833	3.336	4.239	3.282	4.142	4.508	5.036	4.555	4.662	1.685	2.989	2.216	2.436	4.053	4.052	3.9	3.729	3.822	2.116	3.826	2.32	1.686	3.541	2.066	3.785	2.819	3.894	3.563	3.242	3.631	4.192	4.806	3.747	2.546	3.305	2.747	3.751	3.408	2.101	3.352	3.495	3.806	2.826	4.739	3.292	4.092	3.462	3.952	4.368	2.345	4.477	3.386	2.771	4.544	3.174	2.374	2.431	4.438	3.435	2.624	3.831	3.893	4.177	4.116	1.124	3.075	3.912	3.182	3.136	3.642	4.527	2.276	4.884	4.059	5.364	3.32	2.4	3.067	1.607	4.95	3.315	2.176	2.763	4.682	1.621	2.931	4.072	2.595	4.012	5.148	2.411	4.019	-0.04704	4.094	6.163	2.329	4.117
5.332	2.94	5.704	4.189	4.133	4.14	2.269	5.533	2.436	4.581	1.736	2.037	2.037	3.61	2.425	4.798	4.384	1.527	2.31	3.26	5.153	5.489	3.973	3.339	4.34	3.799	3.649	5.242	3.384	2.139	3.325	5.169	3.685	1.735	2.882	2.211	2.603	3.404	6.471	1.479	3.77	2.76	2.725	3.446	4.445	3.001	3.783	4.369	3.83	4.231	3.593	2.668	3.159	3.758	2.835	2.453	3.261	3.423	2.745	1.92	4.675	4.497	2.793	4.157	3.747	3.037	3.176	1.96	4.378	3.911	6.16	4.765	3.005	3.907	4.772	4.836	4.403	3.075	3.935	2.247	4.509	3.009	3.933	1.864	5.836	2.306	5.489	3.499	1.943	4.035	3.423	2.152	2.543	4.277	1.878	4.02	2.457	4.496	4.892	3.022
4.103	4.204	5.521	4.511	3.262	5.148	3.579	4.945	3.315	2.923	2.098	5.921	3.083	2.595	2.394	1.855	2.708	3.244	4.369	4.555	4.275	4.374	3.559	4.663	2.573	5.552	2.642	3.014	2.385	3.929	2.589	3.906	2.752	2.809	5.708	3.18	4.655	2.255	3.15	4.151	4.174	4.5	3.346	3.873	3.795	2.396	4.61	3.955	4.641	4.429	5.139	4.643	3.377	3.417	2.862	1.862	5.891	4.559	4.329	3.006	4.879	4.128	3.163	2.541	3.941	2.783	2.321	4.341	4.565	4.741	2.899	3.085	3.85	4.586	2.951	5.024	3.362	4.602	5.013	1.665	5.721	2.116	3.977	3.409	4.027	1.872	3.885	2.803	4.561	4.894	3.777	3.431	4.42	4.295	2.486	3.538	3.207	4.147	4.022	3.499
4.984	3.977	5.013	6.472	4.832	4.614	2.855	3.816	4.638	2.194	4.513	5.1	2.916	4.477	1.664	4.849	2.703	3.76	5.103	3.209	4.827	4.384	4.095	2.854	2.721	4.29	2.491	4.05	2.106	4.896	3.234	3.55	3.177	3.005	4.186	2.332	3.831	3.037	4.902	2.958	3.933	3.816	4.424	2.337	5.289	4.031	3.238	2.858	4.065	3.616	3.599	2.916	1.692	2.276	2.862	2.502	3.992	3.285	3.262	4.122	4.345	3.732	2.943	3.726	3.914	2.324	3.834	0.5422	3.085	4.2	4.813	4.198	3.689	4.839	4.511	4.379	4.239	3.464	3.689	1.247	4.613	3.192	3.554	4.159	3.501	3.075	5.074	0.07114	4.364	2.735	2.07	4.724	3.23	2.87	4.63	3.116	3.941	3.515	4.261	4.615
4.506	2.809	3.268	3.835	1.476	4.194	3.181	4.585	2.977	5.67	3.469	4.318	2.516	3.488	2.082	2.388	2.869	4.454	2.673	2.781	4.015	1.225	3.376	3.837	2.612	5.448	2.423	5.095	3.524	3.464	4.037	4.727	1.786	2.402	4.68	2.656	3.888	3.888	3.372	4.05	3.428	3.543	3.874	5.02	3.285	3.293	3.52	4.912	3.595	3.292	4.235	3.112	2.775	2.292	3.624	4.076	3.429	3.194	1.873	2.401	3.002	3.366	2.572	4.984	4.924	2.173	3.076	2.083	4.588	4.006	3.553	4.442	2.329	4.233	0.9685	2.606	4.608	3.953	4.411	2.149	3.96	2.342	5.545	2.217	4.428	2.3	3.354	2.437	4.797	3.691	4.332	4.49	4.373	4.65	3.415	2.15	3.143	4.283	4.116	4.065
3.063	3.256	3.64	4.612	-0.8723	3.612	3.587	4.384	2.336	3.996	4.565	3.527	3.056	3.888	3.622	2.86	2.776	3.15	3.324	4.22	4.192	4.323	1.718	3.559	1.9	4.482	3.66	4.044	1.721	3.557	4.598	4.987	4.9	2.063	3.976	4.295	3.715	3.503	4.262	2.649	4.016	3.301	2.283	3.499	3.473	3.096	4.028	0.6287	3.69	3.162	4.412	4.104	2.717	4.246	2.863	2.15	3.99	4.011	2.888	4.408	2.997	3.332	3.668	4.426	3.287	2.573	5.02	3.661	3.97	3.79	3.871	1.609	4.06	5.39	3.56	3.138	6.684	3.301	2.797	2.54	3.648	2.466	3.481	2.948	5.653	3.746	4.843	4.182	4.052	2.734	2.157	3.906	0.8251	4.438	3.355	2.226	4.259	2.589	6.519	4.199
4.317	4.63	5.577	5.825	4.16	3.661	5.795	3.018	1.535	4.475	3.818	0.8217	2.373	3.979	2.768	3.852	3.594	3.097	4.23	3.686	5.367	3.431	4.229	3.29	3.864	3.848	3.514	4.161	2.554	2.456	4.28	4.844	4.198	2.386	3.495	4.26	3.693	3.445	4.653	4.291	4.164	3.307	3.567	4.119	5.446	2.7	3.214	4.351	6.02	2.074	2.788	3.728	3.307	3.257	4.242	2.688	2.981	4.141	3.154	1.938	3.408	3.479	1.907	4.55	3.901	3.468	0.3694	2.111	1.33	3.568	3.324	4.549	2.205	5.261	4.635	4.243	4.735	4.999	4.766	2.533	3.963	2.331	3.588	2.899	3.172	3.339	5.886	4.156	6.021	3.811	3.484	2.695	2.543	2.645	2.489	4.581	3.506	4.922	4.456	5.261
4.663	3.801	5.296	4.309	2.91	4.611	4.399	4.242	2.393	4.693	2.98	5.401	4.322	2.543	3.733	4.243	4.835	2.417	4.057	3.712	3.776	2.922	1.894	3.364	2.755	4.132	2.096	3.25	1.918	2.58	3.798	7.262	3.481	3.589	4.752	3.12	4.803	4.974	4.019	4.237	1.769	5.6	3.185	3.787	4.368	3.714	3.633	2.98	4.24	3.148	6.757	2.853	2.842	2.769	3.185	3.354	3.312	3.221	3.403	3.417	5.016	0.4646	2.97	2.778	2.992	3.612	3.749	3.062	3.802	4.43	4.98	5.434	2.948	4.733	3.019	-0.192	4.846	5.08	5.147	1.53	6.951	2.902	3.361	3.098	4.647	2.178	4.706	3.315	4.627	2.704	5.277	3.945	4.751	5.673	4.943	2.915	3.028	5.357	2.725	4.114
4.836	4.1	2.98	3.912	2.946	4.225	4.245	6.375	3.082	2.404	3.856	2.834	3.046	3.952	4.335	3.907	3.72	2.412	3.857	3.26	2.314	4.07	5.031	3.939	3.259	3.886	3.794	4.402	1.418	6.4	3.419	5.024	4.576	4.148	4.62	2.248	2.539	4.124	4.407	3.799	3.364	2.927	3.234	5.487	2.629	2.638	2.335	3.221	4.145	3.165	3.93	4.088	2.974	2.493	1.965	1.239	3.978	2.973	4.413	3.771	3.486	3.525	2.278	3.945	4.622	2.873	4.266	2.907	3.631	2.369	4.977	3.768	1.661	4.264	4.961	4.309	4.01	3.798	6.931	4.218	3.975	1.46	4.698	3.258	4.756	3.848	4.362	3.749	5.472	3.643	2.262	3.181	3.136	3.184	2.718	2.637	3.652	3.015	4.386	4.25
4.839	3.601	6.45	5.453	4.286	3.964	2.933	4.163	1.687	3.004	4.253	4.49	4.725	2.294	3.433	3.531	3.316	3.978	3.352	3.818	3.182	2.697	3.819	3.491	3.115	4.516	3.216	3.704	2.428	3.98	3.728	4.38	3.499	3.755	3.977	2.011	2.93	1.508	2.881	3.356	4.173	3.253	3.139	1.914	4.103	3.094	3.182	3.727	3.596	2.707	4.076	2.239	2.296	3.088	5.888	3.1	3.918	1.982	3.408	1.423	4.233	5.742	2.934	3.474	4.825	2.043	3.322	5.533	3.674	2.975	2.491	3.128	4.247	4.724	2.89	3.159	5.222	3.663	3.426	2.151	3.867	2.682	4.33	3.284	4.153	3.223	4.594	1.365	5.068	4.116	3.24	2.415	4.62	4.743	3.997	1.907	4.165	2.752	4.377	4.37
3.274	4.473	0.6072	6.892	2.521	3.827	4.218	3.932	2.969	3.607	2.059	3.173	2.903	3.888	3.574	5.203	4.138	3.304	3.785	2.426	4.101	4.392	3.821	2.339	3.322	6.183	1.198	3.536	2.778	4.314	3.959	4.631	3.823	3.324	4.626	2.578	4.076	2.977	4.658	4.13	4.745	3.315	3.263	3.013	4.267	2.591	3.514	3.437	3.786	1.135	3.542	4.762	2.496	3.11	3.651	3.522	3.646	0.9789	2.209	2.713	4.262	3.531	2.3	4.009	3.645	5.776	3.429	2.549	3.461	5.178	2.619	3.191	3.4	4.775	3.338	6.149	3.669	3.614	5.196	3.437	4.419	1.568	4.267	5.198	4.198	3.995	4.888	5.459	4.895	2.783	3.614	3.803	3.717	4.779	2.492	2.49	4.379	3.957	5.208	2.817
2.992	2.44	4.529	4.703	2.78	3.522	4.588	3.816	5.232	3.648	3.586	2.714	0.7567	3.105	3.181	3.607	2.581	3.353	3.772	4.054	4.628	3.791	1.756	3.746	2.947	3.364	5.305	4.078	1.704	3.491	2.422	5.19	2.232	2.643	4.09	2.793	5.928	0.4038	2.575	3.755	4.684	3.14	2.991	2.421	4.565	2.957	3.061	3.123	5.014	3.606	3.772	2.76	2.684	3.401	3.534	2.174	3.731	2.64	3.255	3.014	3.634	2.899	3.024	3.601	3.786	1.835	3.526	2.904	3.854	3.822	3.985	4.256	2.98	4.729	3.294	4.374	3.635	5.379	4.966	1.961	3.367	0.6348	3.897	3.158	4.047	3.443	3.637	3.215	2.918	2.728	4.103	2.93	3.147	4.472	2.741	3.453	3.146	3.768	7.185	3.756
6.914	3.515	5.421	4.769	3.648	4.058	3.908	3.356	2.793	3.546	2.377	4.092	2.261	3.583	3.429	4.047	3.761	1.486	4.068	4.28	4.38	2.75	-0.8733	2.87	1.392	4.481	2.61	3.969	1.957	3.794	3.018	4.542	2.714	3.173	4.601	1.146	3.156	3.4	4.385	3.982	5.274	3.572	3.017	3.542	3.531	2.891	2.201	3.726	4.116	2.984	3.504	3.279	2.556	4.109	4.516	2.157	3.924	2.983	3.277	3.205	4.785	3.376	2.808	4.986	2.575	3.635	1.728	3.442	3.13	4.129	3.996	5.471	2.596	4.267	4.1	4.172	4.415	3.936	4.86	2.525	4.388	2.435	3.859	3.033	4.394	1.167	4.163	1.813	5.432	4.583	2.652	3.986	2.282	4.154	4.892	3.594	3.447	4.488	3.861	3.784
5.329	4.236	4.937	4.648	3.271	4.018	4.182	3.863	2.387	3.769	3.976	3.573	2.698	4.184	3.396	3.441	2.366	3.552	3.116	4.669	4.262	4.006	4.026	2.918	2.367	3.608	2.65	3.762	2.202	4.596	3.895	4.728	3.477	3.567	5.388	1.925	3.513	4.393	3.837	3.793	3.256	3.089	3.387	4.161	4.154	2.474	3.027	3.522	4.056	3.219	3.711	3.787	2.8	3.07	3.447	2.663	3.609	1.598	2.653	3.512	3.762	3.415	3.064	2.555	2.106	2.962	3.189	3.107	3.396	4.2	2.491	4.276	2.989	5.054	1.873	4.338	3.924	3.036	4.294	1.823	4.572	3.733	2.195	2.604	4.134	2.326	4.927	2.917	6.348	2.807	2.922	4.055	4.208	3.204	3.263	3.253	3.579	3.219	4.267	3.692
4.518	1.904	4.844	3.534	3.473	2.945	4.29	5.093	2.493	4.201	3.89	3.823	3.625	2.886	3.316	4.408	2.958	3.287	3.81	4.08	4.765	4.114	4.049	3.125	2.241	3.763	2.803	5.475	2.092	4.042	3.284	3.78	4.393	2.926	4.419	2.343	4.537	1.758	4.484	3.545	3.641	1.296	2.931	4.35	3.576	3.659	3.814	4.764	4.111	3.061	4.464	3.591	2.311	3.745	3.454	2.635	3.914	-1.337	3.353	3.173	3.992	3.253	2.593	3.516	3.896	1.915	3.831	3.368	3.771	4.001	2.592	6.739	4.079	3.743	4.369	3.436	3.946	4.656	6.243	1.613	4.997	0.9619	4.513	3.225	4.305	3.023	4.538	3.008	5.353	3.044	3.497	3.832	4.649	3.373	4.485	2.988	3.691	4.065	5.267	4.633
5.19	4.211	5.524	4.63	3.166	3.602	4.269	3.631	2.474	5.125	0.9082	4.531	3.493	3.625	3.727	3.323	3.844	2.894	3.785	3.785	4.321	5.328	3.568	4.442	3.029	5.649	3.303	3.067	2.8	4.131	3.521	5.531	3.782	2.524	3.58	2.463	4.265	3.934	4.487	3.51	4.404	3.048	3.174	4.562	4.146	0.6397	3.845	4.906	6.01	4.128	4.008	3.867	3.511	2.714	3.743	2.708	3.907	3.702	2.634	4.176	5.237	2.569	2.63	4.058	5.101	3.911	4.028	3.883	3.539	5.292	3.22	4.124	2.349	4.346	4.514	4.242	3.869	4.91	4.265	2.691	4.565	2.378	3.503	3.27	4.235	0.7041	4.449	3.572	4.558	3.16	3.911	3.546	2.315	1.888	4.058	2.683	3.945	4.08	4.809	3.392
4.457	3.615	5.102	3.411	2.31	3.675	5.002	2.223	2.449	3.561	2.672	4.355	3.42	3.368	3.017	3.557	4.519	3.249	3.652	3.615	3.028	1.551	2.654	3.529	3.927	3.113	3.817	3.538	1.992	3.597	4.419	4.77	3.862	3.81	2.685	2.696	2.729	4.853	1.86	3.481	4.251	2.66	3.11	2.664	3.371	3.507	4.371	2.706	3.7	3.438	4.123	3.925	2.179	3.996	3.482	1.898	4.768	2.897	2.283	3.238	3.213	2.529	2.199	4.873	1.833	1.975	3.805	2.123	2.818	3.696	2.746	4.209	2.062	2.614	1.691	4.619	4.519	3.705	4.447	1.775	3.634	1.708	4.111	3.878	4.247	3.402	3.723	3.233	6.121	3.264	2.328	3.185	3.964	3.901	3.527	2.728	3.682	4.711	6.796	3.885
