4.116	6.983	3.745	3.348	5.573	3.022	3.001	1.948	5.988	2.352	5.764	8.161	4.787	-0.9468	4.66	4.097	1.631	6.941	6.679	4.592	3.978	8.894	8.335	3.196	1.875	4.118	4.892	6.664	2.06	4.405	3.788	3.564	12.83	5.439	7.72	2.81	3.321	5.647	2.871	6.488	3.297	5.251	4.768	5.771	1.73	5.179	1.412	7.116	2.165	3.629	0.973	5.712	3.214	9.847	5.541	7.808	4.44	2.329	3.256	2.893	3.232	4.837	7.479	6.748	4.74	-3.07	2.62	-0.6118	4.92	8.651	6.029	3.851	8.064	10.63	4.22	5.389	2.492	6.077	7.746	9.201	3.405	6.086	2.725	4.957	4.668	5.66	5.262	3.183	5.193	3.317	1.614	5.864	2.12	3.589	5.09	4.506	5.557	3.815	4.986	5.255
5.249	6.402	6.077	4.647	6.928	3.636	5.598	2.74	2.795	5.396	7.843	8.984	4.189	4.822	7.342	3.647	8.752	5.701	6.62	4.741	7.017	7.224	3.631	5.026	4.928	7.289	7.699	7.637	1.715	5.206	4.534	6.487	9.27	5.799	6.524	9.089	5.714	4.651	4.669	8.683	2.634	6.317	3.193	4.032	3.024	5.232	2.986	8.592	3.21	2.036	4.367	4.89	6.144	8.433	7.415	5.084	2.478	4.144	4.392	4.791	5.261	3.91	8.916	4.541	5.832	3.28	4.337	3.396	6.029	9.038	4.066	5.11	8.119	9.493	3.923	4.329	3.331	4.883	8.953	6.29	4.305	4.93	4.61	7.414	4.18	4.424	5.77	6.13	4.456	4.68	3.118	6.988	4.362	2.57	5.469	3.751	4.746	6.025	5.009	3.694
4.119	7.916	5.308	5.812	8.2	5.254	5.529	2.184	5.73	4.475	8.982	7.997	6.106	3.858	5.952	5.516	1.332	8.071	7.032	2.114	4.718	7.918	7.886	6.161	2.761	6.438	5.443	5.569	2.956	6.666	4.303	6.388	10.27	5.634	3.993	4.083	7.647	3.029	4.737	6.736	3.296	4.553	3.079	5.255	3.608	1.893	2.446	6.955	5.922	4.283	2.277	5.124	2.311	6.298	4.988	5.365	6.938	3.113	3.748	3.391	5.216	5.19	8.425	6.913	6.077	1.172	4.845	4.89	5.333	10.72	1.9	4.992	8.712	7.644	4.389	5.709	3.285	7.615	6.536	8.006	5.038	6.435	3.898	6.156	3.304	6.677	5.29	3.318	2.992	2.815	1.301	3.939	3.602	2.677	5.754	5.397	2.677	4.054	2.326	6.377
4.642	6.651	5.309	5.274	8.569	3.397	3.622	2.183	5.341	2.117	6.818	5.527	5.828	4.514	4.764	5.21	3.936	6.852	4.858	5.44	4.834	7.926	6.638	3.518	6.021	5.198	4.756	10.03	4.334	6.26	2.587	4.094	12.59	5.583	5.236	4.971	6.189	2.459	4.126	7.617	4.167	5.553	3.869	4.668	4.475	1.988	2.335	6.986	5.1	3.248	4.251	4.144	5.551	9.085	6.229	6.627	4.516	3.996	2.3	4.72	5.651	5.774	5.173	8.339	3.92	2.272	3.703	2.212	7.395	10.12	4.124	4.429	5.874	8.92	3.049	4.353	3.889	6.06	4.78	9.683	1.749	6.428	4.275	5.932	5.41	4.419	7.022	5.117	3.849	2.462	1.369	5.719	1.75	3.023	5.683	4.448	3.613	3.71	4.884	5.413
4.577	5.535	6.372	7.584	8.695	2.244	3.823	5.221	3.045	4.755	7.482	9.199	4.189	2.292	5.932	2.616	5.214	8.66	5.569	7.304	5.675	6.749	5.801	4.681	2.821	6.5	7.481	9.104	2.689	4.906	3.626	4.107	6.989	6.179	3.409	1.949	5.541	4.928	3.095	9.321	6.142	4.928	4.469	4.905	4.36	3.89	1.913	6.526	5.513	2.266	3.153	3.836	4.32	7.715	7.617	4.741	5.921	3.489	3.488	3.615	4.894	7.889	5.963	6.613	4.368	3.589	3.613	3.845	4.538	9.41	5.515	4.93	7.657	8.785	5.202	3.544	5.426	6.681	8.635	6.971	4.904	6.823	5.214	7.367	4.514	5.784	5.557	4.195	4.934	3.227	0.9241	5.034	3.329	4.562	3.962	5.756	3.672	7.314	2.339	5.405
4.396	6.193	-1.002	5.498	5.301	5.926	4.594	3.753	4.638	5.077	5.154	5.818	9.37	1.685	7.194	4.104	6.009	10.48	6.614	1.924	6.304	7.136	6.002	4.632	2.318	3.117	7.546	4.917	2.479	6.317	2.203	4.809	9.449	4.111	6.304	5.172	4.366	2.754	3.306	9.63	5.229	4.341	3.136	3.28	-3.852	5.215	1.079	5.088	1.921	2.955	3.458	3.063	5.889	7.937	5.667	6.341	4.583	3.59	4.119	3.634	4.76	7.874	6.488	6.054	5.121	1.352	4.958	4.393	5.776	10.04	7.049	4.988	6.124	7.267	2.106	3.793	3.232	3.275	4.028	6.867	5.053	5.161	4.099	6.606	5.616	4.162	8.754	3.353	7.085	2.042	2.254	5.271	4.863	3.95	4.915	2.598	2.889	5.526	5.111	4.579
3.731	5.252	3.097	5.043	7.93	5.47	2.798	0.6667	3.76	3.497	5.76	5.385	2.875	1.069	8.465	5.279	3.772	6.256	4.852	2.954	7.47	7.684	8.311	5.253	4.102	4.738	6.684	7.424	2.072	7.205	2.714	5.121	10.6	5.999	3.941	6.246	2.444	1.647	2.676	6.424	3.365	4.07	3.009	2.05	-0.4936	5.823	0.6799	4.72	5.057	0.2642	1.063	2.885	6.231	5.134	4.612	6.316	3.632	4.765	3.234	3.784	3.775	7.644	10.33	5.901	4.921	2.131	4.246	1.885	6.625	5.56	5.107	4.038	7.474	7.91	5.011	7.351	4.236	7.99	5.974	7.075	3.576	5.891	2.486	5.356	5.499	10.03	6.617	4.135	5.432	2.39	1.029	4.59	1.592	4.367	5.885	3.874	2.452	6.523	3.661	3.494
3.047	6.382	3.547	2.601	7.536	4.573	5.086	1.938	5.047	5.873	6.405	7.231	6.081	2.808	3.778	4.045	4.243	5.628	5.422	4.355	6.075	3.518	5.585	5.321	4.22	5.813	5.921	7.104	3.933	2.765	3.862	6.685	8.156	4.54	5.359	3.829	2.648	3.615	3.059	7.654	3.216	6.975	5.061	3.01	-1.062	3.109	2.33	4.752	3.13	2.809	4.21	3.087	7.27	6.23	4.334	6.652	2.27	4.072	1.334	2.078	4.828	6.313	9.229	4.767	3.174	-0.7241	4.393	-0.4379	7.306	7.286	3.656	4.273	6.979	7.345	3.711	6.119	3.531	4.107	9.21	7.049	3.908	6.446	4.021	5.985	3.104	4.673	6.695	2.826	6.491	2.982	2.092	4.989	2.427	3.843	5.243	4.327	4.604	5.062	7.379	1.94
4.047	6.23	4.875	4.224	7.364	4.708	4.211	2.787	4.737	3.887	4.768	7.951	2.357	2.862	5.947	4.708	1.77	5.689	4.759	4.983	5.716	6.401	6.95	5.357	1.473	4.545	6.615	7.799	2.404	6.251	1.242	6.207	9.839	7.757	3.577	6.084	5.617	4.948	4.763	7.546	5.341	6.585	3.745	4.619	1.096	4.553	1.16	7.287	2.584	2.413	3.071	3.05	6.363	7.084	7.33	5.788	3.59	4.105	3.094	2.736	4.588	3.538	9.055	6.324	5.497	0.5995	4.493	1.918	8.045	10.16	6.993	5.64	7.145	8.667	5.358	2.45	5.405	4.853	6.461	8.645	4.564	7.362	5.417	7.755	3.654	5.936	7.178	5.872	6.264	1.542	0.5787	4.556	6.719	2.808	6.988	4.34	4.744	3.448	5.957	3.069
3.365	6.782	7.635	4.542	8.682	4.538	6.853	3.558	4.147	3.823	6.212	7.257	7.679	0.7448	4.973	3.177	3.679	7.826	5.425	3.164	7.083	5.91	6.985	4.527	4.335	4.908	7.939	6.917	2.719	6.752	2.892	4.079	9.024	5.037	5.763	3.652	4.97	5.256	4.321	4.374	3.94	5.063	4.681	4.109	3.477	3.83	-0.2468	6.482	3.559	3.555	4.559	3.274	6.087	8.319	6.025	5.461	3.573	4.273	3.267	1.884	3.68	5.162	6.49	5.897	4.662	5.025	5.456	1.879	10.15	7.936	3.32	1.733	6.561	10.28	4.964	5.142	3.392	6.626	5.267	7.21	6.421	7.684	5.406	6.399	4.752	5.329	7.995	1.784	5.495	3.486	1.623	5.656	2.768	3.451	4.625	4.627	2.282	5.729	4.089	6.156
2.801	7.515	4.164	5.443	6.776	4.027	4.57	3.585	5.48	5.39	7.941	8.473	6.35	4.178	8.118	6.593	3.192	7.738	3.833	3.894	6.698	6.704	6.163	6.466	3.72	6.682	4.188	8.972	2.242	5.381	5.418	3.805	7.516	5.761	5.025	4.664	6.583	1.962	1.975	7.766	8.078	8.237	4.305	2.77	2.009	3.202	-0.9278	5.363	2.815	3.48	3.593	4.564	7.038	6.97	6.445	4.925	5.855	3.174	2.777	2.841	3.395	4.746	7.148	5.567	3.876	1.858	7.738	3.843	8.647	8.66	4.993	5.775	7.138	9.481	5.762	4.222	4.576	4.695	6.929	5.9	4.515	4.752	5.179	5.618	3.907	7.418	6.02	2.984	5.356	4.161	1.074	8.827	2.643	3.638	5.305	6.238	3.357	5.945	5.117	5.115
4.47	9.462	4.695	6.149	6.913	4.796	3.495	2.188	6.942	4.703	9.634	8.572	4.903	5.624	4.542	3.284	0.9544	8.163	7.922	4.893	7.467	4.111	4.956	5.001	3.733	4.449	5.943	6.706	4.138	6.669	2.658	5.875	9.307	6.001	4.798	5.405	4.39	3.534	3.108	7.953	4.686	5.003	5.463	3.58	2.777	6.063	1.522	7.529	4.349	4.823	5.381	3.728	5.122	6.014	6.43	5.338	6.801	3.065	5.209	1.874	5.144	6.245	8.889	5.376	5.149	3.429	5.923	3.528	5.675	11.15	4.67	2.76	7.321	8.157	2.678	3.099	5.55	7.256	8.637	8.202	4.412	3.7	4.309	7.57	5.656	5.66	7.052	3.84	3.906	3.803	1.467	5.086	1.486	2.096	4.44	5.394	3.205	4.043	5.028	6.91
5.786	4.882	6.709	5.814	9.344	3.164	4.634	2.39	2.461	3.342	7.81	7.337	4.991	3.066	5.874	5.882	3.795	7.648	8.01	4.003	4.982	5.454	5.93	3.13	6.59	6.054	4.937	8.693	4.154	6.516	4.158	6.065	11.75	4.754	2.906	4.802	5.458	2.626	4.07	11.02	5.164	5.149	4.151	6.74	4.582	3.505	-0.1737	6.224	3.284	2.673	5.005	2.9	4.121	6.094	6.671	5.649	5.281	3.434	3.733	3.701	3.964	5.558	6.039	5.015	4.44	2.88	3.686	3.261	7.876	7.117	5.191	3.019	5.078	7.372	4.583	4.026	4.018	3.905	5.746	4.477	2.988	6.391	7.357	7.109	6.962	4.301	5.937	4.477	5.947	1.76	0.8905	5.069	3.068	4.268	5.096	3.517	2.334	7.942	6.241	4.302
2.025	7.042	6.176	5.354	8.326	3.137	3.262	2.966	5.699	5.312	7.093	9.947	5.923	1.443	4.362	3.937	5.14	7.586	3.928	1.756	5.869	5.486	6.009	4.512	5.256	6.812	5.873	6.852	2.765	6.293	4.041	5.347	9.155	6.014	6.301	4.571	4.377	3.1	1.813	4.985	3.685	4.159	3.206	6.034	1.955	2.774	2.798	5.94	2.325	2.712	2.083	4.137	5.237	7.536	8.368	3.169	5.635	4.322	2.432	4.46	4.735	9.158	4.695	5.527	4.651	0.8294	5.49	1.52	6.876	10.76	5.836	1.989	5.159	10.05	3.813	6.084	3.076	5.885	6.27	7.814	4.911	5.646	4.388	5.061	2.129	7.083	3.507	3.837	5.611	2.095	3.658	4.399	2.166	2.49	6.008	2.922	1.649	4.338	4.139	5.295
3.61	4.707	5.653	3.165	5.76	3.098	4.361	1.255	3.519	1.499	7.599	9.335	3.629	3.591	6.13	6.452	3.358	5.074	5.019	2.578	3.155	9.051	7.392	3.54	2.769	5.913	6.774	7.202	6.331	4.841	2.174	4.283	8.882	3.924	3.814	4.628	3.412	4.82	3.46	8.065	4.203	5.455	6.535	3.06	2.024	3.179	1.422	5.225	3.662	3.447	5.775	3.994	5.947	8.116	4.167	6.256	5.279	3.131	3.512	2.123	4.296	4.561	5.425	5.592	4.86	1.787	2.661	1.916	4.827	10.83	6.211	3.039	6.381	7.827	3.691	6.895	4.477	5.264	8.136	6.887	3.779	4.26	5.168	4.64	2.964	5.182	4.115	1.956	5.166	3.485	2.358	4.481	1.146	3.547	4.186	7.095	1.847	4.961	3.562	3.793
3.215	7.417	5	5.023	6.048	4.017	2.061	2.319	5.923	3.348	5.743	9.778	5.182	3.733	7.125	7.537	6.317	10.17	5.262	3.327	5.335	7.078	9.314	5.578	4.273	7.38	4.219	6.967	3.496	3.242	1.768	6.031	8.817	5.218	4.165	4.851	3.67	3.867	3.401	6.369	9.09	1.446	3.541	1.448	1.311	5.656	-0.3169	4.012	5.557	3.176	3.444	4.024	6.8	6.619	6.607	7.019	4.16	3.694	2.474	3.791	3.983	5.111	8.163	6.062	3.745	2.184	4.325	-0.9742	7.072	7.795	4.643	1.77	5.088	10.3	4.66	5.481	5.238	4.102	10.82	5.497	4.349	6.293	3.755	5.139	4.882	3.689	6.392	3.976	5.279	5.28	0.3245	6.291	4.773	4.873	4.215	3.516	3.194	3.673	5.408	3.76
3.466	6.843	4.934	5.226	8.289	3.56	2.541	4.141	4.602	4.977	7.968	11.45	2.983	3.513	5.228	4.572	2.882	8.063	5.134	2.733	6.638	8.57	5.256	3.246	2.042	5.332	6.534	7.97	2.23	6.457	4.974	4.861	10.89	6.008	4.615	4.335	5.164	3.285	4.956	5.009	3.484	3.221	2.142	4.721	2.14	3.151	0.0301	7.855	4.543	3.941	3.559	2.669	5.079	7.534	4.953	5.647	5.583	4.768	4.091	5.376	4.227	4.968	6.45	5.906	6.337	1.782	2.417	2.409	7.581	7.06	4.413	3.395	6.951	8.941	4.105	4.685	5.546	5.24	7.205	7.975	2.677	4.906	6.175	6.631	4	4.144	6.517	6.108	3.039	1.839	2.01	5.562	2.377	3.378	6.374	3.716	4.96	4.211	3.124	5.656
4.227	5.869	3.039	6.348	7.959	4.294	5.512	1.953	4.037	4.759	4.566	5.786	3.753	2.079	3.782	3.934	2.461	7.572	9.435	4.555	5.494	7.113	7.832	5.45	2.845	4.532	4.984	7.271	3.86	6.715	2.446	6.856	10.27	5.762	3.781	6.17	4.968	4.393	4.391	6.416	5.056	4.936	4.936	2.195	-0.03004	2.237	3.305	6.493	3.827	2.787	6.082	5.105	4.033	4.263	6.967	6.177	4.425	4.734	3.971	3.928	5.165	8.036	8.151	7.257	4.918	3.742	3.452	0.5421	4.345	7.903	5.533	1.656	6.76	9.285	2.631	7.715	3.602	7.297	6.117	7.243	3.029	3.328	8.049	7.783	6.263	5.215	4.249	4.551	6.765	2.482	3.887	3.65	2.773	3.574	6.679	3.725	3.117	6.295	4.704	4.269
2.337	6.422	5.245	6.504	7.467	4.459	6.049	1.108	5.359	2.902	8.278	8.118	3.978	1.942	4.41	4.673	2.546	6.051	3.661	3.084	4.184	6.038	3.758	5.507	3.875	5.679	8.693	9.888	2.318	4.486	1.649	6.649	10.35	5.376	6.325	3.494	4.236	3.76	4.456	6.611	4.283	4.44	4.492	4.084	1.055	4.904	-0.7164	5.727	4.195	2.509	2.555	3.588	5.02	6.855	4.649	6.587	6.334	4.366	4.32	4.405	2.794	6.727	5.202	3.176	5.615	2.1	2.026	-0.4557	5.119	8.78	5.571	5.64	6.526	8.203	5.271	2.976	3.092	4.646	9.379	5.787	5.575	4.611	2.978	6.358	2.572	1.386	6.354	3.037	4.752	1.357	1.157	4.046	3.609	3.108	5.549	3.526	1.379	3.618	4.937	4.639
1.334	5.992	3.884	4.777	8.348	3.556	2.914	1.508	5.626	5.568	5.936	13.08	4.157	2.815	5.079	4.553	3.223	7.754	4.252	4.47	5.061	3.763	5.255	5.458	3.311	6.722	6.61	5.252	2.401	4.88	2.184	5.959	7.541	6.284	6.62	5.178	3.202	2.677	2.021	8.498	3.069	5.411	3.264	1.615	0.92	3.704	1.635	7.521	4.03	0.9866	0.8104	4.592	5.801	4.648	6.207	6.527	2.659	3.479	3.731	2.711	3.117	9.407	7.924	8.322	4.638	-1.023	3.44	2.097	8.434	7.685	3.347	3.091	6.239	6.301	3.899	4	4.779	6.667	7.236	4.34	2.821	4.987	3.659	4.007	4.795	4.748	7.328	5.908	4.33	3.922	4.013	7.583	4.203	1.412	5.468	3.808	1.304	5.037	4.223	2.549
3.596	10.43	2.94	3.095	6.617	2.469	4.335	4.158	4.493	5.503	8.091	8.776	8.32	2.838	5.155	4.586	4.564	6.742	4.782	4.063	5.861	8.685	7.663	2.287	4.314	6.966	6.397	4.814	3.526	6.392	1.224	5.388	10.55	3.329	5.937	5.217	6.264	4.723	1.576	5.86	4.835	5.229	4.417	4.443	3.677	2.178	1.728	5.991	4.599	4.568	5.299	3.484	4.808	7.498	5.48	3.702	1.76	3.156	1.461	2.08	4.542	5.869	6.948	3.436	3.179	1.876	3.331	5.379	4.685	10.48	1.89	3.369	7.922	6.607	4.393	6.455	3.016	5.285	8.156	7.721	5.553	6.146	3.619	8.461	4.385	5.741	6.352	3.912	5.432	2.987	3.236	4.133	2.161	2.734	5.868	5.928	4.158	2.807	5.226	3.154
3.435	6.414	4.513	4.504	6.636	4.297	5.48	2.578	4.39	3.822	7.272	9.061	5.397	3.376	6.776	2.896	6.467	6.968	3.954	1.54	5.85	6.476	7.505	4.659	3.183	3.548	8.708	8.376	2.332	5.222	1.681	4.852	10.14	6.514	5.517	2.416	1.467	5.634	1.406	7.892	5.278	4.655	5.153	2.767	2.849	4.86	1.993	6.512	4.277	2.391	1.983	4.241	5.828	3.725	5.608	7.053	2.475	3.783	1.202	2.701	4.908	6.274	6.668	6.544	4.462	1.627	4.476	1.055	7.076	6.358	5.246	3.637	5.353	10.03	4.3	5.047	1.997	6.77	4.368	5.06	5.337	3.89	3.205	5.748	3.101	5.565	8.386	1.973	5.698	4.878	1.699	6.044	0.6999	4.416	5.175	3.989	5.918	5.738	3.27	3.375
4.146	5.816	3.196	4.517	6.345	4.069	3.857	3.913	4.481	3.409	7.664	5.723	8.084	2.425	6.093	5.058	3.348	7.6	5.651	4.361	3.587	5.971	5.836	4.54	1.69	6.409	4.627	4.067	1.524	6.018	3.029	6.415	8.765	7.426	4.386	3.074	5.155	4.917	3.26	6.913	5.938	4.976	3.228	2.069	-2.264	3.438	2.589	8.169	3.782	2.169	2.997	1.834	2.598	6.384	6.804	6.583	8.898	4.695	1.636	3.607	5.566	5.622	7.599	6.882	6.811	-0.7224	3.797	0.6587	7.671	8.094	3.228	2.996	7.316	8.404	4.336	2.761	4.028	5.327	8.142	4.713	3.44	2.955	4.418	5.415	5.711	5.954	5.133	3.81	6.029	2.386	1.285	4.614	3.263	3.334	3.392	4.476	1.987	6.284	5.47	4.269
1.699	7.573	5.108	4.433	7.899	5.323	1.954	2.583	3.902	3.288	3.725	9.195	6.446	0.2987	7.82	5.018	5.974	6.48	5.669	0.8691	3.277	5.575	8.854	5.132	3.18	5.697	7.975	5.307	5.118	6.699	4.258	3.558	7.837	6.249	2.981	2.819	6.488	2.995	2.247	8.514	4.701	3.544	2.4	3.294	4.424	2.906	1.179	6.077	2.982	3.708	4.28	5.001	4.643	4.978	4.988	5.257	6.537	3.61	1.69	3.062	5.368	6.545	6.782	6.009	4.864	2.03	4.199	2.076	7.785	9.132	7.554	4.782	5.989	8.755	4.71	3.761	1.676	6.011	6.77	7.385	5.114	5.479	3.464	5.668	3.044	4.555	7.638	6.398	4.76	3.642	-0.0425	5.523	0.599	3.788	4.885	5.451	3.499	3.125	5.323	2.144
1.706	5.019	2.946	5.767	7.134	3.765	4.48	0.7104	3.65	4.602	7.809	7.976	2.565	1.616	5.334	5.069	4.977	7.433	4.965	2.134	5.235	7.255	6.813	6.12	4.219	6.27	5.77	9.045	0.657	3.57	4.125	6.365	8.782	4.204	4.636	4.156	4.506	4.332	4.727	7.292	5.303	5.91	2.712	5.418	0.608	4.311	1.749	5.844	2.765	2.062	3.497	3.747	2.804	9.095	6.136	7.07	3.537	4.831	3.346	1.702	5.158	4.296	5.935	5.442	4.783	-2.455	1.539	4.491	4.388	8.405	1.729	0.9727	6.47	7.105	3.201	4.838	3.521	5.65	5.562	7.219	4.699	5.707	4.699	6.874	5.639	3.428	5.576	3.98	5.483	3.531	2.695	6.13	2.564	4.101	5.586	1.925	4.569	5.191	2.875	4.603
3.629	4.364	4.602	5.539	7.646	3.874	5.422	2.488	4.326	4.18	8.614	10.14	4.118	2.369	5.983	5.056	1.836	8.512	3.288	5.508	7.706	4.768	6.112	4.031	5.508	6.158	6.539	5.752	5.295	5.727	3.444	4.364	10.08	5.048	5.208	2.44	2.901	0.7109	3.84	12.19	5.788	5.229	3.804	3.231	0.5345	3.76	0.5698	4.147	4.178	0.7405	6.326	3.861	5.116	7.385	6.109	6.507	2.439	4.091	3.931	4.04	5.923	6.273	6.17	6.6	4.556	0.9305	2.416	2.735	6.642	10.13	2.149	4.485	5.211	7.113	3.208	5.595	4.155	4.421	9.243	9.744	3.247	6.913	4.843	6.973	3.238	9.78	5.489	4.286	5.01	3.163	1.344	3.133	2.45	3.46	5.05	3.268	3.378	5.28	7.126	3.784
2.83	4.197	7.208	4.407	7.349	4.662	2.347	3.997	4.16	6.609	5.678	6.974	6.724	2.595	5.379	3.909	2.904	6.244	4.301	2.981	7.221	6.744	8.385	4.38	3.62	5.619	6.307	7.308	2.794	5.152	2.693	5.274	11.33	5.591	6.085	5.302	4.861	3.741	3.03	6.653	11.94	4.206	3.848	3.871	1.631	4.27	0.8658	5.286	4.154	0.735	3.893	3.221	4.946	7.094	6.563	6.536	2.999	4.368	2.622	3.634	5.201	7.632	6.442	6.209	5.825	0.1484	3.857	3.184	8.649	8.428	4.994	3.744	5.674	8.7	2.417	7.49	4.725	4.817	7.647	5.618	3.916	5.256	6.2	6.158	2.858	5.027	5.992	3.376	3.225	1.933	2.549	3.405	1.651	1.306	4.082	2.862	5.276	4.872	4.38	4.096
3.706	5.594	6.154	5.753	6.798	4.655	3.971	2.586	4.369	3.981	7.296	7.485	4.674	6.336	5.336	5.808	4.081	7.456	5.801	2.657	6.271	4.717	6.031	2.789	2.389	5.753	4.954	7.698	4.295	3.627	1.958	5.648	9.58	5.428	3.485	6.845	4.454	2.809	3.324	8.036	6.511	7.657	5.335	2.907	0.8571	2.304	0.9472	5.796	4.169	3.252	-0.1477	3.921	5.938	5.468	6.31	6.14	3.497	3.011	2.004	3.683	4.403	4.131	7.052	6.233	4.713	0.4665	3.49	0.3033	5.268	7.372	3.35	2.406	6.683	9.192	4.411	5.09	4.07	6.217	4.52	6.173	5.606	5.832	4.383	5.253	2.591	4.419	6.477	3.41	5.58	2.369	1.991	6.23	2.117	2.514	3.521	4.184	3.291	4.481	5.202	4.733
3.567	4.921	4.009	4.969	8.137	2.382	4.654	0.8715	4.28	2.173	6.195	8.441	5.913	2.35	7.984	4.402	2.639	6.557	2.676	1.416	8.79	8.792	6.64	2.37	4.098	5.204	4.828	5.992	4.337	6.965	2.655	5.095	7.788	6.62	4.104	2.413	4.361	4.125	3.636	6.308	3.027	4.038	3.186	4.199	1.599	3.055	-0.8031	6.46	3.698	5.075	2.866	3.458	5.424	5.531	4.981	7.059	4.006	2.358	1.593	3.947	4.372	5.658	7.81	4.695	4.789	-1.523	4.087	3.285	5.562	8.406	4.693	3.814	5.77	9.585	4.772	5.209	3.426	4.093	6.198	7.043	3.994	4.87	4.535	7.546	2.855	6.592	4.527	1.834	4.625	2.145	3.725	2.644	2.219	4.579	3.253	6.065	4.154	2.091	2.468	5.847
3.594	5.475	4.14	3.264	7.03	4.484	4.657	2.618	4.308	4.431	5.263	6.486	6.039	1.691	5.71	5.836	1.467	5.505	4.905	3.521	5.099	6.698	5.343	3.767	4.207	4.661	5.271	5.674	3.515	6.257	2.949	4.332	8.805	5.025	4.814	5.467	5.054	3.953	4.337	5.702	5.317	4.844	4.198	1.389	-0.3126	3.306	0.04262	5.778	3.222	1.464	2.447	4.577	3.428	6.069	4.967	4.861	5.264	4.251	3.208	3.87	4.742	5.231	5.605	4.57	5.101	-0.4523	3.404	2.524	5.998	9.312	7.47	4.154	6.985	9.05	2.416	5.29	3.565	4.915	6.895	5.832	4.68	5.627	3.298	5.915	4.293	3.529	6.52	2.786	4.9	2.572	2.217	5.242	2.678	3.5	4.898	4.965	2.267	6.638	4.632	5.35
2.614	5.545	4.717	4.24	7.129	4.185	3.131	2.846	3.723	4.524	5.458	8.512	5.058	1.868	4.373	5.025	4.507	7.377	4.14	3.586	3.385	6.929	5.799	4.246	3.057	5.62	5.75	6.832	3.058	6.718	2.428	6.965	8.554	4.731	6.016	4.697	5.241	6.579	1.738	6.646	4.981	3.781	2.48	2.962	4.537	3.555	1.586	4.807	4.32	0.7792	4.09	2.712	5.065	6.622	6.179	5.85	5.422	4.027	3.817	4.514	4.911	4.876	7.995	4.578	3.466	1.796	3.88	3.29	6.407	7.387	3.718	2.172	5.267	8.746	2.724	4.462	4.071	4.901	13.38	7.423	5.439	5.212	5.354	7.537	4.998	5.585	7.185	4.144	5.653	3.956	1.68	5.752	2.953	3.168	4.681	4.846	3.447	4.588	4.585	3.566
2.143	5.499	2.989	2.668	6.321	3.686	4.741	2.979	4.069	3.625	6.463	7.552	4.13	0.4938	6.777	4.494	4.446	7.078	4.822	2.336	6.724	6.663	7.17	4.01	3.956	5.689	5.995	6.654	1.17	5.229	4.224	5.99	9.006	6.734	3.121	3.338	2.918	5.343	4.245	7.627	7.084	4.994	2.192	2.631	1.642	3.951	1.338	5.941	4.114	1.044	3.874	3.583	7.589	7.448	5.55	7.835	1.701	4.359	3.352	3.318	3.501	3.136	7.389	5.603	5.936	-0.4676	4.137	3.673	7.396	8.266	3.337	2.162	5.432	8.16	3.959	3.4	4.388	6.859	7.201	7.432	2.99	4.901	3.171	6.526	8.503	5.306	5.998	3.915	5.153	3.248	2.231	6.544	1.208	3.804	4.153	3.514	2.626	5.074	5.052	4.222
4.125	6.062	4.601	5.901	7.612	4.723	2.772	1.954	4.471	4.339	9.971	9.578	7.356	1.338	6.248	3.17	1.802	7.86	7.224	3.023	4.497	6.202	6.128	6.805	4.646	5.745	6.084	7.107	2.398	5.988	3.937	4.495	9.44	4.779	5.349	4.094	4.667	3.127	3.686	8.01	4.564	4.048	1.832	0.6791	1.915	4.268	0.9986	5.881	3.028	2.691	2.746	3.781	5.357	5.796	6.461	5.439	3.334	3.26	3.371	4.158	3.171	9.008	5.775	5.819	3.158	-0.3903	3.266	1.358	7.243	9.307	5.692	3.471	5.162	7.204	4.086	4.834	2.985	6.728	5.266	6.107	2.568	5.439	4.534	5.448	3.428	5.446	6.991	2.754	6.103	3.094	2.07	4.468	3.963	2.321	7.547	3.827	5.637	3.863	4.262	4.638
3.098	4.295	5.429	4.764	9.051	4.52	4.572	2.293	3.665	4.408	5.985	5.868	6.238	3.588	6.127	3.93	4.81	10.44	4.078	2.114	5.278	5.851	5.624	5.785	3.956	4.914	7.647	6.973	2.372	4.601	2.894	5.656	8.279	5.809	4.237	5.096	6.083	4.352	4.528	7.373	5.61	6.353	5.906	3.259	0.4286	3.71	1.584	6.232	4.526	3.65	2.146	4.117	4.011	6.825	4.548	5.139	3.255	5.431	2.56	5.248	3.397	6.993	6.864	5.57	3.521	0.769	3.669	2.666	6.419	8.782	5.081	4.03	7.579	6.701	3.589	2.665	3.801	5.545	5.498	7.608	3.538	4.07	4.703	5.715	5.834	4.163	4.729	3.469	6.759	3.44	1.332	5.131	3.144	1.725	3.462	2.898	2.886	4.497	4.19	4.699
6.328	5.508	4.854	4.348	7.098	3.105	3.406	1.233	3.714	3.995	6.431	5.782	7.641	2.705	5.127	7.64	3.49	8.026	4.183	4.842	5.435	7.594	5.34	3.259	2.214	5.969	5.607	7.587	2.216	4.501	4.911	4.486	8.313	6.611	4.941	3.618	4.939	3.342	2.763	6.665	3.372	4.301	4.395	2.071	0.6057	2.816	-0.02923	7.52	3.685	2.89	2.09	5.523	4.351	5.613	5.71	4.872	3.186	3.213	3.198	3.204	5.692	6.217	7.976	8.146	5.117	-0.3485	4.838	0.191	5.252	8.902	4.543	4.078	6.406	8.3	3.407	4.218	4.211	4.547	5.532	7.007	5.911	5.606	3.44	3.903	4.015	3.835	6.97	2.305	3.912	4.958	0.6454	5.528	3.42	3.122	5.252	4.394	3.163	7.088	3.557	4.01
5.059	5.133	4.325	5.119	7.048	5.082	5.413	2.746	5.909	4.219	6.23	11.75	4.812	0.8452	4.267	7.049	2.955	6.255	3.054	3.519	5.937	5.582	9.103	4.212	4.542	5.588	6.682	5.706	4.339	6.913	3.366	4.65	9.521	4.186	4.265	6.847	1.566	4.833	1.531	7.34	4.258	6.218	5.024	5.027	1.929	3.774	0.8213	5.054	3.91	2.844	3.401	3.268	5.413	4.316	6.079	6.499	4.899	2.385	3.187	3.063	4.801	5.689	7.321	6.011	6.682	1.416	3.06	2.392	4.504	10.92	5.745	3.823	4.975	10.62	3.844	4.447	2.42	7.258	8.335	6.986	3.749	3.778	5.381	5.251	4.308	5.851	6.958	3.796	4.547	2.594	2.43	4.423	5.357	3.042	6.735	4.626	2.766	4.287	5.815	2.693
2.524	5.493	2.726	5.509	7.23	4.652	3.427	4.146	2.879	3.297	5.903	9.118	3.134	4.063	3.589	5.128	3.709	5.551	4.467	3.499	4.6	4.991	7.186	3.366	3.319	4.773	7.148	6.456	3.728	3.738	4.234	4.801	7.843	7.445	8.699	8.522	5.039	2.719	4.339	6.217	4.361	3.561	4.238	3.215	2.209	3.512	1.275	4.159	2.776	1.636	1.939	4.271	3.976	8.033	4.767	6.967	6.32	5.468	3.346	2.376	4.441	6.979	6.655	3.866	4.718	4.389	4.189	3.857	6.272	8.378	5.002	1.43	8.446	7.872	2.983	3.437	3.544	4.877	8.926	8.316	4.428	5.002	4.263	6.163	4.977	4.617	4.538	3.22	6.142	3.475	0.7813	4.522	5.417	3.098	3.459	3.739	1.453	3.907	3.79	2.121
2.297	4.144	4.209	4.527	9.325	4.952	2.348	3.121	4.428	4.705	6.986	10.8	4.75	5.628	3.442	4.251	2.862	7.664	5.299	1.417	5.744	6.305	8.717	4.51	4.084	5.132	7.224	10.1	4.423	4.162	1.636	5.844	8.39	6.303	5.637	7.385	7.348	3.168	5.499	7.189	5.143	4.96	4.013	1.892	3.952	5.384	1.027	6.136	3.822	0.8228	3.462	5.621	4.253	5.128	7.367	4.52	7.388	3.815	3.155	3.927	5.052	4.606	11.25	4.178	4.002	0.8245	4.054	2.538	9.596	8.072	5.882	3.61	6.066	8.843	2.983	4.83	3.731	6.145	6.51	6.043	2.917	5.305	5.959	7.571	3.826	5.475	8.782	2.105	3.835	3.376	1.908	5.585	1.855	2.569	4.662	3.816	3.13	4.534	5.878	5.919
1.584	3.783	4.104	4.297	7.318	3.738	3.721	2.288	4.695	3.973	6.445	8.058	4.441	2.365	4.162	6.007	2.099	10.25	4.995	2.521	7.027	5.531	4.14	4.25	3.196	6.231	8.952	8.617	3.232	6.626	3.631	6.03	8.865	7.861	5.158	4.528	2.612	4.136	3.477	8.135	5.735	5.26	4.04	2.48	0.9101	4.524	-0.4063	4.565	2.1	2.083	3.753	3.513	5.557	10.72	6.243	3.808	5.174	4.87	4.998	1.781	3.492	4.275	8.764	4.67	4.503	-0.9975	4.189	0.917	6.851	7.691	4.629	5.633	5.918	6.67	3.139	3.833	3.299	5.791	7.649	5.09	6.286	4.03	3.619	6.829	4.286	5.457	7.436	4.762	6.208	4.367	2.202	7.086	2.048	2.076	6.095	3.297	3.928	4.556	3.892	4.955
4.208	6.107	3.67	3.396	6.275	4.889	5.309	2.468	4.961	4.531	6.565	8.599	2.999	2.614	5.373	3.708	3.302	6.233	4.935	3.925	4.685	7.306	9.034	5.759	2.744	3.83	6.576	6.248	4.027	8.579	4.425	3.445	7.903	8.668	5.979	6.502	3.451	5.197	4.059	9.449	4.375	3.682	2.915	5.439	-0.6318	5.891	0.5203	5.987	2.723	3.078	2.557	3.42	5.343	4.645	8.979	4.487	6.963	3.843	2.861	4.984	5.755	7.081	6.429	5.446	3.754	1.093	5.301	4.443	4.913	9.346	5.672	4.305	5.143	8.825	4.355	3.252	2.844	5.252	9.487	6.432	3.663	5.465	3.62	4.336	3.617	5.999	5.643	3.623	5.17	1.374	-0.6516	4.907	5.637	3.714	7.457	6.018	3.271	5.602	5.07	5.057
4.353	7.754	4.237	5.233	9.168	4.036	4.473	2.741	5.61	4.044	7.016	6.907	8.65	4.045	5.663	6.03	1.701	6.706	7.02	3.201	5.94	6.622	4.669	3.455	3.404	5.104	7.029	7.125	2.052	5.454	4.477	5.285	9.964	4.908	6.42	6.108	4.319	2.543	4.79	8.467	3.915	6.6	2.411	4.508	0.6507	3.025	1.8	5.632	2.901	1.778	2.23	3.33	5.628	7.951	6.632	5.374	6.699	4.832	3.353	3.502	5.587	6.001	6.491	7.825	5.426	0.4928	2.057	1.993	8.237	7	4.046	6.216	6.399	10.38	3.97	3.221	3.834	4.978	8.126	7.464	3.049	5.714	4.772	4.845	3.486	4.911	6.183	4.552	4.546	3.243	2.68	6.38	3.393	1.172	3.49	3.654	3.728	3.507	7.473	3.083
1.93	5.438	6.695	3.788	8.512	3.885	3.779	3.047	7.701	3.939	6.315	5.136	3.851	1.1	5.678	2.663	1.776	6.028	8.852	4.537	5.766	5.027	6.985	7.12	2.152	5.691	8.463	8.102	2.776	5.577	3.113	5.476	8.715	6.004	5.353	3.016	3.016	4.799	3.501	7.066	4.765	5.864	3.707	3.461	1.867	4.039	4.252	4.927	4.781	1.488	1.815	3.34	5.358	7.68	5.936	6.322	2.346	3.5	2.78	4.547	3.547	5.763	7.343	5.599	4.154	-1.571	4.588	5.491	4.813	8.542	2.619	4.542	6.288	7.884	2.026	4.657	3.496	5.819	8.728	6.283	5.321	5.467	5.221	8.186	4.971	5.476	4.677	1.777	4.743	3.138	3.672	3.924	2.001	4.017	5.992	5.743	3.081	5.685	3.202	3.932
3.109	4.737	5.809	5.785	6.853	6.691	6.264	3.436	1.85	3.739	5.872	8.899	6.549	2.598	4.193	5.436	2.807	9.316	4.733	4.946	4.755	6.9	5.824	3.827	3.988	6.811	4.832	5.82	2.325	6.852	1.212	5.324	8.424	4.929	4.925	4.746	7.952	5.908	3.398	8.333	3.886	6.259	2.915	2.333	2.897	4.163	1.363	7.902	4.607	1.831	1.999	5.561	5.867	9.502	6.18	8.283	4.086	5.819	3.552	4.309	2.799	5.453	4.871	7.802	5.797	1.083	5.356	0.45	7.431	9.176	2.531	7.875	7.193	7.148	3.477	5.216	3.601	6.161	7.571	7.28	5.52	8.327	5.398	5.47	5.328	5.285	6.261	3.151	4.83	4.464	3.7	4.78	2.211	3.944	5.126	4.562	6.119	4.922	4.396	2.882
3.548	5.286	4.619	7.372	6.554	3.47	3.828	2.196	5.249	2.734	8.555	6.799	2.684	3.926	3.293	5.199	3.22	10.05	8.048	2.334	8.736	5.906	6.797	4.83	3.575	5.911	5.96	5.546	3.458	5.518	2.327	6.527	9.627	7.044	7.424	3.833	3.847	4.866	4.447	6.627	1.929	5.434	4.014	3.447	1.947	5.873	2.689	4.378	4.999	1.625	4.783	4.315	5	9.485	6.934	7.402	4.542	3.731	4.429	4.472	4.72	3.631	8.913	4.235	3.3	3.684	1.441	0.955	9.749	8.152	4.559	2.111	4.338	7.971	4.503	3.432	3.311	4.979	8.271	6.934	7.7	4.754	4.719	5.917	3.708	8.477	5.108	5.221	5.421	3.18	1.484	6.429	5.343	1.134	5.667	4.805	3.486	4.286	5.759	6.551
3.575	5.746	5.005	5.378	5.629	5.164	4.65	3.388	5.409	2.527	5.459	8.741	5.437	0.3521	5.311	4.803	7.172	8.493	5.376	2.414	4.62	5.124	7.095	3.527	1.652	4.159	6.313	8.327	5.662	4.341	1.14	6.825	8.337	4.566	5.071	4.204	5.537	3.128	1.345	5.518	4.066	5.8	2.829	2.995	1.83	2.2	0.3895	6.263	3.322	3.196	3.264	3.379	6.328	5.944	5.731	5.143	5.619	4.991	1.207	5.698	4.739	4.58	5.861	5.641	3.805	2.711	5.511	0.5756	5.768	6.809	3.805	4.634	8.528	6.86	5.714	4.235	4.729	7.321	4.845	7.088	4.19	4.874	4.827	4.998	3.343	4.45	4.653	3.673	6.243	3.339	2.096	7.29	3.911	4.414	6.126	4.184	2.544	7.318	5.301	5.616
4.412	3.286	4.284	4.13	9.7	4.266	5.368	3.657	4.29	5.602	7.337	7.769	6.321	2.117	5.768	5.502	2.343	7.432	5.569	4.606	6.136	6.759	5.524	4.938	4.309	7.694	7.398	9.94	2.217	8.033	3.614	5.089	11.46	4.944	6.299	4.504	6.253	1.961	2.099	4.707	3.945	4.572	4.581	2.816	1.451	1.827	1.282	6.028	4.337	5.196	-0.1382	2.974	4.399	6.341	5.24	5.326	4.823	4.506	4.217	3.937	3.661	6.563	9.555	4.79	4.542	-0.8413	5.478	2.505	5.714	9.364	4.618	4.433	8.193	9.741	4.432	6.374	4.697	5.724	6.642	7.986	5.032	6.998	2.652	8.451	4.832	3.91	5.829	2.194	3.922	2.404	1.601	5.146	0.5569	3.819	6.991	3.265	2.101	7.443	4.183	2.971
3.242	5.397	6.466	4.654	6.552	2.623	4.754	2.123	2.598	3.685	7.814	8.188	8.728	0.9867	7.89	6.37	3.067	8.243	7.02	3.297	5.888	6.46	9.454	2.543	3.396	4.804	8.373	6.681	4.415	5.846	4.816	4.492	8.992	5.661	6.858	3.806	5.369	3.918	2.825	7.124	6.414	6.115	4.443	3.029	1.876	3.896	0.2611	5.828	2.035	2.223	2.03	2.048	4.745	9.197	4.936	5.708	5.262	3.124	2.33	4.597	3.142	6.738	6.966	4.864	6.358	-0.1627	3.967	2.277	7.75	8.898	7.025	-0.1072	9.524	8.339	1.7	4.378	3.203	5.686	5.822	8.597	4.439	4.668	2.756	3.537	3.882	5.886	5.075	3.966	4.211	1.374	2.564	4.883	4.175	4.675	5.562	4.154	4.553	4.638	7.2	4.568
3.655	7.528	4.704	6.668	8.025	2.53	3.961	4.986	3.722	3.392	8.875	9.739	5.117	0.2936	3.607	4.431	4.556	5.849	7.731	5.729	4.227	8.28	6.508	2.971	4.568	5.919	6.335	6.652	1.745	5.956	3.384	6.252	9.338	3.497	4.852	3.778	3.751	2.809	2.653	8.941	4.284	6.643	5.085	3.221	-0.1417	3.169	-0.6363	7.129	4.418	3.029	4.179	2.719	4.12	8.93	5.002	7.99	2.89	2.104	3.176	3.618	5.7	5.063	8.571	5.352	3.975	1.354	3.199	2.407	5.931	6.398	3.181	3.311	5.512	8.539	2.105	3.035	5.039	7.958	5.354	9.254	4.682	2.977	4.523	4.812	6.778	6.638	6.409	3.08	4.969	5.341	1.377	4.913	2.673	5.735	6.784	6.532	4.661	5.231	4.545	6.278
3.057	3.187	5.815	3.514	6.097	4.022	4.405	4.922	4.292	4.672	7.521	5.629	5.724	1.128	5.85	4.365	2.237	8.333	3.356	3.057	4.981	5.979	7.021	4.224	3.373	4.787	5.433	4.521	0.7432	2.789	2.851	6.342	9.166	5.902	3.825	5.543	3.905	4.224	3.652	5.146	4.02	3.84	3.476	2.547	1.174	3.656	2.144	4.802	3.296	1.806	6.104	3.906	6.035	6.996	5.895	5.612	4.998	5.396	2.303	5.334	3.162	3.469	6.731	4.514	3.3	1.739	3.439	2.679	7.514	6.352	2.802	6.72	5.933	6.214	5.814	3.654	4.614	5.283	8.787	7.542	4.57	5.527	5.497	5.157	4.781	3.909	6.734	4.534	6.645	1.343	1.19	2.847	2.419	4.258	3.947	4.187	3.393	3.98	7.032	2.978
2.106	7.709	6.196	4.894	7.389	4.291	3.668	2.354	6.106	3.525	9.758	7.925	3.977	4.723	6.849	5.567	2.912	8.682	7.609	2.094	5.178	9.117	7.09	3.526	3.692	5.812	8.794	7.764	3.571	4.329	2.477	5.495	10.89	7.287	4.154	1.949	4.655	4.812	3.446	6.515	6.137	7.253	3.376	4.778	0.203	4.009	0.408	7.491	4.486	3.201	3.836	3.583	5.946	6.545	8.22	6.17	2.854	4.337	3.452	4.173	4.954	7.025	7.653	4.708	4.717	3.911	2.741	2.915	5.421	9.718	3.652	6.648	5.268	8.867	5.717	4.952	2.023	7.863	7.289	6.898	4.298	5.262	7.721	8.591	4.058	4.024	4.68	4.053	5.522	4.786	3.351	5.596	5.008	2.986	5.312	6.677	5.58	2.609	4.355	3.911
2.685	4.593	3.126	5.208	7.839	4.663	3.462	4.371	3.735	2.156	13.96	8.564	2.707	1.54	5.262	4.997	2.903	7.787	3.178	3.161	8.23	6.428	7.853	3.712	2.974	6.034	6.656	6.844	1.875	7.292	1.922	7.444	9.02	4.484	2.918	2.965	4.838	2.704	2.947	7.617	5.241	5.143	3.575	4.554	3.874	4.016	2.178	5.936	3.515	4.755	0.6141	3.673	6.612	7.07	4.973	6.405	5.514	4.293	3.493	2.921	4.855	4.64	5.505	5.632	4.382	0.9599	4.207	1.783	9.429	7.7	3.472	4.267	5.721	7.185	2.935	5.891	3.24	5.941	6.624	4.411	4.979	4.643	4.353	7.88	4.883	4.322	8.544	4.966	5.364	2.144	2.726	3.42	0.641	3.942	3.478	4.47	2.458	5.737	3.598	6.678
3.579	4.459	5.96	3.253	8.996	5.721	5.537	2.633	3.818	4.369	6.803	7.379	4.431	2.954	3.19	4.887	6.073	7.013	7.066	2.964	5.933	5.702	3.611	2.671	3.949	5.126	7.284	9.35	3.457	6.756	3.147	5.848	10.6	5.656	4.464	6.394	0.3351	4.219	3.602	7.225	6.86	1.918	3.299	2.579	2.47	3.952	0.5885	5.979	3.671	1.165	1.891	3.443	4.782	6.815	4.831	7.075	5.275	2.821	5.234	2.515	2.84	7.455	6.47	5.659	4.359	0.3122	2.268	3.125	5.64	7.834	4.65	3.963	8.884	6.956	4.179	6.906	4.833	7.879	8.492	7.453	4.727	6.297	5.833	5.493	5.994	6.535	3.753	2.193	4.448	3.286	2.628	4.731	3.378	4.582	4.403	3.672	2.393	4.561	3.66	3.643
3.074	5.236	6.698	6.506	9.548	2.424	4.094	2.314	6.485	5.156	9.112	8.144	5.562	4.079	7.212	5.366	5.432	7.539	4.155	4.219	5.432	6.304	5.552	3.719	3.621	5.011	4.982	6.893	2.207	5.523	3.173	4.693	9.513	5.731	3.321	3.41	4.234	4.357	3.474	6.284	3.362	5.231	5.511	1.88	0.9171	5.64	1.31	5.685	3.109	0.4513	3.506	3.625	3.909	7.417	5.064	6.028	3.284	2.969	1.662	2.467	5.312	5.158	8.468	5.906	3.866	-1.07	2.719	2.859	9.018	7.555	2.532	3.91	5.694	11.73	3.38	2.479	3.651	5.728	6.404	5.631	5.866	5.208	6.637	5.371	3.557	3.016	6.102	4.034	3.894	3.22	1.621	7.522	3.915	4.707	5.511	4.746	5.372	3.896	4.259	2.802
3.717	4.876	5.386	4.154	6.534	5.551	3.138	3.55	4.588	3.649	7.214	10.41	6.654	2.427	5.649	3.728	1.753	5.313	5.1	3.195	5.389	6.473	4.217	3.289	1.381	5.734	5.963	9.837	2.176	6.787	2.338	5.714	8.463	7.486	3.096	3.245	6.884	6.676	3.297	8.145	4.505	5.48	2.813	2.57	2.378	2.413	1.603	5.825	3.201	2.263	3.805	3.005	3.436	6.087	5.877	7.268	3.962	4.048	2.754	2.668	4.409	5.186	7.491	5.094	3.077	2.498	4.566	1.939	5.604	6.094	2.368	2.598	7.621	8.884	2.732	3.115	3.361	6.898	7.797	7.065	3.533	7.37	7.267	6.3	4.573	7.604	6.528	3.779	3.33	3.322	0.9684	4.922	0.04728	4.003	3.814	4.967	5.295	4.562	4.459	1.838
3.4	5.119	5.416	4.881	7.214	3.516	6.344	1.372	5.015	4.368	7.442	7.34	7.345	2.251	7.228	3.936	4.002	6.974	5.452	1.257	5.959	7.02	7.616	3.921	5.905	3.541	5.601	6.257	3.002	5.139	1.943	3.777	8.765	5.302	3.642	3.533	4.536	3.981	2.495	8.779	3.682	4.118	3.184	3.179	1.631	1.869	-0.9672	3.93	3.152	1.566	3.826	3.142	4.448	6.159	5.246	3.996	5.03	4.784	2.352	2.278	2.39	8.977	6.558	4.329	4.448	-1.15	3.954	4.398	6.38	7.262	3.189	4.975	6.842	6.507	6.074	4.605	2.356	5.368	4.941	6.623	3.69	5.894	6.233	5.247	4.181	3.914	7.007	3.131	3.85	3.177	1.71	3.913	2.063	4.861	6.003	4.083	1.708	5.706	3.142	4.948
3.093	5.383	3.262	4.606	7.387	2.681	5.38	3.651	4.515	2.669	6.166	7.652	3.837	3.557	4.184	2.798	4.172	10.05	4.121	5.856	7.704	6.741	5.896	3.742	4.281	4.855	5.049	6.992	2.974	5.033	2.153	5.269	9.136	6.158	4.299	4.628	4.804	2.317	3.626	6.426	6.502	5.553	5.701	2.991	2.51	5.343	0.1934	5.971	2.382	4.16	4.613	2.526	8.452	5.437	8.227	4.525	4.659	4.565	3.541	4.057	6.055	6.143	5.526	4.23	2.914	0.571	5.397	3.703	5.876	10.71	4.927	3.546	8.306	7.183	3.744	4.638	3.661	7.54	7.383	6.389	3.804	5.468	3.818	5.301	5.67	5.185	5.599	2.482	4.682	3.142	1.362	3.839	1.456	3.774	5.401	2.149	3.963	3.848	4.392	5.678
2.823	4.997	1.199	6.706	9.457	2.963	5.165	3.086	4.109	7.751	7.482	11.39	4.323	2.064	4.905	4.244	5.305	7.627	4.663	3.926	6.509	7.21	5.789	2.283	3.22	3.543	4.893	5.722	2.603	5.931	3.557	5.459	7.152	4.962	5.116	4.376	4.719	4.488	2.119	6.952	5.125	4.612	2.109	3.281	1.483	3.147	2.962	7.981	3.019	1.828	3.776	2.732	5.593	6.426	5.755	5.443	2.942	4.137	2.756	2.13	4.724	5.301	8.26	5.381	5.637	0.3322	3.289	1.454	6.378	10.87	5.037	3.943	5.808	7.794	3.508	4.614	4.456	4.788	8.534	6.816	3.55	5.939	6.82	7.885	3.811	5.498	5.346	1.99	5.804	2.549	2.079	5.142	2.815	5.216	4.946	5.305	4.611	3.753	2.708	3.734
2.371	4.573	7.21	4.447	8.535	2.25	3.966	2.7	3.924	3.227	5.899	9.668	6.64	1.512	3.735	4.528	-1.17	6.747	3.267	3.259	6.261	6.928	6.131	2.348	2.997	5.138	5.53	6.493	2.274	4.65	4.143	5.217	8.946	6.225	5.211	3.03	2.092	2.909	2.692	5.644	4.92	5.999	5.728	4.616	3.079	3.734	0.8478	5.696	3.367	5.064	5.18	3.395	4.875	6.7	4.643	4.858	5.521	2.098	3.668	2.583	6.576	4.728	5.383	5.234	3.742	1.723	4.883	2.266	5.419	7.497	3.335	2.532	5.52	7.511	4.768	2.994	4.891	6.02	4.792	6.946	3.453	4.002	3.803	5.169	2.496	4.711	7.403	2.702	4.491	2.507	0.9756	4.528	2.197	2.936	3.483	3.597	2.551	4.236	5.907	4.245
2.538	7.216	3.811	2.978	6.268	2.265	2.788	2.044	3.949	7.809	9.171	10.1	6.393	2.636	5.235	4.44	5.948	7.197	6.721	1.568	6.4	5.271	6.027	4.083	3.706	6.256	6.111	6.916	1.442	5.044	3.198	4.795	8.339	4.936	4.682	3.488	5.704	3.214	3.434	8.68	3.907	4.47	4.147	1.899	1.213	3.467	1.056	6.355	5.968	2.447	4.104	5.625	4.883	5.539	4.97	6.386	4.58	4.337	1.422	1.584	3.086	6.028	6.656	3.914	4.545	-0.6139	4.5	3.608	5.936	7.787	4.854	1.677	5.573	7.826	3.268	4.137	2.525	4.266	6.601	6.14	2.857	5.137	5.3	6.1	3.93	5.031	5.03	3.001	4.375	3.486	1.753	6.306	1.777	2.462	5.025	6.738	1.562	3.421	3.746	3.51
2.928	4.621	7.048	4.29	7.576	3.98	5.263	2.844	4.631	3.07	6.037	6.336	7.583	3.677	3.595	7.184	2.776	5.583	3.83	2.437	4.882	5.498	6.34	4.104	2.985	6.666	3.826	6.442	4.193	4.379	3.702	4.578	7.002	5.534	5.738	4.068	3.462	1.365	3.739	9.053	4.569	5.264	5.521	0.8328	1.854	4.012	-0.09026	5.368	4.495	3.62	1.444	4.578	4.846	7.495	5.779	6.18	4.129	4.717	2.416	4.23	4.788	5.216	4.427	5.978	4.164	1.642	3.304	2.827	6.027	8.746	5.545	1.739	5.965	8.01	3.371	4.984	3.714	6.617	7.332	6.986	2.386	5.79	6.776	4.291	3.259	5.422	4.385	2.626	6.677	1.716	1.725	6.884	4.676	4.015	2.692	4.88	2.509	4.392	4.232	3.928
4.024	5.62	3.587	3.6	8.746	5.183	4.527	1.233	2.95	5.957	5.106	6.22	6.769	1.506	3.956	5.542	4.514	7.491	5.208	1.787	4.583	6.474	5.59	3.565	3.032	3.606	5.274	7.671	3.457	5.071	4.327	5.741	9.36	5.28	3.915	4.325	4.369	3.097	4.923	7.192	4.581	4.309	3.68	3.228	4.234	3.864	-1.189	5.265	5.178	2.548	4.899	3.794	3.334	5.13	5.004	5.519	6.278	5.024	3.752	4.174	4.202	6.478	10.23	5.134	4.549	2.734	3.509	2.919	7.124	9.054	2.943	4.746	6.406	7.566	2.652	4.666	3.37	4.482	10.79	6.43	3.867	4.68	3.456	8.527	3.879	4.271	5.056	4.127	4.24	2.25	2.127	3.705	3.082	3.014	4.701	3.48	5.458	2.602	4.6	3.867
4.074	6.518	3.88	5.445	7.6	4.917	3.314	2.428	3.887	2.962	6.285	10.06	5.161	3.033	6.213	4.067	3.758	6.39	5.199	1.481	4.549	4.255	6.49	4.164	3.013	5.343	6.688	4.893	2.343	5.016	3.122	6.086	6.123	4.057	6.149	3.337	5.248	3.337	2.001	10.12	4.87	3.546	3.672	4.208	0.534	3.216	1.826	5.333	3.855	1.088	3.763	2.566	5.317	7.482	4.206	5.461	4.313	5.676	2.804	4.467	3.57	4.838	7.261	5.597	5.058	-0.2353	5.424	1.683	4.844	7.951	6.692	3.623	7.032	7.947	3.36	2.263	5.004	5.58	4.532	7.185	4.665	5.069	6.279	6.954	3.648	4.087	6.198	3.031	3.309	2.672	3.519	6.894	1.482	4.137	5.614	2.592	4.252	3.644	2.703	2.434
3.147	7.091	5.258	4.347	7.716	3.439	1.653	1.088	4.615	3.443	8.43	7.576	2.168	1.535	4.264	3.471	3.555	8.504	7.49	5.138	5.776	3.888	6.228	5.948	2.799	4.333	5.454	7.841	2.15	7.028	3.565	6.433	11.66	6.243	4.571	4.549	4.335	3.746	3.138	5.926	3.882	3.451	3.443	3.127	1.453	2.892	-0.1221	6.887	2.996	4.161	2.692	3.268	5.615	6.623	3.787	6.674	2.197	4.36	3.828	2.638	2.681	6.02	9.896	5.015	3.398	3.297	2.397	2.43	9.47	6.789	3.121	6.845	4.404	8.041	4.072	4.127	4.524	5.517	6.951	6.941	4.953	7.34	5.396	7.826	2.303	4.441	4.479	4.311	6.685	2.417	2.632	5.803	1.625	2.753	5.814	4.826	3.411	7.072	4.885	1.935
5.785	4.301	3.269	4.345	7.699	4.969	6.623	1.925	4.019	2.096	6.297	9.266	5.397	-0.08719	4.308	3.858	2.542	6.793	5.147	1.829	5.699	9.199	6.591	6.216	3.893	6.428	7.34	4.597	4.175	3.75	2.433	6.216	9.463	4.492	6.719	3.214	3.001	6.134	4.467	6.672	5.783	2.624	2.516	3.765	0.3423	4.037	0.08354	6.237	2.713	1.619	4.961	3.687	6.806	7.573	6.813	7.651	2.987	2.668	2.87	3.926	4.647	4.733	7.046	5.34	3.401	2.528	3.589	1.123	6.509	6.256	5.89	4.257	6.454	7.964	3.654	7.124	3.995	4.941	6.92	8.069	4.727	4.506	5.921	4.666	3.098	4.974	5.259	2.971	4.554	1.937	0.1868	4.514	2.513	3.083	5.192	6.599	3.411	3.926	5.082	3.367
1.732	3.673	4.022	3.347	6.101	2.16	4.974	3.503	3.237	5.219	14.04	9.579	6.776	3.567	6.103	2.827	0.7168	5.645	3.603	3.023	4.574	6.495	7.189	4.205	3.027	6.303	7.327	7.641	2.416	7.537	4.314	3.79	8.658	6.069	5.674	4.254	5.389	3.978	2.39	7.543	5.207	2.325	4.784	3.526	2.779	6.058	-0.07451	7.165	5.496	2.868	4.21	5.052	3.54	5.724	6.908	6.955	4.364	3.336	2.524	2.179	5.832	8.654	6.405	5.414	5.88	-0.5219	2.215	2.696	6.823	7.972	5.648	5.523	7.898	8.519	4.815	5.442	4.251	7.023	7.572	4.828	4.32	5.574	5.497	5.807	4.389	6.307	6.868	3.876	5.26	3.312	2.633	4.991	2.444	4.754	4.684	3.26	3.188	4.775	4.214	4.694
3.388	5.497	3.816	4.875	6.646	2.775	3.76	2.907	1.637	6.866	6.727	9.18	5.448	3.635	3.921	2.996	3.33	9.749	4.657	3.206	5.658	5.893	6.471	5.349	2.183	5.956	6.195	9.245	3.619	4.066	3.234	5.278	6.654	5.689	5.942	5.016	5.644	4.008	3.378	5.879	3.037	2.195	2.489	2.13	0.09385	2.625	0.4824	7.119	3.154	3.233	2.217	2.034	5.265	7.569	5.643	6.754	3.983	4.185	2.275	3.78	5.031	7.482	8.284	4.184	5.776	-0.0005901	2.985	1.812	8.124	9.669	4.967	1.8	6.929	7.99	2.538	5.403	3.964	6.157	7.976	6.894	3.208	4.623	5.126	5.021	3.887	4.662	4.058	2.518	5.26	1.926	1.465	7.414	1.661	5.249	6.347	4.985	2.972	3.416	4.65	5.404
2.017	5.241	3.562	4.864	6.173	4.343	4.376	1.149	5.26	3.718	7.214	8.104	1.978	2.032	6.851	4.976	3.642	10.42	5.731	2.136	5.771	5.39	7.067	2.719	2.848	4.14	4.137	6.5	3.409	6.399	0.8745	5.386	8.308	5.387	5.638	2.734	2.534	5.68	3.632	4.752	4.658	4.987	1.414	5.303	0.04223	4.032	0.4886	6.701	2.118	3.331	4.316	4.26	3.175	8.056	5.766	6.406	5.346	3.329	2.312	3.782	2.828	6.211	6.969	6.438	3.566	0.2323	2.65	2.837	8.564	8.61	5.489	3.213	8.787	9.925	3.526	6.13	3.045	5.416	6.299	6.85	4.807	5.417	4.023	5.053	4.28	3.214	6.131	2.568	4.805	3.346	1.273	2.837	3.949	3.58	5.048	4.27	3.476	4.861	4.699	2.66
3.849	4.418	1.835	5.773	6.769	5.192	4.404	2.926	6.18	3.187	7.457	12.49	4.158	2.465	5.225	3.882	1.594	7.841	5.88	3.618	4.779	7.713	8.023	4.55	2.529	6.748	7.255	8.975	1.882	5.377	3.85	6.014	8.212	6.28	4.554	5.552	5.641	2.116	2.833	7.854	3.382	4.943	5.176	3.325	1.962	2.489	0.4834	5.101	4.035	2.042	5.449	3.976	5.356	7.207	6.538	6.427	5.777	4.481	1.823	3.895	3.806	3.959	12.29	6.556	4.437	0.5032	4.449	2.642	7.316	8.28	2.645	4.408	7.155	8.896	4.667	4.045	3.819	4.682	8.184	7.473	3.9	4.114	3.536	5.606	4.592	3.924	5.931	2.436	4.283	2.573	1.972	4.527	1.887	3.622	4.795	4.426	2.437	3.399	4.446	4.341
3.022	6.296	1.957	4.332	7.824	3.37	5.157	1.697	4.629	4.105	5.469	9.221	6.221	2.551	6.679	6.462	0.538	8.641	3.138	2.403	5.893	6.895	6.337	5.033	3.735	3.863	7.157	7.491	3.274	5.946	4.865	6.146	10.68	4.025	5.501	2.735	4.704	5.203	3.46	9.979	5.563	3.525	4.877	1.389	1.845	3.871	1.266	8.238	5.853	2.152	4.986	3.924	7.005	4.841	5.412	6.107	4.722	4.461	3.315	3.257	4.549	4.579	8.002	5.303	4.871	1.105	3.69	2.037	5.242	7.047	4.822	0.9702	9.404	8.9	2.498	3.922	2.917	4.632	5.18	6.617	3.737	4.301	4.376	6.265	4.057	5.495	5.608	4.106	5.327	5.294	0.5077	5.289	1.021	1.816	4.992	3.854	4.79	3.573	4.888	3.548
2.47	4.423	2.668	5.296	10.38	4.454	3.357	3.238	6.016	5.509	5.906	9.626	7.117	4.067	4.896	4.227	4.746	5.951	5.902	3.419	4.963	5.115	7.32	5.041	4.392	6.303	4.026	7.929	1.884	6.886	1.906	4.963	8.695	4.863	5.693	6.038	-18.49	3.84	3.414	8.09	5.081	4.766	4.725	7.605	3.245	3.124	-1.259	6.248	3.381	3.843	3.196	3.416	4.191	7.442	4.145	6.958	2.163	5.704	2.424	3.993	3.799	5.817	7.229	3.842	4.162	3.525	2.652	2.7	6.322	7.904	4.689	3.434	6.018	8.554	3.862	4.715	3.454	4.221	7.366	6.18	5.687	6.036	2.324	7.664	4.238	4.497	6.617	5.829	4.185	3.388	0.7289	6.956	2.522	2.629	4.116	4.328	3.475	2.606	4.534	2.866
3.164	3.868	3.98	5.284	6.726	4.451	3.484	4.28	2.97	2.279	6.324	10.53	5.579	4.785	5.26	3.163	4.183	7.467	7.133	4.536	4.503	7.456	6.59	0.3068	3.836	4.731	6.566	9.829	4.69	5.19	3.012	3.848	6.777	6.268	6.241	5.803	3.587	2.382	3.453	8.854	2.712	5.523	2.087	2.877	0.415	2.544	-0.05016	5.27	4.539	2.204	0.8624	3.582	5.616	6.594	6.244	6.7	4.034	4.36	5.295	3.869	5.417	6.03	14.09	6.496	4.464	-1.911	5.529	4.137	7.999	6.616	3.37	2.973	4.604	7.315	2.609	5.086	3.325	3.879	9.016	7.823	4.604	4.666	6.148	7.582	4.634	4.736	5.865	4.25	5.386	1.037	2.622	4.869	3.846	1.833	5.311	4.496	5.213	4.96	4.769	4.91
4.006	4.839	3.561	4.793	8.102	4.316	5.09	5.347	4.218	4.581	9.009	7.114	7.102	2.684	6.71	6.422	2.058	7.086	7.691	2.784	5.407	5.999	5.569	3.584	3.114	7.302	6.035	7.906	1.855	4.799	3.905	4.265	9.627	4.24	6.049	5.336	5.18	4.006	3.182	5.856	7.47	6.288	2.275	4.286	3.024	3.002	2.799	5.73	4.577	2.936	4.27	4.499	7.503	9.507	5.985	7.268	5.448	1.593	3.62	3.174	4.682	5.66	7.06	6.099	5.325	1.438	3.078	0.3315	11.56	9.153	4.243	3.823	5.864	10.93	2.073	3.292	3.771	3.636	7.783	6.654	3.761	3.308	5.785	6.324	7.046	4.711	7.072	3.503	3.968	2.875	3.246	6.083	2.911	2.118	4.724	4.171	4.295	6.482	5.579	6.547
2.303	5.078	5.649	4.336	8.075	4.403	5.184	3.05	3.824	5.327	6.29	10.91	5.748	3.394	6.388	4.22	2.683	9.503	7.546	4.343	5.738	5.246	7.757	4.972	5.001	4.635	6.681	7.591	3.477	4.598	3.854	5.712	8.825	6.823	4.586	3.65	5.642	5.842	4.366	6.664	3.91	5.768	3.706	0.5023	4.952	3.98	-0.875	6.804	5.555	3.617	4.752	4.233	5.112	8.428	6.989	6.547	2.11	4.868	2.563	2.877	4.372	6.267	7.581	5.442	5.651	0.5335	4.254	3.439	4.509	9.427	3.078	3.065	6.743	9.986	3.023	5.371	5.214	5.919	9.815	7.169	3.428	5.04	5.55	7.327	3.617	3.447	5.646	3.397	4.695	3.945	2.837	5.959	3.409	2.596	3.277	5.154	2.39	5.653	3.953	9.636
4.618	7.063	2.852	5.254	6.81	6.081	3.558	2.695	2.998	2.206	6.677	8.627	4.447	4.962	4.3	5.168	2.904	5.533	5.926	5.488	5.611	7.994	6.633	4.231	4.692	5.641	11.06	6.659	3.301	6.952	3.211	6.777	11.17	7.207	5.303	4.672	-7.522	3.697	3.852	6.121	3.902	6.075	4.369	2.081	0.1289	10.2	-0.3421	5.465	2.85	1.695	2.324	2.752	5.132	6.801	5.298	7.272	3.946	3.809	4.038	4.343	6.074	7.831	9.067	5.052	3.583	1.523	2.77	1.777	5.739	8.059	3.81	7.327	6.599	9.299	1.56	6.491	4.344	5.354	7.642	7.639	4.711	6.658	5.896	5.068	3.351	7.893	5.991	4.407	4.865	5.144	2.938	5.284	1.401	2.204	7.054	6.029	4.974	4.703	3.984	4.122
3.146	4.896	3.255	5.224	6.823	3.432	4.187	3.425	5.587	3.966	7.281	4.713	5.218	2.356	5.499	4.569	4.41	9.962	6.997	4.168	3.834	6.664	7.127	4.454	4.1	5.222	7.374	7.829	3.919	4.326	4.452	9.75	8.311	5.66	5.44	4.228	-43.11	4.358	4.332	6.875	5.769	2.787	5.099	4.246	1.847	3.87	1.429	5.89	4.048	2.559	4.893	3.934	4.475	7.287	6.659	4.001	4.003	4.902	4.324	2.797	5.482	6.733	5.111	6.595	5.631	1.601	3.184	1.66	6.734	9.535	4.415	2.269	7.902	9.967	4.072	3.599	4.412	6.456	5.569	7.106	4.583	7.581	2.806	6.706	4.139	4.975	6.243	3.05	5.057	4.094	1.698	4.006	2.52	3.08	6.171	3.79	3.559	6.107	4.15	3.244
4.681	4.171	3.648	5.903	7.215	5.222	4.47	2.61	4.381	4.703	7.771	7.577	6.925	3.455	5.154	4.317	4.197	6.446	6.22	2.732	5.832	7.64	5.737	4.94	3.711	4.463	7.602	5.735	3.724	6.63	3.968	7.682	9.443	7.391	4.601	4.688	5.003	3.32	3.89	7.557	4.587	3.378	1.637	2.734	0.368	4.649	2.79	5.973	3.936	1.991	4.823	3.824	4.518	8.068	5.128	6.857	5.391	3.195	2.633	4.047	5.147	6.344	7.899	5.567	3.092	2.418	4.59	1.234	7.322	9.434	5.093	5.948	4.994	7.884	4.055	5.038	3.651	5.597	5.895	7.721	4.511	7.324	5.043	7.212	5.81	4.48	4.305	4.621	5.1	3.18	3.078	4.583	2.461	3.744	4.505	4.483	6.105	3.803	4.32	5.197
3.7	4.848	7.07	6.198	7.09	3.77	5.748	3.674	5.135	4.582	6.998	5.57	3.424	3.329	5.254	4.023	3.927	7.488	8.202	3.325	6.645	6.425	6.807	3.746	3.785	6.555	5.36	9.22	3.365	5.528	1.727	6.781	9.125	4.67	3.602	5.538	4.463	2.812	3.234	5.568	3.757	1.759	3.667	3.612	1.719	3.987	1.335	5.767	3.375	1.825	2.548	2.483	6.441	7.237	6.349	5.505	3.927	4.23	3.657	3.85	4.519	7.588	7.336	5.462	4.072	0.3859	3.262	1.503	6.959	7.994	5.598	0.9252	6.442	8.545	5.764	4.224	4.346	7.332	9.149	6.145	4.98	4.27	2.863	6.449	3.172	4.8	5.726	3.009	5.06	3.045	1.71	4.369	3.763	2.507	5.197	3.612	3.653	4.133	5.055	5.205
3.327	6.875	6.653	6.137	7.85	4.451	4.567	3.515	4.446	4.259	4.966	9.031	4.227	2.368	5.664	5.573	2.204	7.54	5.654	4.712	5.359	5.291	4.924	4.003	2.521	6.077	5.814	7.719	2.447	5.427	3.538	5.867	8.174	6.542	4.915	4.05	4.657	4.67	4.229	6.032	4.677	5.741	4.859	3.896	5.492	4.045	1.028	6.37	4.402	4.238	4.397	4.173	5.176	5.868	5.597	6.179	3.946	4.187	3.472	4.429	4.696	6.073	5.71	6.944	7.033	1.996	3.554	2.367	8.437	7.689	7.847	2.341	5.575	6.889	4.575	4.11	4.12	4.969	9.599	7.211	4.755	6.273	4.195	6.094	5.503	4.486	6.78	4.497	5.201	2.09	3.9	4.305	4.579	3.054	4.06	3.8	2.8	4.597	4.543	4.405
4.901	5.726	4.066	6.412	8.246	3.951	3.96	3.574	3.432	4.581	6.953	6.837	3.245	2.213	6.087	6.186	3.05	7.479	5.584	4.663	5.967	6.765	8.741	5.172	4.196	5.484	5.749	6.658	3.982	5.346	2.713	6.447	10.46	4.71	4.681	5.287	4.604	1.855	4.134	8.524	9.401	6.405	2.524	3.57	-0.565	3.504	0.1985	5.292	4.302	4.167	6.451	4.315	5.014	8.018	7.023	7.28	5.453	4.433	3.692	3.778	4.96	5.634	7.548	5.814	4.494	2.206	5.222	2.28	7.054	8.355	4.474	4.153	7.352	7.54	4.332	4.78	6.4	4.338	9.511	6.633	4.794	5.638	4.095	6.497	3.268	5.516	8.519	3.91	4.239	3.807	3.45	5.103	3.985	3.777	5.531	6.001	3.353	5.572	4.405	4.728
3.952	3.805	6.394	4.645	8.128	4.466	5.122	1.602	5.022	5.466	7.719	7.938	4.765	2.301	4.747	4.744	3.239	6.462	7.266	4.621	4.24	9.964	8.004	5.221	3.105	5.727	7.469	8.734	4.345	4.846	3.806	3.896	8.205	5.151	6.054	3.954	5.234	3.923	4.104	8.475	4.785	4.86	5.286	2.801	0.08418	4.236	1.045	6.047	3.529	2.251	3.178	4.206	3.914	9.752	6.687	6.163	5.094	4.447	4.398	2.91	5.083	5.793	6.175	5.87	3.979	2.83	4.217	3.978	5.627	11.31	4.292	6.136	8.594	8.007	5.17	4.852	4.184	5.793	7.24	8.295	5.099	6.817	6.151	6.493	2.856	6.451	6.161	4.021	4.911	3.388	1.958	5.106	-1.478	2.617	4.931	3.6	4.124	5.691	5.558	3.209
6.321	6.136	3.032	4.548	7.012	4.591	4.546	5.769	5.093	3.168	6.735	10.33	6.031	2.746	4.893	5.29	3.546	7.668	4.214	2.496	7.6	5.319	5.384	3.868	3.387	5.325	6.67	9.269	3.319	5.747	3.196	5.219	12.18	5.836	6.895	4.1	5.154	4.323	3.545	7.419	6.415	6.113	3.499	3.5	0.5549	2.42	0.6996	5.964	3.711	4.061	5.064	3.452	6.261	6.774	8.531	5.948	3.62	4.139	3.769	3.78	4.568	6.395	9.142	8.546	4.425	0.9844	4.532	2.253	6.685	8.535	4.866	2.982	6.171	8.797	3.44	7.491	3.413	5.426	8.624	5.713	5.282	5.04	5.704	5.638	7.421	5.968	5.571	3.818	5.027	2.613	2.075	5.938	4.5	3.473	5.686	4.521	2.974	3.752	4.381	7.622
3.509	6.311	3.325	4.589	7.072	4.929	4.451	2.723	3.955	2.677	8.111	9.459	7.985	4.323	4.608	5.354	4.22	8.332	5.429	3.251	6.036	5.914	7.325	3.678	3.149	6.761	5.201	7.449	2.38	6.56	2.899	6.067	8.397	5.865	4.905	5.768	5.931	4.578	3.378	5.749	5.008	6.531	4.52	4.424	1.903	4.007	2.176	6.419	3.54	3.559	3.082	4.401	8.022	6.934	5.08	6.774	3.9	4.505	3.311	3.722	4.657	6.665	7.543	4.715	4.225	2.112	4.075	2.942	5.537	7.571	5.21	4.691	7.618	8.003	4.31	4.881	4.498	5.579	5.116	7.143	5.695	5.476	4.25	6.361	3.428	5.042	7.663	4.35	5.049	3.255	2.031	5.461	2.855	3.032	4.46	4.234	3.652	4.875	4.371	4.296
4.442	4.576	4.962	5.405	8.389	4.07	4.924	3.2	5.512	4.394	7.879	7.314	8.165	2.192	5.131	4.89	3.362	8.302	4.894	3.718	5.657	8.63	5.807	4.238	3.778	6.443	6.004	8.879	3.02	6.06	3.982	5.688	10.42	4.299	5.865	4.857	3.551	4.47	3.115	8.499	3.866	5.035	3.869	3.239	0.9249	3.569	0.6377	6.233	3.888	2.196	4.788	4.234	5.751	6.506	5.639	6.484	6.277	3.993	4.048	4.137	4.452	6.16	7.595	6.421	4.39	2.023	3.178	1.816	6.399	8.753	4.7	2.115	6.82	8.789	4.258	3.929	3.789	6.843	7.74	6.75	5.652	5.45	5.394	5.614	4.157	5.129	6.324	4.038	4.837	3.157	3.474	5.103	0.7887	2.843	5.172	6.044	4.168	4.385	5.335	4.282
3.338	5.22	7.778	6.326	6.009	3.925	5.398	2.241	4.517	5.45	7.095	8.939	3.82	4.176	5.421	3.67	4.456	9.36	4.653	3.63	5.366	6.503	5.658	4.408	3.346	6.962	5.709	6.35	3.456	5.325	3.297	6.567	9.521	4.966	5.385	4.751	4.653	1.824	3.861	7.977	5.478	4.533	3.269	4.427	2.672	4.342	1.537	6.528	4.109	2.876	3.439	3.867	6.766	7.766	6.282	6.355	4.797	3.613	4.153	3.311	5.115	5.724	9.464	5.668	4.81	1.851	4.369	2.286	6.586	8.586	4.107	3.413	4.557	7.545	3.525	5.376	4.877	6.677	6.91	7.187	5.904	6.149	5.048	9.306	4.114	5.724	6.817	3.938	6.365	3.46	3.597	6.592	3.179	3.178	5.118	4.363	3.968	5.302	3.201	4.031
4.015	6.801	2.114	3.207	6.002	4.482	5.274	3.266	1.472	4.582	6.432	10.27	4.78	3.032	6.237	3.872	1.469	4.816	5.463	3.522	5.337	7.642	7.327	3.065	3.82	5.306	5.936	6.939	2.768	3.698	3.651	4.572	10.34	6.547	7.078	5.659	-2.698	5.056	3.067	7.716	3.725	4.39	3.951	2.95	-0.6045	4.232	1.663	6.067	3.707	3.732	1.78	3.434	5.324	6.86	6.052	6.017	5.199	4.073	3.602	4.784	4.502	5.217	5.758	6.115	4.791	1.523	4.377	-0.1299	7.435	9.685	5.085	3.474	9.991	8.721	4.362	3.498	3.787	5.899	5.646	6.997	5.476	5.199	4.742	6.609	3.853	4.249	5.884	3.995	3.373	3.432	2.091	3.73	2.483	3.678	5.141	4.686	3.287	4.662	6.053	3.251
4.596	5.351	4.999	4.023	6.994	3.727	4.703	2.874	3.156	4.915	4.113	7.334	7.321	1.8	6.424	3.152	3.225	7.131	2.286	3.648	6.753	6.616	5.23	2.285	2.928	4.96	7.845	8.485	4.477	5.87	3.212	5.811	11.12	3.561	4.86	5.665	6.523	3.735	4.235	5.179	4.303	6.839	4.266	1.269	-2.613	3.782	1.325	6.973	3.892	2.182	2.12	3.442	5.36	3.82	5.62	6.272	3.535	3.109	3.639	3.619	4.177	7.244	6.13	7.132	5.248	3.789	3.253	1.844	4.481	6.315	4.621	4.664	5.755	6.896	2.255	4.14	4.75	6.527	4.802	5.379	4.447	4.463	5.086	6.329	3.87	3.585	5.879	4.224	5.776	3.087	1.721	4.626	1.943	3.536	4.921	4.629	3.467	3.308	4.166	4.728
