4.439	10.4	3.46	8.078	14.26	10.97	6.427	5.311	10.46	6.774	14.65	4.457	12.26	17.97	13.43	10	3.018	9.78	5.18	2.584	7.229	8.025	9.155	8.555	7.41	3.489	10.17	9.308	4.145	3.696	7.724	8.636	4.472	17.9	4.101	5.752	5.851	4.81	8.367	26.52	4.214	4.627	9.368	3.053	16.2	4.358	3.087	5.181	3.853	5.418	6.589	9.686	12.41	3.364	2.625	1.937	6.12	12.53	29.91	8.672	2.208	8.644	7.352	6.682	5.74	3.329	3.165	1.346	6.603	2.914	13.05	5.444	3.312	8.993	4.984	6.036	5.735	7.426	4.435	5.496	6.101	9.858	15.34	9.442	8.875	4.626	3.586	4.778	4.044	8.248	8.338	3.981	2.814	13.4	2.683	1.506	7.966	3.608	18.55	4.256
4.32	10.25	3.369	7.905	14.13	10.83	6.301	5.176	10.33	6.634	14.51	4.363	12.05	17.72	13.26	9.894	2.918	9.633	5.142	2.51	7.114	7.931	9.014	8.435	7.277	3.413	9.981	9.196	4.073	3.612	7.644	8.547	4.368	17.62	4.022	5.697	5.75	4.691	8.21	26.25	4.142	4.526	9.235	3.024	16.02	4.262	3.025	5.07	3.772	5.294	6.469	9.554	12.27	3.318	2.614	1.862	6.125	12.36	29.53	8.54	2.098	8.536	7.212	6.576	5.621	3.283	3.062	1.302	6.489	2.83	12.91	5.336	3.232	8.855	4.921	5.927	5.628	7.289	4.332	5.398	5.971	9.697	15.16	9.319	8.766	4.557	3.484	4.653	3.957	8.11	8.226	3.864	2.73	13.25	2.611	1.414	7.846	3.512	18.35	4.158
4.202	10.1	3.278	7.732	14	10.69	6.174	5.042	10.2	6.494	14.37	4.269	11.85	17.48	13.09	9.783	2.818	9.486	5.104	2.435	7	7.837	8.872	8.314	7.145	3.337	9.794	9.084	4.001	3.528	7.565	8.459	4.264	17.34	3.943	5.642	5.65	4.572	8.052	25.99	4.07	4.426	9.103	2.995	15.83	4.166	2.964	4.959	3.69	5.169	6.349	9.422	12.13	3.273	2.602	1.787	6.13	12.18	29.16	8.409	1.989	8.428	7.072	6.47	5.503	3.237	2.958	1.258	6.374	2.747	12.77	5.228	3.151	8.717	4.857	5.818	5.522	7.151	4.228	5.299	5.842	9.536	14.99	9.197	8.658	4.488	3.381	4.528	3.869	7.972	8.114	3.746	2.647	13.11	2.538	1.321	7.726	3.415	18.15	4.06
4.084	9.955	3.186	7.559	13.88	10.55	6.048	4.908	10.07	6.354	14.23	4.176	11.65	17.23	12.92	9.672	2.717	9.339	5.065	2.361	6.886	7.743	8.731	8.194	7.013	3.261	9.608	8.971	3.929	3.444	7.486	8.371	4.16	17.07	3.863	5.587	5.55	4.453	7.895	25.72	3.998	4.325	8.971	2.966	15.64	4.07	2.902	4.848	3.609	5.044	6.23	9.29	11.98	3.227	2.59	1.711	6.135	12	28.78	8.277	1.88	8.32	6.932	6.364	5.385	3.191	2.854	1.215	6.259	2.663	12.63	5.121	3.071	8.578	4.793	5.709	5.415	7.013	4.125	5.201	5.713	9.375	14.81	9.075	8.549	4.42	3.279	4.404	3.782	7.835	8.002	3.629	2.564	12.97	2.466	1.229	7.605	3.319	17.94	3.962
3.965	9.808	3.095	7.386	13.75	10.42	5.922	4.773	9.94	6.214	14.09	4.082	11.45	16.99	12.75	9.561	2.617	9.192	5.027	2.286	6.772	7.648	8.589	8.073	6.88	3.185	9.421	8.859	3.857	3.36	7.406	8.282	4.056	16.79	3.784	5.533	5.449	4.334	7.738	25.45	3.926	4.224	8.838	2.936	15.45	3.975	2.84	4.737	3.527	4.92	6.11	9.158	11.84	3.182	2.579	1.636	6.14	11.82	28.4	8.146	1.771	8.212	6.793	6.258	5.267	3.145	2.75	1.171	6.144	2.58	12.49	5.013	2.991	8.44	4.73	5.6	5.309	6.876	4.022	5.103	5.584	9.214	14.63	8.952	8.44	4.351	3.176	4.279	3.695	7.697	7.891	3.512	2.48	12.83	2.393	1.136	7.485	3.223	17.74	3.863
3.847	9.661	3.004	7.213	13.63	10.28	5.796	4.639	9.809	6.074	13.95	3.988	11.25	16.74	12.58	9.45	2.517	9.045	4.989	2.212	6.658	7.554	8.448	7.953	6.748	3.109	9.235	8.747	3.785	3.276	7.327	8.194	3.952	16.52	3.705	5.478	5.349	4.216	7.58	25.19	3.854	4.123	8.706	2.907	15.26	3.879	2.779	4.626	3.446	4.795	5.99	9.026	11.7	3.136	2.567	1.561	6.145	11.65	28.03	8.014	1.662	8.104	6.653	6.152	5.149	3.099	2.647	1.127	6.03	2.497	12.35	4.905	2.911	8.301	4.666	5.491	5.202	6.738	3.919	5.004	5.455	9.053	14.46	8.83	8.331	4.282	3.073	4.155	3.608	7.559	7.779	3.394	2.397	12.69	2.321	1.044	7.365	3.127	17.54	3.765
3.728	9.514	2.913	7.04	13.5	10.14	5.67	4.505	9.678	5.934	13.81	3.894	11.04	16.49	12.41	9.339	2.416	8.898	4.951	2.137	6.544	7.46	8.307	7.832	6.616	3.033	9.049	8.635	3.713	3.192	7.247	8.105	3.848	16.24	3.626	5.423	5.248	4.097	7.423	24.92	3.783	4.023	8.574	2.878	15.08	3.783	2.717	4.515	3.364	4.671	5.871	8.894	11.56	3.091	2.555	1.485	6.151	11.47	27.65	7.882	1.553	7.996	6.513	6.045	5.031	3.053	2.543	1.084	5.915	2.413	12.21	4.798	2.83	8.163	4.603	5.382	5.096	6.601	3.815	4.906	5.326	8.892	14.28	8.708	8.222	4.213	2.971	4.03	3.521	7.421	7.667	3.277	2.313	12.54	2.248	0.9513	7.244	3.031	17.34	3.667
3.61	9.367	2.822	6.868	13.38	10	5.543	4.371	9.547	5.794	13.67	3.801	10.84	16.25	12.23	9.228	2.316	8.751	4.912	2.063	6.43	7.366	8.165	7.712	6.484	2.957	8.862	8.523	3.641	3.108	7.168	8.017	3.744	15.97	3.547	5.368	5.148	3.978	7.266	24.65	3.711	3.922	8.441	2.849	14.89	3.687	2.655	4.404	3.283	4.546	5.751	8.762	11.42	3.046	2.543	1.41	6.156	11.29	27.27	7.751	1.444	7.888	6.373	5.939	4.912	3.007	2.439	1.04	5.8	2.33	12.07	4.69	2.75	8.024	4.539	5.273	4.989	6.463	3.712	4.807	5.196	8.731	14.1	8.585	8.113	4.144	2.868	3.906	3.433	7.283	7.556	3.159	2.23	12.4	2.176	0.8588	7.124	2.935	17.14	3.569
3.491	9.22	2.731	6.695	13.25	9.866	5.417	4.236	9.416	5.654	13.53	3.707	10.64	16	12.06	9.117	2.216	8.603	4.874	1.988	6.316	7.271	8.024	7.591	6.351	2.881	8.676	8.41	3.569	3.024	7.089	7.929	3.64	15.69	3.467	5.313	5.047	3.859	7.108	24.39	3.639	3.821	8.309	2.819	14.7	3.591	2.594	4.293	3.201	4.421	5.631	8.63	11.28	3	2.532	1.335	6.161	11.11	26.89	7.619	1.335	7.78	6.233	5.833	4.794	2.961	2.335	0.9961	5.686	2.246	11.93	4.583	2.67	7.886	4.476	5.165	4.883	6.325	3.609	4.709	5.067	8.57	13.93	8.463	8.004	4.075	2.765	3.781	3.346	7.145	7.444	3.042	2.147	12.26	2.104	0.7663	7.004	2.839	16.93	3.47
3.373	9.073	2.64	6.522	13.12	9.728	5.291	4.102	9.285	5.514	13.38	3.613	10.44	15.76	11.89	9.006	2.115	8.456	4.836	1.914	6.201	7.177	7.882	7.471	6.219	2.805	8.489	8.298	3.497	2.94	7.009	7.84	3.537	15.41	3.388	5.258	4.947	3.74	6.951	24.12	3.567	3.721	8.177	2.79	14.51	3.496	2.532	4.182	3.12	4.297	5.511	8.498	11.14	2.955	2.52	1.259	6.166	10.94	26.52	7.488	1.226	7.672	6.093	5.727	4.676	2.915	2.232	0.9524	5.571	2.163	11.79	4.475	2.59	7.747	4.412	5.056	4.776	6.188	3.506	4.61	4.938	8.409	13.75	8.341	7.895	4.007	2.663	3.657	3.259	7.008	7.332	2.924	2.063	12.12	2.031	0.6739	6.883	2.743	16.73	3.372
3.254	8.926	2.549	6.349	13	9.591	5.165	3.968	9.154	5.374	13.24	3.519	10.23	15.51	11.72	8.895	2.015	8.309	4.797	1.839	6.087	7.083	7.741	7.35	6.087	2.729	8.303	8.186	3.425	2.856	6.93	7.752	3.433	15.14	3.309	5.203	4.846	3.621	6.794	23.85	3.495	3.62	8.044	2.761	14.33	3.4	2.47	4.071	3.038	4.172	5.392	8.366	11	2.909	2.508	1.184	6.171	10.76	26.14	7.356	1.116	7.564	5.954	5.621	4.558	2.869	2.128	0.9087	5.456	2.079	11.65	4.367	2.509	7.609	4.348	4.947	4.67	6.05	3.402	4.512	4.809	8.248	13.58	8.218	7.787	3.938	2.56	3.532	3.172	6.87	7.22	2.807	1.98	11.97	1.959	0.5814	6.763	2.646	16.53	3.274
3.136	8.779	2.458	6.176	12.87	9.453	5.039	3.833	9.023	5.234	13.1	3.426	10.03	15.27	11.55	8.784	1.915	8.162	4.759	1.765	5.973	6.988	7.6	7.23	5.954	2.653	8.116	8.074	3.353	2.772	6.851	7.663	3.329	14.86	3.23	5.149	4.746	3.503	6.636	23.59	3.423	3.519	7.912	2.731	14.14	3.304	2.409	3.96	2.957	4.048	5.272	8.234	10.86	2.864	2.496	1.109	6.176	10.58	25.76	7.224	1.007	7.456	5.814	5.515	4.44	2.823	2.024	0.865	5.342	1.996	11.51	4.26	2.429	7.471	4.285	4.838	4.563	5.913	3.299	4.414	4.68	8.087	13.4	8.096	7.678	3.869	2.458	3.408	3.085	6.732	7.109	2.69	1.896	11.83	1.886	0.4889	6.643	2.55	16.33	3.175
3.017	8.632	2.367	6.003	12.75	9.315	4.913	3.699	8.892	5.094	12.96	3.332	9.831	15.02	11.38	8.673	1.814	8.015	4.721	1.69	5.859	6.894	7.458	7.109	5.822	2.577	7.93	7.962	3.281	2.688	6.771	7.575	3.225	14.59	3.151	5.094	4.645	3.384	6.479	23.32	3.351	3.419	7.78	2.702	13.95	3.208	2.347	3.849	2.875	3.923	5.152	8.102	10.71	2.818	2.485	1.033	6.182	10.4	25.38	7.093	0.8983	7.348	5.674	5.409	4.321	2.777	1.921	0.8212	5.227	1.912	11.37	4.152	2.349	7.332	4.221	4.729	4.457	5.775	3.196	4.315	4.551	7.926	13.22	7.974	7.569	3.8	2.355	3.283	2.998	6.594	6.997	2.572	1.813	11.69	1.814	0.3964	6.522	2.454	16.12	3.077
2.899	8.485	2.276	5.83	12.62	9.177	4.786	3.565	8.761	4.954	12.82	3.238	9.629	14.78	11.21	8.562	1.714	7.868	4.683	1.616	5.745	6.8	7.317	6.989	5.69	2.501	7.743	7.849	3.208	2.604	6.692	7.487	3.121	14.31	3.072	5.039	4.545	3.265	6.322	23.05	3.279	3.318	7.647	2.673	13.76	3.113	2.286	3.737	2.794	3.798	5.033	7.97	10.57	2.773	2.473	0.958	6.187	10.22	25.01	6.961	0.7892	7.24	5.534	5.303	4.203	2.731	1.817	0.7775	5.112	1.829	11.23	4.045	2.269	7.194	4.158	4.62	4.35	5.637	3.093	4.217	4.422	7.765	13.05	7.851	7.46	3.731	2.252	3.159	2.91	6.456	6.885	2.455	1.73	11.55	1.741	0.3039	6.402	2.358	15.92	2.979
2.78	8.338	2.185	5.658	12.5	9.04	4.66	3.431	8.63	4.814	12.68	3.144	9.427	14.53	11.04	8.451	1.614	7.721	4.644	1.541	5.631	6.706	7.175	6.868	5.558	2.425	7.557	7.737	3.136	2.52	6.613	7.398	3.017	14.04	2.992	4.984	4.444	3.146	6.164	22.79	3.207	3.217	7.515	2.644	13.57	3.017	2.224	3.626	2.712	3.674	4.913	7.838	10.43	2.727	2.461	0.8827	6.192	10.05	24.63	6.83	0.6801	7.132	5.394	5.197	4.085	2.685	1.713	0.7338	4.998	1.745	11.09	3.937	2.188	7.055	4.094	4.511	4.244	5.5	2.99	4.118	4.292	7.604	12.87	7.729	7.351	3.663	2.15	3.034	2.823	6.318	6.773	2.337	1.646	11.4	1.669	0.2114	6.282	2.262	15.72	2.881
2.662	8.191	2.093	5.485	12.37	8.902	4.534	3.296	8.499	4.674	12.54	3.051	9.224	14.28	10.87	8.34	1.513	7.574	4.606	1.466	5.517	6.611	7.034	6.748	5.425	2.349	7.37	7.625	3.064	2.436	6.533	7.31	2.913	13.76	2.913	4.929	4.344	3.027	6.007	22.52	3.135	3.116	7.383	2.614	13.39	2.921	2.162	3.515	2.631	3.549	4.793	7.706	10.29	2.682	2.449	0.8074	6.197	9.869	24.25	6.698	0.571	7.024	5.254	5.091	3.967	2.639	1.609	0.6901	4.883	1.662	10.95	3.829	2.108	6.917	4.03	4.402	4.137	5.362	2.886	4.02	4.163	7.443	12.69	7.607	7.242	3.594	2.047	2.91	2.736	6.181	6.662	2.22	1.563	11.26	1.596	0.1189	6.161	2.166	15.52	2.782
2.543	8.044	2.002	5.312	12.25	8.764	4.408	3.162	8.368	4.534	12.4	2.957	9.022	14.04	10.7	8.229	1.413	7.427	4.568	1.392	5.402	6.517	6.893	6.627	5.293	2.273	7.184	7.513	2.992	2.352	6.454	7.222	2.809	13.48	2.834	4.874	4.243	2.909	5.85	22.25	3.063	3.016	7.25	2.585	13.2	2.825	2.101	3.404	2.549	3.425	4.673	7.574	10.15	2.636	2.438	0.732	6.202	9.691	23.87	6.566	0.4619	6.916	5.114	4.985	3.849	2.593	1.506	0.6463	4.768	1.579	10.81	3.722	2.028	6.778	3.967	4.293	4.031	5.225	2.783	3.922	4.034	7.282	12.52	7.484	7.133	3.525	1.944	2.785	2.649	6.043	6.55	2.103	1.479	11.12	1.524	0.02644	6.041	2.07	15.32	2.684
2.425	7.897	1.911	5.139	12.12	8.626	4.282	3.028	8.237	4.394	12.26	2.863	8.82	13.79	10.53	8.118	1.313	7.279	4.53	1.317	5.288	6.423	6.751	6.507	5.161	2.197	6.997	7.401	2.92	2.268	6.375	7.133	2.705	13.21	2.755	4.82	4.143	2.79	5.692	21.99	2.991	2.915	7.118	2.556	13.01	2.73	2.039	3.293	2.468	3.3	4.554	7.441	10.01	2.591	2.426	0.6567	6.207	9.514	23.5	6.435	0.3528	6.808	4.975	4.879	3.73	2.547	1.402	0.6026	4.653	1.495	10.67	3.614	1.948	6.64	3.903	4.184	3.924	5.087	2.68	3.823	3.905	7.121	12.34	7.362	7.025	3.456	1.842	2.66	2.562	5.905	6.438	1.985	1.396	10.98	1.451	-0.06604	5.921	1.973	15.11	2.586
2.307	7.75	1.82	4.966	11.99	8.489	4.155	2.893	8.106	4.254	12.12	2.769	8.618	13.55	10.35	8.007	1.212	7.132	4.491	1.243	5.174	6.329	6.61	6.386	5.028	2.121	6.811	7.288	2.848	2.184	6.295	7.045	2.601	12.93	2.676	4.765	4.043	2.671	5.535	21.72	2.919	2.814	6.986	2.526	12.82	2.634	1.977	3.182	2.386	3.175	4.434	7.309	9.868	2.546	2.414	0.5814	6.213	9.336	23.12	6.303	0.2437	6.7	4.835	4.773	3.612	2.501	1.298	0.5589	4.539	1.412	10.53	3.506	1.867	6.501	3.84	4.075	3.818	4.949	2.577	3.725	3.776	6.96	12.16	7.239	6.916	3.387	1.739	2.536	2.474	5.767	6.326	1.868	1.313	10.83	1.379	-0.1585	5.801	1.877	14.91	2.488
2.188	7.603	1.729	4.793	11.87	8.351	4.029	2.759	7.975	4.113	11.98	2.676	8.416	13.3	10.18	7.896	1.112	6.985	4.453	1.168	5.06	6.234	6.468	6.266	4.896	2.045	6.625	7.176	2.776	2.099	6.216	6.956	2.497	12.66	2.596	4.71	3.942	2.552	5.378	21.45	2.847	2.714	6.853	2.497	12.64	2.538	1.916	3.071	2.304	3.051	4.314	7.177	9.727	2.5	2.402	0.506	6.218	9.158	22.74	6.172	0.1346	6.592	4.695	4.667	3.494	2.456	1.194	0.5151	4.424	1.328	10.39	3.399	1.787	6.363	3.776	3.966	3.711	4.812	2.473	3.626	3.647	6.799	11.99	7.117	6.807	3.319	1.636	2.411	2.387	5.629	6.215	1.75	1.229	10.69	1.307	-0.251	5.68	1.781	14.71	2.389
2.07	7.456	1.638	4.62	11.74	8.213	3.903	2.625	7.844	3.973	11.83	2.582	8.214	13.06	10.01	7.785	1.012	6.838	4.415	1.094	4.946	6.14	6.327	6.145	4.764	1.969	6.438	7.064	2.704	2.015	6.137	6.868	2.393	12.38	2.517	4.655	3.842	2.433	5.22	21.19	2.775	2.613	6.721	2.468	12.45	2.442	1.854	2.96	2.223	2.926	4.195	7.045	9.586	2.455	2.391	0.4307	6.223	8.981	22.36	6.04	0.02548	6.484	4.555	4.56	3.376	2.41	1.091	0.4714	4.309	1.245	10.25	3.291	1.707	6.225	3.712	3.857	3.605	4.674	2.37	3.528	3.518	6.638	11.81	6.995	6.698	3.25	1.534	2.287	2.3	5.491	6.103	1.633	1.146	10.55	1.234	-0.3435	5.56	1.685	14.51	2.291
1.951	7.309	1.547	4.448	11.62	8.075	3.777	2.491	7.713	3.833	11.69	2.488	8.012	12.81	9.842	7.674	0.9115	6.691	4.377	1.019	4.832	6.046	6.186	6.025	4.632	1.893	6.252	6.952	2.632	1.931	6.057	6.78	2.289	12.11	2.438	4.6	3.741	2.315	5.063	20.92	2.703	2.512	6.589	2.439	12.26	2.346	1.793	2.849	2.141	2.802	4.075	6.913	9.445	2.409	2.379	0.3554	6.228	8.803	21.99	5.908	-0.08362	6.375	4.415	4.454	3.258	2.364	0.987	0.4277	4.195	1.161	10.11	3.184	1.627	6.086	3.649	3.748	3.498	4.537	2.267	3.429	3.388	6.477	11.64	6.872	6.589	3.181	1.431	2.162	2.213	5.354	5.991	1.515	1.062	10.41	1.162	-0.436	5.44	1.589	14.31	2.193
1.833	7.162	1.456	4.275	11.49	7.938	3.651	2.356	7.582	3.693	11.55	2.394	7.81	12.57	9.671	7.563	0.8112	6.544	4.338	0.9447	4.718	5.951	6.044	5.904	4.499	1.817	6.065	6.84	2.56	1.847	5.978	6.691	2.186	11.83	2.359	4.545	3.641	2.196	4.906	20.65	2.631	2.412	6.456	2.409	12.07	2.251	1.731	2.738	2.06	2.677	3.955	6.781	9.304	2.364	2.367	0.2801	6.233	8.625	21.61	5.777	-0.1927	6.267	4.275	4.348	3.139	2.318	0.8832	0.384	4.08	1.078	9.975	3.076	1.546	5.948	3.585	3.639	3.392	4.399	2.164	3.331	3.259	6.316	11.46	6.75	6.48	3.112	1.329	2.038	2.126	5.216	5.879	1.398	0.9789	10.26	1.089	-0.5285	5.319	1.493	14.1	2.095
1.714	7.015	1.365	4.102	11.37	7.8	3.525	2.222	7.451	3.553	11.41	2.301	7.608	12.32	9.5	7.452	0.7108	6.397	4.3	0.8702	4.604	5.857	5.903	5.784	4.367	1.742	5.879	6.727	2.488	1.763	5.898	6.603	2.082	11.55	2.28	4.49	3.54	2.077	4.748	20.39	2.559	2.311	6.324	2.38	11.88	2.155	1.669	2.627	1.978	2.552	3.835	6.649	9.163	2.318	2.356	0.2047	6.238	8.448	21.23	5.645	-0.3018	6.159	4.136	4.242	3.021	2.272	0.7795	0.3402	3.965	0.9944	9.835	2.968	1.466	5.809	3.522	3.53	3.285	4.261	2.061	3.233	3.13	6.156	11.28	6.628	6.371	3.043	1.226	1.913	2.039	5.078	5.768	1.281	0.8955	10.12	1.017	-0.621	5.199	1.397	13.9	1.996
1.596	6.868	1.274	3.929	11.24	7.662	3.398	2.088	7.319	3.413	11.27	2.207	7.406	12.07	9.329	7.341	0.6105	6.25	4.262	0.7957	4.489	5.763	5.761	5.663	4.235	1.666	5.692	6.615	2.416	1.679	5.819	6.515	1.978	11.28	2.201	4.436	3.44	1.958	4.591	20.12	2.487	2.21	6.192	2.351	11.7	2.059	1.608	2.516	1.897	2.428	3.716	6.517	9.022	2.273	2.344	0.1294	6.243	8.27	20.85	5.514	-0.4109	6.051	3.996	4.136	2.903	2.226	0.6758	0.2965	3.851	0.911	9.695	2.861	1.386	5.671	3.458	3.421	3.179	4.124	1.957	3.134	3.001	5.995	11.11	6.505	6.262	2.975	1.123	1.789	1.951	4.94	5.656	1.163	0.8121	9.978	0.9442	-0.7135	5.079	1.3	13.7	1.898
1.477	6.721	1.183	3.756	11.12	7.524	3.272	1.953	7.188	3.273	11.13	2.113	7.204	11.83	9.158	7.229	0.5102	6.103	4.224	0.7211	4.375	5.669	5.62	5.543	4.102	1.59	5.506	6.503	2.344	1.595	5.74	6.426	1.874	11	2.121	4.381	3.339	1.839	4.434	19.85	2.415	2.109	6.059	2.322	11.51	1.963	1.546	2.405	1.815	2.303	3.596	6.385	8.881	2.227	2.332	0.05406	6.249	8.092	20.48	5.382	-0.52	5.943	3.856	4.03	2.785	2.18	0.5721	0.2528	3.736	0.8275	9.556	2.753	1.306	5.532	3.394	3.312	3.072	3.986	1.854	3.036	2.872	5.834	10.93	6.383	6.154	2.906	1.021	1.664	1.864	4.802	5.544	1.046	0.7287	9.836	0.8718	-0.8059	4.958	1.204	13.5	1.8
1.359	6.574	1.091	3.583	10.99	7.387	3.146	1.819	7.057	3.133	10.99	2.019	7.001	11.58	8.987	7.118	0.4099	5.956	4.185	0.6466	4.261	5.574	5.479	5.422	3.97	1.514	5.319	6.391	2.272	1.511	5.66	6.338	1.77	10.73	2.042	4.326	3.239	1.72	4.276	19.59	2.343	2.009	5.927	2.292	11.32	1.868	1.484	2.294	1.734	2.179	3.476	6.253	8.74	2.182	2.32	-0.02127	6.254	7.915	20.1	5.25	-0.6291	5.835	3.716	3.924	2.667	2.134	0.4683	0.2091	3.621	0.7441	9.416	2.645	1.225	5.394	3.331	3.203	2.966	3.849	1.751	2.937	2.743	5.673	10.75	6.261	6.045	2.837	0.9181	1.54	1.777	4.664	5.432	0.9284	0.6453	9.693	0.7993	-0.8984	4.838	1.108	13.3	1.702
1.24	6.427	1	3.41	10.86	7.249	3.02	1.685	6.926	2.993	10.85	1.926	6.799	11.34	8.816	7.007	0.3095	5.808	4.147	0.5721	4.147	5.48	5.337	5.302	3.838	1.438	5.133	6.279	2.2	1.427	5.581	6.249	1.666	10.45	1.963	4.271	3.138	1.602	4.119	19.32	2.271	1.908	5.795	2.263	11.13	1.772	1.423	2.183	1.652	2.054	3.356	6.121	8.599	2.136	2.309	-0.0966	6.259	7.737	19.72	5.119	-0.7382	5.727	3.576	3.818	2.548	2.088	0.3646	0.1653	3.506	0.6606	9.276	2.538	1.145	5.256	3.267	3.094	2.859	3.711	1.648	2.839	2.613	5.512	10.58	6.138	5.936	2.768	0.8155	1.415	1.69	4.526	5.321	0.8109	0.5619	9.551	0.7268	-0.9909	4.718	1.012	13.09	1.603
1.122	6.28	0.9093	3.238	10.74	7.111	2.894	1.551	6.795	2.853	10.71	1.832	6.597	11.09	8.646	6.896	0.2092	5.661	4.109	0.4975	4.033	5.386	5.196	5.181	3.705	1.362	4.946	6.166	2.128	1.343	5.502	6.161	1.562	10.18	1.884	4.216	3.038	1.483	3.962	19.05	2.2	1.807	5.663	2.234	10.95	1.676	1.361	2.072	1.571	1.929	3.237	5.989	8.458	2.091	2.297	-0.1719	6.264	7.559	19.35	4.987	-0.8473	5.619	3.436	3.712	2.43	2.042	0.2609	0.1216	3.392	0.5772	9.136	2.43	1.065	5.117	3.204	2.985	2.753	3.573	1.544	2.741	2.484	5.351	10.4	6.016	5.827	2.699	0.7128	1.291	1.603	4.389	5.209	0.6935	0.4785	9.408	0.6544	-1.083	4.597	0.9159	12.89	1.505
1.003	6.133	0.8182	3.065	10.61	6.973	2.768	1.416	6.664	2.713	10.57	1.738	6.395	10.85	8.475	6.785	0.1089	5.514	4.07	0.423	3.919	5.292	5.054	5.061	3.573	1.286	4.76	6.054	2.056	1.259	5.422	6.073	1.458	9.9	1.805	4.161	2.937	1.364	3.804	18.79	2.128	1.707	5.53	2.204	10.76	1.58	1.3	1.96	1.489	1.805	3.117	5.857	8.317	2.045	2.285	-0.2473	6.269	7.382	18.97	4.856	-0.9564	5.511	3.297	3.606	2.312	1.996	0.1571	0.07789	3.277	0.4937	8.996	2.323	0.9847	4.979	3.14	2.876	2.646	3.436	1.441	2.642	2.355	5.19	10.22	5.894	5.718	2.63	0.6102	1.166	1.515	4.251	5.097	0.5761	0.3951	9.266	0.5819	-1.176	4.477	0.8198	12.69	1.407
0.885	5.986	0.7271	2.892	10.49	6.835	2.641	1.282	6.533	2.573	10.43	1.644	6.193	10.6	8.304	6.674	0.008552	5.367	4.032	0.3485	3.805	5.197	4.913	4.94	3.441	1.21	4.573	5.942	1.984	1.175	5.343	5.984	1.354	9.625	1.725	4.106	2.837	1.245	3.647	18.52	2.056	1.606	5.398	2.175	10.57	1.484	1.238	1.849	1.408	1.68	2.997	5.725	8.176	2	2.273	-0.3226	6.274	7.204	18.59	4.724	-1.066	5.403	3.157	3.5	2.194	1.95	0.05342	0.03417	3.162	0.4103	8.856	2.215	0.9044	4.84	3.077	2.767	2.54	3.298	1.338	2.544	2.226	5.029	10.05	5.771	5.609	2.562	0.5076	1.042	1.428	4.113	4.985	0.4587	0.3116	9.123	0.5095	-1.268	4.357	0.7237	12.49	1.308
0.7665	5.839	0.636	2.719	10.36	6.698	2.515	1.148	6.402	2.433	10.28	1.551	5.991	10.36	8.133	6.563	-0.09177	5.22	3.994	0.2739	3.69	5.103	4.772	4.82	3.309	1.134	4.387	5.83	1.912	1.091	5.264	5.896	1.25	9.349	1.646	4.052	2.736	1.126	3.49	18.25	1.984	1.505	5.266	2.146	10.38	1.389	1.176	1.738	1.326	1.556	2.878	5.593	8.035	1.955	2.262	-0.3979	6.28	7.026	18.21	4.592	-1.175	5.295	3.017	3.394	2.076	1.904	-0.0503	-0.009558	3.048	0.3268	8.717	2.107	0.8242	4.702	3.013	2.658	2.433	3.161	1.235	2.445	2.097	4.868	9.872	5.649	5.5	2.493	0.405	0.917	1.341	3.975	4.874	0.3413	0.2282	8.981	0.437	-1.361	4.236	0.6275	12.29	1.21
0.648	5.692	0.5449	2.546	10.24	6.56	2.389	1.013	6.271	2.293	10.14	1.457	5.789	10.11	7.962	6.452	-0.1921	5.073	3.956	0.1994	3.576	5.009	4.63	4.699	3.176	1.058	4.2	5.718	1.84	1.007	5.184	5.807	1.146	9.073	1.567	3.997	2.636	1.008	3.332	17.99	1.912	1.405	5.133	2.117	10.19	1.293	1.115	1.627	1.245	1.431	2.758	5.461	7.894	1.909	2.25	-0.4733	6.285	6.849	17.84	4.461	-1.284	5.187	2.877	3.288	1.958	1.858	-0.154	-0.05328	2.933	0.2434	8.577	2	0.7439	4.563	2.949	2.549	2.327	3.023	1.131	2.347	1.968	4.707	9.696	5.527	5.391	2.424	0.3023	0.7925	1.254	3.837	4.762	0.2239	0.1448	8.838	0.3645	-1.453	4.116	0.5314	12.08	1.112
0.5296	5.545	0.4538	2.373	10.11	6.422	2.263	0.8791	6.14	2.153	10	1.363	5.587	9.865	7.791	6.341	-0.2924	4.926	3.917	0.1249	3.462	4.915	4.489	4.579	3.044	0.9818	4.014	5.606	1.768	0.9232	5.105	5.719	1.042	8.798	1.488	3.942	2.535	0.8887	3.175	17.72	1.84	1.304	5.001	2.087	10.01	1.197	1.053	1.516	1.163	1.306	2.638	5.329	7.752	1.864	2.238	-0.5486	6.29	6.671	17.46	4.329	-1.393	5.079	2.737	3.181	1.839	1.812	-0.2578	-0.09701	2.818	0.1599	8.437	1.892	0.6637	4.425	2.886	2.44	2.22	2.885	1.028	2.248	1.839	4.546	9.519	5.404	5.283	2.355	0.1997	0.6679	1.167	3.699	4.65	0.1064	0.06144	8.696	0.2921	-1.546	3.996	0.4353	11.88	1.014
0.4111	5.398	0.3628	2.2	9.986	6.284	2.137	0.7448	6.009	2.013	9.862	1.269	5.385	9.619	7.62	6.23	-0.3928	4.779	3.879	0.05033	3.348	4.82	4.348	4.458	2.912	0.9059	3.828	5.493	1.696	0.8391	5.026	5.631	0.9384	8.522	1.409	3.887	2.435	0.7699	3.018	17.45	1.768	1.203	4.869	2.058	9.819	1.101	0.9914	1.405	1.082	1.182	2.518	5.196	7.611	1.818	2.226	-0.6239	6.295	6.493	17.08	4.198	-1.502	4.971	2.597	3.075	1.721	1.766	-0.3615	-0.1407	2.704	0.07645	8.297	1.784	0.5834	4.286	2.822	2.331	2.114	2.748	0.925	2.15	1.709	4.385	9.343	5.282	5.174	2.286	0.09707	0.5434	1.08	3.562	4.538	-0.01097	-0.02197	8.553	0.2196	-1.638	3.875	0.3391	11.68	0.9154
0.2926	5.251	0.2717	2.027	9.86	6.147	2.01	0.6105	5.878	1.873	9.721	1.176	5.183	9.374	7.449	6.119	-0.4931	4.632	3.841	-0.0242	3.234	4.726	4.206	4.338	2.779	0.8299	3.641	5.381	1.624	0.7551	4.946	5.542	0.8345	8.246	1.33	3.832	2.335	0.6511	2.86	17.19	1.696	1.103	4.736	2.029	9.631	1.006	0.9298	1.294	1	1.057	2.399	5.064	7.47	1.773	2.215	-0.6992	6.3	6.316	16.7	4.066	-1.611	4.863	2.458	2.969	1.603	1.72	-0.4652	-0.1845	2.589	-0.007007	8.157	1.677	0.5032	4.148	2.759	2.222	2.007	2.61	0.8218	2.052	1.58	4.224	9.167	5.16	5.065	2.218	-0.005554	0.4189	0.9924	3.424	4.427	-0.1284	-0.1054	8.411	0.1472	-1.731	3.755	0.243	11.48	0.8172
0.1742	5.104	0.1806	1.855	9.735	6.009	1.884	0.4762	5.747	1.733	9.58	1.082	4.981	9.128	7.279	6.008	-0.5934	4.484	3.803	-0.09874	3.12	4.632	4.065	4.217	2.647	0.7539	3.455	5.269	1.552	0.6711	4.867	5.454	0.7306	7.971	1.25	3.777	2.234	0.5323	2.703	16.92	1.624	1.002	4.604	2	9.444	0.9099	0.8681	1.183	0.9188	0.9327	2.279	4.932	7.329	1.727	2.203	-0.7746	6.305	6.138	16.33	3.934	-1.72	4.755	2.318	2.863	1.485	1.674	-0.5689	-0.2282	2.474	-0.09046	8.018	1.569	0.4229	4.01	2.695	2.113	1.901	2.473	0.7186	1.953	1.451	4.063	8.99	5.037	4.956	2.149	-0.1082	0.2943	0.9052	3.286	4.315	-0.2458	-0.1888	8.268	0.07471	-1.823	3.635	0.1469	11.28	0.7189
0.0557	4.957	0.0895	1.682	9.609	5.871	1.758	0.3419	5.616	1.593	9.439	0.9881	4.778	8.882	7.108	5.897	-0.6937	4.337	3.764	-0.1733	3.006	4.537	3.923	4.097	2.515	0.678	3.268	5.157	1.48	0.5871	4.788	5.366	0.6267	7.695	1.171	3.722	2.134	0.4134	2.546	16.65	1.552	0.9011	4.472	1.97	9.256	0.8141	0.8065	1.072	0.8373	0.8081	2.159	4.8	7.188	1.682	2.191	-0.8499	6.311	5.96	15.95	3.803	-1.829	4.647	2.178	2.757	1.367	1.628	-0.6727	-0.2719	2.359	-0.1739	7.878	1.462	0.3427	3.871	2.631	2.004	1.794	2.335	0.6153	1.855	1.322	3.902	8.814	4.915	4.847	2.08	-0.2108	0.1698	0.8181	3.148	4.203	-0.3632	-0.2722	8.126	0.002249	-1.916	3.514	0.05073	11.07	0.6206
-0.06277	4.81	-0.001592	1.509	9.483	5.733	1.632	0.2077	5.485	1.453	9.298	0.8943	4.576	8.637	6.937	5.786	-0.7941	4.19	3.726	-0.2478	2.892	4.443	3.782	3.976	2.383	0.602	3.082	5.045	1.408	0.503	4.708	5.277	0.5227	7.419	1.092	3.668	2.033	0.2946	2.388	16.39	1.48	0.8004	4.339	1.941	9.068	0.7183	0.7449	0.961	0.7558	0.6835	2.04	4.668	7.047	1.636	2.179	-0.9252	6.316	5.783	15.57	3.671	-1.938	4.539	2.038	2.651	1.248	1.582	-0.7764	-0.3156	2.245	-0.2574	7.738	1.354	0.2624	3.733	2.568	1.895	1.688	2.197	0.5121	1.756	1.193	3.741	8.638	4.793	4.738	2.011	-0.3134	0.04527	0.7309	3.01	4.092	-0.4806	-0.3556	7.983	-0.07021	-2.008	3.394	-0.04541	10.87	0.5224
-0.1812	4.663	-0.09268	1.336	9.358	5.596	1.506	0.07336	5.354	1.313	9.157	0.8006	4.374	8.391	6.766	5.675	-0.8944	4.043	3.688	-0.3223	2.777	4.349	3.641	3.856	2.25	0.526	2.895	4.932	1.335	0.419	4.629	5.189	0.4188	7.144	1.013	3.613	1.933	0.1758	2.231	16.12	1.408	0.6997	4.207	1.912	8.88	0.6225	0.6832	0.8499	0.6743	0.5589	1.92	4.536	6.906	1.591	2.168	-1.001	6.321	5.605	15.19	3.54	-2.047	4.431	1.898	2.545	1.13	1.536	-0.8801	-0.3594	2.13	-0.3408	7.598	1.246	0.1822	3.594	2.504	1.786	1.581	2.06	0.4089	1.658	1.064	3.58	8.461	4.67	4.629	1.942	-0.4161	-0.07926	0.6437	2.872	3.98	-0.5981	-0.439	7.841	-0.1427	-2.101	3.274	-0.1415	10.67	0.4241
-0.2997	4.516	-0.1838	1.163	9.232	5.458	1.38	-0.06093	5.223	1.173	9.016	0.7068	4.172	8.146	6.595	5.564	-0.9947	3.896	3.65	-0.3969	2.663	4.255	3.499	3.735	2.118	0.4501	2.709	4.82	1.263	0.335	4.549	5.1	0.3149	6.868	0.9336	3.558	1.832	0.05698	2.074	15.85	1.336	0.599	4.075	1.882	8.693	0.5268	0.6216	0.7388	0.5927	0.4343	1.8	4.404	6.765	1.545	2.156	-1.076	6.326	5.427	14.82	3.408	-2.157	4.323	1.758	2.439	1.012	1.49	-0.9838	-0.4031	2.015	-0.4243	7.458	1.139	0.1019	3.456	2.441	1.677	1.475	1.922	0.3056	1.559	0.9345	3.419	8.285	4.548	4.521	1.874	-0.5187	-0.2038	0.5565	2.735	3.868	-0.7155	-0.5224	7.698	-0.2151	-2.193	3.153	-0.2377	10.47	0.3259
-0.4182	4.369	-0.2749	0.9903	9.107	5.32	1.253	-0.1952	5.092	1.033	8.875	0.6131	3.97	7.9	6.424	5.453	-1.095	3.749	3.611	-0.4714	2.549	4.16	3.358	3.615	1.986	0.3741	2.522	4.708	1.191	0.251	4.47	5.012	0.211	6.592	0.8544	3.503	1.732	-0.06183	1.916	15.59	1.264	0.4983	3.942	1.853	8.505	0.431	0.56	0.6278	0.5112	0.3097	1.68	4.272	6.624	1.5	2.144	-1.151	6.331	5.25	14.44	3.276	-2.266	4.214	1.619	2.333	0.8938	1.444	-1.088	-0.4468	1.901	-0.5077	7.318	1.031	0.02167	3.317	2.377	1.568	1.368	1.785	0.2024	1.461	0.8054	3.258	8.109	4.426	4.412	1.805	-0.6213	-0.3283	0.4693	2.597	3.756	-0.8329	-0.6058	7.556	-0.2876	-2.286	3.033	-0.3338	10.27	0.2276
-0.5366	4.222	-0.3659	0.8175	8.981	5.182	1.127	-0.3295	4.961	0.8935	8.734	0.5193	3.768	7.655	6.253	5.342	-1.195	3.602	3.573	-0.5459	2.435	4.066	3.216	3.494	1.853	0.2981	2.336	4.596	1.119	0.1669	4.391	4.924	0.107	6.316	0.7752	3.448	1.631	-0.1807	1.759	15.32	1.192	0.3976	3.81	1.824	8.317	0.3352	0.4983	0.5167	0.4297	0.1851	1.561	4.14	6.483	1.455	2.132	-1.227	6.336	5.072	14.06	3.145	-2.375	4.106	1.479	2.227	0.7756	1.398	-1.191	-0.4905	1.786	-0.5912	7.179	0.9235	-0.05858	3.179	2.313	1.459	1.262	1.647	0.09919	1.363	0.6762	3.097	7.932	4.303	4.303	1.736	-0.7239	-0.4529	0.3821	2.459	3.645	-0.9503	-0.6892	7.413	-0.36	-2.378	2.913	-0.4299	10.06	0.1293
-0.6551	4.075	-0.457	0.6446	8.856	5.045	1.001	-0.4638	4.829	0.7535	8.594	0.4256	3.566	7.409	6.082	5.231	-1.296	3.455	3.535	-0.6205	2.321	3.972	3.075	3.374	1.721	0.2222	2.149	4.484	1.047	0.08292	4.311	4.835	0.003112	6.041	0.6961	3.393	1.531	-0.2995	1.602	15.05	1.12	0.2969	3.678	1.795	8.129	0.2394	0.4367	0.4057	0.3482	0.06049	1.441	4.008	6.342	1.409	2.121	-1.302	6.341	4.894	13.68	3.013	-2.484	3.998	1.339	2.121	0.6574	1.352	-1.295	-0.5343	1.671	-0.6746	7.039	0.8159	-0.1388	3.04	2.25	1.35	1.155	1.509	-0.004034	1.264	0.5471	2.936	7.756	4.181	4.194	1.667	-0.8266	-0.5774	0.295	2.321	3.533	-1.068	-0.7726	7.271	-0.4325	-2.471	2.792	-0.5261	9.861	0.03107
-0.7736	3.927	-0.5481	0.4717	8.73	4.907	0.8749	-0.5981	4.698	0.6135	8.453	0.3318	3.364	7.164	5.911	5.12	-1.396	3.308	3.497	-0.695	2.207	3.878	2.934	3.253	1.589	0.1462	1.963	4.371	0.9753	-0.001101	4.232	4.747	-0.1008	5.765	0.6169	3.338	1.43	-0.4183	1.444	14.79	1.048	0.1962	3.545	1.765	7.942	0.1437	0.3751	0.2946	0.2667	-0.06411	1.321	3.876	6.201	1.364	2.109	-1.377	6.347	4.717	13.31	2.882	-2.593	3.89	1.199	2.015	0.5392	1.306	-1.399	-0.578	1.557	-0.7581	6.899	0.7083	-0.2191	2.902	2.186	1.241	1.049	1.372	-0.1073	1.166	0.4179	2.775	7.579	4.058	4.085	1.598	-0.9292	-0.7019	0.2078	2.183	3.421	-1.185	-0.856	7.128	-0.505	-2.563	2.672	-0.6222	9.659	-0.0672
-0.892	3.78	-0.6392	0.2989	8.604	4.769	0.7487	-0.7324	4.567	0.4735	8.312	0.2381	3.162	6.918	5.741	5.009	-1.496	3.161	3.458	-0.7695	2.093	3.783	2.792	3.133	1.457	0.07023	1.776	4.259	0.9032	-0.08512	4.153	4.659	-0.2047	5.489	0.5377	3.284	1.33	-0.5371	1.287	14.52	0.9763	0.09552	3.413	1.736	7.754	0.0479	0.3135	0.1835	0.1852	-0.1887	1.202	3.744	6.06	1.318	2.097	-1.453	6.352	4.539	12.93	2.75	-2.702	3.782	1.059	1.909	0.421	1.26	-1.502	-0.6217	1.442	-0.8415	6.759	0.6006	-0.2993	2.764	2.123	1.132	0.9422	1.234	-0.2105	1.067	0.2888	2.614	7.403	3.936	3.976	1.53	-1.032	-0.8265	0.1206	2.045	3.309	-1.303	-0.9394	6.986	-0.5774	-2.656	2.552	-0.7184	9.457	-0.1655
-1.01	3.633	-0.7303	0.126	8.479	4.631	0.6225	-0.8667	4.436	0.3335	8.171	0.1443	2.96	6.672	5.57	4.898	-1.597	3.013	3.42	-0.8441	1.978	3.689	2.651	3.012	1.324	-0.005742	1.59	4.147	0.8312	-0.1691	4.073	4.57	-0.3087	5.214	0.4585	3.229	1.229	-0.6559	1.13	14.25	0.9044	-0.005179	3.281	1.707	7.566	-0.04787	0.2518	0.07247	0.1037	-0.3133	1.082	3.612	5.919	1.273	2.086	-1.528	6.357	4.361	12.55	2.618	-2.811	3.674	0.9194	1.803	0.3028	1.214	-1.606	-0.6654	1.327	-0.925	6.619	0.493	-0.3796	2.625	2.059	1.023	0.8357	1.097	-0.3137	0.969	0.1596	2.453	7.227	3.814	3.867	1.461	-1.134	-0.951	0.03342	1.907	3.198	-1.42	-1.023	6.844	-0.6499	-2.748	2.431	-0.8145	9.255	-0.2637
-1.129	3.486	-0.8214	-0.04683	8.353	4.494	0.4963	-1.001	4.305	0.1935	8.03	0.05058	2.758	6.427	5.399	4.787	-1.697	2.866	3.382	-0.9186	1.864	3.595	2.509	2.892	1.192	-0.08171	1.403	4.035	0.7592	-0.2532	3.994	4.482	-0.4126	4.938	0.3793	3.174	1.129	-0.7747	0.9722	13.99	0.8324	-0.1059	3.148	1.677	7.378	-0.1436	0.1902	-0.03859	0.02217	-0.4379	0.9621	3.48	5.778	1.227	2.074	-1.603	6.362	4.184	12.17	2.487	-2.92	3.566	0.7796	1.696	0.1846	1.168	-1.71	-0.7092	1.213	-1.008	6.48	0.3854	-0.4598	2.487	1.995	0.914	0.7292	0.959	-0.4169	0.8705	0.03049	2.292	7.05	3.691	3.758	1.392	-1.237	-1.076	-0.05376	1.77	3.086	-1.537	-1.106	6.701	-0.7223	-2.841	2.311	-0.9106	9.053	-0.362
-1.247	3.339	-0.9125	-0.2197	8.228	4.356	0.3702	-1.135	4.174	0.05345	7.889	-0.04317	2.555	6.181	5.228	4.676	-1.797	2.719	3.343	-0.9932	1.75	3.5	2.368	2.771	1.06	-0.1577	1.217	3.923	0.6871	-0.3372	3.915	4.393	-0.5165	4.662	0.3001	3.119	1.028	-0.8936	0.8148	13.72	0.7605	-0.2066	3.016	1.648	7.191	-0.2394	0.1286	-0.1496	-0.05934	-0.5625	0.8424	3.348	5.636	1.182	2.062	-1.679	6.367	4.006	11.8	2.355	-3.029	3.458	0.6397	1.59	0.06643	1.122	-1.814	-0.7529	1.098	-1.092	6.34	0.2778	-0.5401	2.348	1.932	0.805	0.6227	0.8214	-0.5202	0.7721	-0.09866	2.131	6.874	3.569	3.65	1.323	-1.34	-1.2	-0.1409	1.632	2.974	-1.655	-1.19	6.559	-0.7948	-2.933	2.191	-1.007	8.851	-0.4602
-1.366	3.192	-1.004	-0.3925	8.102	4.218	0.244	-1.27	4.043	-0.08655	7.748	-0.1369	2.353	5.936	5.057	4.565	-1.898	2.572	3.305	-1.068	1.636	3.406	2.227	2.651	0.9273	-0.2336	1.031	3.81	0.6151	-0.4212	3.835	4.305	-0.6204	4.387	0.221	3.064	0.928	-1.012	0.6575	13.45	0.6885	-0.3073	2.884	1.619	7.003	-0.3352	0.06694	-0.2607	-0.1409	-0.6871	0.7226	3.216	5.495	1.136	2.05	-1.754	6.372	3.828	11.42	2.224	-3.138	3.35	0.4999	1.484	-0.05177	1.076	-1.917	-0.7966	0.9831	-1.175	6.2	0.1702	-0.6203	2.21	1.868	0.696	0.5162	0.6838	-0.6234	0.6737	-0.2278	1.97	6.698	3.447	3.541	1.254	-1.442	-1.325	-0.2281	1.494	2.862	-1.772	-1.273	6.416	-0.8673	-3.026	2.07	-1.103	8.649	-0.5585
-1.484	3.045	-1.095	-0.5654	7.977	4.08	0.1178	-1.404	3.912	-0.2266	7.607	-0.2307	2.151	5.69	4.886	4.454	-1.998	2.425	3.267	-1.142	1.522	3.312	2.085	2.53	0.795	-0.3096	0.8441	3.698	0.543	-0.5052	3.756	4.217	-0.7244	4.111	0.1418	3.009	0.8275	-1.131	0.5002	13.19	0.6166	-0.408	2.751	1.59	6.815	-0.431	0.005316	-0.3718	-0.2224	-0.8117	0.6029	3.084	5.354	1.091	2.039	-1.829	6.378	3.651	11.04	2.092	-3.248	3.242	0.36	1.378	-0.17	1.03	-2.021	-0.8403	0.8684	-1.259	6.06	0.06254	-0.7006	2.071	1.805	0.587	0.4097	0.5462	-0.7266	0.5753	-0.357	1.809	6.521	3.324	3.432	1.185	-1.545	-1.449	-0.3153	1.356	2.751	-1.89	-1.356	6.274	-0.9397	-3.118	1.95	-1.199	8.447	-0.6568
-1.603	2.898	-1.186	-0.7383	7.851	3.943	-0.008362	-1.538	3.781	-0.3666	7.466	-0.3244	1.949	5.445	4.715	4.343	-2.098	2.278	3.229	-1.217	1.408	3.218	1.944	2.41	0.6628	-0.3856	0.6576	3.586	0.471	-0.5893	3.677	4.128	-0.8283	3.835	0.06259	2.954	0.7271	-1.25	0.3428	12.92	0.5446	-0.5087	2.619	1.56	6.627	-0.5267	-0.05631	-0.4828	-0.3039	-0.9363	0.4832	2.952	5.213	1.045	2.027	-1.905	6.383	3.473	10.67	1.96	-3.357	3.134	0.2202	1.272	-0.2882	0.9841	-2.125	-0.8841	0.7537	-1.342	5.92	-0.04508	-0.7808	1.933	1.741	0.478	0.3032	0.4086	-0.8299	0.4769	-0.4861	1.649	6.345	3.202	3.323	1.117	-1.648	-1.574	-0.4025	1.218	2.639	-2.007	-1.44	6.131	-1.012	-3.211	1.83	-1.295	8.245	-0.755
-1.721	2.751	-1.277	-0.9111	7.725	3.805	-0.1345	-1.672	3.65	-0.5066	7.325	-0.4182	1.747	5.199	4.544	4.232	-2.199	2.131	3.19	-1.291	1.294	3.123	1.802	2.289	0.5305	-0.4616	0.4712	3.474	0.399	-0.6733	3.597	4.04	-0.9322	3.56	-0.01659	2.9	0.6266	-1.369	0.1855	12.65	0.4726	-0.6094	2.487	1.531	6.44	-0.6225	-0.1179	-0.5939	-0.3854	-1.061	0.3635	2.819	5.072	0.9999	2.015	-1.98	6.388	3.295	10.29	1.829	-3.466	3.026	0.08038	1.166	-0.4063	0.9381	-2.229	-0.9278	0.639	-1.426	5.78	-0.1527	-0.8611	1.794	1.678	0.369	0.1967	0.271	-0.9331	0.3785	-0.6153	1.488	6.169	3.08	3.214	1.048	-1.75	-1.698	-0.4897	1.08	2.527	-2.124	-1.523	5.989	-1.085	-3.303	1.709	-1.391	8.043	-0.8533
-1.84	2.604	-1.368	-1.084	7.6	3.667	-0.2607	-1.807	3.519	-0.6466	7.184	-0.5119	1.545	4.954	4.374	4.121	-2.299	1.984	3.152	-1.366	1.18	3.029	1.661	2.169	0.3982	-0.5375	0.2847	3.362	0.3269	-0.7573	3.518	3.951	-1.036	3.284	-0.09578	2.845	0.5261	-1.488	0.02816	12.39	0.4007	-0.7101	2.354	1.502	6.252	-0.7183	-0.1796	-0.7049	-0.4669	-1.185	0.2438	2.687	4.931	0.9545	2.003	-2.055	6.393	3.118	9.91	1.697	-3.575	2.918	-0.05946	1.06	-0.5245	0.8921	-2.332	-0.9715	0.5243	-1.509	5.641	-0.2603	-0.9413	1.656	1.614	0.26	0.09016	0.1334	-1.036	0.28	-0.7444	1.327	5.992	2.957	3.105	0.9791	-1.853	-1.823	-0.5768	0.9426	2.415	-2.242	-1.607	5.846	-1.157	-3.396	1.589	-1.487	7.841	-0.9516
-1.958	2.457	-1.459	-1.257	7.474	3.529	-0.3869	-1.941	3.388	-0.7866	7.044	-0.6057	1.343	4.708	4.203	4.01	-2.399	1.837	3.114	-1.44	1.065	2.935	1.52	2.048	0.2659	-0.6135	0.09823	3.249	0.2549	-0.8413	3.439	3.863	-1.14	3.008	-0.175	2.79	0.4257	-1.606	-0.1292	12.12	0.3287	-0.8108	2.222	1.473	6.064	-0.8141	-0.2412	-0.816	-0.5484	-1.31	0.124	2.555	4.79	0.909	1.992	-2.131	6.398	2.94	9.533	1.566	-3.684	2.81	-0.1993	0.9539	-0.6427	0.8461	-2.436	-1.015	0.4096	-1.593	5.501	-0.3679	-1.022	1.518	1.55	0.151	-0.01634	-0.004213	-1.14	0.1816	-0.8736	1.166	5.816	2.835	2.996	0.9103	-1.955	-1.947	-0.664	0.8047	2.304	-2.359	-1.69	5.704	-1.23	-3.488	1.469	-1.584	7.639	-1.05
-2.077	2.31	-1.55	-1.43	7.349	3.392	-0.5131	-2.075	3.257	-0.9266	6.903	-0.6994	1.141	4.463	4.032	3.899	-2.5	1.689	3.076	-1.515	0.9513	2.841	1.378	1.928	0.1336	-0.6895	-0.08824	3.137	0.1828	-0.9254	3.359	3.775	-1.244	2.733	-0.2541	2.735	0.3252	-1.725	-0.2865	11.85	0.2568	-0.9115	2.09	1.443	5.876	-0.9098	-0.3028	-0.9271	-0.6299	-1.435	0.004322	2.423	4.649	0.8636	1.98	-2.206	6.403	2.762	9.156	1.434	-3.793	2.702	-0.3391	0.8478	-0.7609	0.8001	-2.54	-1.059	0.295	-1.676	5.361	-0.4756	-1.102	1.379	1.487	0.04205	-0.1228	-0.1418	-1.243	0.0832	-1.003	1.005	5.64	2.713	2.887	0.8414	-2.058	-2.072	-0.7512	0.6669	2.192	-2.477	-1.773	5.561	-1.302	-3.581	1.348	-1.68	7.437	-1.148
-2.195	2.163	-1.641	-1.603	7.223	3.254	-0.6392	-2.21	3.126	-1.067	6.762	-0.7932	0.9387	4.217	3.861	3.788	-2.6	1.542	3.037	-1.589	0.8371	2.746	1.237	1.807	0.001294	-0.7654	-0.2747	3.025	0.1108	-1.009	3.28	3.686	-1.348	2.457	-0.3333	2.68	0.2247	-1.844	-0.4438	11.59	0.1848	-1.012	1.957	1.414	5.689	-1.006	-0.3645	-1.038	-0.7114	-1.559	-0.1154	2.291	4.508	0.8181	1.968	-2.281	6.409	2.585	8.778	1.302	-3.902	2.594	-0.479	0.7418	-0.8791	0.7542	-2.643	-1.103	0.1803	-1.76	5.221	-0.5832	-1.182	1.241	1.423	-0.06694	-0.2293	-0.2794	-1.346	-0.01522	-1.132	0.8437	5.463	2.59	2.779	0.7726	-2.161	-2.196	-0.8384	0.529	2.08	-2.594	-1.857	5.419	-1.374	-3.673	1.228	-1.776	7.235	-1.246
-2.314	2.016	-1.732	-1.775	7.098	3.116	-0.7654	-2.344	2.995	-1.207	6.621	-0.8869	0.7366	3.971	3.69	3.677	-2.7	1.395	2.999	-1.664	0.723	2.652	1.095	1.687	-0.131	-0.8414	-0.4612	2.913	0.03877	-1.093	3.2	3.598	-1.452	2.181	-0.4125	2.625	0.1243	-1.963	-0.6012	11.32	0.1129	-1.113	1.825	1.385	5.501	-1.101	-0.4261	-1.149	-0.7929	-1.684	-0.2351	2.159	4.367	0.7726	1.956	-2.357	6.414	2.407	8.401	1.171	-4.011	2.486	-0.6188	0.6357	-0.9973	0.7082	-2.747	-1.146	0.06556	-1.843	5.081	-0.6908	-1.262	1.102	1.36	-0.1759	-0.3358	-0.417	-1.449	-0.1136	-1.261	0.6828	5.287	2.468	2.67	0.7038	-2.263	-2.321	-0.9256	0.3912	1.968	-2.712	-1.94	5.276	-1.447	-3.766	1.108	-1.872	7.033	-1.345
-2.432	1.869	-1.823	-1.948	6.972	2.978	-0.8916	-2.478	2.864	-1.347	6.48	-0.9807	0.5345	3.726	3.519	3.566	-2.801	1.248	2.961	-1.738	0.6089	2.558	0.9539	1.566	-0.2633	-0.9174	-0.6476	2.801	-0.03327	-1.177	3.121	3.51	-1.556	1.906	-0.4917	2.57	0.02378	-2.082	-0.7585	11.05	0.04092	-1.214	1.693	1.355	5.313	-1.197	-0.4877	-1.26	-0.8745	-1.808	-0.3548	2.027	4.226	0.7272	1.945	-2.432	6.419	2.229	8.023	1.039	-4.12	2.378	-0.7586	0.5296	-1.115	0.6622	-2.851	-1.19	-0.04914	-1.926	4.941	-0.7984	-1.343	0.9637	1.296	-0.2849	-0.4423	-0.5546	-1.552	-0.2121	-1.39	0.5218	5.111	2.346	2.561	0.635	-2.366	-2.445	-1.013	0.2534	1.857	-2.829	-2.024	5.134	-1.519	-3.858	0.9875	-1.968	6.831	-1.443
-2.551	1.722	-1.914	-2.121	6.847	2.841	-1.018	-2.612	2.733	-1.487	6.339	-1.074	0.3324	3.48	3.348	3.455	-2.901	1.101	2.923	-1.813	0.4947	2.464	0.8125	1.446	-0.3956	-0.9933	-0.8341	2.688	-0.1053	-1.261	3.042	3.421	-1.66	1.63	-0.5709	2.516	-0.07668	-2.201	-0.9159	10.79	-0.03104	-1.314	1.56	1.326	5.125	-1.293	-0.5493	-1.371	-0.956	-1.933	-0.4746	1.895	4.085	0.6817	1.933	-2.507	6.424	2.052	7.646	0.9077	-4.229	2.27	-0.8985	0.4235	-1.234	0.6162	-2.955	-1.234	-0.1638	-2.01	4.802	-0.906	-1.423	0.8253	1.232	-0.3939	-0.5488	-0.6922	-1.656	-0.3105	-1.519	0.3608	4.934	2.223	2.452	0.5662	-2.469	-2.57	-1.1	0.1155	1.745	-2.946	-2.107	4.991	-1.592	-3.951	0.8672	-2.064	6.629	-1.541
-2.669	1.575	-2.006	-2.294	6.721	2.703	-1.144	-2.747	2.602	-1.627	6.198	-1.168	0.1303	3.235	3.177	3.344	-3.001	0.9539	2.884	-1.888	0.3806	2.369	0.6711	1.325	-0.5279	-1.069	-1.021	2.576	-0.1773	-1.345	2.962	3.333	-1.764	1.354	-0.6501	2.461	-0.1772	-2.319	-1.073	10.52	-0.103	-1.415	1.428	1.297	4.938	-1.389	-0.611	-1.482	-1.037	-2.058	-0.5943	1.763	3.944	0.6363	1.921	-2.583	6.429	1.874	7.269	0.7761	-4.339	2.162	-1.038	0.3175	-1.352	0.5702	-3.058	-1.278	-0.2785	-2.093	4.662	-1.014	-1.503	0.6869	1.169	-0.5029	-0.6553	-0.8298	-1.759	-0.4089	-1.648	0.1999	4.758	2.101	2.343	0.4974	-2.571	-2.694	-1.187	-0.02233	1.633	-3.064	-2.19	4.849	-1.664	-4.043	0.7468	-2.16	6.427	-1.639
-2.787	1.428	-2.097	-2.467	6.595	2.565	-1.27	-2.881	2.471	-1.767	6.057	-1.262	-0.07175	2.989	3.006	3.233	-3.102	0.8068	2.846	-1.962	0.2665	2.275	0.5297	1.205	-0.6602	-1.145	-1.207	2.464	-0.2494	-1.43	2.883	3.244	-1.868	1.079	-0.7292	2.406	-0.2776	-2.438	-1.231	10.26	-0.1749	-1.516	1.296	1.268	4.75	-1.484	-0.6726	-1.593	-1.119	-2.182	-0.714	1.631	3.803	0.5908	1.909	-2.658	6.434	1.696	6.891	0.6445	-4.448	2.054	-1.178	0.2114	-1.47	0.5242	-3.162	-1.321	-0.3932	-2.177	4.522	-1.121	-1.583	0.5484	1.105	-0.6119	-0.7618	-0.9674	-1.862	-0.5073	-1.778	0.0389	4.582	1.979	2.234	0.4286	-2.674	-2.819	-1.274	-0.1602	1.521	-3.181	-2.274	4.706	-1.737	-4.136	0.6265	-2.257	6.225	-1.738
-2.906	1.281	-2.188	-2.64	6.47	2.427	-1.396	-3.015	2.339	-1.907	5.916	-1.356	-0.2738	2.744	2.836	3.122	-3.202	0.6597	2.808	-2.037	0.1523	2.181	0.3883	1.084	-0.7925	-1.221	-1.393	2.352	-0.3214	-1.514	2.804	3.156	-1.971	0.8028	-0.8084	2.351	-0.3781	-2.557	-1.388	9.988	-0.2469	-1.616	1.163	1.238	4.562	-1.58	-0.7342	-1.704	-1.201	-2.307	-0.8337	1.499	3.662	0.5453	1.898	-2.733	6.439	1.519	6.514	0.5129	-4.557	1.945	-1.318	0.1053	-1.588	0.4783	-3.266	-1.365	-0.5079	-2.26	4.382	-1.229	-1.664	0.41	1.042	-0.7209	-0.8683	-1.105	-1.965	-0.6057	-1.907	-0.1221	4.405	1.856	2.125	0.3598	-2.777	-2.944	-1.361	-0.298	1.41	-3.299	-2.357	4.564	-1.809	-4.228	0.5062	-2.353	6.023	-1.836
-3.024	1.134	-2.279	-2.813	6.344	2.29	-1.522	-3.15	2.208	-2.047	5.775	-1.449	-0.4759	2.498	2.665	3.011	-3.302	0.5126	2.77	-2.111	0.03819	2.086	0.2469	0.964	-0.9248	-1.297	-1.58	2.24	-0.3935	-1.598	2.724	3.068	-2.075	0.5271	-0.8876	2.296	-0.4786	-2.676	-1.545	9.722	-0.3189	-1.717	1.031	1.209	4.374	-1.676	-0.7959	-1.816	-1.282	-2.431	-0.9534	1.367	3.52	0.4999	1.886	-2.809	6.445	1.341	6.137	0.3813	-4.666	1.837	-1.458	-0.0007474	-1.706	0.4323	-3.37	-1.409	-0.6226	-2.344	4.242	-1.337	-1.744	0.2715	0.978	-0.8299	-0.9748	-1.243	-2.069	-0.7041	-2.036	-0.283	4.229	1.734	2.016	0.291	-2.879	-3.068	-1.449	-0.4359	1.298	-3.416	-2.441	4.421	-1.882	-4.32	0.3859	-2.449	5.821	-1.934
-3.143	0.9871	-2.37	-2.985	6.219	2.152	-1.649	-3.284	2.077	-2.187	5.635	-1.543	-0.678	2.253	2.494	2.9	-3.403	0.3655	2.731	-2.186	-0.07594	1.992	0.1055	0.8435	-1.057	-1.373	-1.766	2.127	-0.4655	-1.682	2.645	2.979	-2.179	0.2515	-0.9668	2.241	-0.579	-2.795	-1.703	9.455	-0.3908	-1.818	0.8988	1.18	4.187	-1.772	-0.8575	-1.927	-1.364	-2.556	-1.073	1.235	3.379	0.4544	1.874	-2.884	6.45	1.163	5.759	0.2497	-4.775	1.729	-1.598	-0.1068	-1.825	0.3863	-3.473	-1.452	-0.7373	-2.427	4.103	-1.444	-1.824	0.1331	0.9144	-0.9388	-1.081	-1.38	-2.172	-0.8026	-2.165	-0.444	4.052	1.612	1.908	0.2222	-2.982	-3.193	-1.536	-0.5737	1.186	-3.533	-2.524	4.279	-1.954	-4.413	0.2655	-2.545	5.618	-2.032
-3.261	0.8401	-2.461	-3.158	6.093	2.014	-1.775	-3.418	1.946	-2.327	5.494	-1.637	-0.8801	2.007	2.323	2.789	-3.503	0.2184	2.693	-2.26	-0.1901	1.898	-0.03588	0.723	-1.189	-1.449	-1.953	2.015	-0.5375	-1.766	2.566	2.891	-2.283	-0.02423	-1.046	2.187	-0.6795	-2.913	-1.86	9.188	-0.4628	-1.918	0.7665	1.151	3.999	-1.868	-0.9191	-2.038	-1.445	-2.681	-1.193	1.103	3.238	0.409	1.862	-2.959	6.455	0.9855	5.382	0.1181	-4.884	1.621	-1.738	-0.2129	-1.943	0.3403	-3.577	-1.496	-0.852	-2.511	3.963	-1.552	-1.904	-0.005358	0.8508	-1.048	-1.188	-1.518	-2.275	-0.901	-2.294	-0.605	3.876	1.489	1.799	0.1534	-3.084	-3.317	-1.623	-0.7115	1.074	-3.651	-2.608	4.136	-2.027	-4.505	0.1452	-2.641	5.416	-2.131
-3.38	0.6931	-2.552	-3.331	5.968	1.876	-1.901	-3.552	1.815	-2.467	5.353	-1.731	-1.082	1.762	2.152	2.678	-3.603	0.07125	2.655	-2.335	-0.3042	1.804	-0.1773	0.6025	-1.322	-1.525	-2.139	1.903	-0.6096	-1.85	2.486	2.803	-2.387	-0.2999	-1.125	2.132	-0.78	-3.032	-2.017	8.922	-0.5347	-2.019	0.6342	1.121	3.811	-1.963	-0.9807	-2.149	-1.527	-2.805	-1.313	0.9706	3.097	0.3635	1.851	-3.035	6.46	0.8078	5.004	-0.01354	-4.993	1.513	-1.877	-0.319	-2.061	0.2943	-3.681	-1.54	-0.9667	-2.594	3.823	-1.659	-1.985	-0.1438	0.7872	-1.157	-1.294	-1.655	-2.378	-0.9994	-2.423	-0.7659	3.7	1.367	1.69	0.08455	-3.187	-3.442	-1.71	-0.8494	0.9627	-3.768	-2.691	3.994	-2.099	-4.598	0.02487	-2.737	5.214	-2.229
-3.498	0.5461	-2.643	-3.504	5.842	1.739	-2.027	-3.687	1.684	-2.607	5.212	-1.824	-1.284	1.516	1.981	2.567	-3.704	-0.07585	2.616	-2.409	-0.4183	1.709	-0.3187	0.482	-1.454	-1.601	-2.326	1.791	-0.6816	-1.934	2.407	2.714	-2.491	-0.5756	-1.204	2.077	-0.8804	-3.151	-2.175	8.655	-0.6067	-2.12	0.5018	1.092	3.623	-2.059	-1.042	-2.26	-1.608	-2.93	-1.432	0.8386	2.956	0.3181	1.839	-3.11	6.465	0.6302	4.627	-0.1451	-5.102	1.405	-2.017	-0.425	-2.179	0.2484	-3.784	-1.584	-1.081	-2.677	3.683	-1.767	-2.065	-0.2822	0.7236	-1.266	-1.401	-1.793	-2.481	-1.098	-2.552	-0.9269	3.523	1.245	1.581	0.01574	-3.29	-3.566	-1.797	-0.9872	0.851	-3.886	-2.774	3.851	-2.172	-4.69	-0.09545	-2.833	5.012	-2.327
-3.617	0.399	-2.734	-3.677	5.716	1.601	-2.153	-3.821	1.553	-2.747	5.071	-1.918	-1.486	1.27	1.81	2.456	-3.804	-0.223	2.578	-2.484	-0.5325	1.615	-0.4601	0.3615	-1.586	-1.677	-2.512	1.679	-0.7537	-2.018	2.328	2.626	-2.595	-0.8513	-1.284	2.022	-0.9809	-3.27	-2.332	8.388	-0.6786	-2.221	0.3695	1.063	3.436	-2.155	-1.104	-2.371	-1.69	-3.054	-1.552	0.7065	2.815	0.2726	1.827	-3.185	6.47	0.4525	4.25	-0.2767	-5.211	1.297	-2.157	-0.5311	-2.297	0.2024	-3.888	-1.627	-1.196	-2.761	3.543	-1.875	-2.145	-0.4207	0.66	-1.375	-1.507	-1.931	-2.585	-1.196	-2.682	-1.088	3.347	1.122	1.472	-0.05307	-3.392	-3.691	-1.885	-1.125	0.7392	-4.003	-2.858	3.709	-2.244	-4.783	-0.2158	-2.929	4.81	-2.425
-3.735	0.252	-2.825	-3.85	5.591	1.463	-2.28	-3.955	1.422	-2.887	4.93	-2.012	-1.688	1.025	1.639	2.345	-3.904	-0.3701	2.54	-2.558	-0.6466	1.521	-0.6015	0.241	-1.719	-1.753	-2.699	1.566	-0.8257	-2.102	2.248	2.537	-2.699	-1.127	-1.363	1.967	-1.081	-3.389	-2.489	8.122	-0.7506	-2.321	0.2372	1.033	3.248	-2.251	-1.166	-2.482	-1.771	-3.179	-1.672	0.5745	2.674	0.2271	1.816	-3.26	6.476	0.2748	3.872	-0.4083	-5.32	1.189	-2.297	-0.6372	-2.416	0.1564	-3.992	-1.671	-1.311	-2.844	3.403	-1.982	-2.225	-0.5591	0.5965	-1.484	-1.614	-2.068	-2.688	-1.295	-2.811	-1.249	3.171	0.9998	1.363	-0.1219	-3.495	-3.815	-1.972	-1.263	0.6275	-4.121	-2.941	3.567	-2.316	-4.875	-0.3361	-3.026	4.608	-2.524
-3.854	0.105	-2.916	-4.023	5.465	1.325	-2.406	-4.09	1.291	-3.027	4.789	-2.106	-1.891	0.7793	1.469	2.234	-4.004	-0.5172	2.502	-2.633	-0.7607	1.427	-0.7429	0.1205	-1.851	-1.829	-2.885	1.454	-0.8977	-2.186	2.169	2.449	-2.803	-1.403	-1.442	1.912	-1.182	-3.508	-2.647	7.855	-0.8225	-2.422	0.1049	1.004	3.06	-2.346	-1.227	-2.593	-1.853	-3.304	-1.791	0.4424	2.533	0.1817	1.804	-3.336	6.481	0.09716	3.495	-0.5399	-5.43	1.081	-2.437	-0.7433	-2.534	0.1104	-4.096	-1.715	-1.425	-2.928	3.264	-2.09	-2.306	-0.6976	0.5329	-1.593	-1.72	-2.206	-2.791	-1.393	-2.94	-1.41	2.994	0.8775	1.254	-0.1907	-3.598	-3.94	-2.059	-1.401	0.5158	-4.238	-3.025	3.424	-2.389	-4.968	-0.4564	-3.122	4.406	-2.622
-3.972	-0.04201	-3.007	-4.195	5.34	1.187	-2.532	-4.224	1.16	-3.167	4.648	-2.199	-2.093	0.5338	1.298	2.123	-4.105	-0.6643	2.463	-2.707	-0.8749	1.332	-0.8843	-8.827e-07	-1.983	-1.905	-3.072	1.342	-0.9698	-2.27	2.09	2.361	-2.907	-1.678	-1.521	1.857	-1.282	-3.626	-2.804	7.588	-0.8945	-2.523	-0.02747	0.9749	2.872	-2.442	-1.289	-2.704	-1.934	-3.428	-1.911	0.3104	2.392	0.1362	1.792	-3.411	6.486	-0.08051	3.117	-0.6715	-5.539	0.973	-2.577	-0.8493	-2.652	0.06443	-4.199	-1.759	-1.54	-3.011	3.124	-2.197	-2.386	-0.836	0.4693	-1.702	-1.827	-2.343	-2.894	-1.491	-3.069	-1.571	2.818	0.7552	1.146	-0.2595	-3.7	-4.064	-2.146	-1.539	0.404	-4.355	-3.108	3.282	-2.461	-5.06	-0.5768	-3.218	4.204	-2.72
-4.091	-0.189	-3.099	-4.368	5.214	1.05	-2.658	-4.358	1.029	-3.307	4.507	-2.293	-2.295	0.2883	1.127	2.012	-4.205	-0.8114	2.425	-2.782	-0.989	1.238	-1.026	-0.1205	-2.115	-1.981	-3.258	1.23	-1.042	-2.354	2.01	2.272	-3.011	-1.954	-1.6	1.803	-1.383	-3.745	-2.961	7.322	-0.9664	-2.623	-0.1598	0.9456	2.685	-2.538	-1.351	-2.815	-2.016	-3.553	-2.031	0.1783	2.251	0.09076	1.78	-3.486	6.491	-0.2582	2.74	-0.8031	-5.648	0.865	-2.716	-0.9554	-2.77	0.01844	-4.303	-1.802	-1.655	-3.095	2.984	-2.305	-2.466	-0.9745	0.4057	-1.811	-1.933	-2.481	-2.998	-1.59	-3.198	-1.732	2.642	0.6328	1.037	-0.3283	-3.803	-4.189	-2.233	-1.676	0.2923	-4.473	-3.191	3.139	-2.534	-5.153	-0.6971	-3.314	4.002	-2.819
-4.209	-0.336	-3.19	-4.541	5.089	0.912	-2.784	-4.492	0.8979	-3.447	4.366	-2.387	-2.497	0.04271	0.9559	1.901	-4.305	-0.9585	2.387	-2.857	-1.103	1.144	-1.167	-0.241	-2.248	-2.057	-3.445	1.118	-1.114	-2.438	1.931	2.184	-3.115	-2.23	-1.679	1.748	-1.483	-3.864	-3.119	7.055	-1.038	-2.724	-0.2921	0.9163	2.497	-2.634	-1.412	-2.926	-2.097	-3.677	-2.151	0.04624	2.11	0.0453	1.769	-3.562	6.496	-0.4359	2.363	-0.9347	-5.757	0.7569	-2.856	-1.061	-2.888	-0.02754	-4.407	-1.846	-1.77	-3.178	2.844	-2.413	-2.546	-1.113	0.3421	-1.92	-2.04	-2.619	-3.101	-1.688	-3.327	-1.893	2.465	0.5105	0.9278	-0.3971	-3.905	-4.313	-2.32	-1.814	0.1805	-4.59	-3.275	2.997	-2.606	-5.245	-0.8174	-3.41	3.8	-2.917
-4.328	-0.4831	-3.281	-4.714	4.963	0.7742	-2.91	-4.627	0.7669	-3.587	4.225	-2.481	-2.699	-0.2028	0.785	1.79	-4.406	-1.106	2.349	-2.931	-1.217	1.049	-1.308	-0.3615	-2.38	-2.133	-3.631	1.005	-1.186	-2.522	1.851	2.096	-3.219	-2.505	-1.759	1.693	-1.584	-3.983	-3.276	6.789	-1.11	-2.825	-0.4245	0.8871	2.309	-2.73	-1.474	-3.037	-2.179	-3.802	-2.27	-0.08582	1.969	-0.0001552	1.757	-3.637	6.501	-0.6135	1.985	-1.066	-5.866	0.6489	-2.996	-1.168	-3.007	-0.07352	-4.511	-1.89	-1.884	-3.262	2.704	-2.52	-2.627	-1.251	0.2785	-2.029	-2.146	-2.756	-3.204	-1.787	-3.457	-2.054	2.289	0.3881	0.8189	-0.4659	-4.008	-4.438	-2.408	-1.952	0.06878	-4.708	-3.358	2.854	-2.679	-5.338	-0.9377	-3.506	3.598	-3.015
-4.446	-0.6301	-3.372	-4.887	4.837	0.6365	-3.037	-4.761	0.6358	-3.727	4.085	-2.574	-2.901	-0.4484	0.6141	1.679	-4.506	-1.253	2.31	-3.006	-1.331	0.9552	-1.45	-0.482	-2.512	-2.209	-3.818	0.8932	-1.258	-2.606	1.772	2.007	-3.322	-2.781	-1.838	1.638	-1.684	-4.102	-3.433	6.522	-1.182	-2.925	-0.5568	0.8578	2.121	-2.825	-1.535	-3.148	-2.26	-3.927	-2.39	-0.2179	1.828	-0.04561	1.745	-3.712	6.507	-0.7912	1.608	-1.198	-5.975	0.5408	-3.136	-1.274	-3.125	-0.1195	-4.614	-1.933	-1.999	-3.345	2.565	-2.628	-2.707	-1.39	0.2149	-2.138	-2.253	-2.894	-3.307	-1.885	-3.586	-2.215	2.113	0.2658	0.71	-0.5347	-4.111	-4.562	-2.495	-2.09	-0.04296	-4.825	-3.442	2.712	-2.751	-5.43	-1.058	-3.602	3.396	-3.113
-4.564	-0.7771	-3.463	-5.06	4.712	0.4987	-3.163	-4.895	0.5048	-3.867	3.944	-2.668	-3.103	-0.6939	0.4432	1.568	-4.606	-1.4	2.272	-3.08	-1.446	0.8609	-1.591	-0.6025	-2.645	-2.285	-4.004	0.781	-1.33	-2.69	1.693	1.919	-3.426	-3.057	-1.917	1.583	-1.785	-4.22	-3.591	6.255	-1.254	-3.026	-0.6891	0.8285	1.934	-2.921	-1.597	-3.259	-2.342	-4.051	-2.51	-0.3499	1.687	-0.09107	1.733	-3.788	6.512	-0.9689	1.23	-1.33	-6.084	0.4328	-3.276	-1.38	-3.243	-0.1655	-4.718	-1.977	-2.114	-3.429	2.425	-2.736	-2.787	-1.528	0.1513	-2.247	-2.359	-3.031	-3.411	-1.984	-3.715	-2.376	1.936	0.1434	0.6012	-0.6035	-4.213	-4.687	-2.582	-2.228	-0.1547	-4.942	-3.525	2.569	-2.824	-5.523	-1.178	-3.699	3.194	-3.212
-4.683	-0.9241	-3.554	-5.233	4.586	0.361	-3.289	-5.03	0.3737	-4.007	3.803	-2.762	-3.305	-0.9395	0.2723	1.457	-4.707	-1.547	2.234	-3.155	-1.56	0.7667	-1.733	-0.723	-2.777	-2.361	-4.19	0.6688	-1.402	-2.774	1.613	1.83	-3.53	-3.332	-1.996	1.528	-1.885	-4.339	-3.748	5.989	-1.326	-3.127	-0.8214	0.7992	1.746	-3.017	-1.659	-3.37	-2.423	-4.176	-2.63	-0.482	1.546	-0.1365	1.722	-3.863	6.517	-1.147	0.853	-1.461	-6.193	0.3247	-3.416	-1.486	-3.361	-0.2115	-4.822	-2.021	-2.228	-3.512	2.285	-2.843	-2.867	-1.667	0.08773	-2.356	-2.466	-3.169	-3.514	-2.082	-3.844	-2.537	1.76	0.02108	0.4923	-0.6724	-4.316	-4.811	-2.669	-2.366	-0.2664	-5.06	-3.608	2.427	-2.896	-5.615	-1.299	-3.795	2.992	-3.31
-4.801	-1.071	-3.645	-5.405	4.461	0.2232	-3.415	-5.164	0.2427	-4.147	3.662	-2.856	-3.507	-1.185	0.1015	1.346	-4.807	-1.694	2.196	-3.229	-1.674	0.6724	-1.874	-0.8435	-2.909	-2.437	-4.377	0.5566	-1.474	-2.858	1.534	1.742	-3.634	-3.608	-2.075	1.473	-1.986	-4.458	-3.905	5.722	-1.398	-3.228	-0.9538	0.77	1.558	-3.113	-1.72	-3.481	-2.505	-4.3	-2.749	-0.614	1.404	-0.182	1.71	-3.938	6.522	-1.324	0.4756	-1.593	-6.302	0.2167	-3.555	-1.592	-3.479	-0.2575	-4.925	-2.065	-2.343	-3.595	2.145	-2.951	-2.948	-1.805	0.02414	-2.465	-2.572	-3.307	-3.617	-2.18	-3.973	-2.697	1.584	-0.1013	0.3834	-0.7412	-4.419	-4.936	-2.756	-2.503	-0.3782	-5.177	-3.692	2.284	-2.969	-5.708	-1.419	-3.891	2.79	-3.408
-4.92	-1.218	-3.736	-5.578	4.335	0.08544	-3.541	-5.298	0.1116	-4.287	3.521	-2.949	-3.709	-1.431	-0.06942	1.235	-4.907	-1.841	2.157	-3.304	-1.788	0.5781	-2.015	-0.964	-3.041	-2.513	-4.563	0.4444	-1.546	-2.942	1.455	1.654	-3.738	-3.884	-2.155	1.419	-2.086	-4.577	-4.063	5.455	-1.47	-3.328	-1.086	0.7407	1.37	-3.208	-1.782	-3.593	-2.586	-4.425	-2.869	-0.7461	1.263	-0.2274	1.698	-4.014	6.527	-1.502	0.09826	-1.724	-6.411	0.1086	-3.695	-1.698	-3.598	-0.3034	-5.029	-2.108	-2.458	-3.679	2.005	-3.058	-3.028	-1.944	-0.03945	-2.574	-2.679	-3.444	-3.72	-2.279	-4.102	-2.858	1.407	-0.2236	0.2746	-0.81	-4.521	-5.061	-2.844	-2.641	-0.4899	-5.295	-3.775	2.142	-3.041	-5.8	-1.539	-3.987	2.588	-3.506
-5.038	-1.365	-3.827	-5.751	4.21	-0.05231	-3.668	-5.432	-0.01944	-4.427	3.38	-3.043	-3.911	-1.676	-0.2403	1.124	-5.008	-1.988	2.119	-3.378	-1.902	0.4839	-2.157	-1.084	-3.174	-2.589	-4.75	0.3322	-1.618	-3.026	1.375	1.565	-3.842	-4.159	-2.234	1.364	-2.187	-4.696	-4.22	5.189	-1.542	-3.429	-1.218	0.7114	1.183	-3.304	-1.844	-3.704	-2.668	-4.55	-2.989	-0.8782	1.122	-0.2729	1.686	-4.089	6.532	-1.68	-0.2791	-1.856	-6.521	0.0005804	-3.835	-1.804	-3.716	-0.3494	-5.133	-2.152	-2.572	-3.762	1.865	-3.166	-3.108	-2.082	-0.103	-2.683	-2.785	-3.582	-3.823	-2.377	-4.231	-3.019	1.231	-0.346	0.1657	-0.8788	-4.624	-5.185	-2.931	-2.779	-0.6017	-5.412	-3.859	1.999	-3.113	-5.893	-1.66	-4.083	2.386	-3.605
-5.157	-1.512	-3.918	-5.924	4.084	-0.1901	-3.794	-5.567	-0.1505	-4.567	3.239	-3.137	-4.114	-1.922	-0.4112	1.013	-5.108	-2.135	2.081	-3.453	-2.016	0.3896	-2.298	-1.205	-3.306	-2.665	-4.936	0.22	-1.69	-3.11	1.296	1.477	-3.946	-4.435	-2.313	1.309	-2.287	-4.815	-4.377	4.922	-1.614	-3.53	-1.351	0.6821	0.9948	-3.4	-1.905	-3.815	-2.749	-4.674	-3.108	-1.01	0.9813	-0.3184	1.675	-4.164	6.538	-1.857	-0.6565	-1.988	-6.63	-0.1075	-3.975	-1.91	-3.834	-0.3954	-5.237	-2.196	-2.687	-3.846	1.726	-3.274	-3.188	-2.22	-0.1666	-2.792	-2.892	-3.719	-3.927	-2.476	-4.361	-3.18	1.054	-0.4683	0.05682	-0.9476	-4.726	-5.31	-3.018	-2.917	-0.7134	-5.53	-3.942	1.857	-3.186	-5.985	-1.78	-4.179	2.184	-3.703
-5.275	-1.659	-4.009	-6.097	3.958	-0.3278	-3.92	-5.701	-0.2815	-4.707	3.098	-3.231	-4.316	-2.167	-0.5821	0.9016	-5.208	-2.282	2.043	-3.527	-2.13	0.2953	-2.44	-1.325	-3.438	-2.741	-5.123	0.1078	-1.762	-3.194	1.217	1.388	-4.05	-4.711	-2.392	1.254	-2.387	-4.933	-4.535	4.655	-1.686	-3.63	-1.483	0.6529	0.8071	-3.496	-1.967	-3.926	-2.831	-4.799	-3.228	-1.142	0.8402	-0.3638	1.663	-4.24	6.543	-2.035	-1.034	-2.119	-6.739	-0.2155	-4.115	-2.016	-3.952	-0.4414	-5.34	-2.24	-2.802	-3.929	1.586	-3.381	-3.269	-2.359	-0.2302	-2.901	-2.998	-3.857	-4.03	-2.574	-4.49	-3.341	0.8781	-0.5906	-0.05205	-1.016	-4.829	-5.434	-3.105	-3.055	-0.8252	-5.647	-4.025	1.714	-3.258	-6.078	-1.9	-4.275	1.982	-3.801
-5.394	-1.806	-4.101	-6.27	3.833	-0.4656	-4.046	-5.835	-0.4126	-4.847	2.957	-3.324	-4.518	-2.413	-0.753	0.7906	-5.309	-2.43	2.004	-3.602	-2.244	0.2011	-2.581	-1.446	-3.571	-2.817	-5.309	-0.004355	-1.834	-3.278	1.137	1.3	-4.154	-4.987	-2.471	1.199	-2.488	-5.052	-4.692	4.389	-1.758	-3.731	-1.615	0.6236	0.6193	-3.591	-2.028	-4.037	-2.912	-4.923	-3.348	-1.274	0.6992	-0.4093	1.651	-4.315	6.548	-2.213	-1.411	-2.251	-6.848	-0.3236	-4.255	-2.122	-4.07	-0.4874	-5.444	-2.283	-2.917	-4.013	1.446	-3.489	-3.349	-2.497	-0.2938	-3.01	-3.105	-3.995	-4.133	-2.673	-4.619	-3.502	0.7018	-0.713	-0.1609	-1.085	-4.932	-5.559	-3.192	-3.193	-0.9369	-5.764	-4.109	1.572	-3.331	-6.17	-2.021	-4.371	1.78	-3.899
-5.512	-1.953	-4.192	-6.443	3.707	-0.6033	-4.172	-5.97	-0.5436	-4.987	2.816	-3.418	-4.72	-2.658	-0.9238	0.6796	-5.409	-2.577	1.966	-3.676	-2.359	0.1068	-2.722	-1.566	-3.703	-2.893	-5.496	-0.1166	-1.906	-3.362	1.058	1.212	-4.258	-5.262	-2.55	1.144	-2.588	-5.171	-4.849	4.122	-1.83	-3.832	-1.748	0.5943	0.4316	-3.687	-2.09	-4.148	-2.994	-5.048	-3.468	-1.406	0.5581	-0.4547	1.639	-4.39	6.553	-2.39	-1.789	-2.382	-6.957	-0.4316	-4.394	-2.228	-4.189	-0.5333	-5.548	-2.327	-3.031	-4.096	1.306	-3.597	-3.429	-2.636	-0.3574	-3.119	-3.211	-4.132	-4.236	-2.771	-4.748	-3.663	0.5254	-0.8353	-0.2698	-1.154	-5.034	-5.683	-3.279	-3.331	-1.049	-5.882	-4.192	1.429	-3.403	-6.263	-2.141	-4.468	1.578	-3.998
-5.631	-2.1	-4.283	-6.615	3.582	-0.7411	-4.298	-6.104	-0.6747	-5.127	2.676	-3.512	-4.922	-2.904	-1.095	0.5686	-5.509	-2.724	1.928	-3.751	-2.473	0.01252	-2.864	-1.687	-3.835	-2.969	-5.682	-0.2287	-1.978	-3.446	0.9786	1.123	-4.362	-5.538	-2.63	1.089	-2.689	-5.29	-5.007	3.855	-1.902	-3.932	-1.88	0.565	0.2438	-3.783	-2.152	-4.259	-3.075	-5.173	-3.587	-1.538	0.417	-0.5002	1.628	-4.466	6.558	-2.568	-2.166	-2.514	-7.066	-0.5397	-4.534	-2.334	-4.307	-0.5793	-5.652	-2.371	-3.146	-4.18	1.166	-3.704	-3.509	-2.774	-0.421	-3.228	-3.318	-4.27	-4.34	-2.869	-4.877	-3.824	0.3491	-0.9577	-0.3787	-1.223	-5.137	-5.808	-3.367	-3.468	-1.16	-5.999	-4.276	1.287	-3.476	-6.355	-2.261	-4.564	1.376	-4.096
-5.749	-2.247	-4.374	-6.788	3.456	-0.8788	-4.425	-6.238	-0.8057	-5.267	2.535	-3.606	-5.124	-3.149	-1.266	0.4576	-5.61	-2.871	1.889	-3.825	-2.587	-0.08175	-3.005	-1.807	-3.967	-3.044	-5.869	-0.3409	-2.05	-3.53	0.8992	1.035	-4.466	-5.814	-2.709	1.035	-2.789	-5.409	-5.164	3.589	-1.974	-4.033	-2.012	0.5358	0.05606	-3.879	-2.213	-4.37	-3.157	-5.297	-3.707	-1.671	0.276	-0.5457	1.616	-4.541	6.563	-2.746	-2.543	-2.646	-7.175	-0.6477	-4.674	-2.44	-4.425	-0.6253	-5.755	-2.414	-3.261	-4.263	1.026	-3.812	-3.59	-2.913	-0.4846	-3.337	-3.424	-4.407	-4.443	-2.968	-5.006	-3.985	0.1727	-1.08	-0.4875	-1.292	-5.24	-5.932	-3.454	-3.606	-1.272	-6.117	-4.359	1.144	-3.548	-6.448	-2.382	-4.66	1.173	-4.194
-5.868	-2.394	-4.465	-6.961	3.331	-1.017	-4.551	-6.373	-0.9368	-5.407	2.394	-3.699	-5.326	-3.395	-1.436	0.3465	-5.71	-3.018	1.851	-3.9	-2.701	-0.176	-3.147	-1.928	-4.1	-3.12	-6.055	-0.4531	-2.122	-3.614	0.8198	0.9466	-4.57	-6.089	-2.788	0.9797	-2.89	-5.527	-5.321	3.322	-2.046	-4.134	-2.145	0.5065	-0.1317	-3.975	-2.275	-4.481	-3.238	-5.422	-3.827	-1.803	0.1349	-0.5911	1.604	-4.616	6.568	-2.923	-2.921	-2.777	-7.284	-0.7558	-4.814	-2.547	-4.543	-0.6713	-5.859	-2.458	-3.375	-4.347	0.8867	-3.919	-3.67	-3.051	-0.5482	-3.446	-3.531	-4.545	-4.546	-3.066	-5.135	-4.146	-0.003637	-1.202	-0.5964	-1.36	-5.342	-6.057	-3.541	-3.744	-1.384	-6.234	-4.442	1.002	-3.621	-6.54	-2.502	-4.756	0.9714	-4.292
-5.986	-2.541	-4.556	-7.134	3.205	-1.154	-4.677	-6.507	-1.068	-5.547	2.253	-3.793	-5.528	-3.641	-1.607	0.2355	-5.81	-3.165	1.813	-3.975	-2.815	-0.2703	-3.288	-2.048	-4.232	-3.196	-6.242	-0.5653	-2.194	-3.698	0.7405	0.8582	-4.673	-6.365	-2.867	0.9249	-2.99	-5.646	-5.479	3.055	-2.118	-4.235	-2.277	0.4772	-0.3194	-4.07	-2.337	-4.592	-3.32	-5.546	-3.946	-1.935	-0.006163	-0.6366	1.593	-4.692	6.574	-3.101	-3.298	-2.909	-7.393	-0.8638	-4.954	-2.653	-4.661	-0.7173	-5.963	-2.502	-3.49	-4.43	0.7468	-4.027	-3.75	-3.19	-0.6118	-3.555	-3.637	-4.683	-4.649	-3.165	-5.265	-4.307	-0.18	-1.325	-0.7053	-1.429	-5.445	-6.181	-3.628	-3.882	-1.496	-6.351	-4.526	0.8595	-3.693	-6.633	-2.622	-4.852	0.7694	-4.391
-6.105	-2.688	-4.647	-7.307	3.079	-1.292	-4.803	-6.641	-1.199	-5.687	2.112	-3.887	-5.73	-3.886	-1.778	0.1245	-5.911	-3.312	1.775	-4.049	-2.929	-0.3646	-3.429	-2.169	-4.364	-3.272	-6.428	-0.6775	-2.266	-3.782	0.6611	0.7698	-4.777	-6.641	-2.946	0.87	-3.091	-5.765	-5.636	2.789	-2.19	-4.335	-2.409	0.4479	-0.5072	-4.166	-2.398	-4.703	-3.401	-5.671	-4.066	-2.067	-0.1472	-0.682	1.581	-4.767	6.579	-3.279	-3.676	-3.04	-7.502	-0.9719	-5.094	-2.759	-4.779	-0.7633	-6.066	-2.546	-3.605	-4.513	0.607	-4.135	-3.83	-3.328	-0.6754	-3.664	-3.744	-4.82	-4.753	-3.263	-5.394	-4.468	-0.3563	-1.447	-0.8141	-1.498	-5.547	-6.306	-3.715	-4.02	-1.607	-6.469	-4.609	0.717	-3.766	-6.725	-2.743	-4.948	0.5673	-4.489
-6.223	-2.835	-4.738	-7.48	2.954	-1.43	-4.929	-6.775	-1.33	-5.827	1.971	-3.981	-5.932	-4.132	-1.949	0.0135	-6.011	-3.459	1.736	-4.124	-3.043	-0.4588	-3.571	-2.289	-4.497	-3.348	-6.615	-0.7897	-2.339	-3.866	0.5818	0.6814	-4.881	-6.916	-3.026	0.8152	-3.191	-5.884	-5.793	2.522	-2.262	-4.436	-2.542	0.4187	-0.6949	-4.262	-2.46	-4.814	-3.483	-5.796	-4.186	-2.199	-0.2883	-0.7275	1.569	-4.842	6.584	-3.456	-4.053	-3.172	-7.612	-1.08	-5.233	-2.865	-4.898	-0.8092	-6.17	-2.589	-3.719	-4.597	0.4672	-4.242	-3.911	-3.466	-0.739	-3.773	-3.85	-4.958	-4.856	-3.361	-5.523	-4.629	-0.5327	-1.569	-0.923	-1.567	-5.65	-6.43	-3.803	-4.158	-1.719	-6.586	-4.693	0.5745	-3.838	-6.818	-2.863	-5.044	0.3653	-4.587
-6.341	-2.982	-4.829	-7.653	2.828	-1.568	-5.055	-6.91	-1.461	-5.967	1.83	-4.074	-6.134	-4.377	-2.12	-0.09752	-6.111	-3.606	1.698	-4.198	-3.158	-0.5531	-3.712	-2.41	-4.629	-3.424	-6.801	-0.9019	-2.411	-3.95	0.5024	0.593	-4.985	-7.192	-3.105	0.7603	-3.292	-6.003	-5.951	2.255	-2.334	-4.537	-2.674	0.3894	-0.8827	-4.358	-2.521	-4.925	-3.564	-5.92	-4.306	-2.331	-0.4294	-0.773	1.557	-4.918	6.589	-3.634	-4.43	-3.304	-7.721	-1.188	-5.373	-2.971	-5.016	-0.8552	-6.274	-2.633	-3.834	-4.68	0.3274	-4.35	-3.991	-3.605	-0.8025	-3.882	-3.957	-5.095	-4.959	-3.46	-5.652	-4.79	-0.709	-1.692	-1.032	-1.636	-5.753	-6.555	-3.89	-4.295	-1.831	-6.704	-4.776	0.432	-3.911	-6.91	-2.983	-5.141	0.1633	-4.686
-6.46	-3.129	-4.92	-7.826	2.703	-1.705	-5.182	-7.044	-1.592	-6.107	1.689	-4.168	-6.337	-4.623	-2.291	-0.2085	-6.212	-3.754	1.66	-4.273	-3.272	-0.6474	-3.854	-2.53	-4.761	-3.5	-6.987	-1.014	-2.483	-4.034	0.4231	0.5047	-5.089	-7.468	-3.184	0.7054	-3.392	-6.122	-6.108	1.989	-2.406	-4.637	-2.806	0.3601	-1.07	-4.453	-2.583	-5.036	-3.646	-6.045	-4.425	-2.463	-0.5704	-0.8184	1.546	-4.993	6.594	-3.812	-4.808	-3.435	-7.83	-1.296	-5.513	-3.077	-5.134	-0.9012	-6.378	-2.677	-3.949	-4.764	0.1876	-4.458	-4.071	-3.743	-0.8661	-3.991	-4.063	-5.233	-5.062	-3.558	-5.781	-4.951	-0.8854	-1.814	-1.141	-1.704	-5.855	-6.679	-3.977	-4.433	-1.943	-6.821	-4.859	0.2895	-3.983	-7.003	-3.104	-5.237	-0.03879	-4.784
-6.578	-3.276	-5.011	-7.998	2.577	-1.843	-5.308	-7.178	-1.723	-6.247	1.548	-4.262	-6.539	-4.868	-2.462	-0.3196	-6.312	-3.901	1.622	-4.347	-3.386	-0.7416	-3.995	-2.651	-4.894	-3.576	-7.174	-1.126	-2.555	-4.118	0.3437	0.4163	-5.193	-7.743	-3.263	0.6506	-3.493	-6.24	-6.265	1.722	-2.477	-4.738	-2.939	0.3308	-1.258	-4.549	-2.645	-5.147	-3.727	-6.169	-4.545	-2.595	-0.7115	-0.8639	1.534	-5.068	6.599	-3.989	-5.185	-3.567	-7.939	-1.404	-5.653	-3.183	-5.252	-0.9472	-6.481	-2.721	-4.064	-4.847	0.04774	-4.565	-4.151	-3.882	-0.9297	-4.1	-4.17	-5.371	-5.165	-3.657	-5.91	-5.112	-1.062	-1.936	-1.25	-1.773	-5.958	-6.804	-4.064	-4.571	-2.054	-6.939	-4.943	0.1471	-4.055	-7.095	-3.224	-5.333	-0.2408	-4.882
-6.697	-3.423	-5.103	-8.171	2.452	-1.981	-5.434	-7.313	-1.854	-6.387	1.407	-4.356	-6.741	-5.114	-2.633	-0.4306	-6.412	-4.048	1.583	-4.422	-3.5	-0.8359	-4.136	-2.771	-5.026	-3.652	-7.36	-1.239	-2.627	-4.202	0.2644	0.3279	-5.297	-8.019	-3.342	0.5957	-3.593	-6.359	-6.423	1.455	-2.549	-4.839	-3.071	0.3016	-1.446	-4.645	-2.706	-5.258	-3.809	-6.294	-4.665	-2.727	-0.8526	-0.9093	1.522	-5.144	6.605	-4.167	-5.563	-3.698	-8.048	-1.512	-5.793	-3.289	-5.37	-0.9932	-6.585	-2.764	-4.178	-4.931	-0.09208	-4.673	-4.232	-4.02	-0.9933	-4.209	-4.276	-5.508	-5.269	-3.755	-6.04	-5.273	-1.238	-2.059	-1.358	-1.842	-6.061	-6.929	-4.151	-4.709	-2.166	-7.056	-5.026	0.004586	-4.128	-7.188	-3.344	-5.429	-0.4429	-4.98
-6.815	-3.57	-5.194	-8.344	2.326	-2.119	-5.56	-7.447	-1.985	-6.527	1.266	-4.449	-6.943	-5.359	-2.804	-0.5416	-6.513	-4.195	1.545	-4.496	-3.614	-0.9302	-4.278	-2.892	-5.158	-3.728	-7.547	-1.351	-2.699	-4.286	0.185	0.2395	-5.401	-8.295	-3.421	0.5409	-3.694	-6.478	-6.58	1.189	-2.621	-4.939	-3.203	0.2723	-1.634	-4.741	-2.768	-5.369	-3.89	-6.419	-4.784	-2.859	-0.9936	-0.9548	1.51	-5.219	6.61	-4.345	-5.94	-3.83	-8.157	-1.62	-5.933	-3.395	-5.489	-1.039	-6.689	-2.808	-4.293	-5.014	-0.2319	-4.78	-4.312	-4.159	-1.057	-4.317	-4.383	-5.646	-5.372	-3.854	-6.169	-5.434	-1.414	-2.181	-1.467	-1.911	-6.163	-7.053	-4.238	-4.847	-2.278	-7.173	-5.11	-0.1379	-4.2	-7.28	-3.465	-5.525	-0.6449	-5.079
-6.934	-3.717	-5.285	-8.517	2.2	-2.256	-5.686	-7.581	-2.116	-6.667	1.126	-4.543	-7.145	-5.605	-2.974	-0.6526	-6.613	-4.342	1.507	-4.571	-3.728	-1.024	-4.419	-3.012	-5.29	-3.804	-7.733	-1.463	-2.771	-4.37	0.1057	0.1511	-5.505	-8.57	-3.501	0.486	-3.794	-6.597	-6.737	0.9222	-2.693	-5.04	-3.336	0.243	-1.821	-4.837	-2.83	-5.481	-3.972	-6.543	-4.904	-2.991	-1.135	-1	1.499	-5.294	6.615	-4.522	-6.317	-3.962	-8.266	-1.728	-6.072	-3.501	-5.607	-1.085	-6.793	-2.852	-4.408	-5.098	-0.3717	-4.888	-4.392	-4.297	-1.121	-4.426	-4.489	-5.783	-5.475	-3.952	-6.298	-5.595	-1.591	-2.303	-1.576	-1.98	-6.266	-7.178	-4.326	-4.985	-2.39	-7.291	-5.193	-0.2804	-4.273	-7.373	-3.585	-5.621	-0.847	-5.177
-7.052	-3.864	-5.376	-8.69	2.075	-2.394	-5.813	-7.715	-2.247	-6.807	0.9847	-4.637	-7.347	-5.85	-3.145	-0.7636	-6.713	-4.489	1.469	-4.645	-3.842	-1.119	-4.561	-3.133	-5.423	-3.88	-7.92	-1.575	-2.843	-4.454	0.02631	0.06276	-5.609	-8.846	-3.58	0.4312	-3.894	-6.716	-6.895	0.6555	-2.765	-5.141	-3.468	0.2137	-2.009	-4.932	-2.891	-5.592	-4.053	-6.668	-5.024	-3.123	-1.276	-1.046	1.487	-5.37	6.62	-4.7	-6.695	-4.093	-8.375	-1.836	-6.212	-3.607	-5.725	-1.131	-6.896	-2.895	-4.522	-5.181	-0.5115	-4.996	-4.472	-4.436	-1.184	-4.535	-4.596	-5.921	-5.578	-4.05	-6.427	-5.756	-1.767	-2.426	-1.685	-2.049	-6.368	-7.302	-4.413	-5.122	-2.501	-7.408	-5.276	-0.4228	-4.345	-7.465	-3.705	-5.717	-1.049	-5.275
-7.171	-4.011	-5.467	-8.863	1.949	-2.532	-5.939	-7.85	-2.378	-6.947	0.8438	-4.731	-7.549	-6.096	-3.316	-0.8746	-6.814	-4.636	1.43	-4.72	-3.956	-1.213	-4.702	-3.253	-5.555	-3.956	-8.106	-1.687	-2.915	-4.538	-0.05304	-0.02562	-5.713	-9.122	-3.659	0.3763	-3.995	-6.834	-7.052	0.3888	-2.837	-5.242	-3.6	0.1845	-2.197	-5.028	-2.953	-5.703	-4.135	-6.792	-5.144	-3.255	-1.417	-1.091	1.475	-5.445	6.625	-4.878	-7.072	-4.225	-8.484	-1.944	-6.352	-3.713	-5.843	-1.177	-7	-2.939	-4.637	-5.265	-0.6514	-5.103	-4.553	-4.574	-1.248	-4.644	-4.702	-6.059	-5.682	-4.149	-6.556	-5.917	-1.944	-2.548	-1.794	-2.117	-6.471	-7.427	-4.5	-5.26	-2.613	-7.526	-5.36	-0.5653	-4.418	-7.558	-3.826	-5.814	-1.251	-5.373
-7.289	-4.159	-5.558	-9.036	1.824	-2.67	-6.065	-7.984	-2.509	-7.087	0.7028	-4.824	-7.751	-6.342	-3.487	-0.9856	-6.914	-4.783	1.392	-4.794	-4.071	-1.307	-4.843	-3.374	-5.687	-4.032	-8.293	-1.8	-2.987	-4.622	-0.1324	-0.114	-5.817	-9.397	-3.738	0.3215	-4.095	-6.953	-7.209	0.1222	-2.909	-5.342	-3.733	0.1552	-2.385	-5.124	-3.015	-5.814	-4.216	-6.917	-5.263	-3.387	-1.558	-1.137	1.463	-5.52	6.63	-5.055	-7.45	-4.356	-8.593	-2.052	-6.492	-3.819	-5.961	-1.223	-7.104	-2.983	-4.752	-5.348	-0.7912	-5.211	-4.633	-4.712	-1.311	-4.753	-4.809	-6.196	-5.785	-4.247	-6.685	-6.078	-2.12	-2.671	-1.903	-2.186	-6.574	-7.551	-4.587	-5.398	-2.725	-7.643	-5.443	-0.7078	-4.49	-7.65	-3.946	-5.91	-1.453	-5.472
-7.408	-4.306	-5.649	-9.208	1.698	-2.807	-6.191	-8.118	-2.64	-7.227	0.5619	-4.918	-7.953	-6.587	-3.658	-1.097	-7.014	-4.93	1.354	-4.869	-4.185	-1.402	-4.985	-3.494	-5.82	-4.108	-8.479	-1.912	-3.059	-4.706	-0.2117	-0.2024	-5.921	-9.673	-3.817	0.2666	-4.196	-7.072	-7.367	-0.1445	-2.981	-5.443	-3.865	0.1259	-2.572	-5.22	-3.076	-5.925	-4.298	-7.042	-5.383	-3.519	-1.699	-1.182	1.452	-5.596	6.636	-5.233	-7.827	-4.488	-8.703	-2.16	-6.632	-3.925	-6.08	-1.269	-7.207	-3.027	-4.866	-5.431	-0.931	-5.319	-4.713	-4.851	-1.375	-4.862	-4.915	-6.334	-5.888	-4.346	-6.814	-6.239	-2.296	-2.793	-2.012	-2.255	-6.676	-7.676	-4.674	-5.536	-2.837	-7.76	-5.527	-0.8503	-4.563	-7.743	-4.066	-6.006	-1.655	-5.57
