5.231	28.01	2.703	12.82	6.989	47.07	5.714	1.796	9.834	15.08	8.38	19.03	4.615	3.187	14.79	26.68	9.508	19.24	20.06	14.58	5.895	2.991	8.8	10.65	21.25	5.306	12.96	3.278	13.03	11.16	7.31	9.637	22.83	5.628	9.927	3.11	19.11	8.668	10.87	6.748	12.64	5.856	4.881	4.271	10.44	6.041	6.046	26.87	8.444	3.849	3.245	6.106	6.045	19.41	9.754	18.99	21.53	3.985	2.352	18.2	11.05	8.966	1.48	5.634	12.07	15.66	29.12	9.75	11.49	16.84	11.04	3.234	15.5	5.063	24.56	12.76	9.543	5.118	6.274	10.46	15.05	11.89	3.419	14.36	6.179	7.264	29.24	11.9	6.25	9.851	6.591	27.66	21.72	2.435	12.06	4.036	5.19	5.113	6.094	14.53
5.189	27.79	2.595	12.71	6.8	46.67	5.761	1.808	9.738	14.99	8.303	18.88	4.591	3.174	14.67	26.48	9.467	19.06	19.89	14.51	5.648	2.957	8.696	10.57	21.11	5.253	12.88	3.133	12.96	11.15	7.258	9.526	22.63	5.567	9.528	3.099	19	8.642	10.85	6.709	12.54	5.817	4.819	4.265	10.37	6.041	6	26.61	8.494	3.874	3.24	6.048	6.003	19.23	9.73	18.87	21.33	3.731	2.326	18.06	10.98	8.951	1.488	5.27	12	15.48	28.94	9.683	11.36	16.68	10.94	3.223	15.36	4.994	24.36	12.63	9.418	5.086	6.265	10.4	14.94	11.79	3.367	14.05	6.16	7.172	29.01	11.81	6.184	9.749	6.529	27.43	21.49	2.365	11.95	4.017	5.135	5.018	6.035	14.44
5.146	27.57	2.487	12.6	6.611	46.26	5.808	1.821	9.642	14.9	8.226	18.72	4.566	3.161	14.54	26.27	9.426	18.88	19.72	14.44	5.401	2.922	8.592	10.49	20.98	5.199	12.81	2.988	12.89	11.15	7.205	9.415	22.44	5.506	9.129	3.088	18.89	8.616	10.82	6.669	12.44	5.778	4.757	4.258	10.29	6.042	5.954	26.35	8.544	3.898	3.235	5.989	5.961	19.05	9.706	18.76	21.13	3.477	2.3	17.93	10.92	8.936	1.497	4.907	11.94	15.31	28.75	9.616	11.24	16.52	10.84	3.211	15.21	4.925	24.16	12.5	9.292	5.054	6.256	10.33	14.84	11.7	3.315	13.74	6.14	7.079	28.78	11.73	6.117	9.646	6.468	27.19	21.26	2.294	11.85	3.999	5.079	4.924	5.976	14.35
5.104	27.35	2.379	12.49	6.421	45.86	5.854	1.833	9.545	14.81	8.149	18.57	4.542	3.148	14.41	26.07	9.385	18.7	19.55	14.37	5.154	2.888	8.489	10.41	20.84	5.146	12.74	2.843	12.82	11.14	7.153	9.303	22.24	5.445	8.73	3.077	18.78	8.591	10.8	6.63	12.34	5.739	4.695	4.251	10.22	6.042	5.908	26.09	8.594	3.923	3.231	5.93	5.918	18.88	9.682	18.65	20.92	3.223	2.274	17.79	10.85	8.921	1.506	4.543	11.87	15.13	28.57	9.549	11.11	16.36	10.75	3.199	15.07	4.857	23.95	12.36	9.167	5.023	6.246	10.27	14.73	11.61	3.263	13.42	6.121	6.986	28.55	11.64	6.051	9.544	6.407	26.96	21.03	2.224	11.75	3.98	5.024	4.829	5.917	14.26
5.062	27.12	2.271	12.39	6.232	45.46	5.901	1.845	9.449	14.72	8.071	18.41	4.517	3.135	14.29	25.87	9.344	18.52	19.39	14.31	4.907	2.853	8.385	10.33	20.7	5.093	12.67	2.698	12.75	11.13	7.101	9.192	22.05	5.384	8.33	3.067	18.67	8.565	10.77	6.591	12.25	5.7	4.634	4.244	10.15	6.042	5.862	25.83	8.644	3.947	3.226	5.872	5.876	18.7	9.659	18.53	20.72	2.969	2.248	17.65	10.79	8.906	1.514	4.179	11.81	14.96	28.38	9.482	10.99	16.2	10.65	3.187	14.92	4.788	23.75	12.23	9.041	4.991	6.237	10.2	14.62	11.52	3.211	13.11	6.101	6.893	28.32	11.56	5.984	9.442	6.345	26.72	20.8	2.154	11.64	3.961	4.969	4.734	5.858	14.17
5.02	26.9	2.164	12.28	6.043	45.06	5.948	1.858	9.353	14.63	7.994	18.25	4.493	3.122	14.16	25.67	9.303	18.34	19.22	14.24	4.661	2.819	8.282	10.25	20.57	5.04	12.6	2.553	12.68	11.12	7.049	9.08	21.85	5.323	7.931	3.056	18.56	8.539	10.74	6.551	12.15	5.661	4.572	4.238	10.07	6.042	5.816	25.57	8.694	3.972	3.221	5.813	5.834	18.53	9.635	18.42	20.52	2.715	2.222	17.51	10.72	8.891	1.523	3.815	11.74	14.79	28.19	9.415	10.86	16.04	10.55	3.176	14.78	4.719	23.55	12.1	8.915	4.959	6.227	10.14	14.52	11.43	3.158	12.8	6.082	6.8	28.09	11.47	5.918	9.339	6.284	26.49	20.57	2.083	11.54	3.942	4.914	4.64	5.799	14.08
4.978	26.68	2.056	12.17	5.854	44.66	5.995	1.87	9.256	14.53	7.917	18.1	4.468	3.109	14.03	25.46	9.262	18.16	19.05	14.17	4.414	2.785	8.178	10.17	20.43	4.987	12.53	2.408	12.61	11.11	6.996	8.969	21.65	5.262	7.532	3.045	18.45	8.514	10.72	6.512	12.05	5.622	4.51	4.231	9.998	6.042	5.771	25.31	8.744	3.997	3.216	5.755	5.792	18.35	9.611	18.3	20.31	2.461	2.196	17.38	10.66	8.876	1.532	3.452	11.67	14.61	28.01	9.349	10.73	15.88	10.45	3.164	14.63	4.65	23.35	11.96	8.79	4.927	6.218	10.07	14.41	11.34	3.106	12.49	6.062	6.708	27.86	11.38	5.851	9.237	6.223	26.25	20.34	2.013	11.44	3.924	4.859	4.545	5.74	13.99
4.936	26.46	1.948	12.06	5.665	44.25	6.041	1.882	9.16	14.44	7.84	17.94	4.443	3.096	13.91	25.26	9.221	17.98	18.88	14.1	4.167	2.75	8.074	10.09	20.3	4.933	12.46	2.263	12.54	11.1	6.944	8.858	21.46	5.201	7.133	3.034	18.33	8.488	10.69	6.473	11.95	5.583	4.448	4.224	9.925	6.042	5.725	25.05	8.794	4.021	3.211	5.696	5.749	18.17	9.587	18.19	20.11	2.207	2.17	17.24	10.59	8.861	1.541	3.088	11.61	14.44	27.82	9.282	10.61	15.72	10.35	3.152	14.49	4.582	23.15	11.83	8.664	4.895	6.209	10.01	14.3	11.25	3.054	12.18	6.043	6.615	27.63	11.3	5.785	9.135	6.162	26.02	20.11	1.943	11.34	3.905	4.804	4.45	5.682	13.9
4.894	26.24	1.84	11.96	5.476	43.85	6.088	1.895	9.064	14.35	7.763	17.79	4.419	3.082	13.78	25.06	9.18	17.8	18.71	14.04	3.92	2.716	7.971	10.01	20.16	4.88	12.39	2.118	12.47	11.1	6.892	8.746	21.26	5.14	6.734	3.023	18.22	8.462	10.67	6.433	11.86	5.544	4.387	4.217	9.851	6.043	5.679	24.79	8.844	4.046	3.206	5.637	5.707	18	9.563	18.08	19.91	1.953	2.144	17.1	10.53	8.845	1.549	2.724	11.54	14.26	27.64	9.215	10.48	15.56	10.25	3.141	14.34	4.513	22.95	11.7	8.538	4.863	6.199	9.943	14.2	11.15	3.002	11.86	6.023	6.522	27.4	11.21	5.718	9.032	6.1	25.79	19.88	1.872	11.23	3.886	4.749	4.356	5.623	13.81
4.852	26.01	1.732	11.85	5.287	43.45	6.135	1.907	8.967	14.26	7.686	17.63	4.394	3.069	13.65	24.85	9.139	17.62	18.54	13.97	3.673	2.681	7.867	9.934	20.02	4.827	12.32	1.973	12.4	11.09	6.839	8.635	21.07	5.079	6.335	3.012	18.11	8.437	10.64	6.394	11.76	5.504	4.325	4.21	9.778	6.043	5.633	24.53	8.894	4.071	3.201	5.579	5.665	17.82	9.54	17.96	19.7	1.699	2.118	16.96	10.47	8.83	1.558	2.36	11.48	14.09	27.45	9.148	10.35	15.4	10.16	3.129	14.2	4.444	22.75	11.56	8.413	4.831	6.19	9.879	14.09	11.06	2.95	11.55	6.004	6.429	27.17	11.13	5.652	8.93	6.039	25.55	19.65	1.802	11.13	3.867	4.693	4.261	5.564	13.72
4.81	25.79	1.625	11.74	5.097	43.05	6.182	1.919	8.871	14.17	7.609	17.48	4.37	3.056	13.53	24.65	9.098	17.44	18.37	13.9	3.427	2.647	7.763	9.854	19.89	4.774	12.24	1.828	12.33	11.08	6.787	8.523	20.87	5.018	5.936	3.001	18	8.411	10.61	6.355	11.66	5.465	4.263	4.204	9.704	6.043	5.587	24.27	8.945	4.095	3.196	5.52	5.623	17.64	9.516	17.85	19.5	1.445	2.092	16.83	10.4	8.815	1.567	1.997	11.41	13.92	27.26	9.081	10.23	15.24	10.06	3.117	14.06	4.375	22.55	11.43	8.287	4.799	6.181	9.814	13.98	10.97	2.898	11.24	5.984	6.337	26.94	11.04	5.586	8.828	5.978	25.32	19.42	1.731	11.03	3.849	4.638	4.166	5.505	13.63
4.767	25.57	1.517	11.64	4.908	42.64	6.228	1.932	8.775	14.08	7.532	17.32	4.345	3.043	13.4	24.45	9.057	17.26	18.2	13.84	3.18	2.612	7.66	9.774	19.75	4.72	12.17	1.683	12.26	11.07	6.735	8.412	20.68	4.957	5.537	2.99	17.89	8.385	10.59	6.315	11.56	5.426	4.201	4.197	9.631	6.043	5.541	24.01	8.995	4.12	3.192	5.461	5.581	17.47	9.492	17.73	19.3	1.191	2.067	16.69	10.34	8.8	1.575	1.633	11.35	13.74	27.08	9.014	10.1	15.08	9.96	3.105	13.91	4.306	22.35	11.3	8.162	4.767	6.171	9.749	13.88	10.88	2.845	10.93	5.965	6.244	26.71	10.95	5.519	8.725	5.916	25.08	19.19	1.661	10.92	3.83	4.583	4.072	5.446	13.54
4.725	25.35	1.409	11.53	4.719	42.24	6.275	1.944	8.678	13.99	7.454	17.16	4.321	3.03	13.28	24.25	9.015	17.09	18.03	13.77	2.933	2.578	7.556	9.695	19.62	4.667	12.1	1.538	12.19	11.06	6.682	8.301	20.48	4.896	5.138	2.979	17.78	8.359	10.56	6.276	11.46	5.387	4.14	4.19	9.557	6.043	5.495	23.75	9.045	4.144	3.187	5.403	5.538	17.29	9.468	17.62	19.09	0.9371	2.041	16.55	10.27	8.785	1.584	1.269	11.28	13.57	26.89	8.947	9.976	14.93	9.862	3.094	13.77	4.238	22.15	11.16	8.036	4.735	6.162	9.685	13.77	10.79	2.793	10.62	5.945	6.151	26.48	10.87	5.453	8.623	5.855	24.85	18.96	1.591	10.82	3.811	4.528	3.977	5.387	13.45
4.683	25.13	1.301	11.42	4.53	41.84	6.322	1.956	8.582	13.9	7.377	17.01	4.296	3.017	13.15	24.04	8.974	16.91	17.86	13.7	2.686	2.543	7.453	9.615	19.48	4.614	12.03	1.393	12.12	11.05	6.63	8.189	20.29	4.835	4.739	2.969	17.67	8.334	10.53	6.237	11.37	5.348	4.078	4.183	9.483	6.043	5.449	23.49	9.095	4.169	3.182	5.344	5.496	17.12	9.444	17.51	18.89	0.6831	2.015	16.41	10.21	8.77	1.593	0.9053	11.22	13.39	26.71	8.88	9.849	14.77	9.763	3.082	13.62	4.169	21.94	11.03	7.91	4.703	6.152	9.62	13.66	10.7	2.741	10.3	5.926	6.058	26.25	10.78	5.386	8.521	5.794	24.61	18.73	1.52	10.72	3.792	4.473	3.883	5.328	13.36
4.641	24.9	1.193	11.31	4.341	41.44	6.369	1.969	8.486	13.81	7.3	16.85	4.272	3.004	13.02	23.84	8.933	16.73	17.69	13.63	2.439	2.509	7.349	9.535	19.34	4.561	11.96	1.248	12.05	11.05	6.578	8.078	20.09	4.774	4.34	2.958	17.56	8.308	10.51	6.197	11.27	5.309	4.016	4.176	9.41	6.043	5.403	23.23	9.145	4.194	3.177	5.286	5.454	16.94	9.421	17.39	18.69	0.4291	1.989	16.28	10.14	8.755	1.602	0.5416	11.15	13.22	26.52	8.813	9.723	14.61	9.665	3.07	13.48	4.1	21.74	10.9	7.785	4.671	6.143	9.555	13.56	10.6	2.689	9.992	5.906	5.965	26.02	10.7	5.32	8.418	5.733	24.38	18.5	1.45	10.62	3.773	4.418	3.788	5.269	13.27
4.599	24.68	1.086	11.21	4.152	41.03	6.415	1.981	8.389	13.71	7.223	16.7	4.247	2.991	12.9	23.64	8.892	16.55	17.52	13.57	2.193	2.474	7.245	9.455	19.21	4.508	11.89	1.102	11.98	11.04	6.525	7.966	19.9	4.713	3.941	2.947	17.45	8.282	10.48	6.158	11.17	5.27	3.954	4.17	9.336	6.044	5.357	22.97	9.195	4.218	3.172	5.227	5.412	16.76	9.397	17.28	18.48	0.1751	1.963	16.14	10.08	8.74	1.61	0.1778	11.09	13.05	26.33	8.746	9.597	14.45	9.567	3.058	13.33	4.031	21.54	10.76	7.659	4.639	6.134	9.491	13.45	10.51	2.637	9.68	5.887	5.873	25.8	10.61	5.253	8.316	5.671	24.15	18.27	1.38	10.51	3.755	4.363	3.693	5.21	13.18
4.557	24.46	0.9778	11.1	3.963	40.63	6.462	1.993	8.293	13.62	7.146	16.54	4.223	2.978	12.77	23.44	8.851	16.37	17.35	13.5	1.946	2.44	7.142	9.375	19.07	4.454	11.82	0.9575	11.91	11.03	6.473	7.855	19.7	4.652	3.542	2.936	17.34	8.257	10.46	6.119	11.07	5.231	3.893	4.163	9.263	6.044	5.312	22.71	9.245	4.243	3.167	5.168	5.37	16.59	9.373	17.17	18.28	-0.07897	1.937	16	10.01	8.724	1.619	-0.1859	11.02	12.87	26.15	8.68	9.471	14.29	9.468	3.047	13.19	3.963	21.34	10.63	7.533	4.607	6.124	9.426	13.35	10.42	2.585	9.368	5.867	5.78	25.57	10.52	5.187	8.214	5.61	23.91	18.04	1.309	10.41	3.736	4.307	3.599	5.151	13.09
4.515	24.24	0.87	10.99	3.773	40.23	6.509	2.005	8.197	13.53	7.069	16.39	4.198	2.965	12.64	23.23	8.81	16.19	17.18	13.43	1.699	2.406	7.038	9.296	18.94	4.401	11.75	0.8124	11.84	11.02	6.421	7.744	19.5	4.591	3.142	2.925	17.23	8.231	10.43	6.079	10.98	5.192	3.831	4.156	9.189	6.044	5.266	22.45	9.295	4.268	3.162	5.11	5.327	16.41	9.349	17.05	18.07	-0.333	1.911	15.87	9.949	8.709	1.628	-0.5497	10.95	12.7	25.96	8.613	9.344	14.13	9.37	3.035	13.04	3.894	21.14	10.5	7.408	4.575	6.115	9.361	13.24	10.33	2.532	9.056	5.848	5.687	25.34	10.44	5.12	8.111	5.549	23.68	17.8	1.239	10.31	3.717	4.252	3.504	5.092	13
4.473	24.02	0.7622	10.88	3.584	39.83	6.556	2.018	8.1	13.44	6.992	16.23	4.174	2.952	12.52	23.03	8.769	16.01	17.01	13.36	1.452	2.371	6.934	9.216	18.8	4.348	11.67	0.6674	11.77	11.01	6.368	7.632	19.31	4.53	2.743	2.914	17.11	8.205	10.4	6.04	10.88	5.153	3.769	4.149	9.116	6.044	5.22	22.18	9.345	4.292	3.158	5.051	5.285	16.23	9.325	16.94	17.87	-0.587	1.885	15.73	9.885	8.694	1.637	-0.9134	10.89	12.52	25.78	8.546	9.218	13.97	9.272	3.023	12.9	3.825	20.94	10.36	7.282	4.543	6.106	9.297	13.13	10.24	2.48	8.744	5.828	5.594	25.11	10.35	5.054	8.009	5.488	23.44	17.57	1.169	10.2	3.698	4.197	3.409	5.034	12.91
4.431	23.79	0.6544	10.78	3.395	39.42	6.602	2.03	8.004	13.35	6.915	16.08	4.149	2.939	12.39	22.83	8.728	15.83	16.84	13.3	1.205	2.337	6.831	9.136	18.66	4.295	11.6	0.5224	11.7	11	6.316	7.521	19.11	4.469	2.344	2.903	17	8.18	10.38	6.001	10.78	5.114	3.708	4.142	9.042	6.044	5.174	21.92	9.395	4.317	3.153	4.992	5.243	16.06	9.302	16.82	17.67	-0.841	1.859	15.59	9.82	8.679	1.645	-1.277	10.82	12.35	25.59	8.479	9.092	13.81	9.173	3.011	12.75	3.756	20.74	10.23	7.157	4.511	6.096	9.232	13.03	10.15	2.428	8.432	5.809	5.502	24.88	10.26	4.987	7.906	5.426	23.21	17.34	1.098	10.1	3.68	4.142	3.315	4.975	12.82
4.388	23.57	0.5466	10.67	3.206	39.02	6.649	2.042	7.908	13.26	6.838	15.92	4.124	2.925	12.26	22.62	8.687	15.65	16.68	13.23	0.9587	2.302	6.727	9.056	18.53	4.241	11.53	0.3774	11.63	11	6.264	7.409	18.92	4.408	1.945	2.892	16.89	8.154	10.35	5.961	10.68	5.075	3.646	4.136	8.969	6.044	5.128	21.66	9.445	4.341	3.148	4.934	5.201	15.88	9.278	16.71	17.46	-1.095	1.833	15.45	9.755	8.664	1.654	-1.641	10.76	12.18	25.4	8.412	8.966	13.65	9.075	3	12.61	3.687	20.54	10.1	7.031	4.479	6.087	9.167	12.92	10.06	2.376	8.12	5.789	5.409	24.65	10.18	4.921	7.804	5.365	22.97	17.11	1.028	9.999	3.661	4.087	3.22	4.916	12.73
4.346	23.35	0.4388	10.56	3.017	38.62	6.696	2.055	7.811	13.17	6.76	15.76	4.1	2.912	12.14	22.42	8.646	15.47	16.51	13.16	0.7119	2.268	6.624	8.976	18.39	4.188	11.46	0.2323	11.56	10.99	6.211	7.298	18.72	4.347	1.546	2.881	16.78	8.128	10.33	5.922	10.59	5.036	3.584	4.129	8.895	6.045	5.082	21.4	9.496	4.366	3.143	4.875	5.159	15.71	9.254	16.6	17.26	-1.349	1.807	15.32	9.691	8.649	1.663	-2.005	10.69	12	25.22	8.345	8.839	13.49	8.977	2.988	12.46	3.619	20.34	9.962	6.905	4.448	6.078	9.103	12.81	9.964	2.324	7.808	5.77	5.316	24.42	10.09	4.854	7.702	5.304	22.74	16.88	0.9577	9.896	3.642	4.032	3.126	4.857	12.64
4.304	23.13	0.331	10.45	2.828	38.22	6.743	2.067	7.715	13.08	6.683	15.61	4.075	2.899	12.01	22.22	8.605	15.29	16.34	13.1	0.4651	2.233	6.52	8.897	18.26	4.135	11.39	0.0873	11.49	10.98	6.159	7.187	18.53	4.286	1.147	2.87	16.67	8.103	10.3	5.883	10.49	4.996	3.522	4.122	8.822	6.045	5.036	21.14	9.546	4.391	3.138	4.817	5.116	15.53	9.23	16.48	17.06	-1.603	1.781	15.18	9.626	8.634	1.671	-2.368	10.63	11.83	25.03	8.278	8.713	13.33	8.879	2.976	12.32	3.55	20.14	9.829	6.78	4.416	6.068	9.038	12.71	9.872	2.272	7.496	5.75	5.223	24.19	10.01	4.788	7.599	5.242	22.51	16.65	0.8874	9.793	3.623	3.976	3.031	4.798	12.55
4.262	22.91	0.2232	10.35	2.639	37.81	6.789	2.079	7.619	12.99	6.606	15.45	4.051	2.886	11.88	22.02	8.564	15.11	16.17	13.03	0.2183	2.199	6.416	8.817	18.12	4.082	11.32	-0.05772	11.43	10.97	6.107	7.075	18.33	4.225	0.748	2.86	16.56	8.077	10.27	5.843	10.39	4.957	3.461	4.115	8.748	6.045	4.99	20.88	9.596	4.415	3.133	4.758	5.074	15.35	9.206	16.37	16.85	-1.857	1.755	15.04	9.562	8.619	1.68	-2.732	10.56	11.65	24.85	8.211	8.587	13.17	8.78	2.965	12.17	3.481	19.93	9.695	6.654	4.384	6.059	8.973	12.6	9.781	2.219	7.184	5.731	5.13	23.96	9.92	4.721	7.497	5.181	22.27	16.42	0.817	9.69	3.605	3.921	2.936	4.739	12.46
4.22	22.68	0.1154	10.24	2.449	37.41	6.836	2.092	7.522	12.89	6.529	15.3	4.026	2.873	11.76	21.81	8.523	14.93	16	12.96	-0.02852	2.164	6.313	8.737	17.98	4.028	11.25	-0.2027	11.36	10.96	6.054	6.964	18.14	4.164	0.3489	2.849	16.45	8.051	10.25	5.804	10.29	4.918	3.399	4.109	8.675	6.045	4.944	20.62	9.646	4.44	3.128	4.699	5.032	15.18	9.183	16.25	16.65	-2.111	1.729	14.9	9.497	8.604	1.689	-3.096	10.5	11.48	24.66	8.144	8.461	13.01	8.682	2.953	12.03	3.412	19.73	9.562	6.528	4.352	6.049	8.909	12.49	9.689	2.167	6.872	5.711	5.038	23.73	9.834	4.655	7.395	5.12	22.04	16.19	0.7467	9.588	3.586	3.866	2.842	4.68	12.37
4.178	22.46	0.007577	10.13	2.26	37.01	6.883	2.104	7.426	12.8	6.452	15.14	4.002	2.86	11.63	21.61	8.482	14.76	15.83	12.89	-0.2753	2.13	6.209	8.657	17.85	3.975	11.18	-0.3478	11.29	10.95	6.002	6.852	17.94	4.103	-0.05014	2.838	16.34	8.026	10.22	5.765	10.19	4.879	3.337	4.102	8.601	6.045	4.898	20.36	9.696	4.465	3.123	4.641	4.99	15	9.159	16.14	16.45	-2.365	1.704	14.77	9.433	8.588	1.698	-3.46	10.43	11.31	24.47	8.078	8.334	12.85	8.584	2.941	11.88	3.343	19.53	9.429	6.403	4.32	6.04	8.844	12.39	9.598	2.115	6.56	5.692	4.945	23.5	9.748	4.588	7.292	5.059	21.8	15.96	0.6763	9.485	3.567	3.811	2.747	4.621	12.28
4.136	22.24	-0.1002	10.02	2.071	36.61	6.93	2.116	7.33	12.71	6.375	14.99	3.977	2.847	11.5	21.41	8.441	14.58	15.66	12.83	-0.5221	2.095	6.106	8.578	17.71	3.922	11.11	-0.4928	11.22	10.95	5.95	6.741	17.75	4.042	-0.4492	2.827	16.23	8	10.2	5.725	10.1	4.84	3.275	4.095	8.528	6.045	4.853	20.1	9.746	4.489	3.119	4.582	4.948	14.83	9.135	16.03	16.24	-2.619	1.678	14.63	9.368	8.573	1.706	-3.823	10.36	11.13	24.29	8.011	8.208	12.69	8.485	2.929	11.74	3.275	19.33	9.295	6.277	4.288	6.031	8.779	12.28	9.506	2.063	6.248	5.672	4.852	23.27	9.662	4.522	7.19	4.997	21.57	15.73	0.606	9.382	3.548	3.756	2.652	4.562	12.19
4.094	22.02	-0.208	9.917	1.882	36.2	6.976	2.129	7.233	12.62	6.298	14.83	3.953	2.834	11.38	21.21	8.4	14.4	15.49	12.76	-0.7689	2.061	6.002	8.498	17.58	3.869	11.03	-0.6378	11.15	10.94	5.898	6.63	17.55	3.981	-0.8483	2.816	16.12	7.974	10.17	5.686	9.999	4.801	3.214	4.088	8.454	6.046	4.807	19.84	9.796	4.514	3.114	4.523	4.905	14.65	9.111	15.91	16.04	-2.873	1.652	14.49	9.304	8.558	1.715	-4.187	10.3	10.96	24.1	7.944	8.082	12.53	8.387	2.918	11.59	3.206	19.13	9.162	6.152	4.256	6.021	8.715	12.17	9.414	2.011	5.936	5.653	4.759	23.04	9.576	4.456	7.088	4.936	21.33	15.5	0.5357	9.279	3.529	3.701	2.558	4.503	12.1
4.052	21.8	-0.3158	9.81	1.693	35.8	7.023	2.141	7.137	12.53	6.221	14.68	3.928	2.821	11.25	21	8.359	14.22	15.32	12.69	-1.016	2.026	5.898	8.418	17.44	3.816	10.96	-0.7828	11.08	10.93	5.845	6.518	17.35	3.92	-1.247	2.805	16.01	7.949	10.14	5.647	9.901	4.762	3.152	4.081	8.38	6.046	4.761	19.58	9.846	4.538	3.109	4.465	4.863	14.47	9.087	15.8	15.84	-3.127	1.626	14.35	9.239	8.543	1.724	-4.551	10.23	10.78	23.92	7.877	7.956	12.37	8.289	2.906	11.45	3.137	18.93	9.029	6.026	4.224	6.012	8.65	12.07	9.323	1.959	5.624	5.633	4.667	22.81	9.49	4.389	6.985	4.875	21.1	15.27	0.4653	9.176	3.511	3.646	2.463	4.445	12.01
4.009	21.57	-0.4236	9.703	1.504	35.4	7.07	2.153	7.041	12.44	6.144	14.52	3.904	2.808	11.12	20.8	8.318	14.04	15.15	12.63	-1.263	1.992	5.795	8.338	17.31	3.762	10.89	-0.9279	11.01	10.92	5.793	6.407	17.16	3.859	-1.646	2.794	15.89	7.923	10.12	5.607	9.803	4.723	3.09	4.075	8.307	6.046	4.715	19.32	9.896	4.563	3.104	4.406	4.821	14.3	9.063	15.68	15.63	-3.381	1.6	14.22	9.175	8.528	1.732	-4.915	10.17	10.61	23.73	7.81	7.829	12.21	8.19	2.894	11.3	3.068	18.73	8.895	5.9	4.192	6.003	8.585	11.96	9.231	1.906	5.312	5.614	4.574	22.58	9.404	4.323	6.883	4.813	20.87	15.04	0.395	9.073	3.492	3.59	2.368	4.386	11.92
3.967	21.35	-0.5314	9.595	1.315	35	7.117	2.166	6.944	12.35	6.066	14.36	3.879	2.795	11	20.6	8.277	13.86	14.98	12.56	-1.509	1.958	5.691	8.258	17.17	3.709	10.82	-1.073	10.94	10.91	5.741	6.295	16.96	3.798	-2.046	2.783	15.78	7.897	10.09	5.568	9.705	4.684	3.028	4.068	8.233	6.046	4.669	19.06	9.946	4.588	3.099	4.348	4.779	14.12	9.04	15.57	15.43	-3.635	1.574	14.08	9.11	8.513	1.741	-5.278	10.1	10.44	23.54	7.743	7.703	12.05	8.092	2.882	11.16	3	18.53	8.762	5.775	4.16	5.993	8.521	11.85	9.14	1.854	5	5.594	4.481	22.35	9.317	4.256	6.781	4.752	20.63	14.81	0.3246	8.97	3.473	3.535	2.274	4.327	11.83
3.925	21.13	-0.6392	9.488	1.125	34.59	7.163	2.178	6.848	12.26	5.989	14.21	3.855	2.781	10.87	20.4	8.236	13.68	14.81	12.49	-1.756	1.923	5.587	8.179	17.03	3.656	10.75	-1.218	10.87	10.9	5.688	6.184	16.77	3.737	-2.445	2.772	15.67	7.872	10.07	5.529	9.608	4.645	2.967	4.061	8.16	6.046	4.623	18.8	9.996	4.612	3.094	4.289	4.737	13.94	9.016	15.46	15.23	-3.889	1.548	13.94	9.046	8.498	1.75	-5.642	10.04	10.26	23.36	7.676	7.577	11.89	7.994	2.871	11.01	2.931	18.33	8.629	5.649	4.128	5.984	8.456	11.75	9.048	1.802	4.688	5.574	4.388	22.12	9.231	4.19	6.678	4.691	20.4	14.58	0.2543	8.867	3.454	3.48	2.179	4.268	11.74
3.883	20.91	-0.747	9.38	0.9363	34.19	7.21	2.19	6.752	12.17	5.912	14.05	3.83	2.768	10.74	20.19	8.194	13.5	14.64	12.42	-2.003	1.889	5.484	8.099	16.9	3.603	10.68	-1.363	10.8	10.9	5.636	6.073	16.57	3.676	-2.844	2.762	15.56	7.846	10.04	5.49	9.51	4.606	2.905	4.054	8.086	6.046	4.577	18.54	10.05	4.637	3.089	4.23	4.694	13.77	8.992	15.34	15.02	-4.143	1.522	13.81	8.981	8.483	1.759	-6.006	9.972	10.09	23.17	7.609	7.451	11.73	7.895	2.859	10.87	2.862	18.13	8.495	5.523	4.096	5.975	8.391	11.64	8.957	1.75	4.376	5.555	4.295	21.89	9.145	4.123	6.576	4.63	20.16	14.35	0.1839	8.765	3.436	3.425	2.085	4.209	11.65
3.841	20.69	-0.8549	9.273	0.7472	33.79	7.257	2.203	6.655	12.07	5.835	13.9	3.805	2.755	10.62	19.99	8.153	13.32	14.47	12.36	-2.25	1.854	5.38	8.019	16.76	3.549	10.61	-1.508	10.73	10.89	5.584	5.961	16.38	3.615	-3.243	2.751	15.45	7.82	10.01	5.45	9.412	4.567	2.843	4.047	8.013	6.046	4.531	18.28	10.1	4.662	3.084	4.172	4.652	13.59	8.968	15.23	14.82	-4.397	1.496	13.67	8.917	8.468	1.767	-6.37	9.906	9.915	22.99	7.542	7.325	11.57	7.797	2.847	10.72	2.793	17.92	8.362	5.398	4.064	5.965	8.327	11.54	8.865	1.698	4.064	5.535	4.203	21.66	9.059	4.057	6.474	4.568	19.93	14.11	0.1136	8.662	3.417	3.37	1.99	4.15	11.56
3.799	20.46	-0.9627	9.166	0.558	33.39	7.304	2.215	6.559	11.98	5.758	13.74	3.781	2.742	10.49	19.79	8.112	13.14	14.3	12.29	-2.497	1.82	5.277	7.939	16.63	3.496	10.54	-1.653	10.66	10.88	5.531	5.85	16.18	3.554	-3.642	2.74	15.34	7.795	9.987	5.411	9.314	4.528	2.781	4.041	7.939	6.047	4.485	18.02	10.15	4.686	3.08	4.113	4.61	13.42	8.944	15.11	14.62	-4.651	1.47	13.53	8.852	8.452	1.776	-6.733	9.841	9.741	22.8	7.475	7.198	11.41	7.699	2.835	10.58	2.724	17.72	8.229	5.272	4.032	5.956	8.262	11.43	8.774	1.646	3.752	5.516	4.11	21.43	8.973	3.99	6.371	4.507	19.69	13.88	0.04325	8.559	3.398	3.315	1.895	4.091	11.47
3.757	20.24	-1.07	9.058	0.3689	32.99	7.351	2.227	6.463	11.89	5.681	13.59	3.756	2.729	10.36	19.58	8.071	12.96	14.13	12.22	-2.743	1.785	5.173	7.859	16.49	3.443	10.47	-1.798	10.59	10.87	5.479	5.738	15.99	3.493	-4.041	2.729	15.23	7.769	9.961	5.372	9.216	4.488	2.72	4.034	7.866	6.047	4.44	17.76	10.2	4.711	3.075	4.054	4.568	13.24	8.921	15	14.41	-4.905	1.444	13.39	8.788	8.437	1.785	-7.097	9.776	9.567	22.61	7.409	7.072	11.25	7.601	2.824	10.43	2.656	17.52	8.095	5.147	4	5.946	8.197	11.32	8.682	1.593	3.44	5.496	4.017	21.2	8.887	3.924	6.269	4.446	19.46	13.65	-0.02709	8.456	3.379	3.26	1.801	4.032	11.38
3.715	20.02	-1.178	8.951	0.1797	32.58	7.397	2.24	6.366	11.8	5.604	13.43	3.732	2.716	10.24	19.38	8.03	12.78	13.97	12.15	-2.99	1.751	5.069	7.78	16.35	3.39	10.39	-1.943	10.52	10.86	5.427	5.627	15.79	3.432	-4.44	2.718	15.12	7.743	9.935	5.332	9.119	4.449	2.658	4.027	7.792	6.047	4.394	17.5	10.25	4.736	3.07	3.996	4.525	13.06	8.897	14.89	14.21	-5.159	1.418	13.26	8.723	8.422	1.794	-7.461	9.71	9.393	22.43	7.342	6.946	11.09	7.502	2.812	10.29	2.587	17.32	7.962	5.021	3.968	5.937	8.133	11.22	8.59	1.541	3.128	5.477	3.924	20.97	8.801	3.857	6.167	4.385	19.23	13.42	-0.09744	8.353	3.361	3.204	1.706	3.973	11.29
3.672	19.8	-1.286	8.843	-0.009406	32.18	7.444	2.252	6.27	11.71	5.527	13.28	3.707	2.703	10.11	19.18	7.989	12.61	13.8	12.09	-3.237	1.716	4.966	7.7	16.22	3.336	10.32	-2.088	10.45	10.85	5.374	5.516	15.6	3.371	-4.839	2.707	15.01	7.718	9.909	5.293	9.021	4.41	2.596	4.02	7.719	6.047	4.348	17.24	10.3	4.76	3.065	3.937	4.483	12.89	8.873	14.77	14.01	-5.413	1.392	13.12	8.659	8.407	1.802	-7.825	9.645	9.219	22.24	7.275	6.82	10.93	7.404	2.8	10.14	2.518	17.12	7.829	4.895	3.936	5.928	8.068	11.11	8.499	1.489	2.816	5.457	3.832	20.74	8.715	3.791	6.064	4.323	18.99	13.19	-0.1678	8.25	3.342	3.149	1.611	3.914	11.2
3.63	19.58	-1.394	8.736	-0.1985	31.78	7.491	2.264	6.174	11.62	5.45	13.12	3.683	2.69	9.985	18.98	7.948	12.43	13.63	12.02	-3.484	1.682	4.862	7.62	16.08	3.283	10.25	-2.233	10.38	10.85	5.322	5.404	15.4	3.31	-5.238	2.696	14.9	7.692	9.883	5.254	8.923	4.371	2.534	4.014	7.645	6.047	4.302	16.98	10.35	4.785	3.06	3.879	4.441	12.71	8.849	14.66	13.8	-5.667	1.367	12.98	8.594	8.392	1.811	-8.188	9.579	9.045	22.06	7.208	6.693	10.77	7.306	2.789	9.998	2.449	16.92	7.695	4.77	3.904	5.918	8.003	11	8.407	1.437	2.504	5.438	3.739	20.51	8.629	3.724	5.962	4.262	18.76	12.96	-0.2381	8.147	3.323	3.094	1.517	3.855	11.11
3.588	19.35	-1.502	8.629	-0.3877	31.38	7.538	2.277	6.077	11.53	5.372	12.96	3.658	2.677	9.859	18.77	7.907	12.25	13.46	11.95	-3.731	1.647	4.758	7.54	15.95	3.23	10.18	-2.378	10.31	10.84	5.27	5.293	15.2	3.249	-5.637	2.685	14.79	7.666	9.857	5.214	8.825	4.332	2.473	4.007	7.572	6.047	4.256	16.72	10.4	4.809	3.055	3.82	4.399	12.53	8.825	14.54	13.6	-5.921	1.341	12.84	8.53	8.377	1.82	-8.552	9.514	8.871	21.87	7.141	6.567	10.61	7.207	2.777	9.853	2.381	16.72	7.562	4.644	3.873	5.909	7.939	10.9	8.316	1.385	2.192	5.418	3.646	20.28	8.543	3.658	5.859	4.201	18.52	12.73	-0.3085	8.044	3.304	3.039	1.422	3.797	11.02
3.546	19.13	-1.609	8.521	-0.5768	30.97	7.584	2.289	5.981	11.44	5.295	12.81	3.634	2.664	9.732	18.57	7.866	12.07	13.29	11.89	-3.977	1.613	4.655	7.461	15.81	3.177	10.11	-2.523	10.24	10.83	5.217	5.181	15.01	3.188	-6.036	2.674	14.68	7.64	9.831	5.175	8.728	4.293	2.411	4	7.498	6.048	4.21	16.46	10.45	4.834	3.05	3.761	4.357	12.36	8.802	14.43	13.4	-6.175	1.315	12.71	8.465	8.362	1.828	-8.916	9.448	8.697	21.68	7.074	6.441	10.45	7.109	2.765	9.708	2.312	16.52	7.429	4.518	3.841	5.9	7.874	10.79	8.224	1.333	1.88	5.399	3.553	20.05	8.456	3.591	5.757	4.139	18.29	12.5	-0.3788	7.942	3.285	2.984	1.327	3.738	10.93
3.504	18.91	-1.717	8.414	-0.766	30.57	7.631	2.301	5.885	11.35	5.218	12.65	3.609	2.651	9.606	18.37	7.825	11.89	13.12	11.82	-4.224	1.579	4.551	7.381	15.67	3.124	10.04	-2.668	10.17	10.82	5.165	5.07	14.81	3.127	-6.435	2.663	14.56	7.615	9.805	5.136	8.63	4.254	2.349	3.993	7.424	6.048	4.164	16.2	10.5	4.859	3.045	3.703	4.314	12.18	8.778	14.32	13.19	-6.43	1.289	12.57	8.401	8.347	1.837	-9.28	9.383	8.523	21.5	7.007	6.315	10.29	7.011	2.753	9.563	2.243	16.32	7.295	4.393	3.809	5.89	7.809	10.68	8.133	1.28	1.568	5.379	3.461	19.82	8.37	3.525	5.655	4.078	18.05	12.27	-0.4492	7.839	3.267	2.929	1.233	3.679	10.84
3.462	18.69	-1.825	8.307	-0.9551	30.17	7.678	2.314	5.788	11.25	5.141	12.5	3.585	2.637	9.479	18.17	7.784	11.71	12.95	11.75	-4.471	1.544	4.448	7.301	15.54	3.07	9.967	-2.813	10.1	10.81	5.113	4.959	14.62	3.066	-6.834	2.653	14.45	7.589	9.779	5.096	8.532	4.215	2.287	3.986	7.351	6.048	4.118	15.94	10.55	4.883	3.041	3.644	4.272	12.01	8.754	14.2	12.99	-6.684	1.263	12.43	8.336	8.332	1.846	-9.643	9.317	8.349	21.31	6.94	6.188	10.13	6.912	2.742	9.419	2.174	16.12	7.162	4.267	3.777	5.881	7.745	10.58	8.041	1.228	1.256	5.36	3.368	19.59	8.284	3.458	5.552	4.017	17.82	12.04	-0.5195	7.736	3.248	2.873	1.138	3.62	10.75
3.42	18.47	-1.933	8.199	-1.144	29.77	7.725	2.326	5.692	11.16	5.064	12.34	3.56	2.624	9.353	17.96	7.743	11.53	12.78	11.68	-4.718	1.51	4.344	7.221	15.4	3.017	9.896	-2.958	10.03	10.8	5.06	4.847	14.42	3.005	-7.233	2.642	14.34	7.563	9.753	5.057	8.434	4.176	2.226	3.98	7.277	6.048	4.072	15.68	10.6	4.908	3.036	3.585	4.23	11.83	8.73	14.09	12.78	-6.938	1.237	12.29	8.272	8.316	1.855	-10.01	9.252	8.175	21.13	6.873	6.062	9.975	6.814	2.73	9.274	2.105	15.91	7.029	4.142	3.745	5.871	7.68	10.47	7.95	1.176	0.9444	5.34	3.275	19.36	8.198	3.392	5.45	3.956	17.59	11.81	-0.5898	7.633	3.229	2.818	1.044	3.561	10.66
3.378	18.24	-2.041	8.092	-1.333	29.36	7.771	2.338	5.596	11.07	4.987	12.19	3.536	2.611	9.226	17.76	7.702	11.35	12.61	11.62	-4.965	1.475	4.24	7.141	15.27	2.964	9.825	-3.103	9.963	10.8	5.008	4.736	14.23	2.944	-7.633	2.631	14.23	7.538	9.727	5.018	8.337	4.137	2.164	3.973	7.204	6.048	4.026	15.42	10.65	4.933	3.031	3.527	4.188	11.65	8.706	13.97	12.58	-7.192	1.211	12.16	8.207	8.301	1.863	-10.37	9.186	8.001	20.94	6.806	5.936	9.815	6.716	2.718	9.129	2.037	15.71	6.895	4.016	3.713	5.862	7.615	10.36	7.858	1.124	0.6325	5.321	3.182	19.13	8.112	3.326	5.348	3.894	17.35	11.58	-0.6602	7.53	3.21	2.763	0.9489	3.502	10.57
3.336	18.02	-2.148	7.984	-1.523	28.96	7.818	2.351	5.499	10.98	4.91	12.03	3.511	2.598	9.1	17.56	7.661	11.17	12.44	11.55	-5.211	1.441	4.137	7.062	15.13	2.911	9.754	-3.248	9.893	10.79	4.956	4.625	14.03	2.883	-8.032	2.62	14.12	7.512	9.701	4.978	8.239	4.098	2.102	3.966	7.13	6.048	3.981	15.16	10.7	4.957	3.026	3.468	4.146	11.48	8.683	13.86	12.38	-7.446	1.185	12.02	8.143	8.286	1.872	-10.73	9.121	7.827	20.75	6.74	5.81	9.656	6.618	2.706	8.984	1.968	15.51	6.762	3.89	3.681	5.853	7.551	10.26	7.766	1.072	0.3205	5.301	3.089	18.9	8.026	3.259	5.245	3.833	17.12	11.35	-0.7305	7.427	3.192	2.708	0.8543	3.443	10.48
3.293	17.8	-2.256	7.877	-1.712	28.56	7.865	2.363	5.403	10.89	4.833	11.88	3.486	2.585	8.973	17.35	7.62	10.99	12.27	11.48	-5.458	1.406	4.033	6.982	14.99	2.857	9.682	-3.393	9.824	10.78	4.903	4.513	13.84	2.822	-8.431	2.609	14.01	7.486	9.675	4.939	8.141	4.059	2.04	3.959	7.057	6.049	3.935	14.9	10.75	4.982	3.021	3.41	4.103	11.3	8.659	13.75	12.17	-7.7	1.159	11.88	8.078	8.271	1.881	-11.1	9.055	7.653	20.57	6.673	5.683	9.496	6.519	2.695	8.839	1.899	15.31	6.629	3.765	3.649	5.843	7.486	10.15	7.675	1.02	0.008509	5.282	2.997	18.67	7.94	3.193	5.143	3.772	16.88	11.12	-0.8009	7.324	3.173	2.653	0.7596	3.384	10.39
3.251	17.58	-2.364	7.77	-1.901	28.16	7.912	2.375	5.307	10.8	4.756	11.72	3.462	2.572	8.847	17.15	7.579	10.81	12.1	11.42	-5.705	1.372	3.929	6.902	14.86	2.804	9.611	-3.538	9.754	10.77	4.851	4.402	13.64	2.761	-8.83	2.598	13.9	7.461	9.649	4.9	8.043	4.02	1.979	3.952	6.983	6.049	3.889	14.64	10.8	5.006	3.016	3.351	4.061	11.13	8.635	13.63	11.97	-7.954	1.133	11.75	8.014	8.256	1.89	-11.46	8.99	7.479	20.38	6.606	5.557	9.336	6.421	2.683	8.694	1.83	15.11	6.495	3.639	3.617	5.834	7.421	10.05	7.583	0.9674	-0.3035	5.262	2.904	18.44	7.854	3.126	5.041	3.71	16.65	10.89	-0.8712	7.221	3.154	2.598	0.665	3.325	10.3
3.209	17.36	-2.472	7.662	-2.09	27.75	7.958	2.387	5.21	10.71	4.678	11.56	3.437	2.559	8.72	16.95	7.538	10.63	11.93	11.35	-5.952	1.337	3.826	6.822	14.72	2.751	9.54	-3.683	9.685	10.76	4.799	4.29	13.45	2.7	-9.229	2.587	13.79	7.435	9.623	4.86	7.946	3.98	1.917	3.946	6.91	6.049	3.843	14.38	10.85	5.031	3.011	3.292	4.019	10.95	8.611	13.52	11.77	-8.208	1.107	11.61	7.949	8.241	1.898	-11.83	8.924	7.305	20.2	6.539	5.431	9.177	6.323	2.671	8.549	1.762	14.91	6.362	3.513	3.585	5.825	7.357	9.939	7.492	0.9153	-0.6154	5.243	2.811	18.21	7.768	3.06	4.938	3.649	16.41	10.66	-0.9416	7.119	3.135	2.543	0.5703	3.266	10.21
3.167	17.13	-2.58	7.555	-2.279	27.35	8.005	2.4	5.114	10.62	4.601	11.41	3.413	2.546	8.594	16.75	7.497	10.46	11.76	11.28	-6.198	1.303	3.722	6.742	14.59	2.698	9.469	-3.828	9.615	10.75	4.746	4.179	13.25	2.639	-9.628	2.576	13.68	7.409	9.596	4.821	7.848	3.941	1.855	3.939	6.836	6.049	3.797	14.12	10.9	5.056	3.006	3.234	3.977	10.77	8.587	13.4	11.56	-8.462	1.081	11.47	7.885	8.226	1.907	-12.19	8.859	7.131	20.01	6.472	5.305	9.017	6.224	2.659	8.404	1.693	14.71	6.229	3.388	3.553	5.815	7.292	9.832	7.4	0.8631	-0.9274	5.223	2.718	17.98	7.681	2.993	4.836	3.588	16.18	10.42	-1.012	7.016	3.117	2.487	0.4757	3.207	10.12
3.125	16.91	-2.688	7.448	-2.468	26.95	8.052	2.412	5.018	10.53	4.524	11.25	3.388	2.533	8.467	16.54	7.456	10.28	11.59	11.21	-6.445	1.268	3.619	6.663	14.45	2.644	9.398	-3.973	9.545	10.75	4.694	4.068	13.06	2.578	-10.03	2.565	13.57	7.384	9.57	4.782	7.75	3.902	1.793	3.932	6.763	6.049	3.751	13.86	10.95	5.08	3.002	3.175	3.935	10.6	8.564	13.29	11.36	-8.716	1.055	11.33	7.82	8.211	1.916	-12.55	8.793	6.957	19.82	6.405	5.178	8.857	6.126	2.648	8.259	1.624	14.51	6.096	3.262	3.521	5.806	7.227	9.726	7.309	0.8109	-1.239	5.204	2.626	17.75	7.595	2.927	4.734	3.527	15.95	10.19	-1.082	6.913	3.098	2.432	0.3811	3.149	10.03
3.083	16.69	-2.795	7.34	-2.657	26.55	8.099	2.424	4.921	10.43	4.447	11.1	3.364	2.52	8.34	16.34	7.415	10.1	11.42	11.15	-6.692	1.234	3.515	6.583	14.31	2.591	9.327	-4.118	9.476	10.74	4.642	3.956	12.86	2.517	-10.43	2.555	13.46	7.358	9.544	4.742	7.652	3.863	1.732	3.925	6.689	6.049	3.705	13.6	11	5.105	2.997	3.117	3.892	10.42	8.54	13.18	11.16	-8.97	1.03	11.2	7.756	8.196	1.924	-12.92	8.728	6.783	19.64	6.338	5.052	8.698	6.028	2.636	8.114	1.555	14.31	5.962	3.137	3.489	5.797	7.162	9.62	7.217	0.7588	-1.551	5.184	2.533	17.52	7.509	2.86	4.631	3.465	15.71	9.964	-1.153	6.81	3.079	2.377	0.2864	3.09	9.941
3.041	16.47	-2.903	7.233	-2.847	26.14	8.145	2.437	4.825	10.34	4.37	10.94	3.339	2.507	8.214	16.14	7.373	9.918	11.26	11.08	-6.939	1.199	3.411	6.503	14.18	2.538	9.256	-4.263	9.406	10.73	4.59	3.845	12.66	2.456	-10.83	2.544	13.34	7.332	9.518	4.703	7.555	3.824	1.67	3.919	6.616	6.049	3.659	13.34	11.05	5.13	2.992	3.058	3.85	10.24	8.516	13.06	10.95	-9.224	1.004	11.06	7.691	8.18	1.933	-13.28	8.662	6.609	19.45	6.271	4.926	8.538	5.929	2.624	7.97	1.486	14.11	5.829	3.011	3.457	5.787	7.098	9.513	7.126	0.7066	-1.863	5.165	2.44	17.29	7.423	2.794	4.529	3.404	15.48	9.733	-1.223	6.707	3.06	2.322	0.1918	3.031	9.851
2.999	16.25	-3.011	7.125	-3.036	25.74	8.192	2.449	4.729	10.25	4.293	10.79	3.315	2.493	8.087	15.94	7.332	9.738	11.09	11.01	-7.186	1.165	3.308	6.423	14.04	2.485	9.184	-4.408	9.337	10.72	4.537	3.733	12.47	2.395	-11.22	2.533	13.23	7.307	9.492	4.664	7.457	3.785	1.608	3.912	6.542	6.05	3.613	13.08	11.1	5.154	2.987	2.999	3.808	10.07	8.492	12.95	10.75	-9.478	0.9777	10.92	7.627	8.165	1.942	-13.64	8.597	6.435	19.27	6.204	4.8	8.378	5.831	2.613	7.825	1.418	13.9	5.696	2.885	3.425	5.778	7.033	9.407	7.034	0.6545	-2.175	5.145	2.347	17.06	7.337	2.727	4.427	3.343	15.24	9.503	-1.293	6.604	3.041	2.267	0.09717	2.972	9.761
2.957	16.02	-3.119	7.018	-3.225	25.34	8.239	2.461	4.632	10.16	4.216	10.63	3.29	2.48	7.961	15.73	7.291	9.559	10.92	10.94	-7.432	1.131	3.204	6.343	13.91	2.432	9.113	-4.553	9.267	10.71	4.485	3.622	12.27	2.334	-11.62	2.522	13.12	7.281	9.466	4.624	7.359	3.746	1.546	3.905	6.468	6.05	3.568	12.82	11.15	5.179	2.982	2.941	3.766	9.892	8.468	12.84	10.55	-9.732	0.9517	10.78	7.562	8.15	1.951	-14.01	8.531	6.261	19.08	6.137	4.673	8.219	5.733	2.601	7.68	1.349	13.7	5.562	2.76	3.393	5.768	6.968	9.3	6.942	0.6023	-2.487	5.126	2.254	16.83	7.251	2.661	4.324	3.281	15.01	9.272	-1.364	6.501	3.023	2.212	0.002531	2.913	9.671
2.914	15.8	-3.227	6.911	-3.414	24.94	8.286	2.474	4.536	10.07	4.139	10.48	3.266	2.467	7.834	15.53	7.25	9.38	10.75	10.88	-7.679	1.096	3.1	6.264	13.77	2.378	9.042	-4.699	9.197	10.7	4.433	3.511	12.08	2.273	-12.02	2.511	13.01	7.255	9.44	4.585	7.261	3.707	1.485	3.898	6.395	6.05	3.522	12.55	11.2	5.203	2.977	2.882	3.724	9.716	8.445	12.72	10.34	-9.986	0.9258	10.65	7.498	8.135	1.959	-14.37	8.466	6.087	18.89	6.071	4.547	8.059	5.635	2.589	7.535	1.28	13.5	5.429	2.634	3.361	5.759	6.904	9.194	6.851	0.5501	-2.799	5.106	2.162	16.6	7.165	2.594	4.222	3.22	14.77	9.041	-1.434	6.399	3.004	2.157	-0.09211	2.854	9.581
2.872	15.58	-3.334	6.803	-3.603	24.53	8.332	2.486	4.44	9.979	4.061	10.32	3.241	2.454	7.708	15.33	7.209	9.201	10.58	10.81	-7.926	1.062	2.997	6.184	13.63	2.325	8.971	-4.844	9.128	10.7	4.38	3.399	11.88	2.212	-12.42	2.5	12.9	7.23	9.414	4.546	7.164	3.668	1.423	3.891	6.321	6.05	3.476	12.29	11.25	5.228	2.972	2.823	3.681	9.54	8.421	12.61	10.14	-10.24	0.8999	10.51	7.433	8.12	1.968	-14.74	8.401	5.913	18.71	6.004	4.421	7.899	5.536	2.577	7.39	1.211	13.3	5.296	2.508	3.329	5.75	6.839	9.087	6.759	0.498	-3.111	5.087	2.069	16.37	7.079	2.528	4.12	3.159	14.54	8.811	-1.504	6.296	2.985	2.101	-0.1867	2.795	9.491
2.83	15.36	-3.442	6.696	-3.792	24.13	8.379	2.498	4.343	9.888	3.984	10.16	3.217	2.441	7.581	15.12	7.168	9.022	10.41	10.74	-8.173	1.027	2.893	6.104	13.5	2.272	8.9	-4.989	9.058	10.69	4.328	3.288	11.69	2.151	-12.82	2.489	12.79	7.204	9.388	4.506	7.066	3.629	1.361	3.885	6.248	6.05	3.43	12.03	11.3	5.253	2.967	2.765	3.639	9.363	8.397	12.49	9.936	-10.49	0.874	10.37	7.369	8.105	1.977	-15.1	8.335	5.739	18.52	5.937	4.295	7.74	5.438	2.566	7.245	1.143	13.1	5.162	2.383	3.298	5.74	6.774	8.981	6.668	0.4458	-3.423	5.067	1.976	16.14	6.993	2.461	4.017	3.098	14.31	8.58	-1.575	6.193	2.966	2.046	-0.2814	2.736	9.402
2.788	15.14	-3.55	6.588	-3.981	23.73	8.426	2.511	4.247	9.796	3.907	10.01	3.192	2.428	7.455	14.92	7.127	8.843	10.24	10.68	-8.42	0.9927	2.79	6.024	13.36	2.219	8.829	-5.134	8.988	10.68	4.276	3.176	11.49	2.09	-13.22	2.478	12.68	7.178	9.362	4.467	6.968	3.59	1.299	3.878	6.174	6.05	3.384	11.77	11.35	5.277	2.963	2.706	3.597	9.187	8.373	12.38	9.733	-10.75	0.8481	10.23	7.304	8.09	1.985	-15.46	8.27	5.565	18.34	5.87	4.168	7.58	5.34	2.554	7.1	1.074	12.9	5.029	2.257	3.266	5.731	6.71	8.874	6.576	0.3936	-3.735	5.048	1.883	15.91	6.906	2.395	3.915	3.036	14.07	8.349	-1.645	6.09	2.948	1.991	-0.376	2.677	9.312
2.746	14.91	-3.658	6.481	-4.171	23.33	8.473	2.523	4.151	9.705	3.83	9.853	3.168	2.415	7.328	14.72	7.086	8.663	10.07	10.61	-8.666	0.9583	2.686	5.945	13.23	2.165	8.757	-5.279	8.919	10.67	4.223	3.065	11.3	2.029	-13.62	2.467	12.57	7.153	9.336	4.428	6.87	3.551	1.238	3.871	6.101	6.051	3.338	11.51	11.4	5.302	2.958	2.648	3.555	9.011	8.349	12.27	9.53	-11	0.8221	10.1	7.24	8.075	1.994	-15.83	8.204	5.391	18.15	5.803	4.042	7.42	5.241	2.542	6.955	1.005	12.7	4.896	2.132	3.234	5.722	6.645	8.768	6.485	0.3415	-4.047	5.028	1.791	15.68	6.82	2.328	3.812	2.975	13.84	8.119	-1.715	5.987	2.929	1.936	-0.4706	2.618	9.222
2.704	14.69	-3.766	6.374	-4.36	22.92	8.519	2.535	4.054	9.614	3.753	9.697	3.143	2.402	7.202	14.52	7.045	8.484	9.901	10.54	-8.913	0.9238	2.582	5.865	13.09	2.112	8.686	-5.424	8.849	10.66	4.171	2.954	11.1	1.969	-14.02	2.457	12.46	7.127	9.31	4.388	6.773	3.512	1.176	3.864	6.027	6.051	3.292	11.25	11.45	5.327	2.953	2.589	3.513	8.835	8.326	12.15	9.326	-11.26	0.7962	9.96	7.175	8.059	2.003	-16.19	8.139	5.217	17.96	5.736	3.916	7.261	5.143	2.53	6.81	0.9362	12.5	4.762	2.006	3.202	5.712	6.58	8.662	6.393	0.2893	-4.359	5.009	1.698	15.45	6.734	2.262	3.71	2.914	13.6	7.888	-1.786	5.884	2.91	1.881	-0.5653	2.56	9.132
2.662	14.47	-3.873	6.266	-4.549	22.52	8.566	2.548	3.958	9.523	3.676	9.542	3.118	2.389	7.075	14.31	7.004	8.305	9.731	10.47	-9.16	0.8894	2.479	5.785	12.95	2.059	8.615	-5.569	8.78	10.65	4.119	2.842	10.91	1.908	-14.42	2.446	12.35	7.101	9.284	4.349	6.675	3.472	1.114	3.857	5.954	6.051	3.246	10.99	11.5	5.351	2.948	2.53	3.47	8.659	8.302	12.04	9.123	-11.51	0.7703	9.822	7.111	8.044	2.012	-16.55	8.073	5.043	17.78	5.669	3.79	7.101	5.045	2.519	6.666	0.8674	12.3	4.629	1.88	3.17	5.703	6.516	8.555	6.302	0.2371	-4.671	4.989	1.605	15.22	6.648	2.196	3.608	2.853	13.37	7.658	-1.856	5.781	2.891	1.826	-0.6599	2.501	9.042
2.62	14.25	-3.981	6.159	-4.738	22.12	8.613	2.56	3.862	9.432	3.599	9.386	3.094	2.376	6.949	14.11	6.963	8.126	9.562	10.41	-9.407	0.8549	2.375	5.705	12.82	2.006	8.544	-5.714	8.71	10.65	4.066	2.731	10.71	1.847	-14.82	2.435	12.24	7.076	9.258	4.31	6.577	3.433	1.052	3.851	5.88	6.051	3.2	10.73	11.55	5.376	2.943	2.472	3.428	8.483	8.278	11.92	8.919	-11.76	0.7444	9.685	7.046	8.029	2.02	-16.92	8.008	4.87	17.59	5.602	3.663	6.941	4.946	2.507	6.521	0.7986	12.1	4.496	1.755	3.138	5.694	6.451	8.449	6.21	0.185	-4.983	4.97	1.512	14.99	6.562	2.129	3.505	2.791	13.13	7.427	-1.926	5.678	2.873	1.771	-0.7546	2.442	8.952
2.578	14.03	-4.089	6.052	-4.927	21.72	8.66	2.572	3.765	9.341	3.522	9.231	3.069	2.363	6.822	13.91	6.922	7.947	9.392	10.34	-9.654	0.8205	2.272	5.625	12.68	1.953	8.473	-5.859	8.64	10.64	4.014	2.619	10.51	1.786	-15.21	2.424	12.12	7.05	9.232	4.27	6.479	3.394	0.9907	3.844	5.807	6.051	3.154	10.47	11.6	5.4	2.938	2.413	3.386	8.306	8.254	11.81	8.716	-12.02	0.7184	9.548	6.981	8.014	2.029	-17.28	7.942	4.696	17.41	5.535	3.537	6.782	4.848	2.495	6.376	0.7298	11.89	4.362	1.629	3.106	5.684	6.386	8.342	6.119	0.1328	-5.295	4.95	1.419	14.76	6.476	2.063	3.403	2.73	12.9	7.196	-1.997	5.576	2.854	1.715	-0.8492	2.383	8.862
2.535	13.8	-4.197	5.944	-5.116	21.32	8.706	2.585	3.669	9.25	3.445	9.075	3.045	2.349	6.696	13.71	6.881	7.767	9.223	10.27	-9.9	0.786	2.168	5.546	12.55	1.899	8.402	-6.004	8.571	10.63	3.962	2.508	10.32	1.725	-15.61	2.413	12.01	7.024	9.205	4.231	6.382	3.355	0.9289	3.837	5.733	6.051	3.109	10.21	11.65	5.425	2.933	2.354	3.344	8.13	8.23	11.7	8.512	-12.27	0.6925	9.41	6.917	7.999	2.038	-17.65	7.877	4.522	17.22	5.468	3.411	6.622	4.75	2.483	6.231	0.6611	11.69	4.229	1.503	3.074	5.675	6.322	8.236	6.027	0.08064	-5.607	4.931	1.327	14.53	6.39	1.996	3.301	2.669	12.67	6.966	-2.067	5.473	2.835	1.66	-0.9438	2.324	8.772
2.493	13.58	-4.305	5.837	-5.305	20.91	8.753	2.597	3.573	9.159	3.367	8.919	3.02	2.336	6.569	13.5	6.84	7.588	9.054	10.2	-10.15	0.7515	2.064	5.466	12.41	1.846	8.331	-6.149	8.501	10.62	3.909	2.397	10.12	1.664	-16.01	2.402	11.9	6.999	9.179	4.192	6.284	3.316	0.8672	3.83	5.66	6.052	3.063	9.952	11.7	5.45	2.928	2.296	3.301	7.954	8.206	11.58	8.309	-12.53	0.6666	9.273	6.852	7.984	2.047	-18.01	7.811	4.348	17.03	5.402	3.285	6.462	4.651	2.472	6.086	0.5923	11.49	4.096	1.378	3.042	5.665	6.257	8.129	5.935	0.02847	-5.919	4.911	1.234	14.31	6.304	1.93	3.198	2.607	12.43	6.735	-2.137	5.37	2.816	1.605	-1.038	2.265	8.682
2.451	13.36	-4.412	5.729	-5.495	20.51	8.8	2.609	3.476	9.068	3.29	8.764	2.996	2.323	6.442	13.3	6.799	7.409	8.884	10.14	-10.39	0.7171	1.961	5.386	12.27	1.793	8.259	-6.294	8.432	10.61	3.857	2.285	9.928	1.603	-16.41	2.391	11.79	6.973	9.153	4.152	6.186	3.277	0.8054	3.824	5.586	6.052	3.017	9.692	11.75	5.474	2.924	2.237	3.259	7.778	8.183	11.47	8.105	-12.78	0.6407	9.136	6.788	7.969	2.055	-18.37	7.746	4.174	16.85	5.335	3.158	6.302	4.553	2.46	5.941	0.5235	11.29	3.962	1.252	3.01	5.656	6.192	8.023	5.844	-0.02369	-6.231	4.892	1.141	14.08	6.218	1.863	3.096	2.546	12.2	6.505	-2.208	5.267	2.797	1.55	-1.133	2.206	8.592
2.409	13.14	-4.52	5.622	-5.684	20.11	8.847	2.622	3.38	8.976	3.213	8.608	2.971	2.31	6.316	13.1	6.758	7.23	8.715	10.07	-10.64	0.6826	1.857	5.306	12.14	1.74	8.188	-6.439	8.362	10.6	3.805	2.174	9.733	1.542	-16.81	2.38	11.68	6.947	9.127	4.113	6.088	3.238	0.7437	3.817	5.512	6.052	2.971	9.432	11.8	5.499	2.919	2.179	3.217	7.602	8.159	11.35	7.902	-13.03	0.6147	8.998	6.723	7.954	2.064	-18.74	7.68	4	16.66	5.268	3.032	6.143	4.455	2.448	5.796	0.4547	11.09	3.829	1.127	2.978	5.647	6.128	7.916	5.752	-0.07586	-6.543	4.872	1.048	13.85	6.132	1.797	2.994	2.485	11.96	6.274	-2.278	5.164	2.779	1.495	-1.228	2.147	8.503
2.367	12.92	-4.628	5.515	-5.873	19.71	8.893	2.634	3.284	8.885	3.136	8.453	2.947	2.297	6.189	12.89	6.717	7.051	8.546	10	-10.89	0.6482	1.753	5.226	12	1.686	8.117	-6.584	8.292	10.6	3.752	2.062	9.537	1.481	-17.21	2.369	11.57	6.922	9.101	4.074	5.99	3.199	0.6819	3.81	5.439	6.052	2.925	9.171	11.85	5.524	2.914	2.12	3.175	7.425	8.135	11.24	7.698	-13.29	0.5888	8.861	6.659	7.939	2.073	-19.1	7.615	3.826	16.48	5.201	2.906	5.983	4.357	2.437	5.651	0.3859	10.89	3.696	1.001	2.946	5.637	6.063	7.81	5.661	-0.128	-6.855	4.853	0.9555	13.62	6.045	1.73	2.891	2.424	11.73	6.043	-2.348	5.061	2.76	1.44	-1.322	2.088	8.413
2.325	12.69	-4.736	5.407	-6.062	19.3	8.94	2.646	3.187	8.794	3.059	8.297	2.922	2.284	6.063	12.69	6.676	6.871	8.376	9.936	-11.13	0.6137	1.65	5.147	11.87	1.633	8.046	-6.729	8.223	10.59	3.7	1.951	9.342	1.42	-17.61	2.358	11.46	6.896	9.075	4.034	5.893	3.16	0.6202	3.803	5.365	6.052	2.879	8.911	11.9	5.548	2.909	2.061	3.133	7.249	8.111	11.13	7.495	-13.54	0.5629	8.723	6.594	7.923	2.081	-19.46	7.549	3.652	16.29	5.134	2.78	5.823	4.258	2.425	5.506	0.3171	10.69	3.562	0.8753	2.914	5.628	5.998	7.704	5.569	-0.1802	-7.167	4.833	0.8628	13.39	5.959	1.664	2.789	2.362	11.49	5.813	-2.419	4.958	2.741	1.384	-1.417	2.029	8.323
2.283	12.47	-4.844	5.3	-6.251	18.9	8.987	2.659	3.091	8.703	2.982	8.142	2.898	2.271	5.936	12.49	6.635	6.692	8.207	9.869	-11.38	0.5792	1.546	5.067	11.73	1.58	7.975	-6.874	8.153	10.58	3.648	1.84	9.146	1.359	-18.01	2.348	11.35	6.87	9.049	3.995	5.795	3.121	0.5584	3.796	5.292	6.052	2.833	8.651	11.95	5.573	2.904	2.003	3.09	7.073	8.087	11.01	7.291	-13.8	0.537	8.586	6.53	7.908	2.09	-19.83	7.484	3.478	16.11	5.067	2.653	5.664	4.16	2.413	5.362	0.2484	10.49	3.429	0.7497	2.882	5.619	5.934	7.597	5.478	-0.2324	-7.479	4.814	0.77	13.16	5.873	1.597	2.687	2.301	11.26	5.582	-2.489	4.855	2.722	1.329	-1.512	1.97	8.233
2.241	12.25	-4.951	5.192	-6.44	18.5	9.034	2.671	2.995	8.612	2.905	7.986	2.873	2.258	5.81	12.29	6.594	6.513	8.038	9.801	-11.63	0.5448	1.443	4.987	11.59	1.527	7.904	-7.019	8.083	10.57	3.595	1.728	8.951	1.298	-18.41	2.337	11.24	6.844	9.023	3.956	5.697	3.082	0.4967	3.79	5.218	6.053	2.787	8.391	12	5.597	2.899	1.944	3.048	6.897	8.064	10.9	7.088	-14.05	0.511	8.449	6.465	7.893	2.099	-20.19	7.418	3.304	15.92	5	2.527	5.504	4.062	2.401	5.217	0.1796	10.29	3.296	0.624	2.85	5.609	5.869	7.491	5.386	-0.2845	-7.791	4.794	0.6772	12.93	5.787	1.531	2.584	2.24	11.03	5.351	-2.559	4.753	2.704	1.274	-1.606	1.912	8.143
2.199	12.03	-5.059	5.085	-6.629	18.1	9.08	2.683	2.898	8.521	2.828	7.83	2.849	2.245	5.683	12.08	6.552	6.334	7.868	9.734	-11.87	0.5103	1.339	4.907	11.46	1.473	7.832	-7.164	8.014	10.56	3.543	1.617	8.756	1.237	-18.81	2.326	11.13	6.819	8.997	3.916	5.599	3.043	0.4349	3.783	5.145	6.053	2.741	8.13	12.05	5.622	2.894	1.885	3.006	6.721	8.04	10.78	6.885	-14.3	0.4851	8.311	6.401	7.878	2.108	-20.56	7.353	3.13	15.73	4.933	2.401	5.344	3.963	2.39	5.072	0.1108	10.09	3.162	0.4984	2.818	5.6	5.804	7.384	5.295	-0.3367	-8.103	4.775	0.5844	12.7	5.701	1.464	2.482	2.178	10.79	5.121	-2.63	4.65	2.685	1.219	-1.701	1.853	8.053
2.156	11.81	-5.167	4.978	-6.819	17.69	9.127	2.696	2.802	8.43	2.751	7.675	2.824	2.232	5.557	11.88	6.511	6.155	7.699	9.667	-12.12	0.4759	1.235	4.827	11.32	1.42	7.761	-7.309	7.944	10.55	3.491	1.505	8.56	1.176	-19.21	2.315	11.02	6.793	8.971	3.877	5.502	3.004	0.3732	3.776	5.071	6.053	2.696	7.87	12.1	5.647	2.89	1.827	2.964	6.544	8.016	10.67	6.681	-14.56	0.4592	8.174	6.336	7.863	2.116	-20.92	7.287	2.956	15.55	4.866	2.275	5.185	3.865	2.378	4.927	0.04202	9.884	3.029	0.3728	2.786	5.59	5.74	7.278	5.203	-0.3888	-8.415	4.755	0.4917	12.47	5.615	1.398	2.38	2.117	10.56	4.89	-2.7	4.547	2.666	1.164	-1.796	1.794	7.963
2.114	11.58	-5.275	4.87	-7.008	17.29	9.174	2.708	2.706	8.339	2.673	7.519	2.799	2.219	5.43	11.68	6.47	5.976	7.529	9.6	-12.37	0.4414	1.132	4.748	11.19	1.367	7.69	-7.454	7.875	10.55	3.439	1.394	8.365	1.115	-19.6	2.304	10.9	6.767	8.945	3.838	5.404	2.965	0.3114	3.769	4.998	6.053	2.65	7.61	12.15	5.671	2.885	1.768	2.922	6.368	7.992	10.56	6.478	-14.81	0.4333	8.037	6.272	7.848	2.125	-21.28	7.222	2.782	15.36	4.8	2.148	5.025	3.767	2.366	4.782	-0.02676	9.683	2.896	0.2472	2.754	5.581	5.675	7.171	5.111	-0.441	-8.727	4.736	0.3989	12.24	5.529	1.331	2.277	2.056	10.32	4.66	-2.77	4.444	2.647	1.109	-1.89	1.735	7.873
2.072	11.36	-5.383	4.763	-7.197	16.89	9.221	2.72	2.609	8.248	2.596	7.364	2.775	2.205	5.304	11.48	6.429	5.796	7.36	9.533	-12.62	0.407	1.028	4.668	11.05	1.314	7.619	-7.599	7.805	10.54	3.386	1.283	8.169	1.054	-20	2.293	10.79	6.742	8.919	3.798	5.306	2.925	0.2497	3.762	4.924	6.053	2.604	7.35	12.2	5.696	2.88	1.71	2.879	6.192	7.968	10.44	6.274	-15.07	0.4073	7.899	6.207	7.833	2.134	-21.65	7.157	2.608	15.18	4.733	2.022	4.865	3.668	2.354	4.637	-0.09554	9.482	2.762	0.1215	2.723	5.572	5.61	7.065	5.02	-0.4932	-9.039	4.716	0.3061	12.01	5.443	1.265	2.175	1.995	10.09	4.429	-2.841	4.341	2.629	1.054	-1.985	1.676	7.783
2.03	11.14	-5.49	4.656	-7.386	16.49	9.267	2.733	2.513	8.157	2.519	7.208	2.75	2.192	5.177	11.27	6.388	5.617	7.191	9.465	-12.86	0.3725	0.9244	4.588	10.91	1.261	7.548	-7.744	7.735	10.53	3.334	1.171	7.974	0.9927	-20.4	2.282	10.68	6.716	8.893	3.759	5.208	2.886	0.1879	3.756	4.851	6.053	2.558	7.089	12.25	5.721	2.875	1.651	2.837	6.016	7.945	10.33	6.071	-15.32	0.3814	7.762	6.143	7.818	2.143	-22.01	7.091	2.434	14.99	4.666	1.896	4.706	3.57	2.343	4.492	-0.1643	9.281	2.629	-0.004077	2.691	5.562	5.546	6.958	4.928	-0.5453	-9.351	4.697	0.2133	11.78	5.357	1.198	2.073	1.933	9.854	4.198	-2.911	4.238	2.61	0.9984	-2.079	1.617	7.694
1.988	10.92	-5.598	4.548	-7.575	16.08	9.314	2.745	2.417	8.065	2.442	7.053	2.726	2.179	5.051	11.07	6.347	5.438	7.021	9.398	-13.11	0.338	0.8208	4.508	10.78	1.207	7.477	-7.889	7.666	10.52	3.282	1.06	7.778	0.9317	-20.8	2.271	10.57	6.69	8.867	3.72	5.111	2.847	0.1262	3.749	4.777	6.053	2.512	6.829	12.3	5.745	2.87	1.592	2.795	5.84	7.921	10.21	5.867	-15.57	0.3555	7.625	6.078	7.803	2.151	-22.37	7.026	2.26	14.8	4.599	1.77	4.546	3.472	2.331	4.347	-0.2331	9.08	2.496	-0.1297	2.659	5.553	5.481	6.852	4.837	-0.5975	-9.663	4.677	0.1206	11.55	5.27	1.132	1.97	1.872	9.619	3.968	-2.982	4.135	2.591	0.9433	-2.174	1.558	7.604
1.946	10.7	-5.706	4.441	-7.764	15.68	9.361	2.757	2.32	7.974	2.365	6.897	2.701	2.166	4.924	10.87	6.306	5.259	6.852	9.331	-13.36	0.3036	0.7172	4.429	10.64	1.154	7.406	-8.034	7.596	10.51	3.229	0.9484	7.583	0.8707	-21.2	2.26	10.46	6.665	8.841	3.68	5.013	2.808	0.06445	3.742	4.704	6.054	2.466	6.569	12.35	5.77	2.865	1.534	2.753	5.664	7.897	10.1	5.664	-15.83	0.3296	7.487	6.014	7.787	2.16	-22.74	6.96	2.086	14.62	4.532	1.643	4.386	3.374	2.319	4.202	-0.3019	8.879	2.362	-0.2553	2.627	5.544	5.416	6.746	4.745	-0.6497	-9.975	4.658	0.02779	11.32	5.184	1.066	1.868	1.811	9.385	3.737	-3.052	4.032	2.572	0.8881	-2.269	1.499	7.514
1.904	10.47	-5.814	4.333	-7.953	15.28	9.408	2.769	2.224	7.883	2.288	6.741	2.677	2.153	4.798	10.67	6.265	5.08	6.683	9.264	-13.6	0.2691	0.6136	4.349	10.51	1.101	7.334	-8.179	7.526	10.5	3.177	0.837	7.388	0.8097	-21.6	2.25	10.35	6.639	8.815	3.641	4.915	2.769	0.002707	3.735	4.63	6.054	2.42	6.309	12.4	5.794	2.86	1.475	2.711	5.487	7.873	9.986	5.46	-16.08	0.3036	7.35	5.949	7.772	2.169	-23.1	6.895	1.912	14.43	4.465	1.517	4.227	3.275	2.307	4.057	-0.3707	8.678	2.229	-0.381	2.595	5.534	5.352	6.639	4.654	-0.7018	-10.29	4.638	-0.06499	11.09	5.098	0.9991	1.765	1.749	9.151	3.507	-3.122	3.93	2.553	0.833	-2.363	1.44	7.424
1.862	10.25	-5.922	4.226	-8.142	14.88	9.454	2.782	2.128	7.792	2.211	6.586	2.652	2.14	4.671	10.46	6.224	4.9	6.513	9.196	-13.85	0.2347	0.51	4.269	10.37	1.048	7.263	-8.324	7.457	10.5	3.125	0.7256	7.192	0.7487	-22	2.239	10.24	6.613	8.788	3.602	4.817	2.73	-0.05904	3.728	4.556	6.054	2.374	6.048	12.45	5.819	2.855	1.416	2.668	5.311	7.849	9.872	5.257	-16.34	0.2777	7.213	5.885	7.757	2.177	-23.47	6.829	1.738	14.25	4.398	1.391	4.067	3.177	2.296	3.913	-0.4394	8.477	2.096	-0.5066	2.563	5.525	5.287	6.533	4.562	-0.754	-10.6	4.619	-0.1578	10.86	5.012	0.9326	1.663	1.688	8.916	3.276	-3.193	3.827	2.535	0.7778	-2.458	1.381	7.334
1.82	10.03	-6.029	4.119	-8.332	14.47	9.501	2.794	2.031	7.701	2.134	6.43	2.628	2.127	4.544	10.26	6.183	4.721	6.344	9.129	-14.1	0.2002	0.4063	4.189	10.23	0.9944	7.192	-8.469	7.387	10.49	3.072	0.6142	6.997	0.6877	-22.4	2.228	10.13	6.588	8.762	3.562	4.72	2.691	-0.1208	3.722	4.483	6.054	2.328	5.788	12.5	5.844	2.851	1.358	2.626	5.135	7.826	9.758	5.053	-16.59	0.2518	7.075	5.82	7.742	2.186	-23.83	6.764	1.564	14.06	4.331	1.265	3.907	3.079	2.284	3.768	-0.5082	8.276	1.962	-0.6322	2.531	5.516	5.222	6.426	4.471	-0.8062	-10.91	4.599	-0.2505	10.63	4.926	0.8661	1.561	1.627	8.682	3.045	-3.263	3.724	2.516	0.7227	-2.553	1.322	7.244
1.777	9.809	-6.137	4.011	-8.521	14.07	9.548	2.806	1.935	7.61	2.057	6.275	2.603	2.114	4.418	10.06	6.142	4.542	6.174	9.062	-14.34	0.1658	0.3027	4.109	10.1	0.9412	7.121	-8.614	7.318	10.48	3.02	0.5028	6.801	0.6267	-22.8	2.217	10.02	6.562	8.736	3.523	4.622	2.652	-0.1825	3.715	4.409	6.054	2.282	5.528	12.55	5.868	2.846	1.299	2.584	4.959	7.802	9.644	4.85	-16.84	0.2259	6.938	5.756	7.727	2.195	-24.19	6.698	1.39	13.87	4.264	1.138	3.748	2.98	2.272	3.623	-0.577	8.075	1.829	-0.7578	2.499	5.506	5.158	6.32	4.379	-0.8583	-11.22	4.58	-0.3433	10.4	4.84	0.7996	1.458	1.566	8.448	2.815	-3.333	3.621	2.497	0.6675	-2.647	1.264	7.154
1.735	9.587	-6.245	3.904	-8.71	13.67	9.595	2.819	1.839	7.519	1.979	6.119	2.579	2.101	4.291	9.854	6.101	4.363	6.005	8.995	-14.59	0.1313	0.1991	4.03	9.962	0.8879	7.05	-8.759	7.248	10.47	2.968	0.3914	6.606	0.5658	-23.2	2.206	9.907	6.536	8.71	3.484	4.524	2.613	-0.2443	3.708	4.336	6.054	2.237	5.267	12.6	5.893	2.841	1.241	2.542	4.783	7.778	9.53	4.646	-17.1	0.1999	6.801	5.691	7.712	2.204	-24.56	6.633	1.216	13.69	4.197	1.012	3.588	2.882	2.261	3.478	-0.6458	7.874	1.696	-0.8835	2.467	5.497	5.093	6.213	4.287	-0.9105	-11.53	4.56	-0.4361	10.17	4.754	0.7332	1.356	1.504	8.214	2.584	-3.404	3.518	2.478	0.6124	-2.742	1.205	7.064
1.693	9.365	-6.353	3.796	-8.899	13.27	9.641	2.831	1.742	7.428	1.902	5.963	2.554	2.088	4.165	9.652	6.06	4.184	5.836	8.927	-14.84	0.09684	0.09547	3.95	9.826	0.8347	6.979	-8.904	7.178	10.46	2.915	0.28	6.41	0.5048	-23.6	2.195	9.796	6.511	8.684	3.445	4.426	2.574	-0.306	3.701	4.262	6.055	2.191	5.007	12.65	5.918	2.836	1.182	2.5	4.606	7.754	9.417	4.443	-17.35	0.174	6.663	5.627	7.697	2.212	-24.92	6.567	1.042	13.5	4.131	0.8858	3.428	2.784	2.249	3.333	-0.7146	7.673	1.562	-1.009	2.435	5.487	5.028	6.107	4.196	-0.9627	-11.85	4.541	-0.5289	9.939	4.668	0.6667	1.254	1.443	7.979	2.354	-3.474	3.415	2.46	0.5572	-2.837	1.146	6.974
1.651	9.143	-6.461	3.689	-9.088	12.86	9.688	2.843	1.646	7.337	1.825	5.808	2.53	2.075	4.038	9.449	6.019	4.005	5.666	8.86	-15.08	0.06239	-0.008156	3.87	9.69	0.7815	6.907	-9.049	7.109	10.45	2.863	0.1686	6.215	0.4438	-23.99	2.184	9.685	6.485	8.658	3.405	4.329	2.535	-0.3678	3.695	4.189	6.055	2.145	4.747	12.7	5.942	2.831	1.123	2.457	4.43	7.73	9.303	4.24	-17.61	0.1481	6.526	5.562	7.682	2.221	-25.28	6.502	0.868	13.32	4.064	0.7596	3.269	2.685	2.237	3.188	-0.7833	7.472	1.429	-1.135	2.403	5.478	4.964	6	4.104	-1.015	-12.16	4.521	-0.6216	9.709	4.582	0.6002	1.151	1.382	7.745	2.123	-3.544	3.312	2.441	0.5021	-2.931	1.087	6.884
1.609	8.921	-6.568	3.582	-9.277	12.46	9.735	2.856	1.55	7.245	1.748	5.652	2.505	2.061	3.912	9.246	5.978	3.825	5.497	8.793	-15.33	0.02793	-0.1118	3.79	9.554	0.7282	6.836	-9.194	7.039	10.45	2.811	0.05724	6.019	0.3828	-24.39	2.173	9.574	6.459	8.632	3.366	4.231	2.496	-0.4295	3.688	4.115	6.055	2.099	4.487	12.75	5.967	2.826	1.065	2.415	4.254	7.707	9.189	4.036	-17.86	0.1222	6.389	5.498	7.667	2.23	-25.65	6.436	0.694	13.13	3.997	0.6333	3.109	2.587	2.225	3.043	-0.8521	7.271	1.296	-1.26	2.371	5.469	4.899	5.894	4.013	-1.067	-12.47	4.502	-0.7144	9.479	4.496	0.5338	1.049	1.321	7.511	1.892	-3.615	3.209	2.422	0.4469	-3.026	1.028	6.795
1.567	8.699	-6.676	3.474	-9.466	12.06	9.782	2.868	1.453	7.154	1.671	5.497	2.48	2.048	3.785	9.044	5.937	3.646	5.328	8.726	-15.58	-0.00653	-0.2154	3.71	9.418	0.675	6.765	-9.339	6.97	10.44	2.758	-0.05416	5.824	0.3218	-24.79	2.162	9.463	6.434	8.606	3.327	4.133	2.457	-0.4913	3.681	4.042	6.055	2.053	4.226	12.8	5.992	2.821	1.006	2.373	4.078	7.683	9.075	3.833	-18.11	0.09623	6.251	5.433	7.651	2.238	-26.01	6.371	0.52	12.94	3.93	0.5071	2.949	2.489	2.214	2.898	-0.9209	7.07	1.163	-1.386	2.339	5.459	4.834	5.788	3.921	-1.119	-12.78	4.482	-0.8072	9.249	4.409	0.4673	0.9467	1.259	7.276	1.662	-3.685	3.107	2.403	0.3918	-3.12	0.969	6.705
1.525	8.477	-6.784	3.367	-9.656	11.66	9.828	2.88	1.357	7.063	1.594	5.341	2.456	2.035	3.659	8.841	5.896	3.467	5.158	8.658	-15.82	-0.04099	-0.319	3.631	9.282	0.6218	6.694	-9.484	6.9	10.43	2.706	-0.1656	5.629	0.2608	-25.19	2.151	9.352	6.408	8.58	3.287	4.035	2.417	-0.553	3.674	3.968	6.055	2.007	3.966	12.85	6.016	2.816	0.9475	2.331	3.902	7.659	8.961	3.629	-18.37	0.07031	6.114	5.369	7.636	2.247	-26.38	6.305	0.346	12.76	3.863	0.3808	2.79	2.391	2.202	2.753	-0.9897	6.869	1.029	-1.512	2.307	5.45	4.77	5.681	3.83	-1.171	-13.09	4.463	-0.9	9.02	4.323	0.4008	0.8443	1.198	7.042	1.431	-3.755	3.004	2.385	0.3366	-3.215	0.9101	6.615
1.483	8.255	-6.892	3.26	-9.845	11.25	9.875	2.893	1.261	6.972	1.517	5.186	2.431	2.022	3.532	8.638	5.855	3.288	4.989	8.591	-16.07	-0.07545	-0.4226	3.551	9.146	0.5685	6.623	-9.629	6.83	10.42	2.654	-0.277	5.433	0.1998	-25.59	2.141	9.241	6.382	8.554	3.248	3.938	2.378	-0.6148	3.667	3.895	6.055	1.961	3.706	12.9	6.041	2.812	0.8888	2.288	3.725	7.635	8.847	3.426	-18.62	0.04439	5.976	5.304	7.621	2.256	-26.74	6.24	0.172	12.57	3.796	0.2546	2.63	2.292	2.19	2.609	-1.058	6.668	0.8959	-1.637	2.275	5.441	4.705	5.575	3.738	-1.223	-13.41	4.443	-0.9927	8.79	4.237	0.3344	0.742	1.137	6.808	1.2	-3.826	2.901	2.366	0.2815	-3.31	0.8512	6.525
1.441	8.033	-7	3.152	-10.03	10.85	9.922	2.905	1.164	6.881	1.44	5.03	2.407	2.009	3.406	8.435	5.814	3.109	4.82	8.524	-16.32	-0.1099	-0.5263	3.471	9.011	0.5153	6.552	-9.774	6.761	10.41	2.601	-0.3884	5.238	0.1388	-25.99	2.13	9.13	6.357	8.528	3.209	3.84	2.339	-0.6765	3.661	3.821	6.056	1.915	3.446	12.95	6.065	2.807	0.8302	2.246	3.549	7.611	8.733	3.222	-18.88	0.01846	5.839	5.24	7.606	2.265	-27.1	6.174	-0.001936	12.39	3.729	0.1283	2.47	2.194	2.178	2.464	-1.127	6.467	0.7625	-1.763	2.243	5.431	4.64	5.468	3.647	-1.276	-13.72	4.424	-1.086	8.56	4.151	0.2679	0.6396	1.075	6.573	0.9699	-3.896	2.798	2.347	0.2263	-3.404	0.7923	6.435
1.398	7.811	-7.107	3.045	-10.22	10.45	9.969	2.917	1.068	6.79	1.363	4.874	2.382	1.996	3.279	8.233	5.773	2.929	4.65	8.457	-16.56	-0.1444	-0.6299	3.391	8.875	0.4621	6.481	-9.919	6.691	10.4	2.549	-0.4997	5.042	0.07784	-26.39	2.119	9.019	6.331	8.502	3.169	3.742	2.3	-0.7383	3.654	3.748	6.056	1.869	3.185	13	6.09	2.802	0.7716	2.204	3.373	7.588	8.619	3.019	-19.13	-0.007464	5.702	5.175	7.591	2.273	-27.47	6.109	-0.1759	12.2	3.662	0.002059	2.31	2.096	2.167	2.319	-1.196	6.266	0.6292	-1.888	2.211	5.422	4.576	5.362	3.555	-1.328	-14.03	4.404	-1.178	8.33	4.065	0.2014	0.5373	1.014	6.339	0.7392	-3.966	2.695	2.328	0.1712	-3.499	0.7334	6.345
1.356	7.589	-7.215	2.937	-10.41	10.05	10.02	2.93	0.9718	6.699	1.285	4.719	2.358	1.983	3.153	8.03	5.731	2.75	4.481	8.39	-16.81	-0.1788	-0.7335	3.312	8.739	0.4089	6.409	-10.06	6.621	10.4	2.497	-0.6111	4.847	0.01685	-26.79	2.108	8.908	6.305	8.476	3.13	3.644	2.261	-0.8	3.647	3.674	6.056	1.823	2.925	13.05	6.115	2.797	0.713	2.162	3.197	7.564	8.505	2.815	-19.38	-0.03339	5.564	5.111	7.576	2.282	-27.83	6.043	-0.3499	12.01	3.595	-0.1242	2.151	1.997	2.155	2.174	-1.265	6.065	0.4959	-2.014	2.179	5.413	4.511	5.255	3.463	-1.38	-14.34	4.385	-1.271	8.1	3.979	0.1349	0.4349	0.9529	6.105	0.5086	-4.037	2.592	2.309	0.116	-3.594	0.6745	6.255
1.314	7.367	-7.323	2.83	-10.6	9.645	10.06	2.942	0.8754	6.608	1.208	4.563	2.333	1.97	3.026	7.827	5.69	2.571	4.311	8.322	-17.06	-0.2133	-0.8371	3.232	8.603	0.3556	6.338	-10.21	6.552	10.39	2.444	-0.7225	4.651	-0.04414	-27.19	2.097	8.798	6.28	8.45	3.091	3.547	2.222	-0.8617	3.64	3.6	6.056	1.778	2.665	13.1	6.139	2.792	0.6544	2.12	3.021	7.54	8.391	2.612	-19.64	-0.05931	5.427	5.046	7.561	2.291	-28.19	5.978	-0.5239	11.83	3.528	-0.2504	1.991	1.899	2.143	2.029	-1.334	5.864	0.3626	-2.14	2.148	5.403	4.446	5.149	3.372	-1.432	-14.65	4.365	-1.364	7.871	3.893	0.06847	0.3326	0.8916	5.871	0.278	-4.107	2.489	2.291	0.06087	-3.688	0.6156	6.165
1.272	7.145	-7.431	2.723	-10.79	9.243	10.11	2.954	0.7791	6.517	1.131	4.408	2.309	1.957	2.9	7.625	5.649	2.392	4.142	8.255	-17.3	-0.2477	-0.9407	3.152	8.467	0.3024	6.267	-10.35	6.482	10.38	2.392	-0.8339	4.456	-0.1051	-27.59	2.086	8.687	6.254	8.424	3.051	3.449	2.183	-0.9235	3.633	3.527	6.056	1.732	2.405	13.15	6.164	2.787	0.5957	2.077	2.845	7.516	8.277	2.408	-19.89	-0.08524	5.29	4.982	7.546	2.3	-28.56	5.912	-0.6979	11.64	3.462	-0.3767	1.831	1.801	2.131	1.884	-1.402	5.663	0.2292	-2.265	2.116	5.394	4.382	5.042	3.28	-1.484	-14.97	4.346	-1.457	7.641	3.807	0.001997	0.2302	0.8303	5.636	0.04741	-4.177	2.387	2.272	0.005716	-3.783	0.5567	6.075
1.23	6.923	-7.539	2.615	-10.98	8.84	10.16	2.967	0.6828	6.426	1.054	4.252	2.284	1.944	2.773	7.422	5.608	2.213	3.973	8.188	-17.55	-0.2822	-1.044	3.072	8.331	0.2492	6.196	-10.5	6.413	10.37	2.34	-0.9453	4.261	-0.1661	-27.99	2.075	8.576	6.228	8.397	3.012	3.351	2.144	-0.9852	3.627	3.453	6.056	1.686	2.144	13.2	6.189	2.782	0.5371	2.035	2.668	7.492	8.163	2.205	-20.15	-0.1112	5.152	4.917	7.53	2.308	-28.92	5.847	-0.8718	11.46	3.395	-0.5029	1.672	1.702	2.12	1.739	-1.471	5.462	0.09592	-2.391	2.084	5.384	4.317	4.936	3.189	-1.536	-15.28	4.326	-1.549	7.411	3.721	-0.06447	0.1279	0.769	5.402	-0.1832	-4.248	2.284	2.253	-0.04943	-3.878	0.4978	5.986
1.188	6.701	-7.646	2.508	-11.17	8.438	10.2	2.979	0.5864	6.334	0.9769	4.097	2.26	1.931	2.647	7.219	5.567	2.033	3.803	8.121	-17.8	-0.3166	-1.148	2.992	8.195	0.1959	6.125	-10.64	6.343	10.36	2.287	-1.057	4.065	-0.2271	-28.38	2.064	8.465	6.203	8.371	2.973	3.253	2.105	-1.047	3.62	3.38	6.056	1.64	1.884	13.25	6.213	2.777	0.4785	1.993	2.492	7.468	8.049	2.001	-20.4	-0.1371	5.015	4.853	7.515	2.317	-29.29	5.782	-1.046	11.27	3.328	-0.6292	1.512	1.604	2.108	1.594	-1.54	5.261	-0.03741	-2.517	2.052	5.375	4.252	4.83	3.097	-1.589	-15.59	4.307	-1.642	7.181	3.634	-0.1309	0.02555	0.7078	5.168	-0.4138	-4.318	2.181	2.234	-0.1046	-3.972	0.4389	5.896
1.146	6.479	-7.754	2.401	-11.36	8.035	10.25	2.991	0.4901	6.243	0.8998	3.941	2.235	1.917	2.52	7.017	5.526	1.854	3.634	8.053	-18.04	-0.3511	-1.252	2.913	8.059	0.1427	6.054	-10.79	6.273	10.35	2.235	-1.168	3.87	-0.2881	-28.78	2.053	8.354	6.177	8.345	2.933	3.156	2.066	-1.109	3.613	3.306	6.057	1.594	1.624	13.3	6.238	2.773	0.4199	1.951	2.316	7.445	7.935	1.798	-20.65	-0.163	4.878	4.788	7.5	2.326	-29.65	5.716	-1.22	11.08	3.261	-0.7554	1.352	1.506	2.096	1.449	-1.609	5.06	-0.1707	-2.642	2.02	5.366	4.188	4.723	3.006	-1.641	-15.9	4.287	-1.735	6.951	3.548	-0.1974	-0.0768	0.6465	4.933	-0.6444	-4.388	2.078	2.216	-0.1597	-4.067	0.38	5.806
1.104	6.257	-7.862	2.293	-11.55	7.633	10.3	3.004	0.3938	6.152	0.8227	3.785	2.211	1.904	2.393	6.814	5.485	1.675	3.465	7.986	-18.29	-0.3856	-1.355	2.833	7.923	0.08948	5.982	-10.93	6.204	10.35	2.183	-1.28	3.674	-0.3491	-29.18	2.043	8.243	6.151	8.319	2.894	3.058	2.027	-1.17	3.606	3.233	6.057	1.548	1.363	13.35	6.262	2.768	0.3612	1.909	2.14	7.421	7.821	1.594	-20.91	-0.1889	4.74	4.724	7.485	2.334	-30.01	5.651	-1.394	10.9	3.194	-0.8817	1.193	1.408	2.085	1.305	-1.677	4.859	-0.3041	-2.768	1.988	5.356	4.123	4.617	2.914	-1.693	-16.21	4.268	-1.828	6.722	3.462	-0.2639	-0.1792	0.5852	4.699	-0.875	-4.459	1.975	2.197	-0.2149	-4.161	0.3211	5.716
1.061	6.035	-7.97	2.186	-11.74	7.231	10.34	3.016	0.2975	6.061	0.7456	3.63	2.186	1.891	2.267	6.611	5.444	1.496	3.295	7.919	-18.54	-0.42	-1.459	2.753	7.787	0.03626	5.911	-11.08	6.134	10.34	2.131	-1.391	3.479	-0.4101	-29.58	2.032	8.132	6.126	8.293	2.855	2.96	1.988	-1.232	3.6	3.159	6.057	1.502	1.103	13.4	6.287	2.763	0.3026	1.866	1.964	7.397	7.707	1.391	-21.16	-0.2149	4.603	4.659	7.47	2.343	-30.38	5.585	-1.568	10.71	3.127	-1.008	1.033	1.309	2.073	1.16	-1.746	4.658	-0.4374	-2.893	1.956	5.347	4.058	4.51	2.823	-1.745	-16.53	4.248	-1.921	6.492	3.376	-0.3304	-0.2815	0.5239	4.465	-1.106	-4.529	1.872	2.178	-0.27	-4.256	0.2622	5.626
1.019	5.813	-8.078	2.078	-11.93	6.828	10.39	3.028	0.2011	5.97	0.6685	3.474	2.161	1.878	2.14	6.408	5.403	1.317	3.126	7.852	-18.79	-0.4545	-1.562	2.673	7.651	-0.01697	5.84	-11.22	6.064	10.33	2.078	-1.502	3.283	-0.4711	-29.98	2.021	8.021	6.1	8.267	2.815	2.862	1.949	-1.294	3.593	3.086	6.057	1.456	0.8429	13.45	6.312	2.758	0.244	1.824	1.787	7.373	7.593	1.188	-21.42	-0.2408	4.466	4.595	7.455	2.352	-30.74	5.52	-1.742	10.53	3.06	-1.134	0.8734	1.211	2.061	1.015	-1.815	4.457	-0.5707	-3.019	1.924	5.338	3.994	4.404	2.731	-1.797	-16.84	4.229	-2.013	6.262	3.29	-0.3968	-0.3839	0.4626	4.23	-1.336	-4.599	1.769	2.159	-0.3252	-4.351	0.2033	5.536
