2.758	-0.1447	4.717	3.239	5.544	2.109	0.002818	5.332	4.445	3.146	1.261	4.893	1.418	0.974	2.548	2.92	1.033	2.965	4.544	3.674	3.286	4.131	4.177	5.462	4.021	0.5204	3.093	1.436	2.138	5.176	1.12	0.4857	4.385	1.983	4.676	5.174	4.725	1.203	2.98	1.362	4.68	3.689	4.576	3.441	3.843	3.866	0.5851	2.722	0.5621	1.066	0.4352	-0.1441	-0.2774	0.424	1.956	1.838	3.183	0.4172	3.284	2.997	0.3953	2.367	3.397	3.278	0.311	4.074	4.914	3.516	4.559	3.475	2.199	3.545	3.632	4.443	5.07	2.3	3.73	4.976	2.899	3.934	4.734	3.514	0.4052	4.3	5.217	4.801	4.629	4.198	6.595	3.051	1.2	3.582	3.359	0.9224	2.045	1.289	3.381	3.926	3.911	1.486
4.192	2.337	3.979	1.396	2.858	1.372	2.247	3.203	6.638	3.648	2.481	3.057	2.741	3.324	3.021	2.644	3.131	2.914	2.498	3.899	1.918	3.272	2.908	5.973	3.958	0.52	3.613	3.67	4.162	1.323	1.541	4.694	3.844	3.772	4.628	3.487	2.366	4.945	5.177	2.387	4.702	0.7074	3.836	2.693	3.509	1.627	1.326	1.392	4.546	2.557	4.281	4.686	1.668	4.237	1.463	3.17	2.57	4.079	3.939	2.113	4.37	3.778	1.085	3.045	3.801	1.991	4.199	2.434	2.672	4.365	3.73	2.619	3.5	1.064	3.777	5.075	0.1606	1.302	2.003	2.34	1.87	2.535	-0.5738	2.34	2.911	2.778	2.15	-1.252	4.915	3.052	3.528	5.422	1.936	0.2912	6.234	1.658	1.401	5.505	3.364	0.1259
4.422	2.049	3.114	3.189	2.826	3.232	1.328	4.133	2.847	3.391	4.004	4.761	2.595	3.006	2.417	3.782	2.929	3.333	5.313	3.528	0.9348	2.686	3.624	3.837	1.939	4.347	3.276	3.355	3.628	-0.2155	1.941	0.5315	2.261	4.565	4.067	4.365	5.382	2.069	1.027	1.481	2.812	6.032	2.105	4.475	5.178	2.949	3.299	2.705	2.347	5.485	2.182	2.874	0.5832	3.737	2.612	1.359	3.398	2.254	1.801	4.537	1.403	0.89	2.762	3.788	3.494	2.018	4.399	2.454	4.4	2.973	3.039	3.555	1.906	2.448	3.109	3.333	3.55	2.057	4.635	1.677	4.481	1.19	2.79	5.479	2.222	2.964	3.34	4.431	3.256	1.028	5.28	3.451	1.664	1.931	6.513	1.634	1.97	4.374	4.019	5.223
2.258	1.762	5.026	2.576	4.488	1.953	3.701	2.203	4.883	2.81	2.716	2.639	3.539	2.373	3.889	3.44	6.772	3.531	4.273	3.843	3.859	2.5	4.275	5.944	2.264	3.334	3.055	3.56	4.268	3.705	2.691	5.712	-0.2209	2.536	2.768	2.064	1.478	3.525	2.524	4.845	4.003	5.368	2.268	2.596	2.381	4.653	1.863	2.859	2.133	5.374	2.089	3.709	5.743	2.559	3.693	3.929	2.086	1.845	2.699	3.541	5.328	3.233	2.457	2.564	1.788	3.631	2.342	1.715	3.725	2.035	1.417	4.009	3.905	3.787	4.715	3.7	1.585	5.26	2.298	5.095	2.808	2.354	2.356	3.977	4.37	2.132	4.366	2.384	3.962	2.836	2.42	2.324	3.519	2.442	4.464	7.21	3.076	2.506	2.312	3.92
4.235	2.885	3.087	2.576	5.331	0.8834	4.297	3.475	2.601	4.112	2.47	4.743	4.033	3.227	3.41	3.311	2.69	1.453	4.464	3.078	3.311	1.818	3.945	0.2247	1.412	2.473	2.882	3.702	2.652	4.548	4.41	3.539	2.292	3.638	3.955	2.424	2.133	4.855	2.224	3.217	4.321	3.359	1.116	3.941	2.297	2.133	1.858	2.747	2.079	5.401	3.103	4.216	2.71	4.377	3.165	2.791	2.604	2.663	-0.2279	2.881	5.006	2.02	5.002	3.389	2.937	1.382	2.414	1.54	2.96	3.671	2.259	4.059	2.204	2.264	1.741	2.802	3.986	2.861	4.026	3.036	5.051	2.697	1.933	4.561	2.051	2.193	2.214	2.321	2.934	2.206	4.698	3.782	2.661	3.62	4.924	6.944	2.227	2.357	3.258	2.15
1.991	3.715	4.851	3.047	2.89	1.871	2.287	2.301	5.022	3.646	5.142	4.6	3.016	2.305	4.01	3.109	2.506	4.126	3.087	3.515	2.669	1.644	4.228	4.38	2.097	2.274	3.953	1.447	4.551	3.785	1.76	3.368	1.932	3.99	2.507	1.255	4.203	0.9132	0.7998	1.127	2.344	5.576	0.618	3.871	5.471	3.416	3.286	1.628	3.378	2.151	4.462	1.098	2.143	3.638	3.198	1.642	1.495	2.554	2.794	2.77	2.644	3.367	5.631	4.355	0.8072	3.69	3.41	3.054	4.526	2.748	2.45	2.967	2.502	3.026	2.666	2.184	3.062	1.244	3.41	2.973	4	1.636	3.002	2.986	3.809	4.559	2.675	1.334	4.914	2.382	4.578	0.6621	1.246	2.504	4.302	2.18	1.993	3.726	2.913	4.079
4.22	3.31	-1.504	2.807	2.688	3.222	1.796	1.653	5.021	3.663	3.481	3.593	3.289	3.181	2.838	2.644	4.269	2.38	5.159	3.853	1.26	4.995	3.827	6.051	3.194	0.9809	3.111	0.9472	1.769	1.627	4.712	3.326	1.926	3.646	3.728	3.813	1.948	1.203	1.822	2.663	3.907	4.568	2.243	3.545	2.773	4.135	2.63	0.09335	1.328	2.406	0.6475	0.985	4.18	3.932	3.41	3.195	4.151	2.236	3.438	3.377	4.883	2.492	5.106	3.661	3.494	3.646	4.42	0.9698	3.486	2.481	2.183	3.376	2.187	3.731	3.113	2.137	2.618	3.228	1.837	3.821	5.465	2.937	1.668	4.04	3.506	3.046	2.636	4.616	4.26	2.122	3.195	1.609	3.06	1.893	5.319	4.856	2.834	3.84	4.26	2.493
2.185	2.366	5.187	1.928	3.07	0.8042	1.514	0.1953	0.566	1.329	0.4794	2.343	1.834	0.1371	0.8499	3.052	5.089	2.449	3.834	2.105	3.395	2.405	2.282	3.901	1.742	1.729	3.316	3.098	2.862	0.3968	5.611	4.614	1.206	4.933	4.618	1.729	5.825	0.6631	3.477	1.557	1.003	4.335	2.717	4.804	0.1479	2.21	1.717	2.184	0.4423	-0.5827	5.094	2.415	4.999	3.695	3.218	3.163	2.806	2.273	1.693	1.139	-0.746	3.561	-1.06	2.431	1.279	3.723	4.325	4.036	3.599	3.039	3.993	2.671	2.091	4.001	2.586	3.538	2.985	4.089	2.489	3.294	4.016	3.212	2.303	3.655	3.105	2.456	3.981	2.7	3.498	2.882	6.78	1.69	3.388	2.107	4.628	6.111	2.466	4.474	3.466	4.472
2.74	1.386	4.123	2.513	3.555	1.632	1.574	2.744	3.586	4.174	4.207	2.562	4.467	2.053	2.319	2.935	4.423	2.847	3.063	2.839	2.411	1.515	2.1	2.543	1.329	2.934	2.458	2.172	1.754	3.329	2.831	2.142	1.888	2.603	3.739	3.092	5.278	3.454	0.6144	-0.1765	-1.061	2.2	3.066	2.055	3.659	1.718	1.559	3.888	3.143	0.7988	3.852	3.974	4.592	3.251	2.425	3.434	3.417	0.2097	0.9568	0.4909	1.56	3.444	5.175	1.66	3.328	4.935	2.52	2.89	3.407	2.771	4.302	3.69	3.415	1.713	4.129	1.62	3.015	1.174	3.114	1.045	3.431	2.872	0.7398	3.03	2.068	2.133	3.401	0.9817	0.9884	1.711	6.1	3.634	2.794	3.095	3.905	3.783	2.095	3.483	0.6931	4.975
2.192	3.251	4.333	2.456	4.312	-0.7332	3.25	0.8799	4.56	2.95	2.934	1.851	3.091	2.587	1.848	3.507	3.632	1.269	4.882	1.853	1.178	3.222	2.173	2.089	1.699	2.862	2.862	3.96	2.657	3.138	2.104	4.624	3.299	3.602	2.338	3.695	5.003	2.844	2.602	4.491	2.006	1.767	4.009	2.271	2.961	3.847	2.473	4.325	3.597	1.861	2.468	3.438	1.975	2.443	2.786	1.116	3.04	2.935	3.425	4.02	-2.129	2.541	1.919	3.102	0.7496	1.755	3.114	1.251	5.115	1.802	3.678	3.581	2.153	0.6886	1.836	3.926	1.832	1.616	4.859	2.735	1.483	3.55	1.839	4.088	2.094	4.023	2.178	5.923	2.622	3.004	2.81	4.953	0.3669	3.694	1.725	1.537	3.604	0.6582	4.089	2.378
1.898	1.138	4.625	1.605	0.8148	0.0687	0.9335	2.019	5.622	1.568	1.349	1.906	3.904	2.519	2.635	3.461	0.6236	2.887	4.242	1.802	4.187	3.893	2.005	2.766	0.9697	4.383	4.736	4.006	4.647	1.549	3.499	5.414	2.974	1.19	1.498	3.907	0.04769	0.03568	-0.004139	1.719	3.373	3.406	1.378	2.463	0.6867	1.317	1.751	3.762	2.098	4.127	4.732	3.445	1.188	2.325	3.328	3.453	2.894	2.884	2.313	1.994	1.949	3.771	5.218	2.721	4.708	1.467	3.34	2.261	5.031	3.727	2.44	4.649	3.2	3.122	1.954	0.7082	3.226	4.388	3.861	2.168	1.341	2.503	1.799	4.03	1.759	2.349	3.232	-3.989	1.915	0.885	2.157	3.126	3.51	2.537	6.532	4.704	2.17	3.706	2.254	5.486
3.818	3.064	2.003	1.292	3.405	3.344	2.246	4.607	3.778	3.71	3.34	2.972	4.615	1.766	2.357	1.516	0.6946	3.256	2.787	2.669	1.471	3.282	3.384	2.424	1.582	3.352	2.221	3.451	1.893	4.003	3.872	3.43	4.07	3.401	2.628	4.531	0.2232	1.44	1.34	2.558	2.65	0.1963	0.0267	1.378	3.845	3.852	3.65	1.608	3.812	4.665	0.9185	2.286	2.67	2.994	2.956	3.502	3.497	2.416	2.628	4.042	4.873	4.24	0.3918	3.285	4.063	0.5353	4.911	3.341	2.734	3.487	3.666	3.571	3.803	1.281	2.168	2.647	1.952	5.937	1.3	3.782	3.539	2.419	3.123	2.669	3.796	2.957	2.886	1.57	5.999	1.634	4.063	2.402	3.046	2.264	4.418	4.323	2.089	1.934	1.753	3.232
4.762	3.974	0.2449	3.281	3.488	2.471	4.547	3.384	4.15	2.909	3.771	4.961	2.213	3.2	2.65	4.045	2.721	3.84	4.871	2.946	3.743	4.709	5.105	6.403	1.81	1.637	2.234	3.256	3.597	1.254	3.494	2.654	0.9206	2.978	3.268	4.137	4.368	3.067	2.009	0.7768	0.9453	3.787	3.984	4.403	5.754	0.9206	0.474	4.912	2.708	5.086	1.49	3.592	3.487	3.2	4.119	3.789	3.073	2.966	3.473	3.889	1.772	1.171	1.921	4.073	3.621	2.198	5.04	1.235	3.778	3.345	3.098	4.103	2.845	3.356	4.89	1.959	2.339	2.212	2.721	2.256	4.675	0.6171	2.84	3.288	2.819	4.382	3.55	1.318	4.156	2.174	2.322	1.621	1.924	3.839	6.802	4.034	2.867	2.419	2.642	0.8222
3.227	1.171	3.854	3.071	3.554	2.876	2.457	2.183	2.709	3.203	2.146	3.918	2.359	2.601	4.24	3.595	4.125	4.578	3.329	3.747	1.902	1.795	3.965	4.605	2.044	1.034	1.893	3.369	2.808	5.979	2.749	-1.586	3.138	4.577	4.563	2.844	4.476	5.193	2.414	5.358	4.8	4.929	1.116	2.603	5.268	2.856	1.718	3.779	2.305	3.971	0.5173	2.986	2.664	2.078	3.696	1.979	1.66	3.796	3.464	4.199	2.341	4.343	2.242	2.741	3.736	2.713	2.88	3.364	4.95	2.305	1.532	3.613	1.282	4.779	2.571	3.596	1.838	4.258	3.577	2.71	3.825	1.837	0.1926	3.685	0.4693	2.156	4.631	3.513	6.019	3.19	0.1339	4.263	2.306	3.097	4.1	4.402	4.569	1.899	4.114	2.544
2.752	3.102	5.313	2.18	5.049	3.42	3.404	1.822	4.781	4.336	4.555	2.792	2.781	1.78	4.429	2.431	3.427	3.31	1.936	2.266	3.385	2.249	3.754	2.433	2.084	1.277	2.783	3.99	1.221	5.895	2.111	2.763	2.741	1.195	2.395	4.081	4.076	0.7609	3.426	3.727	3.57	4.384	0.09796	4.087	3.823	4.644	1.355	3.171	1.459	2.677	4.844	3.724	3.878	2.399	2.237	3.24	4.367	1.604	3.932	2.455	4.292	-1.061	-0.9099	3.317	0.7916	2.191	2.593	2.773	4.922	1.716	5.011	3.345	1.413	1.869	1.94	2.302	0.6771	3.573	4.089	3.834	2.711	0.324	2.292	3.008	1.845	2.207	4.022	3.61	2.47	2.869	1.284	4.702	2.06	4.297	4.441	4.716	2.661	2.904	3.282	2.084
4.958	1.944	4.312	0.9654	4.561	3.348	2.397	2.292	3.994	4.045	5.468	4.322	2.77	2.651	3.872	3.472	4.128	3.514	4.488	4.677	2.639	4.282	3.527	4.835	2.428	1.54	3.045	3.09	2.425	2.058	3.412	4.683	2.864	1.531	2.872	2.689	3.317	3.779	2.384	3.676	3.256	4.238	3.458	1.357	6.428	3.297	4.432	2.768	2.158	4.243	1.55	4.153	3.889	2.763	2.778	4.591	4.333	2.17	4.736	3.112	6.422	3.939	1.063	3.159	3.544	3.569	5.109	2.311	2.496	2.433	2.644	3.361	1.985	3.247	1.13	2.679	1.803	4.478	5.73	3.048	3.189	2.739	0.6847	2.46	2.652	0.6762	4.836	0.9207	6.544	2.317	3.576	2.109	3.334	1.747	2.464	3.738	3.98	3.029	3.417	2.269
3.067	1.361	3.789	1.101	3.669	1.787	0.4591	2.357	2.847	2.379	4.382	2.794	2.636	2.672	4.366	4.138	3.404	4.568	4.333	3.371	0.1352	3.202	3.473	1.577	4.564	2.677	3.793	3.366	2.198	2.562	0.6299	1.541	2.624	2.44	5.037	2.26	5.855	3.89	1.457	2.61	0.6424	3.486	2.38	2.225	3.833	2.895	0.2851	1.99	2.922	6.115	0.122	0.96	2.192	3.076	3.384	2.292	3.546	1.91	3.47	3.583	3.802	1.763	4.14	3.557	1.365	3.319	2.301	4.246	4.086	3.015	4.226	2.963	2.864	3.359	1.527	2.369	2.951	1.73	2.747	3.316	4.877	4.027	2.938	3.895	4.09	2.588	1.962	2.726	5.684	2.537	6.242	0.5164	2.411	1.908	3.111	5.925	2.022	4.036	3.383	0.1423
4.949	2.683	2.119	3.965	3.287	-0.3527	2.84	2.152	4.5	2.585	2.985	3.797	5.32	2.481	3.099	3.537	1.926	3.16	1.355	2.073	1.981	3.81	4.406	3.548	2.805	1.465	1.961	1.184	4.333	1.542	2.317	4.336	3.017	4.087	3.861	2.898	5.862	3.092	1.212	3.302	2.823	3.241	3.779	5.735	2.815	1.942	1.82	1.229	2.976	5.772	3.882	2.515	3.587	4.835	1.671	2.086	2.594	2.937	1.948	4.724	5.03	1.287	2.431	4.816	3.556	3.658	1.644	1.932	5.096	3.758	1.876	3.642	3.915	4.164	2.596	4.414	2.144	5.065	5.873	4.119	2.379	2.558	1.973	3.411	4.531	2.566	2.864	4.029	2.991	1.956	5.077	3.991	2.686	1.013	4.3	0.9603	3.537	3.162	3.77	2.513
3.836	0.4094	5.177	1.696	2.756	1.138	4.286	4.312	3.668	4.03	2.16	3.34	3.475	3.759	4.002	3.08	3.117	4.009	3.35	2.751	2.191	1.583	4.606	6.235	4.106	1.476	2.96	2.127	4.834	2.626	5.344	1.997	3.047	2.096	1.717	2.439	2.047	2.757	2.547	2.738	1.943	5.893	3.612	3.476	3.144	2.257	1.916	2.507	2.688	1.168	2.729	2.24	3.224	3.396	3.673	1.599	2.722	3.125	1.459	3.851	3.656	-0.6246	3.157	3.379	1.874	2.69	3.302	2.273	4.34	2.52	3.648	4.143	2.521	4.108	3.275	5.453	2.321	5.307	3.171	3.833	3.861	1.967	2.459	3.368	2.628	2.079	1.944	1.312	1.471	4.528	3.586	2.639	3.575	2.766	5.504	5.491	4.158	4.862	3.622	0.06153
1.455	2.308	6.449	2.365	4.308	1.81	3.093	3.028	4.952	3.176	3.477	3.249	3.591	4.308	3.479	1.941	2.735	1.905	6.207	5.304	3.538	3.305	4.462	2.6	1.329	3.815	2.031	4.822	3.636	4.64	4.557	4.992	2.131	3.58	4.963	3.598	3.886	1.765	2.224	3.022	1.345	2.352	3.355	5.086	2.172	2.586	2.135	2.652	3.299	4.631	5.499	2.926	3.242	2.019	2.626	3.378	5.351	2.165	2.337	3.439	0.2458	-0.311	4.208	3.321	2.652	2.973	3.048	2.505	4.046	-0.09145	2.409	2.939	3.323	2.628	4.758	2.472	3.07	3.732	1.534	3.41	6.787	4.141	0.286	0.7054	2.429	3.777	4.273	5.046	6.469	2.158	3.855	2.964	2.743	3.096	0.9509	2.871	2.428	3.721	1.249	4.317
1.777	3.15	7.55	0.7603	3.951	1.813	3.563	2.699	3.621	3.362	2.702	3.787	3.7	0.8637	2.544	2.536	3.309	4.231	3.923	2.681	4.487	5.597	3.2	0.2362	3.727	1.847	2.841	4.371	2.994	3.13	4.242	1.31	1.66	5.188	4.131	0.09345	6.046	2.491	2.258	4.19	4.468	5.429	3.778	2.563	4.48	3.007	1.983	2.896	3.243	3.28	3.112	4.603	1.898	2.413	2.551	3.022	3.312	2.311	1.062	2.434	5.117	2.861	2.847	5.221	3.303	1.12	2.748	2.183	4.845	0.8867	3.485	2.639	2.832	3.368	3.929	2.513	1.825	3.811	0.7802	3.983	1.004	2.275	3.247	2.045	0.9218	3.128	2.226	2.622	3.474	2.337	4.95	3.925	3.572	2.65	5.697	5.717	2.925	1.487	3.404	1.923
2.759	3.488	1.642	1.674	4.23	2.678	1.049	4.956	4.969	3.861	4.43	3.464	2.765	2.657	2.199	4.565	1.882	2.964	3.605	4.427	2.779	4.689	2.495	0.529	1.995	1.216	2.518	2.387	1.23	3.016	4.724	4.088	4.083	2.57	4.993	2.575	4.582	1.189	1.115	2.062	3.128	2.31	1.352	1.909	5.728	3.928	2.08	-0.6728	3.821	4.446	3.417	2.727	4.136	2.42	5.412	4.399	2.815	0.2637	0.68	2.8	1.024	2.263	0.8406	3.804	3.12	1.392	3.266	3.452	6.306	1.896	1.064	3.815	2.493	3.64	4.31	3.196	3.008	2.201	3.294	2.915	3.478	2.209	2.862	2.474	1.496	4.667	3.014	2.615	3.708	1.697	4.365	2	2.226	2.898	-0.559	2.381	3.358	4.49	3.357	3.589
4.518	1.942	5.236	4.02	4.521	4.058	2.99	2.841	3.448	3.007	1.391	2.879	3.66	2.948	3.281	1.775	2.926	3.762	3.947	2.537	3.6	4.872	3.699	4.675	4.105	2.12	3.701	2.394	1.356	3.903	1.883	2.907	2.932	2.31	1.141	1.614	5.316	2.812	0.1995	5.786	2.028	2.981	0.3961	2.605	5.467	2.322	2.203	2.279	2.428	6.411	5.786	3.543	3.171	3.032	4.229	3.724	3.476	3.429	0.2157	4.06	3.584	3.184	1.715	1.991	0.732	4.658	4.624	4.393	4.23	1.433	4.755	4.006	2.528	0.8783	2.936	3.079	0.9101	3.329	2.713	4.263	3.13	3.179	2.056	2.881	3.846	2.577	3.165	3.735	4.878	2.463	1.538	4.604	1.001	3.993	4.7	3.732	4.594	2.385	3.462	4.716
3.479	3.175	6.685	1.967	3.304	2.016	2.809	2.175	4.841	3.86	2.502	5.093	0.915	1.864	3.732	3.818	4.346	3.224	5.551	3.144	3.191	5.023	4.045	6.475	3.501	2.784	2.877	4.313	3.498	4.933	3.127	5.103	1.275	3.166	1.599	4.46	3.256	1.439	3.323	2.47	3.405	4.815	2.815	4.32	6.267	3.846	1.318	0.6704	2.444	4.687	3.762	3.597	-0.1983	3.535	3.549	0.3091	4.283	2.016	2.935	2.157	2.336	5.575	5.511	3.008	2.191	1.905	4.804	1.978	5.003	1.241	3.602	2.482	3.716	3.459	3.193	4.535	2.371	4.704	2.167	1.873	3.268	2.38	2.338	2.779	2.772	2.976	5.539	-0.4943	4.599	2.3	6.111	5.118	1.744	1.716	3.499	5.008	1.939	5.159	3.924	3.68
3.792	3.398	4.857	2.639	5.742	4.083	1.427	2.888	1.668	4.056	5.11	4.083	1.256	4.497	3.603	4.376	2.982	3.085	4.364	3.455	1.898	5.209	3.194	3.653	1.277	3.604	2.731	4.222	2.769	3.635	5.109	1.965	2.386	3.45	4.23	2.147	5.023	3.512	1.387	3.044	3.75	4.291	2.162	3.793	4.557	4.154	2.742	2.578	3.337	3.764	0.7671	2.085	2.943	3.514	4.016	2.076	3.752	2.466	6.5	2.432	3.194	3.344	3.078	4.667	4.103	2.009	3.901	2.493	4.814	3.111	5.652	2.78	3.224	2.418	4.628	2.698	3.005	4.029	3.164	2.807	4.965	5.46	2.262	4.53	3.037	3.055	3.305	2.591	4.577	1.627	2.931	5.531	2.447	3.308	2.082	4.451	1.502	2.694	5.302	3.196
5.043	1.388	1.638	2.619	3.918	1.433	2.308	2.404	2.134	3.182	3.005	5.277	3.012	2.698	3.962	2.263	6.993	3.659	4.517	1.239	4.186	3.122	3.913	3.027	3.953	2.15	2.217	2.062	3.967	5.583	2.183	4.479	3.166	3.049	4.291	3.57	3.912	3.125	1.793	4.419	3.177	3.45	2.443	5.108	5.567	2.817	1.812	2.348	1.718	3.787	5.258	3.939	4.189	2.114	3.391	1.756	3.113	0.5838	3.232	3.674	2.551	0.2707	2.215	2.873	3.359	5.121	2.491	3.515	4.161	2.123	2.626	3.703	2.424	3.578	3.446	2.784	3.145	5.757	3.763	0.7213	2.083	2.373	2.344	1.315	2.892	2.518	4.912	1.974	3.106	1.774	2.83	2.72	1.86	2.989	2.318	0.1489	3.413	4.26	3.058	4.287
2.531	0.3787	4.743	0.7243	2.309	-1.52	3.175	3.637	2.65	3.95	3.358	3.238	2.568	2.742	1.914	3.686	3.254	3.776	4.511	5.493	2.159	2.613	4.775	4.644	2.439	2.712	1.518	2.651	4.461	1.957	2.631	1.114	1.912	4.337	2.369	3.784	5.412	-1.381	2.103	1.246	2.62	3.053	4.567	4.688	5.752	3.087	1.954	2.36	4.473	5.115	2.536	3.991	2.049	2.379	5.288	3.83	4.058	3.024	2.871	2.94	3.404	2.187	3.961	4.171	1.036	4.39	2.354	3.484	2.001	2.351	4.398	3.439	1.078	3.718	2.898	4.151	1.429	3.155	1.415	3.355	4.449	2.72	-0.02355	3.034	3.673	2.282	5.25	4.468	3.949	2.101	5.75	3.519	1.5	2.451	4.444	6.184	4.795	3.308	3.155	3.621
2.128	3.804	5.563	1.733	3.044	5.744	2.521	0.5432	3.677	3.216	4.086	5.209	3.837	2.059	3.153	3.596	3.945	3.188	5.336	2.37	2.938	3.838	5.064	3.681	3.403	1.665	2.878	2.726	1.957	7.262	1.371	4.915	2.928	2.584	4.146	2.828	2.271	2.801	2.921	3.434	6.194	2.249	2.419	1.722	5.509	0.6365	1.639	-0.3451	1.938	3.006	3.675	3.652	0.8822	2.887	2.986	3.72	2.898	2.461	3.087	3.941	3.932	5.261	2.557	3.256	3.583	2.377	5.041	0.8808	6.355	2.437	2.927	2.664	3.019	3.735	1.922	0.3557	3.717	3.255	3.567	5.086	4.304	4.157	2.558	0.6019	3.054	1.293	3.595	0.3477	4.586	2.553	3.98	3.62	4.065	4.714	2.574	2.581	2.41	1.939	3.602	3.272
2.792	2.304	3.093	3.268	1.842	1.995	2.602	1.584	4.21	2.509	2.697	3.363	4.099	3.607	2.63	3.305	2.94	3.979	3.769	2.772	4.093	2.917	4.738	3.918	3.997	-0.2101	3.397	3.088	3.667	2.481	4.655	3.467	4.151	5.277	1.659	3.151	4.194	1.145	1.009	5.609	4.873	2.729	4.109	2.876	3.225	2.774	1.651	2.409	0.9137	1.163	1.474	1.391	2.917	5.719	1.428	2	2.22	3.754	2.612	2.121	1.824	1.95	2.918	3.451	3.65	2.879	4.46	2.95	4.628	3.769	4.054	3.006	2.571	4.834	4.181	3.846	3.365	3.755	4.547	2.325	2.881	1.114	1.333	6.069	2.362	2.899	3.353	1.952	3.792	0.6158	3.315	3.635	2.803	3.389	3.348	2.925	3.337	2.861	3.644	3.847
4.905	4.262	4.168	-0.2248	4.017	3.28	2.177	3.438	3.754	3.771	3.784	3.556	3.844	1.985	4.371	1.756	5.242	5.158	5.609	4.437	0.4341	3.075	4.095	3.859	2.712	3.537	2.816	2.716	1.758	1.834	2.662	6.201	1.988	3.939	3.592	4.458	6.011	4.599	1.64	4.496	5.022	3.95	0.5896	2.691	3.066	2.12	2.721	1.839	3.238	3.466	2.434	4.089	2.979	4.211	3.839	0.7	4.003	0.9264	2.53	2.796	2.111	3.265	2.881	1.797	2.596	1.006	2.634	6.112	2.099	2.66	2.347	5.258	1.248	2.058	1.864	1.792	2.848	9.139	5.497	4.44	-0.4882	3.431	2.622	4.816	3.158	3.57	4.12	3.875	2.612	1.001	5.372	1.531	3.874	2.48	4.839	3.027	4.246	4.066	2.537	2.984
3.041	3.318	4.046	3.195	3.186	1.371	3.393	2.563	6.606	3.357	1.765	4.194	5.401	3.33	3.551	3.164	3.034	3.438	4.453	2.697	2.648	2.987	3.704	4.277	2.048	1.006	3.809	1.359	1.382	4.997	2.935	0.243	1.398	2.962	2.327	4.13	4.61	3.185	1.485	-0.0775	0.5158	3.032	1.007	-0.1199	1.264	1.358	1.768	3.603	2.492	3.153	4.21	3.369	2.953	4.377	2.607	-0.8944	3.272	1.999	1.653	2.192	3.246	2.418	5.025	3.488	3.63	3.555	2.939	3.658	1.561	3.503	4.866	3.183	3.333	3.714	3.597	2.366	2.379	3.955	2.123	2.375	6.055	3.266	1.371	3.271	4.293	3.196	3.414	3.001	4.758	1.822	3.025	1.457	1.332	2.614	4.509	0.2732	4.882	4.457	2.45	3.791
3.469	2.649	5.556	2.893	5.984	4.938	3.038	1.406	2.781	2.269	3.495	2.031	0.716	2.698	2.668	3.337	3.265	4.664	7.122	2.547	1.3	3.294	3.661	3.054	0.428	2.388	3.208	4.101	3.652	1.278	3.224	4.059	1.844	4.778	4.738	2.464	5.189	1.988	1.273	1.619	4.634	4.739	2.927	3.43	4.016	2.432	2.074	4.225	2.179	3.157	4.331	2.829	3.374	2.843	2.04	2.81	3.703	1.752	3.021	4.365	2.853	3.049	3.642	2.714	2.512	4.756	2.671	3.361	2.818	2.418	2.077	3.867	0.1069	2.841	3.306	3.204	0.554	5.012	4.969	1.628	4.803	2.38	3.987	2.798	2.514	5.333	1.762	5.807	5.121	2.031	5.972	3.517	3.408	2.528	3.584	3.549	3.135	2.307	4.002	0.7173
6.077	2.172	6.011	0.3229	3.169	0.6533	1.807	4.156	4.542	4.072	1.332	5.1	3.642	2.201	4.038	2.724	2.528	2.946	2.756	3.939	3.736	1.961	3.483	5.216	2.407	3.364	3.2	1.946	4.962	3.439	3.625	5.03	1.849	3.044	1.577	3.431	5.858	3.905	2.377	1.176	3.721	4.211	3.717	1.25	2.12	2.214	3.185	1.58	3.296	1.717	4.09	1.999	-0.002045	1.679	4.335	3.714	4.256	2.021	1.436	3.565	-1.205	4.552	1.214	2.231	1.828	4.162	1.088	3.577	3.907	1.802	4.566	3.375	4.076	4.414	2.414	1.429	-0.8383	1.782	1.706	3.567	4.151	0.3324	2.033	1.655	3.734	3.322	4.578	0.7728	0.636	2.759	3.138	4.167	1.629	2.099	6.299	6.437	3.767	3.082	4.077	2.848
4.456	3.255	5.031	2.709	5.041	2.45	2.654	4.652	3.948	3.794	0.4668	4.462	3.193	1.082	3.293	3.077	1.427	3.242	5.069	2.239	3.046	3.03	4.475	10.37	3.685	2.397	3.648	1.352	2.492	2.253	3.344	6.222	1.484	5.197	4.656	4.161	3.19	3.578	1.056	1.902	1.623	4.502	1.671	2.781	4.629	0.6494	3.167	3.05	1.972	6.78	5.145	3.46	3.402	4.68	3.107	2.819	5.342	3.259	3.16	2.48	1.73	3.016	4.402	2.297	0.8703	5.522	0.958	4.505	5.165	3.403	3.536	4.436	2.669	3.806	3.262	1.844	4.132	2.352	3.836	1.575	4.456	3.329	1.586	3.872	5.535	2.141	2.468	0.9755	4.414	2.147	5.073	2.232	2.976	2.902	3.989	3.865	3.779	2.724	3.874	-1.154
3.211	4.071	5.702	2.207	1.571	2.371	0.7478	5.393	-1.01	2.674	6.319	3.487	3.595	4.063	2.583	1.897	3.775	4.007	3.978	0.8487	3.503	3.915	2.806	5.47	2.489	1.765	3.121	0.3863	3.261	1.991	0.01262	4.106	1.832	2.233	3.989	0.04877	3.626	1.826	2.124	6.373	2.656	3.784	1.055	2.94	5.579	2.316	2.871	-0.4645	2.813	4.525	3.643	4.585	4.203	2.345	2.572	2.625	3.685	2.366	2.11	1.365	3.687	3.88	3.141	1.538	2.598	3.935	0.5201	1.128	7.339	2.083	1.908	3.772	3.617	3.972	4.706	4.684	1.329	4.327	2.369	2.14	5.323	3.174	0.003858	4.055	3.93	3.806	4.128	3.425	5.313	2.725	6.006	3.092	3.146	1.06	5.526	1.586	1.586	3.892	5.319	1.693
2.371	2.412	2.137	3.267	4.451	-0.0498	4.388	4.358	4.537	1.873	3.361	4.354	4.243	5.121	3.094	3.554	3.967	4.026	0.8704	2.536	3.276	3.867	3.701	2.145	0.636	3.332	2.854	3.732	0.5537	4.761	4.254	4.804	2.226	4.414	3.011	2.146	4.223	3.767	-1.102	3.854	-0.9534	3.182	1.994	3.218	5.586	2.277	5.076	-1.837	3.736	6.509	4.896	1.33	1.737	0.005189	0.4468	3.38	2.716	0.537	3.654	4.023	1.868	0.8083	4.332	4.452	-0.8718	1.911	2.254	3.074	5.514	3.866	1.682	2.832	4.458	3.895	1.598	2.287	3.995	3.873	4.035	5.146	6.124	3.164	2.867	2.48	1.343	4.582	2.698	2.371	5.401	1.38	3.173	3.66	3.799	3.285	4.061	7.094	2.873	1.464	2.87	2.763
1.085	3.015	3.4	1.285	3.516	-1.83	1.705	2.771	2.983	2.559	5.214	3.299	3.955	3.301	3.791	3.646	5.843	4.768	4.106	2.998	4.036	5.038	5.432	1.77	2.66	2.724	2.803	2.312	5.013	4.083	5.628	1.669	4.712	4.047	4.469	4.409	4.83	0.2265	2.98	2.366	1.983	0.006122	2.67	3.658	3.523	0.5265	0.5239	2.614	2.195	1.859	0.7101	3.475	4.552	3.389	4.078	3.201	2.063	3.262	1.297	2.865	4.542	3.048	-1.761	3.684	2.349	-0.2718	2.788	2.084	2.357	3.542	4.064	1.76	0.9175	3.546	2.235	1.12	2.364	3.608	6.159	2.543	2.783	1.619	4.026	2.765	3.813	1.936	1.744	1.812	4.79	2.085	6.12	3.225	1.698	2.86	2.62	4.2	2.245	3.73	2.892	3.625
3.474	5.023	2.904	1.205	5.268	0.7919	2.632	2.989	0.5484	3.353	3.57	3.146	5.73	4.116	4.228	2.093	2.771	2.236	4.215	2.326	0.5433	2.842	2.872	3.613	1.914	3.171	3.804	3.569	2.372	3.106	1.77	0.112	2.622	3.563	4.181	0.8645	1.192	1.724	0.137	5.842	4.179	1.442	0.5535	2.948	6.138	2.884	2.626	2.841	3.594	9.118	4.317	2.568	5.632	3.627	3.447	2.068	3.122	3.712	0.05846	2.893	3.296	1.585	4.731	4.785	0.5353	3.952	6.559	2.775	4.641	1.994	1.605	3.24	0.9381	3.683	2.367	5.651	1.75	3.487	2.641	3.397	4.568	-0.1016	1.729	2.427	4.022	1.97	1.474	2.913	0.3565	3.332	4.362	3.936	2.418	2.305	4.658	2.649	-0.7332	3.031	2.956	5.723
4.429	3.136	7.312	3.301	3.505	3.085	4.687	-0.6484	-0.1459	4.073	4.091	2.623	5.198	3.837	3.49	2.4	2.435	2.009	3.643	3.757	-0.1834	3.279	4.405	4.996	1.483	2.178	1.29	1.901	3.301	4.342	4.004	4.453	1.924	4.642	5.859	4.345	0.9465	1.803	1.853	4.162	3.746	3.539	3.081	1.874	4.736	1.657	2.303	3.052	1.588	2.723	1.627	3.683	3.413	3.149	5.313	2.609	4.304	1.625	0.4246	4.641	3.464	2.027	4.671	1.517	2.474	3.93	0.6259	2.074	5.404	-0.1002	3.277	3.623	2.968	3.302	3.674	2.047	2.693	4.049	2.487	4.101	2.771	2.619	0.6079	3.836	4.205	1.561	4.01	2.828	2.866	3.963	3.905	3.721	2.759	3.393	4.938	8.082	1.062	1.922	3.224	-0.1283
4.725	0.9765	3.33	1.957	3.563	0.4281	3.316	3.904	4.591	2.27	1.213	3.941	2.298	1.532	0.6353	3.102	3.938	3.459	2.37	4.41	1.75	3.305	3.257	3.577	3.498	2.867	4.12	2.614	2.321	4.174	3.216	2.922	-0.2506	4.758	5.012	4.897	-0.03093	1.506	2.121	6.047	1.752	1.354	3.656	2.302	2.971	2.128	2.59	2.809	0.5962	2.283	3.031	4.1	5.797	1.094	2.9	2.699	3.487	-0.02211	1.019	3.717	1.099	2.509	2.527	3.65	3.246	2.993	1.869	0.6991	5.892	3.287	3.256	2.975	2.287	2.402	2.929	3.912	3.689	5.27	4.818	4.185	3.508	2.833	1.731	1.451	5.589	1.826	1.417	4.909	5.273	0.5994	4.141	3.414	-0.1214	2.083	4.062	2.962	3.235	4.411	3.651	5.595
4.858	3.36	4.572	0.8109	4.435	1.233	5.129	1.278	4.374	3.512	3.029	2.619	3.498	2.535	1.865	2.776	1.777	3.909	1.604	1.596	3.792	2.778	3.206	1.886	2.909	0.5575	2.946	3.914	2.316	5.518	4.374	3.879	0.9294	4.643	3.057	3.019	4.141	1.299	1.884	6.686	2.873	3.492	1.262	2.636	4.744	4.66	0.5553	4.728	2.338	6.433	5.039	2.706	0.9659	4.125	2.073	1.886	3.509	5.122	2.093	1.936	2.736	4.342	3.444	2.233	4.159	0.6396	3.297	0.8787	4.785	2.12	1.504	3.774	1.866	3.051	2.977	1.016	0.9615	1.1	1.838	3.117	1.352	2.637	1.807	-0.5607	3.065	2.809	4.245	0.1767	3.318	2.108	1.913	4.254	2.717	1.777	3.732	4.446	3.802	4.326	2.153	2.598
3.147	4.658	2.575	2.939	0.2432	1.893	4.65	3.531	3.104	4.204	4.171	4.352	3.29	2.262	2.715	2.004	4.503	3.381	1.954	2.402	-0.09656	2.077	3.229	3.322	2.33	3.444	1.489	3.65	1.329	4.383	2.61	1.525	1.618	2.318	1.831	1.792	1.256	3.963	1.827	2.181	3.189	3.258	0.1886	2.322	5.893	2.143	3.447	2.021	1.895	4.391	2.499	2.111	1.578	0.4486	2.088	1.808	4.088	2.271	3.633	3.276	5.329	3.987	4.924	3.679	2.39	3.859	2.498	3	2.926	3.505	1.456	5.41	3.01	2.316	4.818	0.623	2.742	8.228	2.223	3.432	5.584	1.758	2.011	2.93	1.127	1.596	2.356	-0.6597	3.131	1.5	5.266	5.43	0.7683	2.83	5.551	0.9185	5.019	1.567	1.105	3.168
4.213	2.335	2.588	2.971	2.267	1.818	4.308	1.483	0.9347	2.232	3.229	1.289	2.377	2.587	2.615	3.941	4.247	2.677	3.178	2.565	4.152	3.332	3.673	6.554	3.018	4.688	2.755	3.061	3.498	3.532	3.062	0.625	2.174	1.331	0.6676	1.192	3.503	2.83	3.663	1.328	0.7658	5.225	2.213	5.535	5.441	3.258	4.426	1.832	3.581	4.014	3.715	5.169	-0.06753	4.856	3.539	2.735	3.31	2.576	2.762	4.164	3.066	2.644	2.105	3.379	2.137	1.879	3.207	3.675	5.015	1.769	3.862	3.877	1.795	2.109	5.343	4.528	3.137	0.9521	1.828	3.371	3.537	2.004	3.233	4.294	3.327	2.443	3.876	2.183	4.214	2.692	2.084	1.807	3.483	2.203	4.946	3.758	3.734	0.4009	3.735	2.886
0.6908	2.153	3.816	3.135	4.644	2.481	2.435	3.073	3.669	1.964	4.39	6.11	2.397	0.9216	2.87	2.49	6.053	2.228	3.382	3.424	2.287	3.429	3.968	3.88	1.635	1.718	2.372	3.759	3.877	3.918	1.927	0.6162	2.416	0.2055	3.728	2.257	3.261	1.096	1.71	3.605	2.939	3.384	4.228	3.109	4.109	3.383	2.364	1.37	1.047	4.14	0.4331	3.602	2.801	3.35	2.757	1.81	2.592	0.8508	4.845	2.452	3.219	3.249	3.738	2.607	2.386	0.954	4.128	3.613	2.728	1.502	2.426	3.784	3.084	0.3702	2.333	2.912	2.688	1.692	2.634	3.106	4.038	1.796	2.277	3.998	1.792	3.874	3.2	2.26	2.745	4.034	5.775	0.7115	2.702	3.055	1.588	0.9502	2.532	3.277	3.743	4.185
3.582	2.137	1.547	2.217	5.944	2.136	1.475	3.124	2.537	2.673	3.344	4.892	3.722	1.497	4.425	2.558	3.526	1.04	2.226	3.284	2.351	3.888	5.147	3.307	1.968	1.614	4.386	1.058	2.273	2.183	3.284	4.652	1.28	2.633	3.778	1.38	4.884	4.064	2.684	-0.9277	1.822	1.824	1.04	3.263	4.748	1.742	2.774	2.168	0.9092	4.842	5.607	3.536	2.18	2.462	1.56	1.856	4.91	4.54	1.982	1.875	1.807	1.232	3.054	2.426	2.845	3.951	1.962	3.592	6.178	4.347	1.493	2.551	3.253	2.372	2.691	2.302	2.849	5.432	3.452	2.787	3.776	3.489	1.356	3.303	3.508	3.392	2.161	4.583	3.28	1.613	4.775	2.603	2.443	2.148	4.281	4.264	3.856	6.118	2.503	1.686
3.376	2.819	3.832	2.84	4.102	2.849	4.981	3.454	3.574	2.855	2.587	3.391	3.518	4.074	3.683	3.104	3.954	2.788	4.664	3.588	1.042	2.267	2.416	3.083	2.606	1.365	2.802	2.001	3.901	0.3399	6.131	2.622	2.302	4.415	5.788	2.882	4.06	3.971	0.1576	-0.638	0.8283	3.598	2.56	3.708	3.521	4.667	3.533	0.2719	1.223	0.6035	3.454	1.709	2.725	2.633	2.831	1.295	3.966	1.708	1.941	3.173	1.743	3.466	2.413	3.136	1.028	3.165	2.111	2.234	4.169	1.009	2.432	4.848	2.017	2.893	2.865	2.309	0.79	2.594	1.889	2.225	4.035	1.672	-0.1595	3.192	3.557	1.331	4.884	1.13	4.685	3.654	4.297	3.02	2.202	3.341	4.122	5.327	2.847	2.307	5.225	0.9295
3.85	4.47	3.605	1.195	4.849	0.9242	4.461	1.573	7.189	2.548	3.404	2.965	3.473	1.704	3.674	4.81	2.764	2.811	4.078	2.908	3.634	2.744	3.683	4.766	1.083	1.019	4.358	1.421	3.075	2.599	2.476	2.824	0.4665	5.663	3.989	4.808	5.592	0.609	1.823	3.824	2.942	1.297	3.293	4.121	2.337	2.397	1.266	4.399	3.386	2.274	1.946	3.472	2.743	3.013	3.634	0.3418	3.345	1.206	1.371	2.417	6.119	5.785	4.975	2.84	2.801	2.469	3.8	2.831	2.441	1.676	2.14	1.997	3.635	3.996	2.14	2.726	1.819	3.256	2.48	2.976	3.291	1.76	1.2	3.611	3.77	2.088	4.162	2.132	4.754	2.576	3.761	3.57	3.632	3.346	3.627	4.644	3.555	1.357	3.042	3.593
3.537	0.9915	2.695	3.619	3.498	0.6112	1.867	2.552	0.6688	3.268	3.249	3.668	1.924	1.437	3.252	3.677	3.521	3.02	5.976	1.96	1.559	3.22	3.537	5.533	2.091	1.479	3.236	3.916	5.086	4.405	2.334	2.875	2.482	3.939	2.174	4.672	5.274	4.762	2.032	0.3587	2.521	2.263	2.951	2.944	3.867	1.323	2.84	1.827	3.06	4.801	1.464	3.82	2.394	2.407	4.919	3.018	2.579	1.944	3.553	2.529	2.836	3.665	3.254	3.315	1.573	3.953	2.149	1.956	4.998	0.9555	3.256	2.513	4.024	1.34	4.993	5.213	2.658	1.958	2.835	2.15	2.606	0.07832	2.811	2.409	1.999	5.052	3.944	4.038	2.904	0.9466	5.219	2.307	0.2203	2.028	2.71	4.638	2.152	1.189	2.885	4.871
3.829	2.294	7.565	0.6348	2.522	1.182	-1.225	1.608	3.657	2.424	2.759	5.24	1.453	1.242	2.326	2.373	2.855	3.308	4.614	4.332	0.9607	3.174	2.387	4.165	5.171	2.649	2.4	2.37	2.98	1.853	3.513	1.234	2.107	1.433	3.201	3.211	1.929	2.206	1.637	4.466	3.042	4.416	1.615	3.094	3.323	3.782	1.826	1.969	2.784	3.122	4.677	3.204	3.827	1.649	2.494	2.946	3.136	3.062	2.541	2.968	2.242	1.445	3.364	3.232	1.301	2.675	2.974	3.24	3.188	2.484	2.598	2.468	1.999	3.206	0.8265	2.319	1.915	3.135	1.736	2.796	2.755	1.23	2.336	4.025	0.12	2.599	0.9877	2.775	1.57	0.7641	1.963	1.969	4.005	2.366	4.147	2.604	4.342	4.418	1.552	4.326
3.739	1.175	6.761	1.688	1.498	1.323	1.624	3.571	3.887	4.608	4.452	3.154	2.494	3.8	2.694	3.129	2.499	2.308	0.5192	4.338	0.1425	4.197	2.813	1.809	3.394	1.638	2.419	2.47	2.44	3.405	3.84	2.629	2.391	2.294	3.501	1.731	1.607	1.366	2.04	3.971	3.014	4.131	3.586	2.385	5.375	2.297	1.545	1.859	0.8218	3.805	2.972	3.106	3.621	3.158	3.034	3.037	4.005	2.603	1.978	2.779	2.547	3.109	1.242	2.389	1.627	1.739	2.722	3.113	2.061	2.356	2.366	3.038	3.358	1.467	3.272	2.933	0.312	2.873	2.918	1.843	3.218	2.971	2.723	1.864	2.128	1.386	2.83	1.583	2.886	2.675	3.739	4.038	2.749	3.48	4.162	5.201	2.448	2.539	1.424	1.754
6.263	2.532	4.982	1.391	2.914	3.676	2.27	2.976	0.5981	3.509	3.141	5.372	3.143	2.573	2.222	2.289	4.133	3.965	3.774	3.05	1.48	3.883	1.897	5.363	1.203	2.532	1.678	3.489	2.093	2.509	6.889	1.35	1.835	2.994	3.506	3.1	3.474	3.439	1.539	-0.2804	2.895	1.797	3.718	3.282	4.66	0.7622	1.785	0.5979	2.904	1.743	3.327	4.376	4.067	2.326	1.926	2.087	4.184	3.12	2.82	3.565	4.637	4.206	1.4	3.681	3.049	1.201	1.98	2.06	3.196	1.899	3.146	1.78	2.799	1.982	2.589	2.995	3.23	0.975	2.443	3.562	4.935	2.617	2.194	1.149	1.079	2.978	1.795	0.08612	4.547	0.8593	2.917	1.949	2.93	3.189	4.35	4.507	2.879	3.574	3.012	4.446
2.799	2.714	1.87	1.528	2.227	1.333	1.823	2.166	3.048	2.936	3.914	3.75	2.334	1.286	3.55	3.732	2.43	2.206	1.136	2.465	1.819	2.607	3.724	4.258	1.75	2.256	2.462	2.549	1.239	2.999	6.394	3.903	2.313	2.301	3.467	1.828	4.242	3.194	2.404	5.847	3.442	4.459	1.7	0.9458	4.91	3.957	2.569	1.509	1.44	2.604	5.277	1.701	0.8621	2.326	3.164	3.299	3.909	2.035	3.471	3.199	1.444	0.3883	4.154	4.673	2.269	1.923	4.622	1.388	4.028	2.768	4.281	3.779	3.514	3.49	1.845	3.152	2.736	1.355	5.038	2.659	4.03	3.185	-0.03147	2.111	5.363	2.751	2.796	2.159	3.83	1.587	2.773	3.511	0.9733	3.132	5.891	4.75	3.188	3.354	3.045	3.199
3.797	2.979	6.054	-0.2976	3.6	1.351	2.358	5.058	2.698	2.746	3.002	4.41	2.115	4.555	3.425	3.084	2.366	2.989	4.277	4.552	2.295	3.942	4.385	4.396	2.317	3.461	2.902	1.182	3.13	2.414	0.6415	5.911	1.728	4.095	3.636	3.092	4.039	4.721	2.295	1.36	1.351	2.727	3.631	2.482	4.492	1.562	2.147	3.375	2.088	6.561	4.431	4.033	3.875	4.169	2.835	3.689	5.468	1.685	2.647	2.368	0.7485	0.8637	2.789	3.547	3.106	2.184	3.656	3.057	4.643	1.836	1.397	5.653	2.711	1.858	3.962	0.7459	0.7087	3.832	3.053	4.246	3.568	2.878	1.743	3.267	4.018	2.194	4.005	1.814	3.209	2.066	5.567	5.964	2.095	2.294	7.652	2.879	5.485	2.107	2.328	1.661
3.244	0.8405	4.427	2.233	3.783	2.915	1.814	3.098	4.76	2.12	4.851	4.239	3.527	2.595	3.332	2.637	1.648	4.856	2.348	2.367	1.433	4.032	2.72	4.057	1.208	2.665	3.116	3.696	0.05663	3.985	2.171	0.2001	2.095	3.881	3.86	2.748	4.767	3.386	4.412	3.107	2.104	4.201	0.711	2.699	2.659	2.643	2.29	2.946	2.237	4.131	2.561	1.884	3.259	3.687	2.728	2.159	3.645	3.513	2.054	4.288	0.5102	2.547	7.494	4.066	2.758	3.092	2.363	2.803	4.108	3.465	2.619	4.836	3.01	2.006	3.329	0.2718	3.775	2.531	2.295	3.614	4.275	2.806	2.059	3.674	2.233	3.447	2.642	1.549	2.547	3.112	5.335	1.932	3.203	0.7257	4.827	4.268	3.953	0.7217	2.681	5.197
3.349	4.264	6.989	2.435	3.849	2.643	2.212	2.89	5.61	3.15	3.14	4.001	4.576	2.669	3.388	2.984	5.993	2.47	2.752	2.954	2.461	3.923	4.237	3.404	3.747	2.73	3.496	2.137	3.712	3.976	4.425	0.9119	1.548	4.628	4.925	2.875	3.937	4.561	1.143	5.741	1.105	2.153	5.041	0.4497	3.26	2.831	1.842	1.767	3.462	5.463	5.021	2.917	3.234	2.842	2.676	3.447	3.264	2.581	2.064	3.149	1.902	5.043	2.803	1.245	1.485	1.833	1.735	3.19	2.941	1.962	4.737	3.031	2.49	2.293	4.665	2.753	1.272	2.957	2.311	2.435	3.848	2.793	2.937	3.397	4.374	3.226	4.172	3.708	2.68	1.507	6.31	3.204	1.914	3.452	2.744	3.532	1.874	3.883	4.466	2.981
1.47	3.871	4.939	3.877	4.011	1.743	3.777	2.518	5.689	3.03	3.198	3.279	3.614	2.802	3.936	2.715	3.365	2.216	2.971	2.288	2.396	2.981	3.61	2.502	1.584	1.971	3.633	2.252	3.456	1.838	4.289	2.15	0.8899	1.866	3.293	4.217	5.116	4.159	1.719	2.421	1.983	3.46	1.172	4.055	4.787	2.096	1.764	2.831	1.798	7.097	3.294	3.83	2.129	3.632	3.618	4.248	5.637	1.846	2.084	2.671	0.8784	2.635	3.471	3.548	4.032	1.371	1.378	1.499	6.657	2.408	3.525	3.187	3.16	3.697	2.25	3.497	1.936	4.948	1.555	2.214	4.645	3.569	0.8492	5.264	3.213	4.939	3.411	1.465	2.293	1.809	2.233	5.11	0.8215	3.006	3.868	3.278	3.187	3.375	2.92	4.784
1.819	1.524	3.823	2.767	2.491	1.038	2.925	1.851	3.181	3.772	4.869	3.2	2.781	2.268	1.968	2.601	3.663	3.611	4.743	3.113	3.399	3.85	3.38	2.588	2.773	1.677	2.802	2.956	4.753	3.542	3.46	4.482	1.892	4.026	4.162	2.078	4.277	3.458	2.636	2.983	3.202	2.734	3.996	0.6786	2.722	2.572	2.817	3.297	2.831	2.784	2.799	2.328	2.944	4.062	2.747	2.854	3.322	2.214	4.509	1.976	1.087	1.371	5.839	1.885	0.1293	2.857	2.911	3.326	4.655	3.32	1.802	2.8	2.407	4.919	4.764	3.327	2.149	5.921	2.77	6.89	5.425	1.79	-0.03008	2.671	5.353	3.167	3.049	2.096	3.678	2.307	4.432	3.698	1.766	3.548	1.607	3.955	2.291	2.802	3.987	2.72
2.888	1.224	4.357	1.542	4.737	3.816	3.802	3.446	2.509	2.759	4.318	3.546	3.555	2.503	3.053	1.93	5.11	3.801	4.094	3.104	3.969	1.743	5.628	3.809	0.8246	2.784	1.576	2.082	3.563	2.726	3.436	1.901	3.368	0.7171	5.051	3.187	2.797	2.981	2.222	1.044	2.049	1.797	3.221	2.457	3.16	2.097	2.396	2.815	4.647	4.687	3.677	4.073	4.181	2.841	4.102	2.733	4.341	3.209	2.195	3.095	1.959	5.699	2.881	3.337	3.279	2.898	3.111	1.548	3.397	3.356	4.565	4.024	2.634	3.486	5.664	2.442	2.9	1.274	2.852	3.321	3.202	1.995	2.005	2.318	3.987	4.511	4.353	1.78	3.927	2.263	6.31	2.531	3.227	1.964	3.053	1.121	2.954	3.725	2.087	3.814
3.483	3.305	2.235	2.498	2.332	0.8614	2.131	3.184	3.752	3.618	3.902	1.016	2.944	2.168	1.868	2.53	2.034	4.941	4.455	4.586	2.238	4.145	2.758	5.188	2.587	2.398	2.528	3.989	2.622	3.357	0.7696	3.551	2.937	3.69	2.007	3.377	3.424	2.226	1.821	3.198	0.3012	1.77	2.526	6.567	4.172	3.395	1.926	2.231	1.634	4.08	3.456	4.466	3.891	3.193	1.415	2.881	3.358	2.423	1.185	3.773	4.706	3.989	2.539	4.491	2.261	1.64	2.857	2.434	3.654	2.751	1.902	3.684	2.603	2.109	1.604	2.764	3.003	2.756	4.648	5.202	2.062	1.671	3.322	4.094	2.922	2.424	3.539	3.959	3.857	2.195	2.655	3.176	2.63	2.274	3.442	2.108	2.168	1.965	1.073	2.364
6.228	3.043	4.624	2.001	4.388	2.403	2.939	3.231	5.84	2.968	2.586	3.156	3.357	2.526	3.444	3.159	1.984	3.128	4.26	2.698	0.6035	1.999	4.298	1.512	3.987	2.556	2.416	3.286	2.149	4.388	4.185	3.182	1.911	2.686	2.186	2.791	6.812	3.687	0.4104	4.17	3.706	2.121	0.8081	-0.04178	4.743	1.797	2.098	1.157	3.456	3.518	4.431	1.088	4.161	2.936	2.181	2.357	2.702	2.17	2.135	3.125	4.604	2.157	3.297	3.662	3.162	4.225	2.057	2.667	5.186	2.494	2.679	4.054	3.45	2.642	1.873	3.886	1.183	3.626	1.62	1.679	3.561	2.913	2.855	2.005	2.407	2.968	4.373	0.9893	6.041	1.634	2.725	3.784	2.762	0.7299	3.251	3.595	1.506	3.784	3.129	3.279
1.525	2.99	5.982	1.542	2.303	2.137	2.972	2.491	1.802	3.229	3.657	4.699	2.234	1.033	2.942	3.645	4.593	3.616	4.56	2.771	3.074	3.696	2.808	2.487	4.273	2.301	4.257	3.808	3.311	4.562	4.04	2.44	2.224	4.317	3.259	3.015	4.396	2.068	0.3834	5.533	3.657	3.129	1.022	8.605	6.239	1.901	0.4243	2.156	2.89	3.589	4.28	5.171	4.662	3.469	0.8892	2.753	2.723	1.209	2.194	3.622	3.144	2.78	5.634	4.328	2.118	2.901	2.292	1.974	5.324	2.852	3.437	4.209	3.349	5.495	3.344	4.957	3.375	3.072	4.091	3.302	3.024	2.282	0.4775	2.209	2.91	2.947	3.106	3.428	4.384	3.171	4.144	4.714	0.5005	3.055	2.828	2.213	3.271	1.345	2.496	2.799
3.327	1.825	4.212	0.8955	2.073	1.597	4.28	1.633	3.828	2.005	5.151	4.532	4.011	4.112	1.307	2.977	4.335	3.86	2.969	3.052	2.368	4.605	4.059	5.858	2.469	1.316	2.797	2.142	3.956	1.457	2.358	2.746	1.496	2.511	2.294	3.642	4.597	3.48	1.594	4.503	4.562	2.431	4.063	4.283	3.488	1.223	2.236	0.4803	2.305	5.309	5.16	1.649	3.871	4.202	3.522	1.937	2.163	3.19	2.235	5.136	3.656	1.418	3.54	4.062	2.342	1.606	5.05	1.939	1.987	2.494	2.207	3.235	2.779	3.267	0.8194	3.943	2.55	3.26	1.997	3.588	3.954	2.285	2.132	2.626	3.185	4.362	2.582	0.518	1.579	2.681	4.43	3.185	1.999	2.523	6.886	4.378	2.575	1.542	3.568	0.5194
2.649	2.747	4.551	3.476	1.207	-0.0007896	5.325	3.063	2.006	2.814	0.7004	2.582	3.553	4.268	3.517	2.448	8.633	2.757	4.459	3.032	2.969	2.494	4.96	5.385	1.472	4.527	2.777	4.047	5.315	4.308	4.601	2.357	2.651	3.976	3.01	1.919	1.878	0.8566	0.03975	2.571	3.629	3.537	3.141	4.751	2.001	3.975	2.062	1.962	2.387	3.875	2.448	2.102	1.814	2.537	5.029	2.904	2.978	1.529	2.428	2.021	2.658	2.589	2.541	2.825	2.061	3.408	4.047	1.912	2.153	3.028	3.018	2.95	3.355	4.245	3.721	3.835	2.461	1.858	2.256	4.506	4.017	2.683	2.663	2.616	1.774	3.675	3.882	3.859	2.963	0.2783	3.429	2.098	3.105	3.318	2.111	4.47	0.02105	4.162	4.412	1.991
2.772	3.376	4.664	2.643	3.207	2.328	4.004	2.415	5.759	2.76	4.858	4.009	3.61	1.163	5.403	2.451	1.106	3.019	3.212	4.511	1.064	4.071	3.171	4.665	1.792	1.144	4.042	2.411	0.9191	5.366	7.861	3.302	-0.4375	3.064	3.311	3.131	2.576	7.041	0.81	4.811	4.001	3.778	0.762	3.938	5.997	2.33	1.229	3.012	2.611	4.712	0.3963	2.76	2.199	2.767	2.496	3.936	1.243	2.072	4.723	3.466	1.926	1.365	6.845	3.992	1.784	3.952	1.106	2.915	3.014	2.543	3.574	3.088	2.607	1.912	3.256	2.923	1.177	4.27	4.04	1.076	3.054	2.941	2.2	2.931	3.73	3.504	2.421	1.224	3.457	2.185	2.308	4.26	2.919	3.041	3.291	5.503	2.668	3.076	3.14	4.137
3.473	2.814	3.08	1.38	1.284	-0.2201	2.448	3.502	3.878	3.052	4.125	1.604	3.604	4.574	3.458	2.25	6.145	4.206	2.987	4.058	3.991	4.154	4.021	2.233	4.149	2.221	3.057	3.448	2.829	4.061	5.023	5.186	2.038	2.66	4.031	1.034	3.482	-0.4881	1.59	4.107	2.213	4.542	1.577	2.218	5.031	4.53	-0.007383	4.116	3.78	2.865	5.736	3.625	4.459	3	3.504	1.179	2.833	2.586	2.202	2.44	3.553	2.057	3.949	2.861	0.8715	2.869	1.098	1.927	3.405	2.334	7.314	3.659	2.772	3.685	3.924	2.689	3.97	2.673	2.973	2.797	4.665	1.498	2.871	4.393	1.707	2.574	3.589	3.261	4.188	2.951	2.356	2.053	3.777	1.816	2.528	5.36	2.754	2.65	4.48	1.272
3.826	3.433	2.699	0.9844	4.752	1.752	0.8471	2.483	4.088	2.41	2.873	3.114	3.495	4.501	3.78	4.937	5.87	3.518	4.805	2.504	1.151	4.258	3.193	-0.7896	4.385	1.588	3.623	1.965	3.075	4.707	-0.08642	0.9371	1.554	2.497	3.357	3.736	5.093	2.977	1.661	3.744	4.23	2.038	2.522	2.873	4.474	3.34	4.358	1.384	2.157	4.425	4.422	1.656	0.954	5.297	3.287	1.88	2.673	1.766	1.563	4.799	1.431	4.437	4.354	5.091	2.571	2.913	2.917	3.236	3.375	3.289	3.942	3.551	0.6876	7.36	3.344	2.602	3.546	2.082	3.969	3.363	3.223	2.953	2.685	3.79	3.095	1.695	3.492	2.196	1.512	2.425	1.958	2.75	2.285	3.522	8.499	4.987	3.387	1.532	6.831	1.237
2.929	4.189	-0.1068	2.891	4.734	2.798	2.679	0.504	4.168	4.637	3.561	3.35	2.923	3.758	2.596	3.963	3.868	5.394	3.866	2.29	2.512	4.291	3.818	3.944	3.414	6.052	3.171	1.189	2.609	4.781	3.892	5.391	1.798	4.877	1.813	4.385	5.691	3.581	2.681	3.039	4.266	1.963	2.75	3.558	2.99	2.425	4.274	2.691	2.704	4.731	3.828	2.658	4.323	0.7766	3.847	2.297	1.667	2.355	3.368	4.752	2.815	2.233	4.326	3.611	2	2.234	3.698	3.004	4.851	3.119	3.947	4.584	1.26	3.178	2.055	1.11	2.435	3.441	4.133	4.584	5.752	0.9538	4.832	3.293	1.553	2.931	4.782	3.46	3.018	1.294	3.55	2.631	3.653	2.552	7.266	5.37	5.05	2.78	2.096	4.158
3.065	1.759	5.857	-0.146	4.12	3.233	3.319	4.879	3.965	2.656	3.113	3.57	3.577	4.042	6.552	3.137	4.97	2.417	6.208	1.466	1.314	7.268	3.584	3.389	1.203	0.1789	2.321	6.345	3.008	2.459	5.041	2.899	2.388	4.159	1.635	2.067	3.493	4.565	3.384	4.224	4.215	3.299	0.3282	2.107	3.065	3.818	2.738	2.663	2.018	3.024	3.247	4.605	2.026	3.133	1.903	2.256	3.485	2.145	0.9229	3.269	4.237	3.327	5.127	1.528	2.883	1.37	3.859	2.426	5.403	2.841	3.192	4.061	4.67	1.655	1.661	3.172	2.848	2.242	2.388	2.267	2.369	0.1689	2.574	1.165	7.052	2.187	2.905	3.413	8.848	1.71	1.905	5.224	2.403	2.436	4.939	2.686	3.403	2.424	3.813	4.632
2.675	1.846	4.231	4.261	4.18	5.013	3.205	3.286	1.795	3.137	2.667	1.951	3.413	4.313	2.583	2.651	7.183	5.223	4.349	3.197	7.22	3.563	3.977	2.538	2.849	1.109	3.623	2.129	2.847	7.168	2.994	6.028	3.86	5.117	-0.2048	1.785	2.25	2.334	0.8835	2.394	7.488	3.604	2.791	6.173	2.46	2.438	2.644	0.9435	1.72	6.2	3.492	3.643	4.907	2.959	3.359	2.993	3.092	3.205	3.993	3.936	1.466	3.932	3.634	2.356	0.1334	3.034	3.384	3.279	5.674	3.195	3.435	4.009	3.238	3.386	1.985	2.375	3.702	3.468	4.671	1.467	4.721	1.667	2.686	3.481	2.668	3.311	2.95	3.628	5.366	2.224	3.458	2.886	2.737	2.509	5.438	3.899	2.32	1.356	3.566	3.15
3.086	2.9	2.117	2.677	4.325	2.283	3.391	1.012	3.339	1.897	4.948	4.076	5.014	4.362	3.997	4.572	2.874	2.69	4.162	4.191	1.147	3.765	4.278	5.71	2.131	2.224	2.379	2.381	3.746	2.249	3.068	1.624	1.17	2.782	3.49	2.271	6.037	4.059	1.591	2.409	1.919	3.662	3.412	3.483	5.49	3.334	3.545	2.999	4.99	8.737	3.287	3.908	2.105	4.698	4.603	4.55	3.817	3.412	4.261	3.286	3.373	1.423	2.643	3.624	4.35	4.098	2.722	2.885	3.841	2.019	2.304	2.683	3.585	5.274	3.451	3.158	1.389	3.734	3.866	2.791	0.885	1.347	1.017	0.9696	2.862	2.873	3.013	1.87	6.402	2.9	4.104	3.286	3.934	3.494	3.787	3.23	2.513	2.907	4.076	6.998
5.551	2.49	4.6	0.9838	4.157	2.951	2.945	3.271	3.819	3.155	0.5979	3.243	4.171	2.71	4.747	3.424	4.188	3.828	3.072	4.149	5.374	2.696	4.703	6.799	3.638	3.563	3.432	3.734	3.844	1.277	4.151	4.276	2.27	3.105	2.801	2.299	3.681	1.68	2.479	3.235	1.503	1.478	4.241	4.396	4.001	2.142	1.793	3.561	1.905	3.178	5.614	3.616	1.998	4.48	2.92	2.93	2.395	3.157	4.585	2.296	2.307	1.279	2.148	3.57	3.527	1.643	4.064	3.52	2.289	2.188	2.694	3.544	2.764	2.146	6.922	4.698	3.866	3.959	4.568	1.441	4.027	3.411	2.609	2.038	5.688	2.309	3.928	3.971	5.406	2.599	8.565	2.414	2.028	0.2801	3.751	4.494	1.92	0.6372	3.321	1.42
4.052	-0.1276	4.474	2.807	3.456	4.457	2.86	2.65	4.021	2.607	3.089	2.581	2.29	3.179	2.555	2.867	3.332	2.261	4.54	3.159	3.11	1.058	3.107	4.306	2.443	2.761	2.84	1.721	3.725	2.441	1.827	3.135	1.329	3.258	3.32	2.277	0.5713	4.042	0.6879	4.801	5.805	2.793	2.871	4.81	4.991	2.176	0.8102	3.744	1.154	5.638	2.755	2.7	0.9197	3.644	2.089	2.069	1.988	1.229	2.908	3.297	1.329	3.546	3.609	2.356	3.394	2.518	4.569	5.36	3.651	0.5481	4.193	3.823	1.974	3.729	4.238	1.034	2.962	3.313	2.178	2.084	3.936	5.115	2.109	5.632	3.114	1.573	1.009	2.11	4.498	1.347	3.845	3.608	3.073	2.726	3.496	4.857	2.8	4.403	1.672	2.039
2.266	2.694	6.513	2.573	4.52	3.277	3.875	2.651	8.573	2.383	2.274	3.261	1.458	1.347	3.641	2.963	6.005	3.086	4.019	2.443	1.7	4.325	2.824	3.115	4.214	0.733	2.42	1.464	1.292	1.526	3.509	2.387	1.461	5.017	4.879	2.437	5.886	2.049	2.364	3.526	3.19	2.801	1.728	4.411	4.194	3.148	0.8223	2.99	4.117	2.805	1.441	3.544	3.345	4.412	2.678	2.957	2.882	3.695	4.612	2.714	5.215	4.711	3.315	3.319	1.016	3.746	7.795	2.226	5.221	2.816	3.85	3.55	1.858	2.664	1.17	3.848	1.747	5.02	1.558	4.129	2.807	2.018	1.713	4.216	2.871	2.884	3.958	-1.06	6.662	3.233	4.415	1.939	3.577	3.39	2.81	2.507	4.708	2.301	3.395	3.287
4.818	1.483	4.893	2.734	5.972	0.3483	2.71	4.383	0.9821	4.215	2.306	2.669	4.913	4.6	1.769	1.622	5.364	4.667	7.975	4.052	3.231	4.809	4.875	1.882	2.254	1.414	2.206	2.74	2.089	3.298	7.924	0.8356	1.966	1.034	4.308	2.799	4.623	2.76	4.241	3.065	6.767	3.576	2.316	0.304	2.324	3.416	1.627	1.045	2.189	3.026	1.744	2.887	3.463	4.632	2.634	1.058	3.482	3.203	0.6425	3.541	1.484	3.668	2.658	2.747	2.737	3.316	2.472	3.492	6.213	3.855	3.683	2.443	2.279	3.098	2.931	3.001	1.997	3.786	3.227	3.515	2.52	2.906	0.9764	3.016	3.826	3.529	3.45	0.5304	2.167	4.289	4.785	2.402	3.052	1.863	5.043	6.735	0.4605	4.005	3.326	4.59
2.415	2.617	4.013	2.897	3.68	1.31	1.965	1.839	1.9	3.207	3.38	3.835	3.748	2.946	2.614	2.724	1.837	3.347	4.377	3.367	3.32	3.909	5.492	4.15	1.923	2.467	2.367	2.5	3.429	4.216	2.574	2.711	1.92	4.259	1.34	0.5931	1.539	-0.09176	2.67	2.677	2.125	2.325	3.262	3.646	4.597	1.512	1.779	1.254	3.148	3.757	4.421	2.56	0.8467	3.104	3.149	3.553	3.019	0.5524	8.428	4.478	2.114	3.075	4.969	2.621	2.646	7.443	2.831	3.89	4.772	5.693	1.906	2.191	2.304	2.35	3.304	3.476	1.461	1.619	3.125	2.478	2.983	1.841	2.532	5.107	0.5054	3.612	4.042	4.693	3.813	1.387	2.923	2.727	3.167	2.181	5.488	5.742	2.853	5.226	4.338	0.1461
1.837	2.553	6.54	1.202	2.358	2.133	1.563	2.388	3.355	2.74	5.454	3.23	3.735	2.743	4.036	2.6	2.695	2.564	3.446	5.208	1.098	1.788	2.683	4.264	2.212	1.654	2.77	2.022	3.545	2.913	1.005	4.382	1.062	3.456	5.409	2.73	5.899	4.442	2.341	4.501	0.9128	2.762	0.9372	3.079	4.748	2.802	0.6122	2.556	2.194	2.417	2.823	1.73	0.5233	1.918	2.739	2.456	4.27	4.19	3.136	5.346	2.542	2.003	3.046	2.009	5.869	4.168	4.258	1.882	5.48	2.691	3.287	3.128	1.585	3.966	7.274	2.835	3.575	6.373	4.563	3.924	2.813	-0.1319	0.8565	3.632	1.648	4.012	2.796	0.6751	8.439	1.54	5.757	2.008	2.318	2.301	3.585	2.767	2.479	3.601	2.92	3.509
3.079	2.078	3.033	1.504	3.918	2.222	3.269	2.682	3.72	4.887	3.883	3.566	4.172	1.759	2.878	2.873	3.768	2.297	2.955	3.417	2.557	3.922	1.897	3.189	3.739	2.486	2.887	2.737	4.864	2.489	3.435	1.264	3.206	4.364	1.78	3.663	2.899	3.408	1.381	3.058	3.24	2.681	3.639	2.472	7.036	3.134	2.046	3.18	2.534	3.378	1.393	3.446	1.864	2.981	0.8741	1.656	2.891	3.389	3.652	3.755	4.306	0.8705	3.398	2.961	2.745	3.64	3.001	5.461	-0.3768	4.89	3.074	3.721	2.859	3.955	4.155	2.058	1.99	0.35	4.758	2.563	2.825	3.215	2.645	2.443	3.15	4.788	3.702	3.382	3.187	1.919	8.332	4.102	2.937	2.495	2.729	4.444	3.267	4.128	2.947	3.035
4.169	1.955	3.08	2.317	2.841	3.045	2.763	1.637	2.74	3.631	3.574	6.327	2.882	4.284	3.953	3.062	3.546	1.887	3.926	2.862	2.235	4.144	2.087	3.32	3.275	3.715	2.145	1.665	2.682	2.763	4.438	4.024	1.594	2.604	3.908	2.919	5.031	1.3	2.117	1.567	5.138	2.125	4.16	1.561	5.507	3.364	1.318	3.667	2.478	3.4	3.143	1.243	1.146	3.942	2.664	3.007	2.908	2.982	3.446	2.411	0.1828	4.256	4.951	2.489	3.495	5.313	2.282	2.498	2.905	3.555	3.364	5.218	2.542	3.387	3.128	2.96	2.905	3.739	2.314	4.633	4.286	3.38	3.594	2.972	3.943	3.167	2.676	3.134	5.335	2.073	4.25	5.216	1.699	3.139	3.148	4.869	2.409	3.162	3.417	2.44
3.638	0.8311	9.764	1.387	3.851	3.187	2.713	3.165	2.904	2.037	-0.08124	2.35	4.722	2.768	5.387	2.194	2.838	4.173	1.437	4.236	5.255	2.701	3.587	4.029	1.894	3.472	3.017	2.533	4.599	2.52	3.82	3.997	4.171	3.486	4.838	4.401	1.052	1.162	2.778	0.6796	0.5273	2.81	2.565	2.553	4.433	3.137	0.4851	1.467	3.718	3.629	4.02	0.2882	3.758	2.907	3.69	2.007	3.796	2.383	0.1792	2.023	4.453	3.013	2.467	3.856	1.837	3.327	2.398	3.359	3.762	3.395	2.298	3.283	2.157	2.503	2.381	3.763	-0.157	3.233	2.58	1.837	4.542	1.836	1.168	3.746	2.192	3.226	2.49	2.089	2.961	3.6	2.397	4.675	3.444	3.314	2.586	5.443	3.569	3.49	2.295	3.887
3.095	4.113	5.745	1.591	5.469	1.272	1.123	3.546	3.326	2.77	1.221	3.198	2.782	2.128	0.7993	2.959	2.818	2.675	3.852	2.569	2.894	4.098	4.916	5.446	3.222	3.932	1.868	2.285	1.931	2.987	2.897	3.318	2.361	7.656	3.684	3.533	3.151	4.36	1.868	0.3163	3.367	2.61	2.929	2.826	0.9108	3.048	2.25	1.785	3.334	3.736	3.174	3.395	1.313	0.7799	2.101	3.09	4.126	3.546	1.643	4.05	5.179	6.63	2.871	2.649	1.567	4.524	3.536	2.831	3.374	2.705	2.289	5.07	3.124	1.326	4.407	3.505	2.026	4.289	2.669	4.726	3.49	2.094	2.307	4.026	2.93	2.968	3.287	3.437	5.203	1.904	4.723	3.777	2.264	2.955	5.262	3.935	1.745	5.918	2.548	3.253
2.201	2.111	0.1352	2.288	3.637	1.618	1.983	3.754	3.337	1.508	-0.2337	4.167	4.676	3.381	4.427	3.554	3.94	2.03	2.836	3.177	2.087	5.197	2.489	4.324	2.725	2.107	2.527	5.545	0.8974	2.168	1.685	2.739	1.504	2.935	2.639	3.096	4.326	0.9109	3.537	3.327	1.618	4.166	1.349	1.732	3.736	2.095	2.599	2.531	3.257	3.825	2.966	2.735	4.636	3.808	3.07	3.804	1.957	1.805	1.752	2.754	3.363	0.8183	3.052	5.016	2.791	1.151	2.615	3.933	7.474	2.957	3.189	4.007	1.948	2.932	2.802	4.551	2.969	4.157	3.265	2.264	2.66	1.647	1.714	2.554	4.531	3.622	4.773	3.633	3.343	2.431	6.853	3.175	1.722	5.16	3.485	1.587	4.435	2.737	2.462	3.877
4.242	2.282	1.385	3.131	3.005	1.943	1.313	4.62	2.19	3.075	2.855	0.6925	4.037	1.92	4.446	3.496	3.389	3.178	5.633	3.053	4.31	2.36	2.952	5.029	1.957	3.683	2.291	3.565	2.247	6.597	4.534	4.602	3.218	4.496	3.196	3.815	2.533	2.212	1.955	0.9743	3.148	2.466	3.477	3.545	5.242	2.223	1.666	2.232	1.874	2.012	5.168	2.417	1.387	3.54	3.027	1.394	5.053	1.942	1.231	3.796	3.614	2.532	5.352	4.406	1.918	1.442	2.959	2.187	5.2	3.371	2.755	4.636	1.75	2.123	5.533	2.358	2.171	2.971	2.666	2.762	2.601	0.9555	2.5	2.437	2.702	3.441	4.835	2.924	1.475	1.586	5.719	0.4413	2.226	2.06	6.995	0.4873	3.173	3.429	3.239	6.419
5.685	2.824	3.891	3.226	2.66	0.9182	4.18	1.918	4.622	3.882	2.797	3.251	3.952	3.438	4.609	3.131	3.171	3.139	3.41	2.339	4.355	4.262	3.312	4.612	2.146	2.472	1.763	3.575	1.598	2.793	2.767	3.121	2.908	5.514	2.923	3.961	2.769	-0.5764	5.697	1.888	2.091	2.514	3.411	5.182	4.905	1.502	1.54	1.858	2.479	3.012	2.767	4.398	2.998	2.959	3.229	2.267	1.376	3.163	2.199	4.253	0.5203	5.594	2.807	2.36	-0.7234	2.775	2.264	1.513	4.169	0.6396	2.267	5.277	2.565	5.607	2.203	2.987	3.224	5.693	3.017	3.641	4.521	2.205	1.343	1.362	2.3	2.248	2.255	6.408	1.605	3.312	5.293	4.537	-0.1385	2.554	3.823	2.76	5.161	2.438	3.996	2.489
2.624	3.437	2.127	1.928	3.344	1.328	2.124	3.515	2.801	3.739	3.849	3.578	2.912	3.473	3.282	3.484	3.971	3.174	6.287	2.997	3.79	4.481	3.125	4.45	1.683	1.799	3.253	2.478	5.341	3.42	3.313	4.729	3.614	0.8445	2.943	3.057	4.229	0.6456	1.558	6.215	2.743	3.009	1.72	2.123	3.783	2.231	3.147	2.022	4.025	2.737	2.933	3.502	3.061	2.62	3.774	2.065	5.36	3.209	3.314	2.876	2.317	2.572	-0.02131	3.319	1.291	1.627	2.179	3.035	5.095	2.74	4.014	4.666	3.418	5.359	2.828	3.503	3.216	1.083	3.255	2.925	3.934	3.694	1.773	1.9	2.985	4.626	3.586	1.093	3.091	2.947	2.413	2.976	2.554	2.397	3.294	4.181	4.526	2.998	2.906	2.057
2.933	3.375	2.371	1.955	3.345	1.737	3.337	3.512	2.33	3.187	2.802	3.016	3.002	3.853	2.551	2.143	3.571	2.575	5.441	2.893	4.89	2.579	3.229	2.841	0.4182	2.823	3.264	4.153	3.365	3.436	3.309	2.494	2.723	4.1	3.828	2.618	5.392	3.433	1.556	3.332	1.845	2.573	3.051	3.424	4.553	2.604	2.353	3.39	3.527	4.636	4.76	2.509	3.183	2.72	2.178	3.93	3.283	4.12	5.153	2.63	3.299	1.985	3.889	3.333	3.754	5.635	5.246	4.673	4.67	3.486	3.751	3.083	2.513	4.139	3.22	3.148	1.822	4.184	2.58	3.557	4.08	1.82	1.906	2.097	3.628	3.07	2.634	2.912	4.321	2.639	2.867	3.932	3.956	2.897	-0.2049	4.61	3.966	2.783	2.381	5.623
2.87	2.257	3.748	1.527	4.497	2.246	0.09999	3.307	4.718	2.021	4.47	3.049	3.231	2.227	3.199	3.499	4.376	1.699	3.813	3.558	2.574	4.397	2.306	3.022	1.405	0.9916	4.236	3.931	3.61	5.317	4.624	-0.6451	1.74	4.612	2.927	4.869	1.622	0.8794	2.937	3.504	5.839	4.116	1.479	1.162	1.48	1.846	4.66	2.599	3.257	2.422	5.066	-0.4707	0.9685	1.998	3.827	3.012	4.844	3.446	2.458	3.286	4.818	1.959	5.517	2.078	0.2691	0.4316	2.917	2.817	3.642	2.926	3.894	3.45	2.345	3.866	2.801	4.935	2.218	2.332	3.839	5.035	4.644	2.281	2.28	2.588	3.151	3.695	2.396	4.445	4.715	3.398	2.886	3.569	2.167	3.289	4.828	2.945	3.45	2.726	2.661	2.653
3.561	2.917	0.8204	1.972	3.52	2.885	2.814	3.818	4.06	2.625	3.566	5.18	2.561	-0.1823	1.352	2.923	4.138	4.618	3.27	2.539	2.595	4.501	3.514	5.118	3.468	3.859	2.452	3.097	2.064	0.9633	3.547	-1.361	0.6419	2.702	4.712	3.124	4.472	3.192	2.049	5.971	5.335	4.065	3.501	4.968	4.188	4.39	4.547	1.022	0.07992	3.603	5.093	3.527	3.02	3.729	2.095	5.099	3.342	1.806	2.544	3.057	4.459	2.02	3.04	3.961	0.7116	4.571	3.716	2.754	4.234	0.3333	3.781	2.917	3.333	3.628	0.9886	2.633	2.003	2.629	5.52	4.86	2.616	0.7082	3.909	3.55	4.162	3.157	2.228	1.46	5.98	1.458	4.521	2.597	3.034	4.313	0.0408	5.289	3.269	2.018	1.56	4.412
3.691	2.568	4.764	1.203	2.555	2.496	3.146	2.876	5.897	2.563	2.108	2.347	1.81	2.903	2.919	2.589	3.779	5.174	4.608	1.632	2.097	3.048	4.502	6.3	3.67	2.628	2.095	5.063	2.809	1.139	4.183	0.3572	1.394	2.659	4.357	4.272	3.139	2.199	0.5728	5.914	4.772	2.625	3.531	1.877	6.167	2.425	3.057	2.496	1.092	2.976	3.735	3.446	1.511	2.259	2.03	3.151	3.544	2.243	0.9968	3.534	5.402	2.316	3.361	3.813	3.082	0.8471	3.965	4.662	6.296	1.887	3.236	2.261	1.427	2.457	5.267	2.952	2.818	3.062	2.687	3.685	1.868	3.558	-0.07784	4.213	3.192	4.267	2.716	2.708	6.124	0.8912	5.13	2.548	2.122	1.982	2.346	4.468	4.116	3.031	3.699	3.748
2.562	2.391	3.574	3.355	4.353	0.9659	3.361	2.981	3.227	2.046	3.923	5.39	4.725	2.183	4.629	3.665	3.949	3.771	3.837	2.251	2.237	3.901	3.582	6.271	0.3068	2.524	2.239	1.602	2.48	2.789	1.288	2.611	2.356	3.253	3.098	2.006	5.634	1.037	0.2142	4.463	4.044	1.855	2.926	2.835	2.034	3.252	3.361	2.904	2.531	5.714	1.773	4.295	4.028	5.34	0.5965	1.816	3.995	2.835	2.578	2.357	2.035	-2.676	5.183	3.532	1.739	4.586	3.122	2.953	3.736	1.488	3.267	3.893	3.114	2.495	3.379	3.001	2.345	5.044	0.6472	3.046	3.964	3.323	1.741	2.863	2.41	3.66	3.896	2.839	3.194	2.24	4.605	3.682	2.052	3.375	3.226	3.697	4.379	2.25	2.682	3.093
3.546	2.955	3.577	2.986	4.11	2.563	3.696	2.153	2.233	2.093	5.611	4.511	3.179	2.107	1.934	3.499	3.284	3.349	0.667	5.261	1.406	3.547	1.543	5.099	1.368	2.7	3.889	2.651	5.443	0.3785	-0.645	3.591	2.907	3.045	3.606	1.184	3.898	3.613	2.383	1.161	3.491	2.505	3.036	5.646	3.842	3.565	4.646	2.412	2.188	-0.5112	1.262	3.519	6.655	1.463	3.29	2.902	4.851	2.89	1.115	4.156	0.3385	1.392	3.227	3.418	2.153	2.723	2.522	2.11	1.95	3.687	3.268	3.111	3.515	5.038	3.008	4.133	1.006	3.074	4.143	3.13	3.669	2.861	0.7891	3.811	2.491	3.261	3.266	2.304	4.445	1.647	3.51	3.364	0.9612	3.674	-2.988	5.092	2.052	3.144	3.176	4.549
3.702	2.622	3.394	1.507	2.71	1.283	2.866	2.56	0.4201	3.584	4.253	4.366	2.567	2.703	3.226	2.818	2.565	4.961	2.432	4.502	2.745	2.452	3.611	1.424	1.107	4.017	2.015	3.414	4.072	4.812	5.029	5.877	3.151	3.106	2.905	5.75	4.835	2.446	1.081	1.593	2.392	3.612	4.838	2.088	4.864	3.23	0.8256	2.426	2.286	6.576	5.121	3.565	3.265	1.745	1.697	1.669	3.526	3.636	3.259	2.56	1.892	4.689	1.66	3.402	0.8815	4.467	1.918	2.42	3.861	1.838	3.146	2.717	4.542	3.777	2.055	5.378	3.626	2.321	1.578	2.951	4.649	1.846	1.875	1.118	5.822	1.582	3.38	1.278	2.966	2.395	1.407	4.298	2.903	2.993	0.4381	5.324	3.089	3.068	4.611	4.783
3.106	1.001	6.788	2.926	5.918	-0.685	1.992	2.747	2.353	3.666	2.724	3.984	3.441	4.385	2.577	2.156	1.642	3.35	3.157	3.227	1.832	1.515	2.497	2.349	2.773	2.441	2.976	1.841	3.092	1.783	4.178	4.212	2.44	1.932	2.406	1.237	4.261	-0.6584	1.765	-1.177	5.807	2.836	3.517	2.849	5.835	3.314	1.251	1.139	0.8144	3.377	6.427	0.4245	4.22	2.402	4.492	3.341	3.33	4.23	2.505	3.279	-0.5817	-0.2631	3.642	3.031	3.447	0.663	5.299	3.623	4.542	2.567	2.571	3.362	2.403	3.088	3.383	3.619	0.281	2.828	2.401	4.847	0.3735	2.246	0.9491	4.399	3.525	0.7982	1.522	2.215	5.087	3.056	5.752	3.802	3.114	3.88	4.4	3.239	5.351	1.746	5.382	3.298
3.811	3.8	3.682	2.899	2.877	4.658	1.346	3.411	5.161	4.26	1.283	2.053	3.691	3.44	1.812	3.305	3.181	3.851	4.24	3.896	3.656	3.299	2.152	4.802	2.622	3.608	3.292	4.962	-0.1561	3.895	3.246	1.194	2.725	4.257	0.6294	4.548	3.538	2.413	2.41	1.731	2.403	3.34	1.238	1.62	2.773	2.496	0.4885	1.927	3.568	4.304	3.245	4.629	2.377	0.8432	3.316	3.819	3.482	0.8978	4.188	1.529	4.948	2.596	4.105	2.563	1.137	4.244	3.166	3.928	5.668	3.527	3.636	3.529	3.119	4.092	3.055	2.802	2.742	4.894	4.557	5.259	1.553	3.854	3.666	2.274	3.146	2.842	1.735	4.076	4.583	2.491	4.036	1.988	1.456	2.289	1.893	3.523	3.654	2.804	2.374	3.788
2.878	0.1601	5.533	2.962	3.749	2.117	3.605	1.737	3.512	2.833	1.852	3.598	1.813	4.222	2.801	3.875	4.844	5.027	3.508	2.554	2.128	3.732	1.827	1.52	4.609	1.968	3.23	0.337	2.997	4.438	3.207	4.423	0.7843	3.481	3.964	1.978	4.299	0.3968	2.476	3.914	3.594	5.944	1.331	3.002	4.59	0.9322	3.879	5.033	2.725	1.804	1.097	0.1252	-0.3954	2.309	1.964	-0.5678	3.417	3.655	3.029	2.973	2.177	5.181	4.427	4.119	2.148	2.544	2.815	2.931	3.835	2.463	3.336	3.448	3.342	3.696	4.573	3.683	2.45	5.054	5.551	3.437	0.8402	3.115	2.24	5.09	1.08	3.613	3.484	2.495	4.842	2.853	7.678	3.595	3.126	2.546	3.207	3.511	3.056	2.811	1.887	3.885
2.35	4.104	3.664	3.745	2.697	3.478	4.435	1.634	4.856	2.143	4.161	5.128	3.706	4.875	2.184	2.929	5.235	4.126	1.242	5.067	2.236	4.491	2.303	3.196	0.8968	0.8854	1.103	0.7269	3.7	2.376	0.8294	3.591	3.587	4.83	3.54	2.019	4.627	2.709	2.032	3.303	4.838	3.949	2.752	3.881	3.614	0.6294	0.535	1.94	4.14	3.136	1.518	4.318	2.38	3.097	3.369	2.811	4.682	2.044	1.491	1.69	1.952	3.323	3.639	3.882	3.231	4.8	0.4451	4.621	2.919	2.973	5.217	1.67	1.646	4.308	6.056	3.067	2.373	3.007	2.398	1.146	2.837	3.085	3.245	4.341	1.171	2.446	2.048	4.187	4.421	3.091	4.615	4.081	2.432	2.578	4.893	4.043	3.582	2.726	4.678	-0.08272
3.982	3.863	5.412	1.366	4.984	2.7	3.189	1.737	6.619	1.619	3.133	1.199	4.522	4.114	3.146	3.011	3.84	4.688	2.915	2.64	-0.1835	6.864	4.506	3.12	3.381	3.555	2.49	2.611	2.714	4.234	4.848	2.252	2.353	3.228	4.563	3.319	4.837	4.049	2.848	4.759	6.19	4.882	2.373	1.377	3.494	2.205	3.167	2.959	4.285	3.03	5.077	3.892	0.6919	3.268	2.573	0.6158	3.545	3.428	4.746	3.169	3.386	0.1074	4.927	2.29	3.777	3.358	1.34	1.664	3.826	3.632	1.512	2.455	3.867	3.498	2.419	3.768	1.679	1.035	4.902	3.437	4.982	3.2	3.006	2.623	2.777	1.964	4.108	0.0002144	4.089	3.612	5.327	5.351	2.517	2.024	3.976	1.7	2.459	2.828	4.669	5.301
4.584	2.675	0.4214	3.466	3.089	4.234	2.178	4.941	-3.005	2.559	0.7167	3.541	3.005	3.828	4.473	4.899	2.305	2.804	4.035	3.049	2.998	5.178	4.104	4.139	2.037	2.703	2.884	1.563	2.068	-0.2703	4.605	2.442	0.818	3.563	3.702	3.597	6.244	1.395	1.507	4.792	4.151	5.624	0.7545	4.55	6.43	1.513	3.668	1.208	0.02672	4.879	0.3562	4.495	2.499	3.266	2.339	4.87	2.663	3.963	2.038	3.998	3.57	1.327	4.151	3.392	2.155	1.289	2.148	3.207	6.225	0.92	3.622	2.466	3.08	3.556	3.405	0.4235	3.638	4.839	3.636	4.04	2.805	2.578	1.554	2.744	3.929	2.837	3.593	3.641	3.246	3.314	4.595	2.676	2.116	4.69	2.834	5.431	3.917	3.805	3.063	5.752
3.7	1.269	1.316	4.85	3.147	1.357	2.7	3.507	5.067	2.222	3.833	3.453	4.345	2.829	2.022	3.266	0.2712	4.213	3.52	3.379	1.239	4.72	3.691	5.149	0.1785	1.859	3.795	3.068	2.555	5.545	0.455	4.533	1.17	7.295	0.7265	4.105	4.28	2.735	3.448	4.916	2.421	3.87	4.851	1.941	7.597	2.329	4.616	4.368	3.164	5.616	4.438	0.9721	-0.1106	1.379	4.141	1.624	2.902	1.649	2.43	3.025	2.365	4.274	4.472	3.418	2.785	3.068	3.869	2.252	6.159	2.301	4.537	3.723	0.1635	4.5	3.566	2.071	2.484	7.07	4.306	6.811	4.632	2.909	2.188	2.887	4.094	3.42	1.839	2.722	1.679	2.847	2.614	4.357	0.9318	1.841	3.419	1.258	2.115	2.33	3.911	2.034
5.068	2.249	1.5	2.432	1.504	-0.09055	3.495	0.9765	1.226	2.132	2.541	4.234	4.569	3.29	3.325	3.983	1.155	1.999	3.931	3.651	1.997	2.427	2.717	2.476	3.064	4.285	1.859	3.175	3.742	2.471	8.893	3.296	1.887	5.431	2.676	0.9297	5.468	2.475	2.316	3.067	0.8175	4.468	2.656	2.695	5.299	-0.4887	2.183	2.687	2.288	4.548	2.73	5.264	5.355	2.869	2.858	2.227	2.13	3.243	3.888	3.273	3.371	3.442	4.782	2.111	2.127	2.237	4.266	3.477	4.497	0.4019	3.648	2.851	4.464	2.047	4.333	4.212	1.468	4.884	3.843	3.706	2.328	2.351	-0.272	5.463	3.384	3.779	3.342	-1.291	5.418	1.517	4.566	1.425	1.947	1.924	5.827	2.637	5.661	4.048	3.381	3.805
3.236	-0.5618	1.382	1.26	0.976	-0.6949	1.98	3.113	0.4104	3.15	3.601	1.7	2.552	3.726	3.271	3.85	3.245	3.77	4.856	2.858	1.354	2.466	4.858	3.114	3.188	2.823	1.691	3.394	4.546	2.026	3.609	2.536	2.977	3.633	2.679	2.697	3.232	5.544	2.191	2.932	3.004	3.762	3.214	2.041	3.273	3.358	2.804	4.311	2.623	5.238	2.916	2.896	1.648	3.515	2.684	3.164	2.491	0.4873	2.284	2.695	-2.769	2.92	6.065	2.312	3.886	2.437	4.321	3.217	-0.57	2.002	1.716	4.21	2.402	0.3892	2.092	2.086	2.623	3.273	3.901	2.341	4.76	1.702	2.518	2.845	2.305	2.019	3.385	3.716	1.918	1.603	5.771	2.729	4.153	3.821	3.145	4.805	4.407	3.647	3.642	3.271
3.636	0.4273	3.72	2.67	4.203	1.629	3.645	0.9527	5.321	3.963	4.848	2.843	2.733	1.484	3.796	3.735	2.636	3.512	5.096	3.227	2.004	3.858	3.71	3.866	2.828	2.646	2.284	2.571	1.932	1.77	3.929	6.255	-0.3738	4.753	2.241	2.445	2.633	2.713	1.417	5.234	2.441	4.528	3.135	3.871	4.352	2.049	2.901	1.792	3.702	3.485	3.033	2.222	4.786	4.499	1.817	3.292	2.73	2.853	2.093	1.903	4.1	3.714	3.904	2.614	3.057	4.903	1.829	1.869	2.577	1.998	1.591	3.506	2.255	1.634	3.176	1.626	3.172	3.997	2.784	4.212	1.884	1.584	1.952	3.639	3.596	2.365	2.328	4.16	3.17	1.864	3.226	1.006	1.533	1.805	-3.109	2.151	3.916	3.823	1.827	2.194
3.395	3.354	1.897	2.027	1.716	1.995	1.63	3.256	2.312	3.099	4.248	3.651	2.345	1.931	2.473	3.89	4.428	4.406	4.194	4.029	1.087	2.399	1.962	2.826	1.365	2.824	2.977	1.706	2.943	3.579	3.4	2.228	1.75	4.572	2.358	4.094	5.383	2.701	1.563	2.177	3.058	2.123	3.698	0.7072	5.967	3.057	1.05	3.249	4.778	4.993	6.341	2.63	5.226	3.33	2.77	1.969	4.786	1.626	0.6324	1.567	5.326	3.7	3.78	3.607	1.686	3.356	1.827	0.9666	5.843	3.903	2.35	3.698	3.671	2.246	3.509	2.626	1.047	2.811	3.245	2.102	4.69	2.357	1.772	4.482	2.7	2.722	3.717	3.336	4.051	0.1823	3.626	4.459	1.937	4.347	1.557	4.543	2.69	3.192	3.553	4.588
3.585	1.916	4.443	2.065	2.828	1.048	1.627	3.207	1.419	3.751	1.704	4.318	3.746	0.3775	0.8757	1.645	2.398	1.746	1.513	3.81	0.5404	2.902	3.32	7.147	2.43	1.945	3.077	2.516	2.273	2.75	6.954	4.818	4.096	6.362	4.54	5.509	2.859	3.285	3.314	-1.186	3.027	0.9433	2.537	2.303	5.125	2.353	-0.05187	2.531	2.706	4.609	3.879	2.236	3.213	1.513	4.689	1.522	1.842	4.244	-0.09646	3.084	3.655	2.174	3.254	2.982	2.042	2.652	2.818	3.041	2.528	1.647	3.343	2.651	3.309	2.545	4.539	4.096	2.938	2.095	1.606	3.614	2.623	0.8659	1.604	3.98	2.234	4.437	4.531	1.77	6.466	2.801	6.807	-0.03319	2.303	2.691	4.771	6.252	2.449	2.806	3.744	4.779
2.68	2.245	5.245	2.076	3.114	3.31	2.349	2.876	5.505	2.024	3.25	2.022	3.557	4.085	3.782	2.641	3.162	2.74	1.069	1.634	1.558	3.95	3.421	2.85	3.618	3.675	2.874	2.276	5.031	4.885	1.144	3.591	1.909	6.273	1.341	3.183	4.461	1.463	3.408	1.051	2.424	1.84	4.542	0.6058	2.741	2.654	1.38	2.946	2.197	5.323	3.48	4.987	5.036	2.986	2.647	2.842	3.451	1.926	1.66	2.675	3.205	3.356	1.855	1.924	3.822	3.321	0.696	2.528	5.606	2.348	2.312	2.555	4.3	0.8322	3.939	1.445	2.731	3.421	4.757	2.218	1.271	2.68	-1.612	1.807	2.234	2.938	4.131	2.555	4.342	2.944	3.866	5.326	1.36	3.874	5.578	3.093	3.184	4.146	3.115	2.162
2.094	3.565	4.635	2.585	3.654	3.214	2.952	3.518	5.537	2.26	5.211	2.924	4.646	3.866	4.113	2.246	3.293	3.766	3.818	2.473	3.297	4.183	4.772	3.763	4.952	4.592	3.95	4.602	2.616	3.651	3.464	4.328	3.042	2.275	4.238	2.617	5.704	-4.999	1.488	5.163	2.729	-1.531	4.965	3.227	4.137	3.454	2.318	2.259	3.831	2.96	5.211	2.42	2.973	0.796	3.145	1.474	3.7	3.112	3.937	2.875	5.679	5.432	4.332	2.506	4.359	4.001	3.783	3.328	1.44	2.687	4.511	4.004	2.442	3.143	2.426	1.85	4.641	4.745	2.137	3.528	4.058	2.846	0.7588	3.985	2.664	4.054	4.097	2.33	3.188	2.696	6.234	3.925	1.776	0.544	2.915	4.766	2.254	2.786	2.366	3.945
3.939	3.822	2.874	3.647	2.207	2.781	-0.14	3.835	3.014	3.191	6.511	1.908	2.454	1.384	3.342	1.811	5.968	3.628	4.645	2.722	4.381	4.314	2.967	4.019	3.106	-0.4132	2.286	2.75	1.617	5.204	6.223	2.273	2.536	3.768	3.203	1.682	1.03	3.585	3.218	3.956	0.9703	1.588	2.478	1.661	7.502	1.56	2.409	3.177	4.5	2.195	3.507	5.316	1.69	1.847	3.553	3.097	3.627	3.782	4.303	2.735	2.062	1.737	2.689	3.409	0.9456	3.345	4.449	2.786	2.769	1.067	2.611	3.372	3.625	2.208	4.849	2.615	0.5596	3.554	2.484	3.796	3.577	2.815	3.579	3.36	3.354	3.014	4.067	5.827	4.152	2.556	4.243	2.931	1.48	2.204	4.41	3.016	3.933	5.292	2.584	0.5472
2.724	2.362	-3.617	2.1	5.93	3.983	1.665	3.665	-2.264	1.891	1.796	1.758	3.181	2.594	2.195	3.014	4.087	4.946	4.192	3.442	1.884	4.046	2.536	2.831	2.811	2.043	3.786	2.768	3.674	6.407	3.076	1.925	3.614	2.338	3.371	1.69	4.621	4.136	2.097	-1.713	6.691	5.016	3.887	1.29	2.658	2.327	1.577	2.355	5.006	3.908	1.589	2.884	4.368	2.796	2.272	-0.07201	4.708	0.5897	2.953	3.373	2.637	3.777	5.163	2.034	4.167	2.358	4.585	2.949	6.437	4.38	0.9981	3.416	1.71	3.837	3.041	2.606	1.172	3.127	4.398	3.522	1.047	3.209	3.521	1.033	2.993	1.552	2.227	3.918	2.048	1.293	5.257	3.835	3.692	3.457	0.7143	7.426	4.87	2.52	1.006	3.902
3.147	0.9504	2.713	2.125	2.732	2.385	1.986	4.309	3.078	4.276	4.498	2.246	2.485	2.93	2.553	2.067	5.105	1.748	3.911	3.086	1.48	3.429	2.858	-0.2801	2.627	2.809	3.502	3.573	4.226	4.233	2.75	6.052	3.035	1.493	3.88	4.707	4.972	3.337	4.718	1.965	2.632	3.785	4.907	0.6809	7.03	3.823	3.939	3.9	3.254	2.696	5.745	4.737	2.865	3.455	5.947	0.0443	5.766	0.9256	2.531	1.616	3.622	6.361	3.749	3.644	0.5811	2.286	5.188	1.674	3.085	1.389	2.792	2.272	2.328	6.134	2.443	2.432	2.48	5.558	3.426	2.272	5.136	3.774	2.764	5.274	2.991	3.095	3.562	4.104	2.428	1.802	2.139	3.636	1.36	3.547	0.8629	7.609	5.305	3.731	2.283	-0.7839
2.928	3.352	1.711	3.399	1.954	1.035	-0.4849	2.397	2.828	2.949	5.585	4.993	3.304	3.448	1.203	3.9	2.774	5.412	4.186	2.608	2.986	1.492	2.65	1.812	3.208	4.202	2.674	4.143	2.699	2.658	3.308	3.043	0.7718	3.7	2.443	2.479	4.585	-0.2321	2.668	5.632	5.551	3.73	1.103	2.948	4.855	3.043	1.59	3.38	1.079	4.595	6.841	4.718	-0.5117	2.088	3.376	4.055	2.347	4.1	2.546	2.269	2.609	1.981	2.447	4.729	3.245	0.9629	3.222	1.997	3.396	2.858	0.7437	3.736	2.872	2.425	2.658	4.181	2.617	2.457	2.592	1.554	4.141	2.26	1.2	-0.06721	2.471	3.43	2.857	0.2505	6.831	3.09	3.471	2.935	1.701	-0.3421	2.027	6.241	2.953	1.613	3.48	4.376
2.811	1.584	4.492	2.867	6.301	1.724	5.298	3.994	4.751	3.242	1.295	2.302	2.786	3.011	1.587	3.686	3.416	3.284	3.503	3.004	1.882	6.402	5.202	3.981	3.284	2.945	1.859	0.6152	1.011	5.144	1.59	1.439	1.006	2.824	3.616	1.104	5.842	2.074	1.749	4.377	1.436	5.215	3.251	2.663	4.698	2.395	4.666	1.796	1.363	3.071	5.554	6.336	5.469	3.199	2.463	2.43	4.558	3.525	3.036	4.909	4.605	4.63	7.636	3.454	0.7676	3.235	2.827	1.889	7.571	1.569	2.422	5.033	2.193	3.416	2.963	1.632	1.348	6.768	5.59	4.349	2.403	2.005	1.601	1.745	1.602	2.816	4.151	0.9276	7.486	0.8291	3.737	2.987	2.927	4.164	3.116	3.774	2.796	2.463	1.854	2.662
4.495	1.03	2.536	3.703	2.342	2.621	2.176	3.005	4.005	2.844	5.842	5.043	3.431	3.194	4.457	2.349	4.048	1.923	1.946	4.024	3.832	3.27	4.754	3.407	2.195	2.105	2.146	2.645	5.307	2.689	4.404	5.436	1.511	3.005	5.283	3.963	4.273	2.743	2.159	4.797	2.487	2.736	1.539	3.543	7.549	2.185	4.078	0.8042	2.943	3.017	1.885	3.447	1.522	5.397	2.878	3.385	4.417	4.49	3.555	1.611	3.583	2.376	2.703	2.572	4.035	1.485	2.624	5.1	1.829	4.205	3.076	3.476	1.829	1.177	3.684	1.119	1.393	3.029	0.9444	5.866	5.168	0.681	2.09	4.469	-0.09822	3.469	0.8202	0.6349	2.192	1.138	6.424	2.085	1.438	4.249	5.452	3.432	2.284	4.95	2.249	2.585
5.828	2.536	4.551	2.648	2.974	0.8609	3.519	3.738	4.201	4.573	3.253	2.728	2.058	4.034	3.884	2.263	-0.1075	3.387	1.043	2.865	-1.376	6.444	2.737	3.795	1.457	1.812	1.342	2.623	2.23	2.936	5.428	5.054	1.175	3.677	2.295	3.673	7.347	6.68	1.258	2.726	3.339	2.444	2.205	0.856	3.479	3.964	2.21	2.48	3.099	6.728	5.42	4.04	3.718	3.357	2.547	2.499	2.875	3.863	3.172	1.555	1.054	1.836	4.881	3.17	1.95	1.771	2.225	4.58	3.494	1.075	4.06	2.587	3.593	2.988	3.775	3.726	1.354	1.144	2.687	2.805	2.291	3.194	1.901	6.08	3.708	4.358	4.307	1.519	5.74	2.083	7.049	1.923	2.373	2.495	5.031	3.956	2.061	3.267	3.066	2.609
2.676	3.035	1.147	1.474	4.872	1.901	2.749	4.749	2.863	4.46	3.595	2.696	4.416	3.643	2.61	2.409	6.926	2.66	2.988	3.406	1.824	3.267	3.269	2.927	2.687	1.883	3.284	3.822	3.728	1.45	4.582	3.176	2.056	4.537	5.072	2.044	3.868	0.876	0.03364	2.373	2.587	0.51	2.59	1.853	5.082	3.193	1.218	0.8609	4.636	4.608	3.602	2.33	4.21	1.083	2.459	4.908	4.139	2.148	2.305	4.947	4.307	6.499	4.323	3.338	0.1132	1.759	2.915	2.311	2.515	2.934	3.336	3.545	1.826	1.403	4.318	4.698	1.709	1.808	4.918	2.043	1.314	1.818	2.686	3.735	2.589	3.078	6.415	5.717	3.094	1.961	3.753	5.164	4.032	1.567	3.001	3.017	2.801	3.495	2.607	4.093
3.603	0.9593	0.9575	2.927	2.539	1.276	2.984	3.787	2.441	5.401	4.58	2.264	1.768	5.118	1.585	4.058	5.91	3.914	3.881	2.029	2.742	1.259	4.011	2.102	4.843	2.13	2.883	3.377	2.481	3.076	2.206	1.527	1.476	2.911	3.041	2.324	4.028	2.038	1.529	6.111	2.695	1.609	-0.1268	3.32	3.288	4.171	1.055	1.109	1.847	6.213	4.216	0.8507	0.141	4.566	5.373	3.116	2.614	1.624	3.566	2.164	3.159	0.2614	6.805	3.897	2.505	4.132	3.015	2.219	4.381	2.575	4.303	2.446	2.721	2.403	5.106	2.223	1.289	2.378	2.824	3.3	3.919	1.689	-0.4099	5.372	2.316	2.008	2.134	-1.857	2.248	2.233	3.683	1.51	1.89	2.355	1.682	4.627	2.079	3.299	3.057	4.066
2.297	3.302	3.786	1.744	3.673	1.675	3.826	4.721	3.443	2.135	3.522	3.141	4.62	1.786	2.308	3.305	3.329	2.869	3.845	1.598	2.174	5.171	3.436	1.983	3.489	2.817	2.285	4.289	3.335	1.649	4.537	4.403	1.35	5.369	2.01	2.918	3.507	2.779	1.488	2.551	0.04594	2.431	3.978	2.043	4.573	1.187	1.617	3.42	3.114	2.929	4.207	4.262	6.188	3.352	1.997	0.8123	3.246	3.194	-0.006005	2.541	3.156	3.177	4.24	2.342	3.248	2.561	4.365	2.791	-0.9184	1.969	3.102	3.798	2.612	3.113	2.064	2.769	2.043	1.665	3.009	2.7	2.136	4.015	1.828	2.865	3.204	3.809	1.893	2.202	3.603	2.12	2.775	3.203	2.6	2.852	5.165	3.455	2.816	1.523	3.562	3.977
3.014	3.682	2.961	1.447	3.77	0.5844	2.129	1.358	6.374	4.23	1.591	3.025	2.485	3.825	2.512	3.137	2.975	5.755	2.697	2.542	1.182	3.448	2.894	3.078	2.86	1.799	2.311	2.621	1.289	3.124	4.483	3.436	1.488	2.233	1.451	4.568	2.958	0.985	2.372	3.397	4.236	3.669	2.081	0.2067	4.614	2.509	3.192	2.317	0.9893	3.056	2.854	3.45	1.627	2.234	2.097	3.115	2.871	2.092	1.118	3.115	1.747	6.224	3.357	3.449	1.149	3.509	5.586	4.075	4.049	0.7264	2.488	3.777	4.01	4.081	3.582	2.561	2.04	2.422	2.074	3.607	4.725	2.105	2.299	2.689	2.142	4.407	3.4	3.798	2.794	1.859	4.681	2.343	1.629	1.325	5.365	0.7389	3.175	2.137	2.65	0.4961
2.217	2.422	2.959	0.8145	3.44	1.668	2.008	2.444	2.525	3.035	1.713	3.97	3.507	1.979	2.174	3.009	2.39	2.432	2.783	2.612	2.155	2.084	3.122	5.901	3.5	2.028	2.872	3.607	3.607	2.654	4.12	3.946	0.9826	4.815	3.184	2.204	2.441	1.454	1.007	3.368	5.176	2.483	1.914	2.834	5.082	2.149	1.048	0.3586	3.602	3.066	3.983	2.913	1.612	2.008	1.943	1.858	1.758	2.59	0.7707	4.466	0.9725	2.66	3.508	3.548	2.221	2.541	2.456	2.315	6.248	2.674	3.852	3.378	2.479	1.981	2.185	1.82	2.121	2.33	3.103	3.167	2.451	2.144	3.135	1.689	2.216	2.616	3.244	0.7345	2.371	1.894	5.818	3.793	1.545	1.497	3.785	4.133	2.787	2.618	2.907	2.137
1.592	2.089	-0.6752	1.514	1.998	0.6319	0.8395	2.111	4.76	2.981	4.073	2.747	1.329	1.574	2.246	2.808	3.303	4.11	2.332	1.809	1.492	1.679	3.571	4.579	3.627	-0.09706	3.001	1.638	-0.6652	1.577	6.809	-0.7859	2.719	3.052	4.294	3.112	3.019	2.158	1.166	0.5658	2.764	3.439	0.3491	1.279	5.929	2.753	1.773	1.047	1.651	5.957	6.49	1.247	1.316	3.569	2.209	1.958	3.558	2.009	2.068	2.361	1.896	-3.038	0.9825	1.885	2.108	3.958	2.603	1.587	2.115	2.049	3.243	3.439	2.387	3.332	2.118	1.79	2.124	2.416	5.356	2.095	4.354	3.031	3.285	3.785	4.664	2.4	1.831	1.625	4.047	1.458	2.518	2.335	1.73	2.364	0.3823	3.763	1.557	4.583	4.475	4.22
4.172	2.709	3.734	2.606	2.95	3.832	3.533	2.513	6.117	3.334	2.047	2.847	2.077	2.715	1.988	3.909	2.483	4.285	5.357	2.174	4.327	3.314	1.62	4.447	3.683	1.863	2.413	3.268	4.59	2.746	1.087	1.176	1.073	2.857	3.414	2.972	0.873	3.622	2.274	2.159	1.015	0.7517	1.855	2.991	4.311	2.293	3.302	3.027	1.708	5.733	3.66	3.564	3.632	3.135	2.761	3.036	2.712	2.085	1.404	2.514	4.319	2.897	0.3376	3.138	1.196	5.51	2.041	2.729	4.379	3.102	2.912	3.346	2.397	4.224	2.401	2.291	2.998	2.672	2.37	2.962	2.656	1.506	1.288	2.853	3.31	2.004	3.572	3.418	3.964	1.616	4.698	3.419	2.083	2.876	3.119	5.717	1.364	1.774	3.147	2.94
4.004	2.69	3.282	4.608	4.366	3.016	1.88	2.623	2.673	2.726	5.615	3.535	3.075	4.724	1.825	2.957	3.554	2.505	2.655	2.263	1.085	2.848	4.071	2.065	2.232	2.442	2.797	2.418	3.555	6.053	4.107	1.891	2.594	4.847	0.7357	5.167	5.248	4.597	1.231	5.463	3.76	2.527	1.811	2.71	2.798	2.437	2.88	1.278	1.949	3.019	6.18	2.323	1.791	2.377	3.465	1.277	2.516	2.9	0.7745	2.647	4.707	0.6691	2.353	2.557	2.656	2.048	3.077	2.565	4.483	2.677	2.505	3.707	2.455	2.163	1.691	2.923	5.327	5.461	3.714	2.196	1.97	2.074	1.776	2.194	1.443	2.067	2.869	2.52	4.818	1.292	6.421	4.155	3.286	3.53	2.599	0.588	3.511	3.208	2.755	5.87
3.985	2.372	0.3011	3.719	2.924	1.944	2.081	3.238	4.51	3.339	5.599	5.832	4.931	2.085	4.653	2.571	6.749	2.41	4.181	2.645	3.511	4.031	5.293	5.288	3.928	2.918	3.495	3.295	4.493	2.421	4.115	6.082	2.005	2.141	3.258	3.17	4.855	4.093	0.1818	3.984	4.789	1.48	5.963	1.784	5.021	3.893	1.981	3.69	3.728	1.423	1.927	3.516	2.18	3.936	4.007	2.016	2.986	1.491	1.807	3.272	4.273	1.405	-0.2507	3.14	3.071	3.244	2.385	3.377	4.087	4.596	2.318	3.319	4.662	4.2	4.509	1.283	2.773	5.484	5.142	2.656	1.886	0.08415	1.562	4.235	5.069	2.283	6.267	3.66	7.824	4.254	2.958	2.579	2.688	2.484	5.486	5.404	0.8733	2.81	5.721	1.893
3.441	2.81	2.649	2.133	5.579	-0.3867	2.236	2.066	-0.7633	2.499	4.741	4.819	3.123	4.838	2.593	1.849	1.293	3.007	3.551	1.851	3.103	3.953	4.552	4.319	5.817	3.266	1.751	2.601	2.026	4.307	1.412	2.587	3.915	2.727	4.375	0.4982	1.447	0.7602	4.208	3.229	1.05	3.863	1.143	1.57	7.074	2.609	4.788	2.742	2.946	2.774	5.287	1.265	2.911	1.673	1.818	2.818	4.744	2.015	2.282	2.509	1.411	5.192	4.903	3.38	2.361	3.622	4.803	3.417	5.878	2.803	5.98	1.78	2.544	3.366	3.121	3.034	1.935	2.914	3.491	5.803	2.864	2.436	2.962	1.973	4.225	2.404	1.17	3.696	5.984	2.952	2.173	1.943	2.618	2.192	4.598	5.136	3.535	3.254	1.911	4.204
2.999	4.26	4.786	0.3428	3.397	3.581	3.301	4.375	4.73	2.903	3.101	3.442	5.535	3.039	4.151	2.194	3.173	3.301	3.04	5.608	3.454	3.174	2.156	5.541	2.262	3.482	3.412	2.555	2.172	3.987	2.733	3.565	1.958	4.364	3.892	3.127	3.687	4.24	3.449	0.1568	4.107	3.251	3.706	5.542	1.778	3.233	1.412	1.312	2.533	2.171	4.815	4.762	3.053	3.463	4.046	4.576	1.81	2.444	3.59	4.455	1.912	4.607	3.113	3.88	2.637	1.057	2.298	3.655	3.915	2.275	4.261	4.152	2.533	3.097	3.23	3.241	3.121	3.785	3.927	2.592	4.128	5	3.967	3.34	3.498	2.849	4.07	2.819	3.97	2.075	3.982	1.473	2.334	1.795	4.71	5.067	0.8185	3.157	2.666	5.238
2.453	4.358	2.159	1.961	4.164	1.756	3.384	3.61	1.924	3.11	4.902	4.075	2.971	3.458	3.312	2.388	3.748	3.286	2.815	3.384	2.248	3.567	3.487	4.73	1.947	2.123	2.912	3.044	3.411	4.414	1.935	2.477	1.667	2.397	2.68	3.378	4.491	4.06	2.4	2.59	3.103	2.276	4.084	3.593	5.632	2.96	3.887	3.589	2.417	5.777	3.35	3.558	4.44	2.481	2.57	2.513	3.638	3.198	0.6411	2.514	4.146	0.9952	4.788	3.032	2.931	2.663	2.686	2.8	2.693	2.262	0.9468	3.624	2.908	2.728	3.549	3.959	2.03	4.404	3.414	2.513	3.02	2.817	2.703	2.314	3.366	2.882	3.143	2.169	4.419	2.184	3.331	4.543	2.953	2.709	1.874	6.225	4.564	3.287	3.627	3.78
