0.9395	-2.707	2.526	0.2609	-1.775	0.8246	-7.333	-0.2157	-1.577	-0.01519	0.6182	-5.589	-0.6138	-0.06053	1.29	-4.741	1.039	0.5581	-1.659	-0.7608	1.447	-2.377	1.326	-4.24	-3.933	-0.3028	0.9895	-2.428	-1.744	2.161	2.271	1.141	-4.712	-1.106	-2.191	0.3196	-4.129	1.217	0.1525	0.6488	0.1604	-4.771	-0.4117	-1.843	0.08973	0.4425	-6.322	0.05832	-4.28	0.3969	-2.703	0.06131	-1.85	0.8699	-2.293	-1.943	0.3223	-1.14	1.484	1.744	0.6355	0.1836	-0.746	0.558	0.2646	0.121	0.9523	0.03486	1.604	-4.422	-1.057	-3.274	0.8423	1.807	1.319	-1.077	0.4856	-1.665	0.7237	-0.8727	-0.6092	0.3813	-1.324	-3.016	-1.326	0.6591	-0.1431	0.852	-2.358	0.5314	-0.7398	-2.106	-2.415	-0.6998	-0.7561	0.7737	1.246	1.408	-0.8512	-2.743
1.423	-1.385	1.374	0.3144	-0.2938	2.237	0.1047	1.184	-1.088	1.338	-1.105	-0.8084	-0.6852	1.629	-0.2926	-0.3948	-0.1985	-0.7137	-0.533	-3.472	1.879	-1.263	-0.498	-0.4871	-1.244	0.9453	-0.2592	0.746	-0.4888	-2.037	0.9802	0.008516	2.112	-0.4204	-0.5763	1.207	-0.134	1.38	1.336	1.099	-1.212	2.104	-0.1149	-0.3278	-0.6319	-0.0595	-2.576	-0.2734	0.9417	1.031	-0.7503	-0.1179	-3.14	1.077	1.042	0.6727	-5.451	-0.458	1.402	-0.8998	0.06678	-0.1265	-0.9288	0.8659	-0.01071	0.2701	-4.54	-1.197	-5.317	0.183	-0.4125	-0.2757	0.5353	1.052	-1.697	0.06847	-5.646	-0.6506	-0.5084	-1.115	-2.942	-0.5623	-0.3923	0.4437	-1.149	0.09151	1.16	-1.144	0.1487	-1.238	-0.9476	1.509	0.1961	1.331	0.4964	-1.215	-0.8001	-0.7346	0.2568	0.2059
1.301	-1.369	0.9945	2.126	-0.9438	1.376	-0.8545	0.4863	-1.286	0.09057	-1.485	-1.852	-2.129	-0.8459	0.4519	0.8377	-3.359	-0.2572	-0.8342	-2.941	-0.3123	-1.294	-0.1044	-2.045	0.6658	-0.1009	-0.8798	-0.487	-1.607	0.4528	-0.4554	0.8075	1.366	0.4351	0.1993	0.4393	-0.5285	0.1855	0.4384	-0.06724	0.2153	-0.09249	0.4165	1.079	-0.4919	-1.144	-0.4878	0.6732	1.939	-5.171	-0.4656	1.367	-0.9704	-0.4663	-0.1771	0.2428	1.521	-0.6723	1.472	-1.097	0.7455	-0.1289	0.1792	0.9018	1.599	1.047	-0.1565	-1.571	1.424	-1.363	-1.601	0.2842	0.9008	1.546	-0.6117	0.8245	-1.986	1.108	1.2	-1.094	-1.243	-2.253	-1.234	0.0433	-0.1548	0.3614	-1.038	0.3255	0.06753	-1.135	0.4879	0.8466	0.2044	0.06183	-0.4474	-0.3161	0.1117	0.1367	-0.2262	-0.0009809
0.7771	-0.1627	3.852	0.5394	0.7822	2.577	0.5157	1.159	-0.5759	0.6877	-0.4365	-0.9279	-0.1387	-0.3746	0.3373	0.6539	-0.3609	-0.3533	0.4483	-1.081	0.9719	0.04127	-0.5344	-1.206	-0.5514	1.027	0.1465	-0.1201	-2.057	0.4788	2.834	0.7391	2.584	-0.5184	-1.46	-0.2218	1.223	0.7476	-2.028	1.21	0.08151	0.6383	0.02773	0.9716	-2.072	0.007107	-0.2058	0.4435	-0.9194	0.6296	-2.703	0.932	-0.8666	0.2207	-0.0273	-0.04002	0.6432	0.3433	0.6907	0.8253	0.6658	0.9206	0.3481	0.1578	0.7949	0.5859	-2.209	-0.0965	0.01641	1.422	0.391	-0.4982	1.025	0.7931	0.5085	-0.5649	-2.146	1.228	0.05361	-0.5521	-1.506	-0.2362	0.7055	-0.6401	-0.3509	-1.018	0.9123	1.496	-0.9919	-0.9361	-0.6946	-0.6427	1.107	-1.382	-0.1954	0.4154	0.5296	0.9513	-0.6325	0.03892
0.5614	-0.5177	3.541	1.523	0.05595	2.598	0.004827	0.7241	-1.079	-0.3107	0.3098	0.5601	-1.324	-1.288	0.9842	1.576	-0.7261	0.495	0.9007	-0.5867	-2.102	0.1553	-2.886	-0.168	1.324	0.2409	0.384	-0.5886	-3.848	1.841	3.135	0.8082	1.301	0.1543	0.1249	-2.498	0.2914	0.8481	-0.3899	0.5629	-1.509	1.364	0.6757	0.526	-2.483	-0.5334	-2.39	-0.2655	0.2216	-1.722	-1.206	-0.3302	-2.685	-0.6565	-0.7182	-0.4723	-0.6511	-1.474	-0.5971	1.342	-0.1616	0.5563	-0.7939	-0.9049	0.9983	-0.5508	0.7317	-2.332	0.5381	1.053	0.2535	0.2021	-0.5093	0.9533	-0.1381	0.02431	-0.4002	0.4444	-2.245	0.5488	-8.481	-0.1549	-0.3985	-0.3244	0.03271	1.836	0.2567	-1.305	-0.7854	-3.079	-1.459	-0.2585	1.161	-0.1023	-1.265	1.618	0.09002	-0.6619	-1.566	-3.082
0.2727	-2.355	0.3916	0.7015	-0.4505	1.433	-0.7853	-0.8597	-8.352	-1.436	-3.104	0.04311	0.4585	0.9877	0.1915	-0.3857	-0.0398	0.006697	-0.7975	-0.1629	-0.1625	-0.09577	-0.3415	-0.5188	-0.3494	-2.08	0.04066	-1.073	-2.952	1.67	1.918	0.5863	-0.6693	0.3766	0.4834	-7.192	-0.3155	0.5278	1.645	0.9834	-0.3513	0.8043	0.8653	0.1716	-0.5378	-0.6823	0.672	-2.477	1.133	0.4396	-1.404	-28.18	-2.149	0.6022	0.3585	0.7502	0.7887	0.4985	0.4288	0.3233	-0.2866	-0.3149	0.6984	-0.2173	2.321	1.405	1.151	-0.3624	-0.1617	-0.549	-0.2808	-0.4029	0.3706	0.7969	-3.505	-1.935	-2.464	-0.2889	-0.8623	0.3585	-0.7158	-0.7427	-0.6889	-0.8031	0.8914	0.06117	-0.3451	1.137	-1.107	-0.6834	-0.7218	-0.2697	0.9109	-1.706	-0.1017	-2.669	-0.7896	0.9387	0.5709	-0.3692
1.523	-1.532	0.5679	0.5059	-1.293	0.8698	-0.91	-0.8167	-0.9717	-2.265	-0.9248	-12.34	0.5957	0.9039	0.6551	-0.8236	0.4795	-2.277	1.052	-1.018	1.182	-0.09191	-1.643	-1.657	-0.3364	0.5769	-0.8484	0.1204	-1.265	2.635	1.944	-0.06868	0.7646	-0.589	-0.4841	-0.766	-1.161	-0.5758	-0.2851	0.4176	-1.238	1.102	0.4015	0.01447	-2.578	0.6062	-3.27	-1.663	-0.5818	-0.1027	-1.959	1.16	-3.076	0.6267	-0.8054	0.5766	0.6148	0.7465	-2.888	0.4184	0.1074	0.6162	-1.708	0.1599	-3.861	0.1381	0.4827	-1.342	1.491	-3.803	-0.5374	-0.888	0.4145	0.8832	1.445	0.8881	0.2602	-0.8634	-0.4962	-1.695	0.3104	-1.601	-0.08881	-3.281	-0.281	-0.6334	1.184	-1.675	-0.9089	0.6333	-1.949	-0.7894	-0.5016	-0.02535	0.8217	-1.504	0.8181	-2.366	-1.295	-1.928
-0.7646	-3.105	-0.6385	0.7987	-1.985	1.089	-0.5012	-0.01527	-0.4869	2.075	0.663	-5.311	-0.7167	-0.8989	0.1177	-0.4053	-2.259	-1.305	0.1891	-3.535	0.4601	-8.128	-0.1321	-1.286	0.6802	0.03007	-2.32	-0.1738	-2.074	-0.3222	-1.287	-1.996	-0.564	-0.1347	-2.116	-0.5088	-2.166	-1.076	0.1538	0.6755	0.0178	1.93	-1.079	0.7349	-2.656	0.4367	0.526	-2.903	0.6766	1.385	-2.82	-12.75	-1.358	0.6102	-0.2384	-0.595	0.6441	0.0409	-1.172	-0.03661	0.7124	-0.2466	-0.4542	0.6017	-1.23	-0.7568	-0.546	-1.915	1.508	-1.255	-20.09	0.4767	0.5298	-0.5319	-0.9865	0.394	1.09	0.6527	-1.485	-0.4321	-0.6272	-1.2	-0.6156	-1.563	-0.1629	-2.376	-0.07857	0.03003	1.312	-0.7848	1.473	-1.173	-0.3939	-1.061	-0.6564	-0.7605	-0.7518	-5.353	0.1125	-3.28
-0.08408	-0.03581	1.931	1.554	-0.356	1.307	0.1779	-2.778	-0.4604	0.3093	-0.6795	-2.086	1.544	-1.325	-2.06	-3.094	0.7044	-0.4768	-0.02931	-2.148	-1.224	0.1108	-3.299	-1.223	2.334	-1.186	-0.1283	-3.052	-0.03558	-0.3354	1.953	-2.422	-2.39	-0.5149	-0.06199	-1.46	-2.738	1.198	-1.738	0.5499	-0.6112	0.7717	-0.3439	-0.05739	1.867	0.737	-0.6914	-2.003	3.204	-0.9551	-0.7506	-3.015	-0.8188	0.28	-1.823	-0.3644	0.6091	-0.4598	0.2348	-1.064	0.1749	0.4782	0.3401	0.6721	1.111	-1.01	0.7456	-1.275	0.4649	0.3369	-0.2515	0.07784	0.6023	-1.436	-0.767	0.3609	-2.879	1.618	-0.09391	-0.7083	-0.6094	-0.2852	-0.2391	1.17	0.1338	-2.67	1.056	-0.6718	-2.139	-0.8084	0.2351	-0.1468	-0.2859	-0.5519	-0.3004	0.5472	-0.02876	-1.055	-1.818	-0.6412
0.3999	-0.09978	0.1229	-0.8332	-0.9846	0.5084	-1.156	-1.16	-1.547	0.1817	-0.4611	-0.3115	-1.457	0.6134	0.02994	-1.082	-1.787	-1.697	-0.5722	1.527	-0.1736	-1.806	-1.172	-2.097	-0.5807	0.6676	-1.022	-0.808	-1.823	0.384	-1.999	-0.4904	-0.4974	-1.535	-2.017	-0.6818	-0.9081	0.1295	-0.3615	0.6934	-1.675	-0.7559	-1.088	0.4663	-1.277	0.3539	-0.4331	-3.755	1.372	-3.269	-0.6298	0.0193	-0.767	-0.002062	-1.263	0.4447	-1.708	-2.331	0.2693	0.2186	1.277	-0.7585	-0.08384	0.01707	-0.7282	-3.301	0.9835	-0.3265	2.159	2.585	-1.984	-2.458	0.5663	-0.6047	2.403	0.04661	1.072	0.3513	0.07838	-2.464	-0.3936	-2.857	-0.7527	-0.9334	0.2795	-0.8664	-0.154	-2.272	-2.237	-1.048	-2.701	3.503	0.02349	-0.74	-2.197	-2.277	-1.02	-0.2985	0.02468	-2.593
-0.5992	-0.2969	-1.289	0.4586	1.227	2.132	-0.3598	2.141	-22.63	-1.091	-1.503	-1.035	-1.642	-3.94	-0.9236	1.088	0.2014	-1.466	-0.5212	-6.059	0.6666	-1.942	-0.626	-0.2408	0.005061	0.4197	-3.464	1.458	-2.564	0.9602	1.171	-0.7664	1.15	-2.142	-3.114	0.3941	0.1144	-0.9539	0.333	-0.1957	0.04366	0.9409	-0.9708	-0.9897	2.064	0.5091	-2.258	0.8604	0.5539	-1.153	-0.5184	0.1578	-5.616	0.04558	-0.315	-1.389	-0.06952	-0.0556	-0.08267	-1.764	-0.4432	0.7515	-0.9675	-1.092	-0.5319	-0.1916	1.006	-3.439	-0.04932	0.554	-0.6939	-1.939	-1.15	-0.3163	-9.496	-1.928	1.436	-0.4293	-0.07524	-0.4751	-2.447	-0.05529	-0.2181	-1.166	-0.9518	0.1207	0.4847	0.4153	-1.243	-1.731	-4.139	0.4472	-0.6635	-2.795	-2.013	-0.637	1.996	1.146	-1.067	-2.78
-3.237	-1.507	-1.245	0.5584	-0.142	0.3918	-1.534	0.07452	-0.5886	-0.2426	0.9629	-0.3723	-0.0576	1.999	-3.219	-1.407	2.394	0.8037	1.003	-1.85	-0.131	-0.6411	-2.357	-2.34	-0.4147	0.1417	0.3294	-2.576	-1.525	1.683	3.174	-1.782	-4.445	-1.122	-0.316	-1.134	-1.362	1.079	-3.427	-1.152	0.1331	0.2023	-2.006	1.388	0.5492	-0.1953	-1.787	-0.2136	0.6599	0.8377	-1.395	-0.7833	-0.6994	0.3377	-1.277	-2.787	-0.8923	0.3145	1.485	-0.2967	0.9349	0.8894	0.4673	-0.04725	-0.5458	-0.3954	-0.5202	-3.413	0.08293	0.272	-1.181	-2.72	0.1291	0.6043	0.4804	-0.2117	-1.202	-0.1949	-0.638	-2.143	-0.05556	1.129	-0.8862	-5.94	-0.7725	1.351	-1.687	-4.949	-0.766	-0.9793	-0.2728	0.7367	2.277	-2.772	0.3276	-0.01328	-0.04599	0.1296	-0.8398	-0.5933
1.627	-2.286	-1.951	-1.016	0.4778	-0.1698	-1.32	-0.3363	-1.941	1.885	-0.9717	-0.3621	0.773	0.7484	0.5737	1.978	2.227	-0.5447	-0.196	-2.878	-3.035	-0.29	-1.811	-1.261	-0.4732	-0.1672	-2.951	-2.693	-0.6459	0.8646	-0.04888	-0.1866	2.812	-1.904	1.849	-0.3419	0.5698	0.9294	0.3847	0.5846	-0.7629	-1.621	-0.2799	-0.0609	1.505	0.09049	-0.1201	-1.554	0.9953	-12.04	-4.207	0.4813	-1.83	0.639	-0.9369	0.4774	-0.8305	-2.284	0.4513	1.563	0.971	0.2209	-0.03152	0.5141	0.6265	0.008722	-0.06283	-2.251	-0.7606	0.8719	-0.7223	-0.00278	1.444	0.5737	-0.7623	-0.8451	-0.8945	-0.5306	-0.5664	-0.8007	-1.095	-0.3452	-1.696	-4.694	0.279	-0.9697	-0.2419	0.6619	-1.883	-1.999	-0.7868	-1.373	-1.027	-1.191	-0.6429	-1.162	1.312	-1.978	-1.36	-1.82
0.341	-2.139	-1.093	-2.208	-1.508	2.349	-0.3803	-1.048	-1.443	-0.9483	0.7428	-3.335	-1.713	-1.642	-1.679	-22.88	0.173	-1.035	-0.4237	-1.391	0.2745	-1.199	-0.3466	0.2576	1.164	1.975	-0.5167	-1.868	-1.689	-2.341	7.258	-1.344	2.124	-1.881	-0.2128	-1.267	0.1707	0.5248	-2.704	0.3208	-0.6045	0.04645	-1.356	0.5499	-3.785	0.2744	-1.801	0.3223	1.746	-0.5746	-0.4502	1.345	0.007449	1.804	0.09351	1.089	-0.5709	-0.07858	-0.8265	0.6139	0.458	0.933	-0.6717	-0.1917	0.5499	-1.672	-2.825	-0.6284	0.296	0.4192	-3.437	-1.967	-0.2802	-0.5536	-0.9652	-1.483	-0.3147	1.118	-3.018	-2.329	-0.1942	-1.985	-0.345	-0.9137	-0.4965	-0.6361	0.09247	1.866	-1.48	0.0809	-0.04096	-0.8115	-0.8328	-1.155	1.186	-2.87	-0.6938	-2.713	-3.622	-1.722
-0.6436	0.1723	-0.7888	0.02939	-1.35	1.922	-1.013	-4.145	-0.9274	2.031	-1.057	-1.668	-0.4683	-0.6142	0.3422	-41.29	-1.158	-3.863	0.5587	-2.217	0.7364	-0.9605	-0.978	-1.676	-2.863	0.1384	-3.444	-3.515	-3.685	1.89	8.203	-1.591	0.1754	-1.373	-1.553	0.4581	-0.5341	0.3981	-0.1264	0.5688	-2.215	0.3525	2.431	0.6423	-1.781	-0.7443	-0.8682	-0.5752	0.8213	-24.22	-0.3642	0.4136	-1.576	0.3235	-0.265	-1.925	-3.106	-1.593	0.8847	-0.1878	1.478	0.1402	1.405	-0.7095	-1.341	0.7029	-1.037	-0.02703	0.5811	-0.8625	-1.419	0.3215	0.1861	1.975	-1.905	-0.6707	-3.232	-0.3605	-0.5246	-0.2099	-3.095	0.6775	-0.756	-1.386	0.3257	-0.2221	0.4178	-0.05024	-0.4259	-4.689	-0.7319	-0.4588	-0.2502	1.195	-0.7849	-2.736	-1.263	1.174	0.02129	-1.405
-0.509	-1.02	0.1401	0.0842	-1.127	1.661	-0.8848	0.3044	-3.408	-2.912	-2.128	-0.1584	0.3997	0.8598	-1.358	-0.5489	-0.3838	-1.017	1.055	-3.776	0.7785	-1.568	0.6728	-1.4	-0.09688	1.145	0.2517	-1.138	-1.728	-0.1353	1.191	0.3505	0.4852	-3.917	-1.083	0.4067	-2.515	1.054	0.4298	0.09754	-1.089	-0.6648	-1.715	-1.554	-0.7612	2.126	-0.783	-0.7042	0.6263	0.7052	-0.9711	-0.9817	-0.4195	0.795	-0.0692	-1.845	-3.208	-1.742	0.2887	1.11	-0.5796	0.7508	0.1018	-0.3301	1.733	-0.1852	-0.7332	0.1834	0.6403	-0.06083	-3.148	-2.114	0.2362	-2.375	-0.6136	2.178	-2.69	0.9258	0.3746	-0.05965	0.7083	1.912	-1.008	-1.749	0.3877	-0.705	-3.281	1.834	-1.264	-2.327	-0.1076	-0.9205	-0.9416	1.657	-0.9411	0.3794	0.9371	-0.707	-2.949	-1.269
-0.7596	-0.5701	1.751	1.996	0.5196	0.9167	-0.4218	-0.303	-3.228	-2.507	0.9078	0.2668	-0.1499	1.396	-0.2441	-0.6792	-1.09	-1.585	0.5953	-1.928	-2.027	-5.907	-1.849	-0.3639	-0.02953	-1.433	0.4799	-0.2037	-1.359	-0.1578	2.448	-5.345	0.9547	-3.208	-2.453	-0.5154	-0.1591	0.02937	1.1	0.5854	-1.473	-1.79	-0.6793	-0.565	-0.7883	-0.3926	0.1641	0.3069	0.00574	-0.8497	-1.047	-0.9329	-1.79	0.1347	-0.9596	-0.2047	0.1364	-0.05552	0.1796	-4.348	1.632	0.1636	-1.021	0.4954	-0.4176	-0.2927	-0.4279	-0.462	-0.4349	-2.744	-1.01	-0.41	-0.8004	1.15	-0.7907	-0.4529	-1.827	0.8605	0.6128	1.028	-1.009	-2.737	-3.813	-0.2532	-0.8153	-2.181	0.9335	0.3827	-1.022	-0.6854	0.05592	1.326	1.342	0.3072	-1.835	-1.159	-3.858	-0.3068	-0.7944	-1.604
0.503	-0.444	1.424	0.1228	-0.4346	2.573	-1.655	-0.2455	-0.6608	1.573	-1.511	0.3571	-2.332	0.7588	0.3349	0.6051	-1.703	-1.576	0.06292	-0.9638	-0.366	-3.874	-1.118	0.3953	0.5198	-0.06462	-0.7209	-3.045	-0.023	-0.07271	1.883	-0.5472	1.253	-1.204	-1.024	-0.5865	-1.53	0.06621	0.5909	2.631	-0.1539	-0.6555	-0.8732	-0.2417	-1.398	-0.4445	-5.335	-1.183	1.106	0.788	-1.78	0.5205	-1.143	0.4311	0.105	-1.566	-2.853	0.6569	-1.944	0.5798	1.192	0.8338	-1.802	-1.573	0.7259	-0.6975	-1.438	0.08236	0.1524	0.07955	-0.6317	-1.065	0.9633	0.1475	-4.364	-0.2362	-0.2239	1.013	0.1541	-1.843	0.4838	-1.181	0.1216	-2.393	0.07544	0.9548	1.27	0.1088	-1.33	-2.767	-0.8439	-3.97	0.7115	-1.125	-2.574	-3.106	0.01991	0.3724	-0.8131	-0.7795
0.3322	-1.397	-0.04564	1.355	-0.09407	1.397	0.6006	-12.66	-0.1962	0.6535	-0.5428	-0.2292	-0.5479	0.1034	-3.675	1.109	-1.855	-0.4089	0.3488	-1.667	-0.2267	-3.152	-0.9785	-0.5097	-0.1153	-1.047	-0.09276	0.04821	0.5197	1.032	0.5941	-1.519	-0.6184	-0.6683	-0.5286	-2.002	0.6853	1.839	0.2792	0.3176	-0.4251	-3.255	0.6174	0.5601	0.5839	-0.1196	-1.095	-0.448	1.402	1.364	-0.82	-0.8457	0.151	0.1663	-1.52	-0.5382	-0.8578	-0.5524	0.558	0.2397	0.2007	-0.2755	0.7848	0.6247	0.9738	0.5623	0.2321	0.06383	-1.323	-0.8986	-0.9997	2.333	0.8681	0.04353	-0.1736	0.486	-1.99	-1.906	-0.003517	-0.03445	0.4228	-0.6636	-1.556	-1.696	0.2838	0.6564	-0.8529	-9.043	-0.1769	-0.9858	0.1798	-3.032	0.08098	-1.689	-0.6625	-0.04237	-0.07271	1.232	-0.5116	-1.749
0.8314	-0.04858	3.262	-5.276	-4.195	1.433	-1.895	0.3583	-14.06	-0.2316	-1.284	-0.1666	-0.9589	-0.8998	-0.3388	-274.2	-3.035	0.7532	0.4881	-3.188	1.068	-1.244	0.3812	-0.1815	0.7493	-0.06357	-1.681	-0.9652	-1.436	2.022	4.143	-2.469	2.883	-1.016	-0.15	-0.2072	0.4947	0.0282	1.274	-0.2406	-0.6045	-0.05882	-2.569	-0.1916	0.148	-0.53	-0.05118	-0.4624	0.8022	-0.1525	-1.557	-0.2971	-1.882	-0.03399	0.2296	0.6532	-1.742	-2.626	-1.035	-0.004606	0.5475	1.033	-0.4205	1.182	-0.5072	0.3827	-3.1	-0.8042	0.7	0.6262	-1.027	-2.023	-1.21	1.652	-0.8564	-15.79	-1.037	-1.705	0.6387	0.07931	-2.388	-1.585	-1.597	-1.985	-0.1781	0.91	0.7212	-1.299	-1.634	-0.6375	-0.7048	0.8944	0.7147	0.5138	-1.849	-0.887	-0.354	-2.579	0.3688	-0.2114
0.4035	-4.649	-0.207	1.339	0.009408	1.413	-1.358	-0.5493	-0.9097	0.9496	-0.4995	-1.063	-4.232	-0.5251	-0.5746	0.08082	-0.2144	-1.192	1.228	-2.057	0.8579	-2.61	-0.8936	-1.91	-0.4943	2.207	0.132	-1.69	-1.73	-1.011	3.861	-1.335	1.479	-0.9355	-2.913	-2.262	-1.025	0.08033	-1.135	0.6209	-173	0.3264	-1.069	-3.681	-0.6911	0.2045	-0.07632	0.153	1.292	-2.755	-1.18	-3.575	-0.09202	-0.2131	-1.115	-1.325	0.678	0.1439	-0.01338	-1.234	-0.1002	0.1029	-0.8449	1.113	1.265	0.07422	-5.542	-0.3188	1.1	-0.8832	-213.2	-0.3105	1.145	0.06186	-3.801	-2.03	-4.703	0.3738	-1.268	-0.9045	0.7182	0.04271	0.4764	-1.046	-2.099	-0.3045	-0.257	-0.7142	-0.3168	-0.08109	-0.8993	-3.951	1.665	0.593	-197.2	0.08687	0.5892	0.4853	-1.488	-0.9015
-0.7514	0.1425	-1.208	0.5232	-2.006	1.656	-0.5221	0.6562	-0.1324	0.4002	0.155	-9.452	0.2586	-0.1053	-1.488	-0.6809	-1.313	-1.665	0.0285	-4.511	1.222	-0.9981	0.6821	0.1679	-0.2508	-0.09023	0.08702	-0.472	-0.8126	1.679	1.078	-0.2813	0.8874	-0.7176	-0.3902	-0.6118	-0.2211	0.1549	0.127	-0.09565	0.07224	1.832	0.9496	-1.62	-0.7408	0.723	0.1203	-1.341	-0.1963	1.93	0.2378	0.4607	-1.602	-0.506	-0.5527	-0.1507	-0.3889	-0.4514	0.9672	1.813	1.499	0.2469	0.5191	0.1263	-0.6751	-1.051	-3.888	-0.09532	-0.5946	-0.3106	-0.4621	0.2506	-0.2402	0.7947	0.5325	-0.787	-1.54	0.2612	-0.1085	-0.01888	-1.087	0.05415	-1.787	-1.71	-2.649	1.211	2.054	0.7676	-2.494	-0.1106	0.3544	-1.664	0.9722	-1.135	-0.5651	-0.05594	-0.2826	-0.5882	-0.279	-0.6974
0.9461	-0.2504	1.023	0.4196	0.5485	1.407	-0.5014	0.5418	-0.5681	2.478	-3.006	-0.4955	-1.043	1.445	-1.098	-0.3404	0.2152	-2.013	0.8315	-1.637	1.176	-0.3157	-2.08	-0.2638	-1.531	0.08855	-0.8897	-1.508	-3.08	1.182	-1.33	-0.1504	1.496	-0.1589	-2.975	-0.9412	1.178	1.064	0.128	0.3936	-3.529	0.3683	-0.1477	1.259	1.213	-0.5754	-1.057	-0.7288	1.729	0.1101	-0.881	-4.263	-0.682	-0.004373	-0.5158	-0.6756	-0.4564	0.07377	0.9333	-1.173	-0.9179	-1.112	0.4924	-0.244	0.8179	0.4348	0.06353	-1.312	0.6773	-0.4938	-1.55	-0.163	-2	-31.92	0.7785	0.418	0.5849	1.018	-0.8585	0.9302	0.4399	-3.848	-0.8296	-0.4764	0.4426	0.6205	-3.422	1.495	-0.1081	-2.082	-0.2529	-0.7233	0.8129	-2.063	-7.15	0.7657	-0.4896	-0.665	0.4916	-0.3025
-0.8347	-1.12	0.1069	-1.54	-4.958	0.4297	-1.431	0.9288	0.4315	-1.481	0.1316	-0.4009	-0.3335	0.6651	-0.9131	-0.3706	1.328	0.479	0.8249	-2.703	2.162	-12.25	-1.155	-0.5306	0.3518	0.07552	-0.3101	-6.049	-2.777	-0.1926	2.013	-3.185	0.5312	0.05084	-0.02823	-0.373	-0.2928	1.568	-0.1518	0.8675	-0.625	1.426	-1.436	-0.3288	0.8654	0.8044	-2.049	-0.2055	-1.723	1.982	-0.2563	1.151	-0.9525	0.1379	-1.512	1.041	0.8093	-0.3939	0.6409	0.796	0.9037	0.4361	0.3767	-0.8218	0.4011	-0.2034	-0.1009	-0.469	-0.03102	0.7515	-12.14	0.06122	0.1511	-1.028	-0.5469	0.3791	-2.051	0.5882	0.1798	0.3122	-0.5157	-0.5879	-1.039	-0.2333	-0.8328	0.514	0.784	-0.8512	-1.143	-0.3265	-0.1608	-0.1738	0.6923	-0.9473	-1.509	2.064	-0.04027	-2.733	-1.605	-0.8309
1.147	-1.11	1.104	-0.09288	0.4716	2.234	-1.322	-0.1336	0.3712	1.328	0.7463	0.06411	-2.205	-2.299	0.5506	-0.4458	-1.162	-1.295	-0.01912	-0.494	-0.1531	-0.9671	-0.7105	0.2473	-0.5067	0.1088	-1.426	-0.2754	-0.7533	-0.3155	1.689	-0.1028	-2.921	0.002695	-1.534	-0.2112	-0.4094	0.2709	1.067	0.1567	-2.209	1.886	0.9533	0.1918	0.2473	1.081	-0.2812	1.136	2.082	1.644	-0.2531	-1.862	-1.796	0.1221	1.168	-1.981	-1.721	0.9098	-1.075	-0.6266	-0.4951	0.7513	-0.4274	-0.9163	-0.5864	0.9015	0.3754	-0.3625	1.744	-0.1046	-0.6585	-1.244	0.8722	1.391	-0.02368	-0.4556	-2.816	0.452	-1.509	-0.9278	-1.665	-3.358	-0.6832	0.09339	1.035	-1.144	0.6207	-2.424	-0.8745	-1.176	0.5354	-18.08	-2.399	-0.3745	-0.3849	1.383	-0.6486	0.3712	-0.5918	-2.327
-0.1329	-0.1714	-0.3626	0.937	-1.383	-13.66	-1.002	-0.01142	-4.452	-0.6004	0.2109	-0.4824	-0.7021	0.4001	0.903	0.7099	-0.3733	0.06114	0.4449	-2.231	-0.08669	0.2612	-1.496	-2.461	0.8871	-0.2149	-0.1275	-1.836	-1.074	-0.5513	2.757	1.172	2.076	-0.656	-0.2475	-1.754	-1.637	1.407	1.004	-12.06	-0.1216	1.125	0.6688	-0.6232	-0.2097	0.75	-0.4712	0.5235	-0.1975	0.8548	-0.7687	1.722	-1.318	0.1085	-1.92	-0.224	-4.551	-2.243	0.04491	0.1506	1.14	0.3961	-0.3982	-0.1914	1.509	0.7277	-2.75	-0.4389	0.03888	-4.802	0.2966	0.773	0.6977	1.269	0.03594	1.059	-0.4806	0.7487	0.8619	-0.7391	-1.245	-1.496	-1.31	-1.553	-2.335	-1.442	-0.1267	-0.2598	-0.3882	-0.9022	-1.504	0.779	0.06291	-3.138	-1.789	-13.89	-1.616	0.1669	-0.73	-0.6892
0.8037	-3.916	-0.8903	0.6198	-0.7198	2.768	-0.8778	0.2201	-0.6612	-0.3723	-1.048	0.1294	-1.343	0.893	-4.54	1.506	0.08707	-2.168	0.4368	-0.9458	1.188	-1.769	-0.3112	-1.002	0.9471	0.4845	0.3341	-1.118	-0.7516	0.5615	2	-1.512	2.012	-1.164	-2.027	-1.004	-1.752	-1.542	1.492	0.6829	-1.254	0.7868	0.3028	-0.3217	4.18	0.9345	0.1142	-1.825	-2.237	1.468	-0.9692	-0.2567	0.1235	-0.2977	0.208	-0.3851	0.5956	0.06172	-0.818	-1.414	-0.7151	0.4772	-0.2872	0.9337	0.5995	-0.9583	-0.7417	0.1101	1.256	0.7152	-1.048	0.09086	1.235	-0.4295	1.942	-0.5263	-2.228	-0.4266	-1.614	-1.323	0.218	-1.65	0.1059	-2.088	0.08638	0.7321	-0.6945	-0.2958	-2.186	-0.4579	-0.0154	-0.1426	-0.5626	-0.3542	-0.2239	1.53	0.3067	-4.702	-0.8928	-2.514
0.09949	-1.127	1.113	1.341	-0.6819	1.082	-1.817	-0.2838	-1.688	1.524	-2.5	-1.724	-0.9142	0.2172	-0.3997	-0.2446	-0.2114	-0.1495	0.479	-0.1653	1.224	-0.6864	-1.075	-1.273	0.3414	1.586	1.452	-0.9121	-1.59	0.5599	1.38	-0.778	2.194	-0.06525	-1.081	0.06867	-0.02222	0.7588	-0.01036	-0.5929	-0.1796	1.501	-0.4478	2.3	0.8281	0.1518	-2.201	-1.592	1.134	-3.424e-05	-1.477	1.249	0.5161	1.376	-1.164	-0.4855	0.4844	-1.404	0.9918	-0.7609	1.396	1.273	-1.54	-0.4435	2.408	-1.644	-0.2405	-0.7165	0.3112	0.4073	-0.9523	0.4972	0.4474	-0.4176	0.4211	-0.7846	-2.02	-0.04712	-0.1927	-0.2611	0.8977	-1.491	-1.545	0.06935	-0.2828	2.873	-0.2908	1.436	-0.12	0.008709	0.3287	0.07224	-1.967	-2.775	-0.01925	0.1151	1.042	-0.8578	0.3464	-0.6779
-0.7598	-0.4945	1.163	1.451	0.07859	1.493	-0.9372	-1.136	0.2805	1.617	-5.885	-0.3564	0.1876	0.6753	0.7335	-0.609	-7.256	-0.666	-1.749	-0.3356	-2.782	-0.1173	-0.5548	-2.63	1.346	0.5024	0.09094	-0.7099	-3.578	1.267	0.08716	-3.1	0.9384	-0.2798	-0.5239	0.09155	-1.681	1.788	0.4632	0.7888	-1.963	1.585	1.124	-2.772	-0.8513	0.624	-1.944	1.648	1.43	2.889	0.1077	-4.225	-2.395	0.9492	0.08775	0.4912	-0.5274	-1.082	-0.09436	-1.287	1.418	-0.6623	0.4638	0.4995	-0.4755	3.842	0.7363	-0.269	0.8318	-0.01147	-0.7724	-1.188	1.083	1.83	1.1	0.8786	-1.998	-0.01527	-6.698	-0.8407	-1.799	-1.327	0.1448	1.007	0.447	0.8653	0.7358	3.651	-1.421	-2.032	0.3526	-0.3189	0.3648	-1.412	-0.9997	-0.7813	-0.5862	-8.497	-0.7999	-2.328
1.127	-1.175	-1.27	0.06039	-0.7949	1.836	-0.722	-2.741	-12.38	-0.3861	-1.025	-21.98	-0.826	-0.7347	0.5228	-0.7818	-1.608	0.2571	0.3225	-2.07	0.8008	-1.255	-0.6285	-0.2605	-0.2105	0.6044	0.3755	-2.157	-0.01448	1.055	0.113	-0.5745	2.291	0.5797	-0.08174	-9.691	-0.00207	0.638	-0.1005	1.456	-0.5478	-0.5489	-0.4992	0.2025	-0.3669	0.5372	-4.08	0.1193	0.5481	-1.336	-0.6356	-0.9737	-2.419	-1.033	0.06727	0.9061	0.7039	-0.2897	0.4922	-1.092	-1	0.1829	-0.05812	-0.8337	0.3297	-0.2076	0.4678	0.07706	0.3395	0.1682	0.02227	0.3616	0.31	2.253	-0.1351	-2.254	0.8054	-0.2955	0.8661	1.254	0.6093	0.02048	0.5186	-1.68	0.9413	0.1658	0.3175	0.2221	0.1952	1.018	-1.158	1.057	1.174	-2.28	-0.5842	0.06802	1.542	-0.4278	-2.434	-0.8864
-0.9171	-0.8619	-1.664	0.735	-1.304	0.1563	-0.4265	0.7243	-0.1203	2.18	-0.5091	0.445	0.5674	-6.241	-1.047	-12.74	-0.2583	-1.188	0.5956	-1.507	0.1555	-5.215	0.9338	-5.966	0.9881	-0.07514	-0.2466	-2.371	-1.47	-0.8205	1.386	-0.0993	0.06189	-1.198	-0.9322	-0.07879	-0.6701	0.2264	1.865	-1.237	0.195	2.962	-0.1274	0.9556	1.356	0.9319	0.6496	0.6511	0.8676	-6.517	-0.6888	-0.7125	-2.171	0.5684	0.4331	0.1708	-2.865	-1.478	2.771	2.121	1.037	0.8608	-0.07123	-0.3915	1.479	0.9662	1.343	-0.4186	1.205	-0.3905	-0.9089	0.1001	-0.3782	0.2122	-0.5397	0.7499	-0.836	-0.4182	-0.01052	0.09159	-11.47	-0.1729	-2.392	-0.9266	-0.3708	0.1266	-0.5654	0.7391	-1.003	-0.763	-0.6171	-0.8852	-0.2502	0.4544	-1.595	-1.01	-0.7314	0.1997	0.0744	-1.317
0.2496	-0.6169	1.5	1.391	-1.054	6.611	0.7187	-0.6874	-1.467	-17.63	-0.6162	-0.3476	0.2336	0.8616	1.326	1.248	4.415	-0.7959	-0.06424	-1.343	2.007	-2.592	-0.9866	-2.19	-0.5227	1.048	-0.1685	-0.6696	-0.9439	-1.885	-0.5256	-0.05323	2.333	0.95	-1.761	-1.188	0.1028	1.057	0.4058	-0.01373	0.3597	-0.756	1.114	0.2659	-0.4696	0.7996	0.01542	0.09611	-0.02774	0.2424	-1.026	0.1371	-1.801	-0.09913	-0.5916	0.9156	-0.5861	0.7656	0.1798	-0.7956	-0.0002278	1.015	-1.184	0.2021	2.678	-0.7233	-0.5062	-0.7315	-1.114	-1.92	-10.38	-6.074	1.83	1.452	-0.1906	0.4935	-0.8863	0.2924	-0.4196	-1.768	-1.578	-0.05291	0.1252	-1.309	-0.1221	0.2414	-1.374	0.4181	-0.4784	-0.3698	-0.355	0.6704	1.313	-0.9101	-0.02671	-0.5078	0.5716	-1.961	-1.777	-0.8124
0.965	-1.999	1.447	1.512	-0.09697	2.257	-0.4569	0.3224	-1.013	1.186	-0.3327	-0.4698	0.7652	-0.8344	-0.2951	0.03413	-1.909	0.8927	1.616	-1.572	0.1935	-11.19	-0.5937	-0.1848	0.08614	-0.7833	-0.8045	-12.4	-0.5222	0.2365	1.065	-1.868	4.851	-0.3398	0.09631	-1.965	-0.8343	2.799	1.234	-1.972	-8.857	1.258	1.149	-0.2995	-6.116	-0.3496	-3.848	0.3415	0.8372	2.541	0.06655	0.1514	-0.7643	2.18	0.515	-0.0519	-0.4126	-0.1947	2.051	0.5771	2.394	0.05346	-0.818	1.484	6.664	0.9122	-0.1426	-0.5671	0.5252	0.574	-0.8736	-2.487	-0.09501	0.6321	-1.904	0.5247	-0.5813	0.2488	0.2237	-0.6544	-0.6833	-7.376	-0.4423	0.08265	-0.4038	0.764	1.866	0.2928	0.02405	0.8902	1.021	-0.0904	-1.632	-0.6372	-0.3956	-0.3434	1.181	-0.4558	-0.2567	-3.771
0.6065	-0.1678	-0.2158	1.069	-0.2296	1.582	0.319	-0.066	-0.8575	3.191	0.6409	-2.613	-0.9167	0.603	0.2771	0.4393	0.01284	-0.3668	0.5979	0.4711	0.893	-5.878	-0.4543	3.628	0.7003	1.265	-0.4366	-0.2838	0.07457	0.2552	2.774	0.3585	0.9137	0.09954	-1.315	0.3723	-0.8993	2.272	-1.143	0.1054	-0.9893	1.053	-0.4605	-0.0821	-0.1264	0.2518	0.08695	-0.7477	0.2226	1.524	-2.721	0.1737	0.2632	0.3802	-0.8922	0.6604	0.287	-0.1078	1.69	-0.6836	-0.3016	-0.3968	-1.285	0.3344	0.3151	0.2492	0.4404	-1.598	0.8328	-0.5814	0.6485	0.8127	0.7527	0.8533	0.576	-1.231	-2.808	0.4872	-1.911	-0.3668	1.97	-0.06523	0.6008	-0.6326	0.5202	0.2638	1.632	-0.9913	-1.438	-0.1714	-0.3398	-6.42	0.1777	-1.098	0.8479	-0.6136	0.6215	-1.505	0.5196	-1.214
1.895	-2.183	0.4298	0.7559	1.49	-3.857	-0.3001	-0.3273	-1.236	-1.137	-2.662	-0.8744	-0.2023	-0.04075	-0.1999	1.187	0.003007	-1.379	-0.08266	-2.382	0.5978	-1.013	0.5583	0.6862	-0.3998	-0.2591	0.5491	-1.838	-1.551	0.02796	3.888	-0.2926	0.5131	0.1839	-0.1027	-0.3616	-0.3893	-0.1579	-0.1353	0.2048	0.1774	-0.9444	1.34	-2.138	0.8973	0.7415	0.5994	0.7686	0.3898	0.7163	-0.5056	-0.7695	0.7258	-0.6507	-0.3403	0.009202	-0.1134	0.3898	-1.24	0.1533	2.573	1.214	-0.08542	-0.7148	2.84	2.554	-0.03109	-0.3008	-0.273	1.572	-0.8551	-1.117	0.3951	1.984	2.041	-1.2	0.4589	-0.2121	0.9479	0.9646	-6.225	-0.8699	-0.3772	-0.9353	0.507	-0.2224	0.5251	1.89	-0.6148	-0.6911	-0.1505	1.545	1.263	0.05136	-2.149	1.634	-0.1018	1.322	-0.01455	-1.586
-0.1308	-0.2239	1.455	-0.008364	0.5273	1.267	-0.8126	0.4437	-0.05292	-0.01541	0.2427	0.6833	2.506	-1.556	0.3969	1.185	-0.06423	-1.302	0.2442	-1.403	1.509	-0.8919	-3.568	-0.2068	0.1041	1.368	-0.7386	-6.379	-3.548	-0.05536	-5.654	-0.6047	2.851	0.4328	1.079	-1.557	0.6336	0.1737	-0.3917	0.5334	-0.8848	0.0757	-4.866	-0.575	-0.2296	0.7234	-0.4064	-0.6521	1.027	-1.416	-2.053	-0.7289	-1.501	0.2443	-1.803	0.6793	-0.06653	1.957	-3.42	-1.88	0.2057	-0.4978	0.452	0.5892	0.03222	0.2594	-1.317	-0.4343	0.2934	-0.2642	-0.8855	-0.4325	0.3134	0.1047	0.9899	0.07543	-0.865	0.8401	0.04216	-1.484	-1.639	-1.249	-0.4549	-2.193	-2.323	-0.09072	0.1302	1.547	-0.831	-1.503	1.205	0.02721	1.11	-1.615	-0.2921	0.2397	-0.0628	-7.666	-2.885	-1.346
-0.01884	-0.7491	2.776	1.374	-1.319	-2.546	-4.263	-0.2173	-1.006	0.434	-0.3514	-0.3394	-2.234	0.5016	0.04826	0.4715	0.3342	-4.734	-0.1654	-0.723	-0.2526	-0.7059	-0.5295	-1.062	0.5404	-0.7539	-1.096	-1.533	-0.5504	-0.9557	2.763	0.8275	1.955	1.059	-5.591	-0.7139	1.123	0.5625	-0.328	0.2199	-0.7963	0.9112	-1.593	0.1143	0.4934	-0.1209	-0.8054	-5.129	0.5425	0.2382	-4.195	0.7322	-1.569	-0.2282	0.4809	-0.03191	1.135	-0.08056	0.5845	0.03029	0.9442	1.238	0.7088	-0.9789	0.5664	-1.478	0.03147	0.1172	0.4426	-0.1325	0.007469	1.237	1.451	-0.8896	-6.399	0.1162	-2.193	1.869	0.101	-0.2237	-1.639	-0.747	-0.8706	-1.555	2.155	0.6352	1.341	-0.494	-0.8356	-0.2198	-1.303	-0.1255	0.5491	-0.5442	-1.351	-0.7669	-0.4144	-2.319	-0.3695	-0.9917
0.5095	-1.063	-1.805	0.746	-0.5318	-1.404	-1.653	0.1551	0.8344	2.927	1.176	-0.7245	2.765	-0.03925	-0.5966	0.4416	-1.941	-2.745	0.4874	-0.2503	-0.5829	-0.9753	-4.659	-1.149	0.5743	0.5512	-6.065	-1.834	-1.379	-0.6865	-0.8348	-0.3477	-0.9047	-0.4583	0.07153	-1.171	0.4186	2.094	0.4657	1.181	-0.9566	1.957	0.1116	1.326	-0.1043	0.5133	-1.082	-0.588	0.229	-1.304	0.2804	-0.398	-0.4385	-1.366	-1.064	0.4953	-0.4181	-0.7283	0.1903	0.2954	-0.2461	0.3564	-0.06085	0.9299	0.4898	0.8677	1.512	0.531	-0.1479	0.2025	-0.5677	-0.2912	-1.26	1.995	1.261	0.01533	-1.62	-0.5784	-0.1496	0.1808	-1.5	-0.347	-0.01499	-1.343	0.09781	-0.8246	0.4707	0.1891	-1.189	0.3371	0.1672	0.6256	0.01316	0.3489	-0.09649	-0.6027	1.126	-0.6088	0.6081	-0.5355
0.1922	-0.4844	1.081	1.25	-1.399	1.356	-2.18	0.9793	-1.212	0.3456	-1.225	-5.009	-0.5949	-0.09126	1.27	0.2698	-0.8062	-1.547	-0.3603	-1.745	0.1025	-0.5006	-1.312	-0.2601	0.6371	0.2848	0.02421	-2.68	0.1919	-1.894	1.611	-1.797	1.514	-3.577	-0.171	-1.54	-0.001922	0.378	0.006233	0.5153	-1.891	1.068	0.5872	-0.6146	-0.3025	0.4733	-0.6002	-5.662	0.5985	0.3047	-0.8291	-5.791	-1.223	0.2894	-4.282	-0.3165	-4.563	0.382	-0.06321	1.254	1.484	0.5051	0.7227	0.3769	-7.255	-0.2361	0.1551	-0.6129	0.3195	0.5679	-4.177	-0.688	-3.956	0.3982	-3.51	0.24	-0.9614	0.1716	0.517	0.5004	-2.1	-0.7278	-0.504	-0.387	0.08833	-0.3797	0.09088	-1.057	-2.618	-1.192	-2.134	0.8271	0.07498	-2.747	1.195	-2.286	-0.9621	-0.08287	-0.9609	0.0392
1.101	-0.0194	0.9152	0.3969	0.4499	3.015	0.435	-0.03759	-4.588	1.602	-4.815	0.1614	-0.02247	-0.4854	-0.3843	-1.901	-0.4739	-3.014	1.119	-1.453	-1.853	-0.7097	-0.4558	-0.1728	0.8175	0.3961	-0.8071	-0.2716	-1.953	0.1074	2.937	-0.2747	1.492	-0.662	-0.7025	-0.5164	-0.0746	0.8872	1.535	0.6313	-0.28	0.7786	1.891	-0.8691	-1.583	-0.243	1.099	1.39	1.196	-2.043	-5.214	-1.887	-0.6288	0.4403	-0.9341	-1.333	-1.322	-0.4099	-3.69	0.8614	1.382	0.9837	-0.1316	1.578	1.064	-0.5668	-0.5836	-2.363	-0.6323	0.2429	1.25	-0.6614	-1.158	-0.7037	1.921	0.284	-1.379	0.427	0.785	-0.2657	-0.7963	-1.82	-1.944	0.2547	0.9433	-5.002	-0.01096	1.64	-0.1848	-0.1743	-0.4935	0.2389	-1.055	-1.38	1.054	0.4821	-4.026	-0.4075	-0.693	-0.5031
0.2457	-0.714	-2.331	0.7668	0.1228	3.15	-0.6922	-0.7622	-0.01601	-0.09259	0.3017	-0.4144	-1.099	-3.576	-0.7341	1.273	0.7947	-0.4985	-0.1608	-0.8614	1.612	-0.879	-0.1357	-0.5411	0.4335	0.2533	-1.029	-0.5462	-0.5576	-2.142	0.3889	-2.038	-0.7836	-0.6167	-0.2223	-1.537	-0.3056	1.834	-2.315	1.871	0.2295	0.2518	-0.08667	-3.717	0.4133	1.152	-1.488	-1.698	0.3938	0.193	-1.245	-0.6875	-0.7015	0.6513	-0.3765	0.1103	-1.492	-0.8222	-1.514	-5.726	2.393	-3.464	-1.751	-1.306	-1.499	-0.2381	1.093	-0.2394	0.9903	1.215	-0.4325	-0.1666	-0.6194	0.7588	1.094	0.00328	-0.7178	-1.416	-4.175	-1.415	-0.4807	0.3234	-0.2271	-0.9385	1.112	-2.232	0.335	-4.976	-1.273	-2.837	-1.589	0.5394	0.1775	-0.5045	-0.43	-0.8262	-4.858	-1.639	-0.1095	-2.528
-2.102	-1.176	1.288	0.2978	-0.8237	3.409	0.6101	0.5175	0.6332	-3.638	-0.6616	0.7966	0.8838	0.2556	-2.054	-2.841	0.2654	-4.151	-0.8335	-3.162	0.451	-4.792	-0.3698	0.1969	0.81	-1.111	0.2263	-1.112	-1.794	0.7638	0.2548	-1.037	1.213	-2.697	0.1595	-0.9883	0.8677	1.308	0.1627	1.902	0.737	1.202	0.3032	0.3201	-1.244	0.1148	-3.319	0.3343	0.8945	1.486	-1.089	-11.89	0.1789	1.191	-1.26	0.5263	-0.7156	1.086	0.9472	0.2139	1.104	0.01374	0.261	0.2386	0.9625	-0.5578	0.5783	-1.281	2.004	-4.714	-0.8673	0.05356	-0.6325	0.3961	0.5442	-0.2215	-0.2476	-0.5175	-0.4625	-2.912	-5.1	-2.727	-1.564	-1.429	-0.9212	-0.2626	1.303	0.2214	-3.785	-0.6763	0.1032	-0.984	0.01296	-0.5401	0.3854	-4.482	0.6463	-0.02146	-0.4861	-0.7699
0.809	0.009178	1.573	0.1123	-0.703	2.917	-0.06535	-0.6245	-2.489	-0.2659	1.447	-6.534	1.221	0.7501	0.4808	-0.1723	0.1809	-0.5541	-4.94	-2.307	0.2788	-0.7192	-0.7966	-0.3694	-0.1662	-4.999	-0.2436	0.5789	1.017	1.87	-1.238	0.2679	2.076	-0.2279	-0.8962	-1.679	0.6041	-4.136	1.295	-0.4737	-0.3881	0.7078	0.7515	-0.2835	0.4539	1.458	-0.2341	-0.7975	0.8296	-0.1708	-6.804	-0.2914	0.1217	-0.504	0.8136	0.04887	1.057	-0.1762	-8.211	-6.285	2.1	0.5735	-1.082	0.5333	1.514	-2.888	-0.2089	0.5287	2.086	1.931	1.2	0.4186	1.185	-3.213	1.28	0.1388	-1.97	-0.5223	-2.219	-0.9172	0.4325	-0.01892	1.28	0.1862	-0.1104	1.041	-0.1897	0.2762	-1.423	-0.7534	-0.6541	1.141	0.1726	-2.515	-2.703	-4.339	-0.2806	0.9731	-0.3534	-4.348
0.6914	-2.505	2.099	1.411	-0.6957	0.4806	0.3469	1.086	0.139	0.5034	-3.556	-11.55	-1.088	-4.046	-0.5758	0.2328	1.19	-0.185	-0.3828	-1.108	-3.049	-1.737	0.7847	-0.5314	0.5072	-0.1497	-0.8421	-1.248	-2.361	0.3987	2.463	1.355	-0.6928	0.3783	-2.589	-0.6366	-1.915	0.4844	-0.0214	-2.93	-0.0836	-0.2061	0.1171	0.2002	2.184	-4.482	-1.067	-0.596	-0.03651	0.2136	-0.5377	-2.133	-1.801	1.035	-2.57	0.819	-1.485	0.2817	-1.345	-5.126	1.425	0.7009	0.3791	-0.1132	2.835	-1.785	-0.4721	-0.9879	-0.2927	-1.691	-2.478	-0.6529	1.926	1.743	1.751	-0.05872	-0.6104	0.1616	0.3157	-0.494	-1.654	-1.613	-2.286	-3.81	-0.2604	-0.1266	0.06615	1.096	-2.376	-1.21	-0.02136	0.135	1.195	-0.01753	-2.255	-0.3668	0.3594	-0.05322	0.5294	-1.158
1.98	-2.101	-1.142	0.6205	0.1409	1.946	-1.581	-4.74	-4.355	-0.5245	0.6708	-0.1845	-1.451	-2.059	0.1526	0.6022	-1.178	-0.1037	-0.1845	-3.614	0.8562	0.2706	-0.1	-2.5	0.3453	-1.324	-0.733	-2.712	-0.6641	0.08557	2.531	-1.922	1.093	-5.631	0.1473	-1.434	0.8342	1.822	0.5984	0.9521	-3.273	-0.31	0.3446	-2.707	-0.5071	1.795	0.2194	0.6474	2.028	-0.8496	-0.8158	-1.121	-0.8983	0.4469	-0.7683	0.2497	0.5681	1.409	1.426	-1.163	-0.5965	0.7338	-0.808	-0.7791	-1.956	0.1286	1.253	-0.1761	0.3841	-1.023	-2.313	-0.5764	-3.855	-0.1242	0.5694	-3.267	0.03956	1.103	0.3883	-4.348	1.197	-0.5307	-0.009841	-1.001	-0.5628	0.2576	1.509	-1.249	-0.01587	0.6143	0.0781	-1.355	-1.67	0.05869	-0.7391	0.887	0.07394	0.2695	-3.996	-0.9402
-3.86	-0.5194	0.2024	0.1687	0.6092	0.6945	-1.72	0.6565	-106.4	1.66	0.2996	-9.73	1.045	0.54	-0.2679	2.762	0.313	0.3953	0.4979	-3.062	-4.608	-3.664	-0.4261	-0.0713	0.743	0.7406	-2.69	-2.354	-1.979	1.433	3.203	-3.1	0.7412	-1.097	0.1836	0.7691	1.032	0.3367	-0.3416	0.9131	-0.5979	1.176	-2.409	-0.1639	-0.3436	0.7539	-1.932	-0.7939	0.1443	0.04401	-1.338	-0.3601	-2.185	0.7606	-0.5815	-2.569	0.6075	-0.3941	0.6044	0.6538	0.7609	0.6335	-0.8236	-4.147	0.9365	-2.348	-3.425	-1.495	-0.6171	-0.2015	-0.2034	0.1917	-0.2204	0.6265	1.031	-0.4413	-2.336	-3.684	-1.719	-1.935	-3.459	-0.5644	0.315	-1.044	0.5123	1.178	-1.025	0.408	-0.2179	-2.285	-0.5941	-0.5615	0.3239	0.1833	0.4033	1.071	0.4394	-3.159	-0.9771	-0.9004
0.04035	-0.021	-4.571	0.1151	0.7374	2.085	-0.2879	-0.5186	-0.9719	-2.084	0.7856	-0.2265	-0.1088	-0.1558	0.821	-1.049	-0.325	0.007089	-1.136	-0.4251	-1.131	-0.4547	-0.736	-1.631	-0.7286	0.2898	0.3477	0.001002	-2.037	-3.188	-2.721	-1.913	-0.09578	-0.8056	-0.2241	-0.8556	0.3164	-5.008	0.08425	-1.763	0.03079	1.442	1.319	1.106	-0.04453	-0.1631	-0.2822	-0.2701	-0.3587	-0.08244	-2.015	-0.02597	-0.6164	0.8578	-0.3543	1.241	0.1385	0.03219	0.03129	0.1976	-2.959	0.6972	-1.055	0.6995	1.376	-1.998	-0.2852	-1.109	0.3048	-3.051	-4.239	-0.1589	0.168	1.926	-1.791	0.08899	0.09047	-0.1555	0.03976	0.1934	-2.414	0.5058	-2.402	-1.314	-0.7408	-0.0709	0.339	2.17	-2.682	-0.9998	0.07556	-1.926	0.143	-0.4532	0.299	0.007231	0.73	1.242	0.08759	-1.395
-0.1582	-0.1518	-0.04031	0.3634	-0.8344	0.7543	-0.001875	-0.08326	-4.782	1.654	-0.6597	-0.6816	-3.143	1.024	-0.5035	-1.065	-0.6964	0.3439	0.8274	-0.4338	0.6147	0.3795	0.4383	-3.777	1.182	1.451	0.006412	-0.1694	-2.004	0.8796	2.836	-0.9358	-4.394	-0.9177	-0.1044	-0.155	-2.282	0.9157	1.024	-0.933	-1.999	1.98	0.7033	0.3338	-2.821	0.5599	-1.049	0.7121	-1.337	-3.892	-0.7756	-0.3163	-1.043	0.9791	-0.4694	-0.2948	-0.3596	0.2264	0.1426	-1.218	1.119	-0.2272	0.5475	0.2563	1.41	0.8503	0.00586	-0.8483	1.176	0.8769	-0.1965	-0.4485	0.8955	0.6397	-1.15	-2.36	-1.059	0.03357	-3.209	-0.3795	-3.554	-0.3984	-0.3732	-0.5573	-0.1128	0.2243	0.3604	1.072	-0.4278	-0.2742	0.3092	0.07564	0.6003	-2.917	-0.7946	-0.8539	1.072	-0.5936	-0.06635	-0.3518
1.209	-0.2432	-0.6046	0.8755	-2.525	0.8298	-0.8405	-0.9066	-3.133	0.5971	-0.7259	-0.7005	0.29	-0.2566	0.6624	1.005	0.3102	0.4349	-3.472	-1.671	1.059	-1.129	0.63	-0.562	0.3012	0.8887	-0.4236	0.4714	0.6152	-2.292	-1.706	0.1121	-0.8411	-0.7851	-1.829	-0.9765	-0.3673	1.657	0.4078	-6.519	-2.664	1.339	-0.6342	-0.05435	0.6767	-0.08201	-3.664	-3.523	0.7565	-0.5429	-3.529	-0.2437	-2.718	0.154	-1.303	-0.07636	-0.5717	1.381	1.374	0.261	0.7327	-0.6622	0.4477	0.3037	0.3184	0.06561	0.8596	0.2127	-0.2844	0.1126	-0.7348	-0.5992	0.5564	0.6863	1.208	-1.106	0.3954	-0.4835	-0.2809	0.536	-2.717	-0.8678	0.6659	-3.464	0.03933	1.286	-1.116	2.076	-1.219	0.1085	0.06609	-0.9413	0.4227	-0.1485	0.04346	-1.142	0.5777	0.161	0.038	-1.371
-0.236	-1.064	-0.2788	0.9946	0.1574	2.039	-0.3713	0.5006	-0.1698	-0.08039	1.964	-10.71	0.2279	-0.01359	-0.7841	0.222	-0.4075	-0.08421	-0.4486	-0.9148	0.001382	-1.477	-0.07907	-0.2271	1.128	-0.08954	0.119	-3.587	-0.1162	1.197	3.742	0.6095	1.312	0.2417	-1.05	-1.024	0.818	0.7362	-0.1026	0.2909	-1.981	0.3265	-0.3584	-1.236	-0.9036	1.265	0.8899	-0.6554	0.3221	0.4051	-0.2203	1.054	-1.566	0.1119	0.0422	0.07325	0.9766	0.9504	0.04626	0.4409	0.8163	-0.4055	1.261	-0.141	-1.49	0.2319	1.632	-0.3334	1.881	-0.8831	-91.93	-0.4108	1.16	1.792	-0.0478	0.1889	-0.87	0.3798	0.6721	-3.651	0.3285	-2.288	0.08988	-2.78	-1.506	0.4556	1.943	1.651	-0.05262	-2.652	-0.438	1.919	0.5018	-0.7297	0.1195	-1.579	0.587	-0.6982	0.556	-1.666
0.4081	-2.474	1.304	0.02588	-0.7044	3.299	0.04758	-1.028	0.2625	-1.672	-0.412	0.3676	-1.757	-0.04605	0.7165	0.871	-1.257	-1.342	-3.272	-2.303	0.6552	-0.1828	0.4873	-0.754	-1.469	0.2449	0.1341	-1.566	-0.9464	-0.06419	2.14	-2.337	2.423	-0.2902	-1.172	-0.1316	1.453	1.34	0.05273	1.583	-74.66	2.271	-0.5309	-0.01776	-2.222	-4.666	-0.8592	-1.06	0.8282	0.1175	-1.85	-0.7042	-1.65	0.1068	0.08246	0.1333	1.26	0.4449	0.238	-0.4362	1.324	0.9731	0.6315	-0.7773	0.01876	0.1869	0.6875	-0.4773	0.6404	-0.4579	-0.6525	0.2155	0.6294	1.316	-4.419	-4.129	0.8671	0.1429	1.151	-0.4576	0.04897	-3.189	0.1236	-0.6754	0.5487	0.2321	-0.1325	1.354	-0.2089	-0.5219	-0.3439	3.209	0.9465	-2.116	-2.231	1.575	-0.2294	0.4988	-3.971	-2.529
0.5319	-1.193	-2.017	-0.1344	-0.623	1.892	0.5334	1.263	-0.2853	0.2131	0.6051	0.1867	0.9144	1.387	-1.454	1.308	0.3388	-0.08122	-0.1697	-0.9852	2.071	0.1247	0.1473	0.4573	0.3609	-0.1724	-0.1277	-2.561	-0.2529	-0.6533	1.171	-0.09194	0.9605	0.3216	0.4391	0.06148	-0.12	0.7639	-0.04251	0.05839	-0.5103	2.694	0.259	0.4206	-0.06916	0.305	-2.305	0.2375	0.05556	1.084	-0.4025	1.339	-1.819	0.9959	-0.787	0.6	-1.71	-0.1216	0.3824	1.617	1.579	0.9059	0.6225	0.8291	1.221	-0.1755	-0.4839	-1.414	0.678	-0.0519	-2.142	-2.036	-0.9474	0.5265	0.1763	0.1395	-1.054	0.722	0.6232	-3.948	-1.492	-0.4309	-0.5435	-0.4258	1.151	0.4279	-1.378	1.704	-0.6008	-0.7166	0.6954	1.269	-0.01248	0.09435	-0.565	0.2636	-1.004	-0.8241	-2.835	-0.5899
0.5163	-1.253	0.5587	1.015	-1.435	2.62	0.6856	0.9714	-1.855	0.7353	0.9279	0.2816	-0.7654	-0.6195	1.336	-1.529	0.007783	-1.811	0.02128	-3.194	0.5773	-0.3874	0.4171	-0.9878	0.0482	0.275	-0.1998	0.08392	-0.9841	1.754	1.316	0.4847	0.6413	0.2607	-0.1841	0.6996	-0.4727	1.925	-0.8835	0.03359	-0.3056	1.183	1.136	0.3039	-1.434	-0.6794	-0.2858	-0.03675	0.2632	0.9792	-2.104	0.88	0.2789	-0.09035	0.4629	0.2791	1.191	0.4324	-1.005	1.806	0.3289	0.3622	-0.6837	0.8188	0.2787	-1.218	0.9753	-0.1049	-0.4217	0.5855	-0.3216	-0.353	1.109	1.481	-0.7522	-1.064	-9.697	-1.53	-0.002964	-0.7613	-1.197	-2.796	-0.4258	-2.838	0.3988	2.307	-1.092	-0.2709	-1.083	-0.4267	0.375	-0.0753	-0.6842	-1.183	-1.181	2.721	0.07282	1.07	-0.3171	-1.521
0.2804	-1.406	-1.382	0.2127	-0.4795	0.3377	-0.8144	0.8824	-0.2486	2.041	-2.036	-2.648	0.3186	0.2159	0.6415	-0.8774	0.1628	-0.4713	-0.6616	-0.8704	1.296	-1.196	0.8213	-2.095	0.2565	0.7296	-0.4517	-2.203	-3.787	0.06759	1.245	0.5425	1.412	-0.9573	-5.173	-0.1311	1.451	2.454	-0.1132	-0.5905	-1.285	1.109	0.8727	-1.847	-0.368	-0.4822	-1.031	-2.227	1.394	2.11	-0.3949	-0.6005	-0.9247	0.1837	-0.8257	-0.4171	0.1815	0.1355	0.968	-0.03627	1.164	1.202	-0.5941	1.182	-29.62	1.083	0.5232	-1.018	1.595	1.274	0.4189	-1.879	0.8675	0.03708	-0.1552	-0.6882	-0.07749	-0.00703	-1.892	-1.197	-0.9737	-0.5722	-0.7342	-1.79	-2.52	2.259	0.02947	-0.5901	-1.876	-1.411	-1.05	1.365	1.158	-1.214	-1.749	0.2701	-0.176	0.1168	-0.729	-1.169
-0.5469	-0.8211	-1.625	0.7886	-0.7658	-19.79	-0.4508	1.23	-0.7692	0.2648	0.3388	-0.6996	-0.3512	-0.4571	-1.752	-21.45	-1.587	0.2048	0.01341	-1.354	-1.868	-2.365	-1.011	0.06214	1.265	1.251	0.09283	-1.795	-0.982	0.534	2.127	-0.7493	0.3652	-0.2983	-0.5989	-1.474	-0.9903	-0.5782	-1.186	1.208	-0.294	1.848	1.232	-0.6019	1.058	0.2493	0.2612	-0.5354	0.2767	1.995	-1.086	-0.8297	-1.315	0.4538	-0.1976	0.5866	-2.789	-2.221	0.5707	-1.054	1.175	-0.3229	0.1787	0.2173	0.3306	0.5431	-1.153	-1.379	-0.1659	1.221	-0.7059	-1.29	0.03778	0.8449	1.62	1.039	-2.087	-0.3373	-0.04113	0.3875	0.1663	0.3863	0.7058	-3.292	-1.334	-0.5914	-0.6887	0.05424	-1.505	-1.848	-3.591	0.6327	0.4348	0.7366	-0.1791	1.265	0.7064	-1.738	0.6145	-0.9201
0.2437	-0.1626	0.8025	1.41	-0.4029	2.421	0.41	-0.02862	-0.01472	0.2559	-0.3785	0.1957	-0.1256	-1.563	-0.1036	0.04985	-1.632	-0.7108	-1.799	-0.5883	-0.7483	-0.8362	-1.296	-0.7368	0.913	0.2099	-0.1959	-2.203	-0.01893	2.486	0.6135	-0.3679	0.6679	0.0349	-0.6582	-1.123	1.272	2.756	-0.1919	0.06167	-1.369	-0.6517	-0.6395	0.05707	-0.1222	0.1549	0.4126	-1.319	0.5296	0.7842	-0.9469	-1.312	-1.765	-0.426	-1.033	-1.832	-0.3471	-2.221	1.977	-1.407	-0.3085	-3.793	-1.699	-0.6651	1.184	0.4963	-0.5566	-0.7343	0.5366	0.2537	0.2329	-2.223	0.2369	-0.7296	1.551	-0.08867	-0.9285	-0.288	0.01565	0.9395	-0.7888	-0.501	0.7278	-2.228	0.0655	0.3309	0.9216	1.82	-1.365	-1.772	-0.1857	1.731	-0.2114	0.817	-0.2399	-0.711	-0.8881	-0.1307	-0.05119	-2.917
0.111	-0.9767	-0.08138	-0.9902	-0.8078	0.04866	-1.685	-0.04057	-1.919	-2.585	-1.298	-0.5279	0.2735	-0.8509	0.06005	-4.565	0.4518	-0.2816	1.368	-1.129	2.258	-1.432	-0.2647	-0.2266	0.7278	0.2037	-1.847	-0.483	-1.673	-0.5051	2.011	-1.148	1.689	-0.9321	-0.687	-1.369	-0.8658	-0.2868	-1.929	-0.4171	-0.6376	1.074	1.355	-2.798	-2.599	-0.5299	-2.525	-0.1462	0.9938	-0.888	-2.235	-0.5966	-1.244	1.207	-1.407	0.4544	0.1292	-0.6081	0.4799	-0.6631	1.151	0.134	-0.9379	0.2831	-1.219	-1.261	-0.01683	-0.8172	0.871	1.173	-1.493	-1.651	-0.0466	-0.5817	1.012	-0.2709	0.1479	0.1077	0.6009	-1.464	-3.691	-0.9656	-0.7796	-1.132	-0.32	-0.4666	1.04	2.314	-0.838	-0.2049	-0.4436	1.646	-3.217	-1.636	0.4785	0.8183	6.115	-0.7825	-0.5283	0.01417
-1.113	-0.2689	1.222	2.081	-1.922	1.646	-0.9181	0.1257	-5.381	0.9186	0.7497	0.592	0.8046	-3.089	-0.9377	0.8491	0.06535	0.8933	-0.6496	-0.1433	0.4654	-1.928	-1.163	-2.634	-1.309	-0.06334	-0.9183	-0.9672	-1.64	-0.1464	2.839	-0.07747	0.4323	-1.729	0.07449	-0.2865	-2.083	1.967	-0.5061	1.226	-4.184	1.408	-0.01865	0.7682	-3.146	0.4399	-1.86	-1.301	-1.125	-0.6008	-1.301	1.116	-0.3529	-0.7607	-0.7618	0.03344	-0.436	0.1518	-0.09902	0.5931	-0.1328	0.8028	-1.639	0.3546	1.074	0.2066	-2.2	-0.3722	0.503	-1.606	-0.2481	-1.573	-0.2051	0.8677	-3.228	-0.9695	-1.556	-0.5724	0.762	-0.3757	-1.891	-0.4796	-1.203	-0.4894	0.4568	-2.135	-0.5888	1.079	-1.054	-0.9255	-0.7785	-0.8416	1.813	-0.402	0.1797	-1.952	-0.8901	-2.414	-1.812	-1.901
-0.5269	-1.648	0.6042	0.6257	0.08529	-0.4824	-0.6337	-0.8279	-2.205	-0.9062	-1.526	-1.334	0.1736	-1.548	-1.525	-2.655	-0.9238	-0.3488	-2.476	-0.7149	-0.2583	-0.3533	-0.506	-1.608	0.9048	0.8198	-0.1519	-2.922	-2.853	-2.806	1.033	-2.469	1.188	-0.3135	-2.256	-1.447	-1.943	-0.03289	-1.391	0.4606	0.1982	1.573	0.6805	-1.062	-2.265	0.8894	-2.836	-3.138	-0.4324	0.538	-2.911	-3.027	-0.9874	1.562	-0.7357	-0.508	-1.452	-1.56	0.7435	-1.757	-0.3952	-0.5775	-1.078	-1.056	0.6348	-0.3925	-0.416	-2.178	-0.7984	-1.488	0.6852	-0.4934	-0.5722	0.04497	-2.107	-1.193	-2.163	-0.8972	-2.447	-1.798	0.2726	-2.454	0.1648	-0.681	0.5925	-1.403	-1.652	-2.621	-0.7828	-2.372	-1.8	-1.482	0.7194	-2.015	-2.439	-2.135	0.3672	-4.922	-0.00662	-1.951
