-5.359	-2.282	-4.665	-2.992	-4.341	-6.83	-5.913	-6.018	-5.865	-1.587	-10.16	-6.587	-2.011	0.9084	-0.6254	-3.186	-2.606	-1.46	-7.583	-6.369	-1.454	-2.554	-6.654	-8.053	-4.088	-4.468	-5.181	0.8408	-2.751	-5.003	-5.876	-1.142	-6.167	-3.415	-0.9436	-7.062	-3.884	-2.716	-6.99	-3.145	-2.773	-1.7	-3.868	-0.3637	-4.803	-6.169	-4.388	-2.578	-2.499	-8.666	-5.213	-4.134	-5.708	-1.226	-5.732	-2.025	-6.532	-4.41	-7.682	-7.485	-8.993	-6.848	-3.927	-3.249	-4.778	-0.9128	-4.057	-5.408	-1.79	-7.052	-9.538	-2.9	-2.474	-3.108	-4.325	-1.525	-5.453	0.2219	-5.884	-1.67	-5.073	3.709	-4.693	-7.552	-4.806	-2.052	-5.999	-6.512	-3.996	0.7264	-2.002	-6.555	-1.609	-5.43	-6.9	-3.386	-4.625	-5.82	-1.012	-7.016
-4.867	-0.9563	-4.138	-5.815	-5.362	-5.217	-4.74	-4.294	-3.376	-3.693	-7.726	-6.029	-3.038	0.2446	-1.002	-4.036	-2.573	-1.362	-7.798	-6.443	-0.8193	-3.056	-8.864	-4.939	-3.68	-3.692	-5.171	0.778	-4.187	-5.541	-4.781	-1.412	-5.354	-1.683	-1.005	-5.466	-1.806	-2.944	-8.072	-3.002	-3.032	-2.115	-3.097	-1.511	-3.964	-6.176	-4.513	-2.907	-1.649	-8.069	-3.234	-5.065	-6.103	-1.076	-3.839	-1.07	-5.258	-3.778	-10.23	-7.854	-10.03	-7.753	-1.777	-1.864	-2.691	0.5093	-2.919	-3.742	-1.053	-7.202	-11.65	-2.509	-2.246	-4.73	-4.239	-2.392	-4.773	-0.1365	-6.284	-0.9702	-3.543	2.892	-5.168	-6.655	-4.179	0.5245	-5.33	-8.08	-4.252	0.7538	-2.945	-6.34	-0.08451	-5.161	-7.552	-3.476	-4.344	-6.477	-1.464	-8.242
-4.173	-0.9657	-3.687	-2.908	-4.329	-6.151	-3.945	-6.141	-4.401	-3.212	-8.663	-6.319	-4.394	-0.994	-0.2857	-4.547	-1.059	-1.515	-7.134	-5.979	-2.188	-3.357	-6.318	-6.377	-4.331	-1.448	-3.298	1.417	-3.691	-3.623	-6.333	-1.613	-7.08	-1.273	-0.7542	-3.396	-2.226	-2.273	-5.979	-4.026	-2.493	-2.586	-1.787	0.6163	-4.603	-6.361	-3.211	-3.865	-3.266	-7.584	-5.208	-5.854	-7.204	-1.448	-5.559	-1.563	-5.356	-4.979	-7.727	-6.599	-9.65	-6.676	-2.098	-0.6434	-4.253	-1.596	-4.719	-4.307	-3.708	-3.938	-6.284	-3.505	-2.606	-5.416	-2.238	-2.627	-3.581	-0.4507	-5.175	-0.2731	-4.182	3.883	-6.365	-6.17	-4.597	-3.202	-5.159	-5.475	-8.126	0.2764	-3.583	-7.839	-1.031	-5.506	-7.664	-3.48	-5.799	-5.895	-1.376	-7.388
-6.237	-1.127	-3.244	-3.682	-4.87	-3.94	-5.043	-3.668	-5.355	-2.085	-5.893	-5.75	-3.655	-1.055	-0.4968	-3.769	0.5666	-2.448	-7.904	-7.596	-0.1451	-2.845	-6.523	-4.33	-5.176	-3.981	-5.539	-0.2985	-4.065	-4.249	-6.101	-0.8836	-6.461	-5.714	-2.272	-4.274	-2.288	-1.497	-9.655	-3.281	-3.376	-1.661	-4.837	0.01788	-4.379	-5.355	-5.915	-3.584	-2.753	-7.993	-4.388	-3.97	-5.731	-2.458	-5.352	-3.807	-6.349	-5.934	-8.58	-8.753	-9.922	-9.518	-3.225	-1.062	-2.528	-1.453	-3.827	-3.394	-3.403	-5.727	-10.33	-5.472	-5.07	-2.58	-2.651	-1.64	-5.905	-0.5631	-4.253	-0.6373	-1.396	2.093	-7.377	-6.151	-5.937	0.2093	-5.366	-7.369	-4.412	1.991	-3.24	-5.546	-2.311	-5.961	-5.234	-5.961	-3.855	-5.169	-1.673	-6.293
-2.575	-4.619	-3.803	-1.803	-3.409	-5.904	-6.856	-3.589	-5.534	-5.654	-8.197	-7.691	-3.511	0.5433	1.186	-3.375	-4.554	-1.816	-6.68	-6.497	-0.8281	-3.908	-6.874	-5.586	-4.547	-3.091	-5.852	0.8835	-3.544	-5.104	-7.807	-2.993	-7.078	-3.54	-0.1578	-7.375	-3.523	-1.371	-8.5	-3.737	-2.663	-3	-4.779	-0.7027	-4.659	-8.915	-5.756	-0.8665	-2.199	-10.52	-5.495	-4.635	-6.34	-1.645	-3.606	-1.646	-6.742	-5.404	-6.703	-7.123	-10.2	-8.676	-2.284	-1.668	-4.81	-1.111	-4.305	-4.16	-1.54	-8.103	-9.015	-4.233	-4.918	-1.139	-2.743	-1.532	-4.476	-3.109	-8.245	-1.184	-3.883	2.821	-4.222	-7.826	-2.458	-1.791	-7.546	-6.012	-6.896	0.4825	-2.714	-7.675	-2.353	-4.323	-7.213	-2.331	-5.475	-6.085	-2.639	-8.564
-6.204	-2.791	-2.453	-2.597	-5.251	-4.345	-6.257	-2.84	-7.22	-2.512	-10.16	-6.938	-2.075	-0.2087	-2.285	-5.628	-2.009	-1.397	-7.645	-5.669	-2.114	-3.932	-4.997	-5.742	-3.834	-5.966	-6.17	-0.006918	-4.452	-6.413	-5.823	-1.611	-6.259	-3.789	-1.958	-5.838	-2.402	-0.765	-7.619	-2.635	-4.109	-4.326	-5.202	-2.175	-5.011	-5.792	-6.231	-0.6672	-2.823	-8.701	-4.017	-5.338	-5.205	-1.746	-5.742	-3.42	-9.594	-7.503	-8.122	-6.582	-7.355	-8.48	-3.577	-4.048	-4.874	-3.433	-4.325	-7.177	-4.899	-2.976	-10.96	-2.905	-3.738	-2.397	-2.294	-3.164	-3.27	0.2351	-5.346	-0.8534	-7.212	2.414	-5.15	-6.963	-5.984	-1.414	-7.13	-4.737	-5.862	-0.2925	-1.957	-5.117	-2.47	-3.771	-7.6	-4.271	-2.287	-7.435	1.123	-8.909
-6.486	-3.745	-4.339	-2.645	-7.65	-5.28	-4.666	-4.419	-4.568	-2.612	-10.39	-5.492	-4.926	0.4753	-3.558	-2.644	-0.1543	-0.5078	-6.286	-6.339	-3.267	-3.83	-5.756	-4.992	-5.576	-5.58	-6.247	-0.1471	-2.288	-7.506	-7.646	-2.687	-6.518	-2.723	-1.912	-6.402	-2.929	-0.04706	-8.251	-3.892	-3.661	-2.517	-5.287	-1.229	-5.095	-6.84	-4.688	-2.74	-3.878	-8.625	-3.097	-3.265	-6.72	-1.664	-6.526	-0.5163	-5.797	-5.151	-7.373	-8.084	-8.654	-7.082	-2.823	-3.007	-3.735	-3.268	-2.625	-5.105	-4.035	-5.707	-7.856	-5.025	-3.416	-3.782	-3.473	-0.7915	-5.829	-1.259	-4.43	-1.874	-3.379	2.34	-3.644	-6.376	-4.466	-0.4063	-6.893	-7.504	-3.782	0.04128	-1.294	-6.348	-3.818	-7.173	-6.699	-2.472	-2.726	-6.124	-1.807	-6.502
-7.185	-4.635	-3.222	-2.07	-5.492	-6.83	-5.131	-4.299	-5.562	-1.187	-8.201	-6.926	-3.312	1.236	-1.853	-5.34	-4.238	-0.9203	-8.687	-4.513	-0.43	-3.379	-7.837	-4.776	-5.517	-5.962	-6.048	0.2428	-4.209	-4.227	-5.993	-2.074	-8.267	-4.03	-1.838	-7.387	-2.723	-2.245	-10.74	-4.808	-4.293	-3.45	-3.711	-2.027	-3.848	-6.536	-5.728	-2.295	-4.072	-8.995	-3.767	-3.378	-5.493	-3.891	-6.56	-4.093	-6.832	-4.003	-8.302	-6.657	-10.13	-6.934	-0.6051	-1.281	-4.935	-1.042	-5.196	-4.625	0.1955	-6.961	-10.69	-3.835	-2.567	-6.227	-1.986	-2.526	-2.902	-3.335	-7.669	-0.2737	-3.03	2.49	-3.693	-9.401	-4.468	-0.3968	-5.552	-6.505	-5.122	-2.237	-0.9875	-6.416	-2.269	-6.28	-7.567	-4.547	-6.019	-5.742	-1.962	-7.574
-3.408	-2.298	-5.732	-0.8614	-3.612	-6.205	-5.814	-4.498	-7.64	-3.721	-9.544	-7.406	-2.386	0.2887	-1.392	-4.126	-1.437	-4.256	-7.058	-7.37	-0.8691	-4.742	-7.741	-5.083	-5.613	-2.609	-5.094	0.8659	-5.188	-5.004	-4.713	-1.831	-7.859	-2.411	-4.024	-7.971	-2.948	-3.021	-8.615	-2.57	-1.11	-3.197	-7.739	-1.417	-5.998	-6.406	-4.815	-2.858	-0.6909	-10.26	-6.73	-6.312	-7.808	-2.156	-4.652	-0.4968	-8.818	-5.913	-7.04	-8.066	-9.435	-7.827	-4.042	-5.086	-7.991	-1.843	-5.519	-4.052	-1.854	-6.779	-12.29	-4.997	-2.888	-4.25	-3.084	-4.631	-5.234	-1.209	-5.079	-1.224	-3.17	1.329	-6.874	-5.541	-1.806	-0.8276	-7.463	-8.133	-4.963	-0.4038	-2.992	-7.419	-1.981	-5.574	-8.716	-3.914	-8.027	-6.718	-3.245	-10.37
-6.121	-1.838	-6.381	-1.823	-5.82	-4.724	-4.532	-7.031	-4.006	-2.663	-7.807	-5.219	-5.015	1.108	-0.4137	-4.919	-2.438	-1.737	-6.7	-6.32	-1.441	-3.817	-7.249	-6.63	-4.713	-6.382	-4.008	-1.568	-3.352	-3.635	-7.368	-1.373	-4.456	-2.651	-3.605	-4.264	-6.314	-3.649	-8.088	-4.251	-5.184	-2.747	-4.269	-1.089	-4.415	-8.312	-4.693	-2.834	-3.534	-7.332	-3.849	-3.459	-5.78	-2.438	-5.318	-2.982	-8.193	-6.828	-8.813	-8.787	-9.075	-7.186	-2.422	-5.46	-3.037	-2.587	-5.39	-1.698	-3.018	-6.109	-9.708	-4.424	-4.519	-1.779	-3.421	-1.969	-5.037	-1.566	-6.884	-2.12	-3.29	3.725	-6.79	-7.496	-5.349	0.6905	-6.632	-7.095	-5.14	1.771	-1.502	-7.775	-0.7664	-3.045	-7.433	-1.768	-6.234	-8.275	-3.435	-6.566
-3.724	-0.1106	-3	-1.313	-4.541	-6.059	-4.314	-4.925	-5.385	-0.958	-8.266	-8.772	-2.802	0.8211	-0.8238	-3.245	-1.466	-0.5504	-7.104	-7.498	-0.7285	-5.968	-6.216	-5.996	-4.567	-4.129	-4.44	-0.4254	-4.959	-5.777	-8.529	1.11	-7.294	-0.4987	-3.965	-6.33	-2.877	-1.955	-8.307	-3.504	-4.069	-2.071	-3.002	-1.594	-7.236	-8.389	-4.295	-2.891	-5.129	-8.986	-5.219	-3.386	-7.946	-5.253	-4.011	-4.022	-9.065	-4.059	-10.04	-9.193	-11.14	-5.851	-4.369	-4.239	-6.088	-1.284	-3.752	-5.902	-2.006	-5.78	-10.31	-6.147	-5.18	-4.364	-3.308	-1.353	-4.469	-3.046	-6.87	-1.392	-2.05	4.122	-5.41	-8.607	-5.966	-2.966	-6.878	-6.119	-4.544	0.5199	-3.773	-10.52	-0.5277	-3.536	-6.081	-0.2703	-5.732	-4.372	-0.1085	-9.303
-4.793	-4.825	-4.455	-3.081	-4.862	-5.554	-5.221	-6.217	-3.524	-2.987	-9.812	-7.507	-3.491	0.3035	0.1722	-3.225	-1.439	-1.523	-5.582	-7.08	-1.496	-5.332	-8.18	-8.315	-3.756	-5.435	-5.804	0.3997	-2.774	-5.452	-8.477	-1.633	-4.906	-2.723	-1.061	-7.078	-5.476	-1.688	-9.34	-3.359	-5.223	-1.067	-5.875	-0.7638	-3.869	-6.832	-3.799	-2.861	-3.576	-8.054	-3.916	-6.412	-5.86	0.4408	-5.048	-3.868	-6.599	-6.006	-6.977	-6.986	-7.131	-7.243	-1.651	-5.028	-4.956	-1.007	-6.879	-3.886	-1.851	-5.47	-9.745	-3.944	-5.545	-4.02	-3.626	-2.443	-4.491	-1.336	-5.448	-1.492	-5.124	1.122	-7.876	-7.987	-5.146	-1.876	-5.771	-6.696	-3.253	1.244	-4.028	-8.932	-2.643	-6.635	-5.19	-5.282	-4.31	-6.819	-1.105	-8.055
-5.498	-2.444	-5.774	-2.829	-4.405	-4.554	-7.654	-6.79	-5.575	-3.904	-7.878	-6.48	-4.384	-0.1964	0.7329	-4.358	-1.072	-1.775	-6.722	-5.796	-2.363	-2.886	-8.206	-6.683	-8.559	-2.444	-4.733	0.4781	-3.753	-5.813	-7.288	-2.618	-6.599	-3.262	-1.731	-4.957	-3.501	-1.129	-10.42	-5.499	-3.728	-1.204	-5.527	-2.791	-3.792	-7.104	-3.34	-0.8273	-2.609	-11.59	-5.113	-6.894	-5.925	-2.013	-6.822	-0.981	-8.017	-4.457	-9.72	-6.198	-7.725	-9.308	-2.338	-5.252	-4.602	0.05629	-4.901	-6.309	-2.196	-6.263	-9.23	-3.424	-4.115	-6.526	-0.4324	-1.992	-2.498	-2.151	-7.112	-3.281	-4.656	3.102	-6.101	-7.017	-4.178	-0.73	-7.439	-4.517	-5.053	0.8265	-1.198	-6.822	-0.8558	-7.774	-6.191	-3.247	-4.001	-5.425	-2.452	-6.777
-4.996	-3.866	-4.601	-2.503	-5.147	-4.014	-5.064	-5.394	-5.289	-4.105	-8.822	-4.116	-2.461	0.3365	0.134	-3.862	-4.916	-1.726	-6.328	-7.724	-1.835	-5.477	-8.242	-6.24	-7.001	-5.982	-3.692	-0.3416	-3.028	-5.535	-9.25	-2.149	-6.639	-4.327	-1.454	-6.167	-3.066	-3.239	-8.46	-5.031	-2.532	-4.461	-5.393	0.2518	-5.582	-7.533	-1.157	-3.206	-1.853	-7.349	-5.669	-5.945	-6.893	-1.352	-5.441	-2.894	-7.547	-5.368	-9.385	-8.061	-9.388	-6.937	-4.674	-3.495	-4.042	0.542	-2.628	-5.09	-1.684	-4.685	-9.086	-6.067	-2.569	-6.393	-4.276	-2.01	-6.326	-1.512	-6.279	-0.4411	-1.064	2.358	-5.173	-8.225	-4.881	-1.61	-6.247	-7.373	-3.033	-0.08451	-1.995	-7.084	-2.426	-6.083	-4.486	-4.32	-3.615	-5.931	-0.7883	-6.997
-4.197	-0.3044	-4.613	-2.668	-4.05	-7.712	-6.155	-5.338	-3.925	-5.157	-7.612	-8.132	-2.037	-1.322	0.712	-2.611	-2.736	-1.671	-6.355	-7.109	-0.7494	-2.613	-7.809	-6.205	-5.891	-6.048	-2.159	0.497	-5.009	-6.428	-6.028	-3.89	-6.467	-4.399	-2.084	-6.885	-2.493	-3.113	-8.426	-3.904	-2.96	-2.798	-3.067	-2.513	-2.274	-7.728	-5.41	-2.6	-2.773	-9.033	-3.21	-3.462	-6.227	-2.871	-5.967	-1.989	-6.398	-3.986	-6.475	-8.213	-9.884	-6.515	-3.853	-1.345	-4.751	-1.214	-1.386	-4.602	-2.431	-5.293	-6.654	-4.676	-3.754	-2.844	-4.218	0.5722	-5.277	-1.862	-7.44	-2.36	-5.724	2.187	-5.054	-5.937	-5.467	-1.227	-5.504	-7.107	-5.198	0.5804	-0.6617	-6.378	-1.321	-4.768	-10.17	-8.155	-3.301	-3.355	-1.407	-7.287
-5.221	-1.351	-3.899	-3.546	-4.267	-6.877	-8.25	-5.257	-3.311	-4.47	-6.514	-7.38	-3.019	0.4701	-3.514	-3.851	-0.8252	-2.536	-6.557	-5.282	-2.668	-4.081	-6.123	-6.697	-6.267	-3.145	-4.512	1.804	-2.043	-3.122	-4.852	-1.718	-6.617	-1.814	-2.942	-6.494	-3.811	-2.098	-7.349	-4.863	-4.436	-3.652	-4.14	-0.9451	-4.833	-6.947	-2.838	0.8074	-2.118	-7.767	-3.979	-6.066	-6.533	-1.117	-3.611	-1.485	-8.894	-6.199	-8.22	-5.825	-7.805	-7.927	-3.445	-2.115	-5.125	-2.408	-4.973	-5.973	-3.496	-5.162	-7.568	-4.162	-2.944	-6.582	-3.528	-0.7891	-4.686	-1.313	-5.39	-2.073	-4.771	4.257	-3.793	-6.753	-3.828	-0.8819	-6.851	-5.462	-3.116	0.8716	-2.329	-5.075	-1.824	-4.94	-7.675	-2.347	-6.069	-6.123	-1.395	-7.07
-3.832	0.8683	-4.097	-4.003	-5.606	-6.032	-6.32	-6.21	-6.291	-5.033	-6.799	-6.252	-5.092	1.475	-1.663	-4.789	-0.2732	-3.488	-7.025	-7.547	-1.964	-3.936	-7.498	-3.895	-5.064	-4.761	-3.588	0.7932	-3.667	-5.494	-7.363	-1.392	-4.768	-1.245	-1.338	-7.561	-1.192	-2.917	-9.23	-3.562	-2.887	-2.9	-4.946	-1.605	-5.582	-7.129	-5.786	-3.212	-2.14	-7.841	-5.964	-2.129	-7.752	-0.9498	-3.114	0.1189	-6.839	-6.213	-6.453	-8.854	-8.268	-7.957	-3.245	-3.401	-1.672	-1.985	-3.823	-5.224	-1.44	-8.1	-10.32	-1.476	-3.357	-2.481	-3.445	-0.7231	-4.533	0.5632	-4.973	-0.2979	-4.253	1.88	-3.558	-6.793	-6.384	-0.9719	-6.556	-4.507	-4.928	-0.03729	-0.9623	-6.145	-1.951	-4.474	-6.962	-3.298	-2.729	-6.158	-0.1038	-5.571
-5.648	-3.03	-4.439	-3.13	-3.562	-5.29	-3.901	-5.321	-4.493	-3.662	-13.47	-5.003	-3.399	0.6787	0.07868	-4.637	-2.916	-4.412	-7.373	-7.453	-2.183	-1.609	-7.103	-6.705	-5.807	-3.817	-4.263	1.149	0.05275	-5.272	-5.928	-1.547	-5.92	-4.373	-2.326	-6.157	-1.739	-2.767	-6.275	-2.458	-2.875	-1.685	-2.842	-1.89	-4.837	-8.344	-3.428	-2.05	-5.061	-8.344	-4.908	-2.965	-7.223	-0.8663	-5.15	-3.765	-8.555	-5.625	-8.125	-7.668	-10.04	-8.201	-2.545	-1.511	-4.745	-0.489	-5.474	-5.531	-0.6644	-7.442	-9.231	-3.11	-2.681	-6.28	-2.077	-1.393	-4.723	-0.3091	-4.374	-1.044	-2.666	2.915	-4.159	-6.063	-5.809	-1.719	-7.672	-7.886	-2.768	-2.46	-2.753	-6.782	0.4357	-5.502	-5.589	-3.817	-2.9	-4.417	-0.2588	-6.793
-5.415	-4.332	-4.834	-3.235	-5.494	-6.71	-5.48	-4.344	-2.93	-2.226	-9.932	-7.366	-2.795	1.163	-1.571	-2.447	-0.869	-2.276	-7.178	-9.124	-2.1	-3.74	-5.336	-4.747	-3.328	-3.565	-6.148	1.354	-2.171	-3.63	-6.398	0.3833	-5.208	-3.19	-1.003	-5.994	-0.7183	-1.811	-7.529	-3.729	-6.946	-2.608	-2.534	-1.394	-3.545	-7.484	-4.427	-1.66	-2.988	-10.31	-4.089	-4.985	-6.354	-3.758	-4.537	0.02633	-10.55	-3.445	-8.92	-6.143	-9.121	-7.7	-2.453	-3.482	-5.134	-2.189	-2.932	-3.755	-1.355	-4.441	-11.26	-2.249	-1.923	-4.394	-2.294	-1.074	-3.99	1.798	-6.934	-0.2919	-2.546	0.4681	-5.116	-8.57	-3.935	-2.826	-6.618	-5.143	-5.132	-1.352	0.6567	-5.161	-5.239	-4.732	-6.941	-2.112	-4.488	-7.033	0.6383	-7.127
-4.308	-1.498	-6.035	-1.947	-5.539	-3.645	-5.013	-3.188	-5.464	-1.871	-9.547	-5.665	-3.397	0.3897	-0.9753	-3.637	-1.282	-3.903	-8.122	-9.426	0.1087	-4.663	-7.222	-3.389	-0.7315	-4.893	-2.5	-1.388	-3.689	-5.212	-3.69	-0.3568	-4.394	-4.882	-0.4804	-4.705	-2.975	-5.778	-6.326	-1.657	-3.951	-2.835	-4.633	-1.496	-3.854	-8.098	-3.411	-1.908	-2.125	-8.062	-5.056	-3.128	-8.508	-1.109	-3.383	-0.7653	-6.748	-4.833	-8.404	-6.348	-8.518	-7.386	-2.937	-3.469	-6.415	-1.548	-4.017	-3.626	-1.626	-4.018	-7.629	-4.616	-3.898	-4.072	-2.936	-0.9709	-5.392	-0.252	-5.708	-0.365	-2.623	3.475	-3.821	-6.334	-3.304	-1.381	-3.942	-3.78	-4.037	-1.08	-1.731	-7.038	-1.418	-5.03	-8.14	-1.564	-5.889	-4.911	0.3682	-6.644
-2.35	0.7333	-4.518	-3.763	-4.098	-5.904	-5.377	-5.586	-5.62	-0.0407	-6.728	-6.285	-3.143	-0.23	-2.057	-6.945	-3.144	-2.235	-6.024	-7.845	-2.724	-3.382	-7.38	-7.39	-1.668	-4.906	-3.833	0.2595	-2.441	-4.573	-6.868	-0.7735	-4.789	-2.694	-0.4764	-5.803	-2.767	-2.381	-6.253	-3.311	-5.671	-2.38	-4.881	-1.066	-4.379	-6.564	-3.458	-3.348	-2.575	-8.052	-5.353	-5.041	-5.599	-6.545	-4.479	-3.243	-6.081	-6.785	-7.959	-7.838	-9.768	-7.754	-3	-3.196	-5.133	-1.276	-3.632	-5.959	0.1848	-6.116	-7.857	-4.43	-2.665	-5.245	-2.635	-1.83	-5.331	-2.817	-6.184	0.6085	-3.79	3.854	-4.943	-7.633	-1.515	0.7286	-7.577	-6.386	-3.968	1.17	-2.776	-7.06	-2.952	-6.471	-6.478	-1.829	-3.281	-7.354	-2.051	-6.763
-5.891	-1.825	-4.051	-2.47	-3.803	-4.981	-5.806	-5.04	-4.186	-3.876	-6.686	-6.386	-4.993	2.7	-1.023	-4.658	-2.032	-2.2	-6.016	-6.923	-0.6592	-4.146	-6.219	-6.555	-3.878	-2.378	-4.216	1.903	-4.016	-3.501	-4.924	-0.7619	-4.294	-4.551	-1.598	-7.736	-3.129	-4.812	-7.183	-1.712	-5.357	-1.415	-4.538	-2.315	-4.753	-7.8	-2.891	-1.523	-2.585	-9.15	-4.889	-4.648	-5.446	-1.905	-2.903	-2.193	-7.181	-3.917	-9.103	-6.704	-9.626	-6.957	-1.909	-1.302	-6.065	1.733	-1.574	-5.083	-0.8177	-5.062	-10.04	-4.813	-4.606	-2.928	-2.714	-1.256	-5.427	0.08631	-4.732	-1.895	-5.226	2.524	-4.737	-6.005	-4.764	-1.551	-5.631	-5.827	-8.186	-0.02554	-1.998	-6.696	-3.232	-6.743	-7.308	-3.462	-4.802	-8.258	0.7113	-6.842
-6.288	-2.362	-4.823	-0.1042	-4.709	-4.152	-5.012	-5.209	-5.702	-3.637	-7.591	-8.27	-4.37	1.177	-1.047	-4.173	-1.113	-2.593	-6.476	-7.503	-2.049	-4.086	-6.38	-5.491	-5.663	-5.428	-6.016	1.495	-3.058	-4.966	-7.593	-1.89	-7.369	-2.042	-1.4	-7.984	-3.485	-0.06352	-6.591	-4.031	-2.339	-3.11	-5.504	-0.9006	-2.571	-6.5	-4.505	-1.466	-3.089	-8.041	-6.313	-3.485	-5.636	-2.994	-3.758	-0.06536	-5.194	-5.058	-8.469	-5.449	-9.677	-8.714	-2.866	-1.632	-5.409	-1.074	-2.322	-5.224	-0.458	-4.52	-9.397	-1.2	-2.649	-4.361	-3.489	-2.025	-4.576	-0.9354	-4.97	-1.078	-3.107	2.403	-5.796	-7.822	-4.993	-0.874	-5.364	-7.875	-4.209	-0.5279	-2.29	-7.196	-1.575	-3.547	-6.311	-4.838	-4.065	-6.595	-0.4125	-6.867
-4.364	-1.87	-4.379	-3.115	-5.521	-7.013	-6.072	-5.252	-4.234	-2.884	-8.053	-6.794	-3.159	0.9958	-1.516	-3.709	-0.7253	-3.078	-5.568	-8.248	-0.6973	-2.645	-5.252	-6.541	-4.469	-3.844	-3.446	0.723	-2.556	-3.567	-6.198	-0.8994	-6.805	-4.289	-1.051	-6.014	-2.056	-2.06	-10.24	-2.533	-3.394	-2.473	-3.812	-1.295	-3.847	-7.759	-2.908	-2.83	-2.412	-8.614	-3.522	-6.181	-4.816	-1.768	-5.457	-3.188	-7.361	-4.523	-7.768	-6.885	-10.04	-8.767	-3.253	-3.167	-4.556	-0.1993	-3.119	-3.722	-3.634	-5.183	-10.31	-3.916	-1.013	-4.224	-0.2839	-1.232	-4.22	0.4963	-5.38	-0.03175	-5.367	3.461	-5.285	-7.513	-4.805	-2.299	-6.893	-5.968	-3.991	1.263	-1.39	-4.801	-1.834	-5.079	-6.997	-1.384	-4.45	-6.514	-1.343	-6.818
-5.847	-3.589	-2.75	-1.818	-5.542	-7.963	-3.02	-4.494	-4.516	-3.345	-9.897	-6.316	-3.094	-1.331	-0.6063	-4.952	-1.441	-2.093	-7.533	-7.225	-0.7822	-1.95	-5.819	-5.436	-5.024	-4.565	-7.183	1.429	-9.59	-4.352	-7.679	-0.5901	-5.074	-1.19	-1.003	-6.492	-2.117	-3.238	-8.45	-2.266	-3.52	-5.513	-4.008	-1.4	-6.101	-5.724	-3.139	-3.543	-0.7796	-7.916	-5.303	-4.8	-6.829	-2.938	-5.633	-1.252	-7.539	-5.202	-9.673	-7.87	-10.98	-8.478	-2.783	-3.836	-5.48	-0.04479	-2.533	-4.822	-1.331	-5.818	-8.413	-4.418	-2.699	-2.623	-3.034	-0.7571	-5.014	-1.963	-5.058	-2.243	-4.216	2.943	-2.589	-7.138	-3.922	0.2205	-4.174	-6.475	-3.149	0.9277	-3.327	-5.293	-2.226	-4.876	-5.683	-3.55	-4.462	-7.318	-1.924	-6.934
-5.578	-0.3057	-2.524	-0.998	-4.367	-5.766	-7.231	-6.326	-4.563	-5.877	-7.828	-5.535	-4.162	1.053	-0.7344	-2.975	-2.601	-1.879	-8.137	-5.845	-1.475	-2.841	-6.117	-6.872	-4.459	-3.366	-3.123	1.654	-3.741	-3.228	-4.446	-0.5083	-5.193	-2.627	-0.8987	-4.891	-1.423	-2.93	-8.606	-2.307	-2.532	-3.837	-5.555	-0.9382	-5.595	-6.937	-4.575	-2.414	-2.937	-10.35	-2.361	-2.647	-6.077	0.1297	-5.814	-3.512	-8.208	-6.35	-9.253	-7.836	-7.904	-8.006	-1.089	-2.258	-4.306	-2.633	-3.924	-3.572	-2.577	-4.353	-8.075	-5.574	-2.898	-4.089	-3.399	-1.255	-4.902	0.3178	-4.513	-2.392	-4.497	3.119	-5.194	-7.411	-1.245	-0.6524	-5.816	-5.882	-5.491	-0.555	-2.913	-5.597	-2.403	-5.122	-6.753	-2.397	-6.98	-5.206	0.3336	-6.134
-5.269	-2.716	-5.403	-2.913	-5.597	-3.927	-4.906	-6.153	-3.29	-3.315	-7.425	-5.7	-2.562	0.06775	-1.179	-2.63	-5.138	-2.439	-8.135	-6.804	-1.101	-3.722	-6.953	-5.509	-4.038	-4.774	-4.348	0.7687	-1.676	-2.921	-5.213	0.675	-4.932	-4.839	-2.576	-2.943	-3.171	-1.811	-7.645	-2.222	-3.401	-1.187	-4.397	-0.1288	-2.937	-6.715	-3.086	-2.463	-2.005	-6.952	-5.432	-3.378	-5.898	-4.067	-3.309	-1.505	-8.057	-5.712	-11.41	-5.746	-7.701	-5.988	-2.069	-2.25	-3.074	-0.8302	-3.385	-4.282	-1.274	-5.419	-8.41	-5.084	-3.254	-2.756	-1.305	-0.4425	-3.065	-0.08914	-5.72	0.2724	-3.802	3.76	-4.967	-7.811	-4.942	-2.728	-5.647	-7.705	-4.092	-1.059	-1.386	-5.182	-3.179	-5.628	-7.027	-2.915	-5.06	-2.892	-0.8117	-6.565
-4.477	-1.08	-3.396	-1.265	-3.727	-5.543	-6.386	-1.532	-7.106	-3.854	-8.154	-7.722	-2.389	-0.4982	-0.7054	-4.514	0.5633	-0.8269	-6.989	-8.837	-1.363	-5.798	-6.391	-6.536	-5.976	-2.839	-5.689	1.069	-4.606	-8.648	-7.165	-0.452	-6.07	-4.665	-0.8723	-7.756	-4.098	-4.05	-9.796	-2.517	-4.245	-1.549	-5.189	-1.228	-5.661	-7.146	-3.222	-4.717	-2.064	-11.09	-6.304	-1.649	-6.057	-2.78	-3.105	0.6985	-8.058	-4.035	-9.684	-5.93	-10.32	-7.265	-3.682	-3.326	-5.577	-2.793	-3.07	-4.311	-0.09367	-6.04	-8.243	-2.473	-3.191	-2.798	-1.043	1.335	-4.279	0.3413	-6.217	-0.918	-5.101	3.444	-4.461	-7.112	-3.869	-0.7828	-6.36	-7.053	-4.057	1.055	-1.794	-4.612	-2.758	-7.224	-5.812	-5.451	-3.536	-5.168	-0.05954	-7.393
-3.63	-3.533	-4.643	-2.566	-4.128	-6.694	-3.841	-5.772	-5.818	-3.619	-12.59	-7.445	-5.027	0.2879	-2.047	-4.562	-3.715	-2.729	-7.718	-6.576	-0.4248	-1.306	-8.023	-8.099	-5.297	-7.664	-5.578	-1.047	-4.479	-2.812	-8.008	-1.911	-7.222	-3.299	-1.33	-6.351	-2.351	-2.384	-8.153	-2.363	-3.885	-5.137	-5.132	-2.45	-5.23	-6.069	-3.116	-2.334	-1.476	-6.892	-4.539	-4.036	-5.429	-1.369	-6.648	-4.214	-10.16	-4.575	-7.565	-5.776	-9.457	-6.189	-2.434	-1.591	-3.965	0.6546	-6.156	-4.382	-2.242	-5.452	-7.232	-3.903	-2.355	-4.057	-4.041	-1.437	-3.923	1.477	-5.999	-1.307	-5.039	1.189	-4.557	-6.07	-5.408	-1.089	-6.413	-8.429	-7.076	0.1166	-2.201	-5.253	-1.614	-5.059	-6.075	-4.094	-5.661	-6.662	-0.7021	-6.09
-5.025	-0.154	-3.896	-2.572	-3.263	-5.278	-6.62	-5.719	-3.596	-1.801	-6.785	-6.266	-2.693	-1.471	-0.504	-4.905	-2.269	-2.52	-6.164	-5.517	-0.7611	-3.131	-6.911	-6.194	-4.772	-4.011	-6.474	0.5879	-2.641	-2.613	-7.839	-0.4971	-7.1	-1.761	-1.463	-8.398	-2.608	-3.257	-7.428	-2.592	-4.101	-1.779	-3.894	-1.765	-5.881	-7.82	-3.54	-2.684	-2.951	-6.965	-5.731	-3.694	-5.746	0.2639	-6.913	-2.805	-7.457	-4.863	-9.086	-8.273	-8.626	-8.611	-1.698	-1.536	-5.442	-0.6339	-2.453	-6.308	-0.3019	-6.734	-10.07	-1.373	-3.159	-2.484	-4.497	-0.6629	-4.323	-0.3705	-5.282	-0.2263	-3.57	3.055	-5.434	-7.954	-5.226	-2.112	-5.653	-7.028	-3.375	-0.889	-2.17	-6.774	-0.5022	-6.873	-5.178	-3.927	-5.011	-6.307	-0.7632	-8.387
-5.191	-0.9763	-4.516	-3.28	-4.436	-5.761	-3.171	-5.584	-6.518	-3.651	-9.298	-7.667	-3.616	0.9341	-1.031	-5.197	-1.428	-2.591	-5.713	-5.028	-0.1505	-6.367	-5.66	-5.963	-2.878	-3.055	-5.418	1.073	-4.021	-1.764	-5.994	-0.3633	-7.378	-3.095	-0.1686	-9.216	-3.718	-2.696	-9.105	-2.193	-1.08	-4.197	-4.779	0.5659	-3.625	-6.893	-3.435	-2.843	-3.522	-6.542	-4.993	-7.362	-6.57	-1.185	-6.271	-1.467	-6.67	-5.692	-10.8	-7.737	-9.291	-6.012	-2.827	-2.979	-3.311	-1.734	-4.313	-5.402	-1.41	-3.087	-11.2	-4.93	-2.033	-5.044	-3.791	-3.398	-6.173	-2.37	-7.419	-1.613	-5.226	3.498	-7.534	-8.434	-4.677	-1.651	-6.671	-5.354	-6.311	1.987	-2.188	-6.425	-2.274	-5.073	-8.002	-4.826	-3.201	-7.179	0.7675	-9.448
-7.755	-1.577	-2.509	-1.047	-4.703	-6.362	-8.262	-6.423	-5.853	-2.25	-7.945	-6.572	-2.474	-0.1046	-2.481	-2.515	-1.402	-2.199	-8.147	-5.709	-1.34	-3.065	-7.988	-6.007	-6.068	-3.919	-2.125	0.4442	-5.393	-6.47	-4.917	-1.492	-8.023	-2.402	-2.362	-6.954	-3.503	-4.66	-8.329	-2.868	-3.951	-1.949	-3.654	-1.106	-4.444	-6.128	-6.603	-2.043	-3.394	-7.055	-5.506	-4.521	-6.711	1.084	-5.914	1.451	-7.293	-6.453	-9.327	-6.865	-7.018	-7.486	-1.663	-1.566	-4.451	-1.375	-2.177	-4.398	-0.5206	-5.757	-7.072	-4.417	-1.281	-3.634	-3.915	-2.618	-5.776	-4.329	-6.926	-2.702	-2.695	3.802	-5.032	-7.71	-5.119	-1.779	-6.969	-5.119	-5.684	2.12	-2.182	-7.931	-4.776	-7.39	-8.582	-3.479	-3.912	-4.726	1.507	-7.8
-7.16	-1.246	-6.25	-2.092	-3.628	-4.653	-3.698	-3.881	-6.667	-3.536	-5.423	-7.779	-2.735	0.3413	-0.2845	-3.385	-2.404	-3.056	-6.528	-5.124	-2.383	-2.164	-6.738	-6.939	-4.185	-3.842	-4.457	0.09668	-3.331	-5.882	-5.094	0.4167	-3.574	-3.938	-1.761	-8.199	-1.668	0.3006	-10.26	0.1704	-3.73	-3.103	-2.794	-2.33	-5.219	-5.124	-2.273	-3.928	-1.678	-8.211	-6.016	-3.653	-5.094	-1.717	-6.218	-3.942	-7.177	-5.171	-6.167	-6.894	-9.424	-5.902	-1.576	-2.117	-5.84	-2.022	-4.484	-5.45	-1.391	-4.299	-10.02	-2.536	-2.608	-3.104	-0.3389	-1.448	-6.27	-1.346	-3.633	-1.687	-3.952	1.802	-6.191	-6.846	-3.443	-1.787	-5.417	-5.577	-4.293	0.08274	-1.101	-8.81	-1.57	-6.066	-5.413	-1.898	-3.936	-6.168	-2.331	-4.616
-5.81	-0.8532	-2.479	-3.283	-5.061	-5.112	-7.481	-5.925	-4.738	-2.723	-10.99	-8.19	-1.711	0.4652	0.4192	-3.942	-1.742	-2.234	-5.881	-4.497	-2.866	-4.957	-6.599	-9.155	-3.755	-3.051	-3.919	-0.07014	-3.912	-5.512	-4.398	-2.577	-6.742	-1.829	-2.4	-6.237	-5.695	-2.628	-9.113	-3.557	-4.056	-3.412	-5.611	-0.6366	-7.093	-7.751	-3.932	0.9866	-4.58	-9.218	-5.247	-2.359	-6.154	-0.4226	-4.604	-1.543	-5.663	-5.701	-9.574	-7.571	-8.04	-5.445	-0.5786	-4.69	-2.546	0.7121	-1.984	-5.196	-0.147	-5.999	-8.843	-2.589	-3.334	-4.524	-2.097	-2.702	-4.822	-0.6149	-6.265	-1.688	-4.863	3.313	-6.528	-6.876	-5.026	-2.292	-7.034	-8.534	-5.324	1.763	-0.892	-7.444	-2.663	-8.804	-8.726	-6.169	-3.342	-6.199	-1.38	-10.22
-6.762	-1.946	-3.495	-4.164	-5.384	-5.373	-6.143	-5.383	-4.771	-3.768	-9.114	-8.174	-5.773	-0.3085	0.9592	-5.825	-2.418	-1.787	-8.132	-7.107	-0.6179	-5.466	-7.647	-6.484	-6.795	-4.631	-5.164	0.4802	-3.497	-4.652	-5.435	0.06057	-5.858	-4.886	-4.288	-9.413	-2.183	-3.487	-10.63	-3.474	-3.042	-2.395	-5.009	-0.6645	-2.358	-7.099	-4.221	-3.287	-0.9223	-6.295	-5.225	-3.663	-6.52	-1.112	-6.211	-5.791	-6.779	-6.927	-9.623	-9.748	-8.761	-5.924	-2.203	-1.344	-3.146	-1.227	-2.039	-5.761	-1.346	-4.312	-10.09	-4.713	-3.115	-4.738	-1.579	-1.236	-3.607	-0.0885	-4.896	-1.965	-3.956	2.493	-5.21	-7.712	-3.278	-0.8364	-6.186	-5.583	-5.062	0.9469	-2.52	-6.156	-0.8988	-3.275	-5.716	-2.714	-3.288	-6.489	-0.2315	-7.328
-5.68	-2.816	-4.774	-4.071	-5.858	-6.205	-3.72	-6.212	-6.516	-4.624	-9.038	-6.696	-4.565	0.53	-1.49	-2.018	0.4135	-1.715	-7.316	-7.151	-0.9681	-1.735	-6.363	-9.487	-6.995	-4.527	-5.308	0.9761	-3.562	-4.488	-5.404	-0.3257	-5.009	-3.18	-0.6506	-6.922	-2.995	-1.657	-8.416	-5.308	-1.836	-3.334	-4.644	-0.8657	-7.691	-9.509	-4.961	-4.125	-5.015	-9.669	-6.305	-2.431	-7.113	-1.953	-4.563	-1.409	-5.789	-3.451	-10.25	-8.13	-11.27	-8.314	-3.639	-1.527	-3.136	-1.185	-4.765	-7.022	-2.158	-6.516	-7.658	-5.068	-1.808	-3.214	-3.148	-2.371	-6.963	-2.075	-5.056	-0.7565	-4.804	1.68	-4.527	-5.633	-2.62	-2.028	-4.903	-5.905	-5.363	2.661	-2.527	-5.557	-1.396	-6.321	-5.115	-3.047	-5.402	-6.958	0.5578	-8.905
-2.034	-2.64	-2.952	-1.827	-4.042	-4.273	-4.162	-4.139	-3.435	-3.584	-9.853	-6.076	-6.438	0.8597	-2.741	-3.067	-2.168	-1.059	-4.896	-5.679	-1.352	-2.677	-9.035	-5.404	-4.626	-4.164	-7.607	1.31	-0.09737	-8.618	-7.426	-1.217	-8.033	-4.103	-0.7826	-7.983	-2.38	-3.736	-6.572	-2.89	-5.489	-4.105	-4.716	-0.635	-3.231	-8.173	-3.853	-3.344	-2.287	-9.783	-4.126	-3.778	-6.001	-1.799	-3.467	-3.5	-7.523	-4.181	-7.604	-6.38	-10.3	-8	-2.225	-2.138	-3.452	-0.38	-3.525	-6.662	-4.112	-3.966	-10.04	-6.573	-4.73	-5.286	-4.006	-0.8135	-5.617	-1.09	-5.733	-0.8015	-1.367	2.106	-4.211	-8.444	-4.055	0.5437	-5.668	-8.369	-4.144	1.089	-3.346	-8.918	-2.78	-6.319	-6.437	-2.754	-4.242	-5.566	0.4997	-7.417
-5.038	-1.812	-4.827	-4.324	-7.202	-7.996	-7.065	-5.826	-3.241	-0.3913	-8.765	-3.652	-4.028	1.901	-0.8076	-3.12	-3.153	-1.835	-5.505	-6.354	-1.349	-4.085	-7.707	-4.405	-7.209	-5.104	-5.158	-0.4095	-4.205	-4.518	-7.301	-2.32	-7.776	-5.14	-2.447	-7.115	-2.006	-1.062	-9.359	-2.486	-3.505	-4.438	-4.256	-2.035	-4.945	-8.089	-5.079	-1.731	-3.468	-8.214	-5.493	-3.969	-7.053	-3.167	-5.929	-1.628	-8.122	-8.053	-7.14	-6.823	-9.309	-8.123	-2.183	-3.259	-2.012	-2.145	-3.34	-1.132	0.4995	-8.325	-8.763	-5.927	-5.116	-7.586	-5.377	-1.201	-7.506	-1.336	-3.148	-3.429	-4.732	2.97	-4.175	-8.894	-2.023	-0.09511	-7.497	-4.315	-4.851	0.3824	-0.9359	-6.773	-4.02	-5.598	-7.033	-6.783	-2.859	-4.802	0.462	-8.351
-6.146	-3.051	-3.133	-3.235	-5.647	-4.42	-7.36	-3.985	-4.24	-4.443	-9.043	-5.087	-3.464	-1.117	-2.545	-3.28	-3.124	-1.742	-6.783	-7.752	-1.352	-3.037	-6.619	-8.189	-3.618	-4.655	-4.928	1.969	-1.882	-6.601	-6.573	-0.8536	-6.265	-1.751	-1.414	-6.018	-2.711	-3.441	-6.875	-2.316	-5.373	-2.536	-6.762	-0.9539	-5.707	-6.846	-4.49	-4.936	-1.392	-8.289	-5.703	-3.173	-7.33	-1.147	-6.528	-1.553	-6.419	-5.73	-11.17	-7.047	-10.64	-7.583	-4.205	-2.288	-5.786	-0.3162	-5.181	-5.396	-1.11	-7.588	-7.105	-3.165	-3.842	-2.139	-3.741	-3.857	-4.141	-1.385	-6.616	-0.3324	-2.455	2.219	-6.506	-7.278	-2.332	-2.059	-7.433	-7.194	-5.398	0.8044	-2.246	-6.495	0.2088	-4.555	-6.328	-4.172	-4.615	-6.424	0.4261	-7.977
-5.226	-4.15	-4.5	-2.226	-4.964	-6.352	-7.892	-6.749	-3.889	-5.764	-7.243	-6.968	-3.525	0.4016	-0.7219	-3.476	-2.376	-4.568	-3.837	-6.622	-0.01181	-4.402	-6.291	-3.915	-2.283	-4.904	-4.419	-0.4436	-5.083	-6.666	-8.3	-0.1751	-5.234	-5.39	-0.228	-7.909	-2.831	-2.79	-8.521	-3.779	-3.87	-2.724	-3.795	-2.608	-4.009	-6.45	-3.588	-3.016	-1.213	-6.646	-6.277	-4.825	-7.488	-1.442	-6.254	-4.195	-9.229	-3.553	-7.363	-8.288	-6.947	-6.716	-2.865	-1.859	-4.067	-1.858	-1.865	-6.621	-4.337	-2.041	-8.753	-6.712	-1.938	-2.303	-2.536	-1.562	-5.892	-0.6294	-5.089	-0.2804	-6.58	2.439	-4.483	-7.307	-5.251	0.08996	-6.246	-6.305	-5.579	1.296	-1.813	-7.314	-1.284	-5.924	-6.415	-2.093	-5.622	-5.964	-1.716	-5.086
-5.92	-1.841	-5.215	-2.993	-6.581	-5.812	-5.979	-5.295	-6.86	-2.661	-10.23	-6.408	-2.629	-0.1171	-0.1992	-3.215	-0.64	-1.651	-7.705	-4.916	-1.066	-7.309	-8.622	-7.202	-5.04	-1.341	-4.971	1.131	-1.445	-5.29	-7.96	-0.9503	-8.568	-4.589	0.744	-4.498	-2.675	-3.313	-9.137	-4.714	-4.892	-3.711	-6.669	-1.974	-5.225	-7.361	-3.062	-0.4654	-2.161	-7.804	-4.803	-7.456	-6.465	-2.484	-5.547	-3.066	-7.753	-5.649	-10.06	-6.579	-9.407	-8.435	-2.926	-1.344	-4.584	0.2099	-4.436	-5.679	-1.144	-6.984	-7.653	-6.318	-3.586	-3.748	-4.143	-1.603	-5.177	-1.664	-6.501	-1.023	-4.787	2.425	-7.317	-7.511	-3.239	-3.105	-7.314	-7.198	-5.379	0.5018	-3.388	-3.653	-2.513	-5.044	-5.779	-3.995	-4.713	-4.649	-4.022	-4.513
-3.71	-3.992	-6.397	-4.824	-4.225	-6.185	-7.503	-5.428	-5.744	-2.77	-6.932	-5.271	-3.607	0.4688	-2.321	-4.011	-3.857	-1.22	-6.976	-8.806	-1.364	-3.375	-5.918	-8.287	-6.102	-3.832	-3.418	-0.7398	-4.044	-3.629	-5.885	-0.7134	-8.419	-4.94	-2.302	-6.381	-4.362	-0.853	-7.016	-1.599	-4.256	-3.552	-4.244	-3.058	-5.58	-8.443	-1.529	-2.644	-3.398	-11.2	-6.342	-3.435	-7.073	-2.941	-7.132	-3.37	-3.978	-4.219	-10.6	-7.803	-10.15	-7.641	-3.057	-3.832	-4.546	-1.678	-4.805	-5.405	-1.001	-8.714	-10.24	-4.427	-2.342	-3.314	-1.888	-3.767	-5.547	-0.7173	-5.807	-1.102	-1.018	2.864	-8.31	-9.39	-4.758	1.433	-6.029	-5.464	-3.038	0.5762	-0.8688	-7.559	-4.013	-7.813	-3.832	-6.598	-4.603	-6.559	-1.391	-9.666
-2.46	-3.093	-3.594	-2.148	-4.669	-8.204	-3.304	-6.16	-4.322	-2.205	-8.297	-5.99	-2.494	0.02616	-0.5301	-2.354	-1.402	-0.1707	-7.151	-6.068	-0.7309	-5.152	-7.976	-5.151	-7.061	-4.719	-5.225	3.416	-4.31	-6.044	-9.031	1.808	-5.062	0.1459	-2.317	-7.742	-3.704	0.1788	-10.27	-3.126	-1.902	-4.9	-6.285	-1.027	-3.698	-6.804	-5.951	-2.524	-1.638	-9.938	-4.674	-6.856	-4.805	0.8082	-6.092	-2.206	-8.51	-4.45	-9.885	-7.35	-9.3	-10.09	-2.497	-4.914	-3.375	-2.492	-5.64	-5.915	-4.097	-5.899	-8.944	-6.55	-2.368	-6.665	-2.806	-4.599	-6.698	-1.787	-4.383	-0.9088	-6.195	1.342	-3.913	-6.721	-4.775	0.3355	-6.476	-6.388	-5.312	-0.7517	-2.419	-9.162	-3.686	-5.353	-6.087	-3.84	-6.476	-6.539	0.01952	-7.823
-4.876	-4.088	-5.817	-0.3482	-6.405	-7.673	-7.187	-5.905	-5.311	-3.612	-6.612	-5.325	-5.623	-1.365	0.7273	-4.01	-3.211	-2.896	-7.255	-8.018	-2.626	-2.648	-8.279	-7.615	-5.577	-3.042	-4.033	1.72	-2.925	-2.461	-7.751	-2.291	-6.742	-6.12	-1.668	-5.674	-3.274	-2.925	-8.507	-0.2893	-5.02	-2.365	-6.71	-2.896	-5.285	-8.16	-3.74	-2.713	-4.176	-9.381	-3.462	-4.669	-4.931	-1.739	-4.401	-0.9712	-6.499	-6.32	-9.594	-9.067	-9.813	-9.431	-3.462	-2.411	-6.197	-1.195	-1.039	-3.396	-1.298	-3.857	-10.13	-1.582	-3.999	-4.831	-5.168	-3.34	-6.86	-1.851	-4.584	-1.984	-3.136	2.408	-4.513	-5.608	-4.758	-1.33	-6.737	-8.017	-6.823	0.2374	-2.031	-6.555	-2.469	-7.963	-6.86	-4.732	-4.726	-4.059	-0.8549	-6.8
-5.528	-4.004	-3.582	-0.7217	-3.693	-3.373	-5.03	-4.027	-3.447	-4.911	-10.1	-7.843	-5.77	-0.662	-2.152	-3.22	-2.781	-3.5	-7.181	-6.802	-2.715	-4.341	-8.813	-5.364	-3.425	-3.019	-2.27	0.6417	-3.626	-7.942	-7.197	-0.1685	-6.257	-2.262	-0.6302	-8.593	-3.587	-1.683	-8.606	-3.665	-4.464	-2.36	-4.818	-0.8239	-6.427	-5.466	-4.236	-2.515	-2.551	-7.411	-5.141	-4.336	-6.158	-0.1536	-5.587	-0.8996	-5.482	-5.9	-10.61	-9.825	-6.077	-7.309	-4.188	-2.901	-6.598	-2.004	-5.82	-1.433	-2.303	-7.52	-10.32	-2.99	-2.519	-2.771	-0.4223	-0.8649	-4.802	-2.956	-5.289	-2.501	-4.987	3.508	-2.308	-6.574	-2.745	-1.741	-6.5	-5.912	-4.902	4.06	-2.179	-8.141	-3.061	-6.213	-7.271	-3.844	-3.791	-3.093	0.1959	-7.006
-6.419	-1.738	-4.045	-2.724	-5.587	-5.082	-6.957	-6.319	-5.209	-5.038	-8.322	-8.554	-3.272	-0.1505	-0.9985	-3.496	0.3379	-3.257	-6.546	-8.869	-0.6951	-5.371	-9.002	-7.964	-5.321	-5.137	-5.606	0.4117	-5.355	-3.292	-7.369	0.7456	-7.027	-3.761	-3.032	-6.092	-2.064	0.3993	-8.598	-1.988	-2.395	-3.774	-5.023	0.6777	-4.491	-4.346	-4.35	-2.016	-3.359	-7.285	-5.18	-4.995	-5.81	-1.88	-3.288	-1.694	-9.116	-6.317	-9.394	-8.785	-9.362	-8.109	-3.821	-5.789	-4.681	-1.249	-4.467	-3.323	-2.303	-7.775	-8.54	-3.77	-4.62	-6.165	-3.855	-4.019	-3.459	-0.4541	-6.108	-1.018	-6.568	2.417	-3.346	-9.176	-3.008	-1.958	-7.028	-9.038	-3.556	-1.349	-3.917	-7.098	-1.928	-6.208	-8.653	-4.902	-5.977	-5.218	1.575	-9.182
-5.09	-2.955	-5.512	-3.2	-5.404	-8.001	-5.562	-4.675	-5.592	-0.4048	-9.367	-6.895	-5.87	0.2042	-0.3399	-5.674	-3.395	-2.298	-7.046	-4.092	-2.326	-3.798	-8.489	-7.568	-6.128	-6.374	-3.134	1.128	-2.423	-5.65	-4.505	-2.921	-5.706	-1.676	-3.632	-8.844	-1.977	-2.348	-8.589	-3.732	-0.3004	-3.614	-5.72	-1.303	-5.694	-8.962	-4.24	-1.82	-1.914	-6.897	-5.548	-2.145	-7.106	-0.09253	-4.352	-1.721	-8.611	-3.83	-10.58	-6.852	-9.398	-8.096	-4.227	-4.847	-5.035	-1.997	-4.698	-5.324	-2.321	-5.995	-10.45	-5.863	-3.141	-3.154	-1.987	-2.608	-5.984	-0.8588	-4.845	-1.903	-4.366	2.721	-4.404	-8.984	-3.91	-3.329	-6.222	-8.31	-6.436	1.362	-1.029	-6.63	-1.013	-7.213	-5.092	-6.488	-5.768	-5.04	-2.262	-6.137
-5.694	-1.94	-3.87	-0.6958	-5.272	-6.678	-6.653	-3.63	-6.134	0.1405	-10.47	-7.469	-4.328	-0.07684	-2.141	-4.777	-2.758	-1.219	-8.367	-8.36	-0.5095	-2.531	-5.593	-8.271	-2.971	-4.604	-5.729	-0.07822	-3.587	-4.648	-5.563	-0.8967	-6.174	-3.838	-0.638	-7.046	-1.352	-2.39	-7.09	-2.185	-3.07	-3.035	-5.305	0.6689	-3.401	-6.464	-6.189	-2.289	-3.367	-9.161	-3.724	-2.999	-5.393	-1.66	-4.512	-2.169	-7.227	-7.397	-9.48	-7.909	-10.38	-6.904	-3.926	-3.25	-5.021	-3.727	-4.478	-3.124	0.07699	-5.173	-8.707	-5.177	-4.217	-4.538	-0.2909	-0.8604	-4.973	-1.692	-6.958	-0.4141	-5.22	2.666	-5.325	-7.582	-1.796	-0.6244	-3.809	-6.76	-3.034	-2.115	-3.553	-7.465	-1.349	-4.744	-7.106	-3.267	-7.148	-7.337	-0.4172	-5.774
-5.612	-2.347	-6.058	-0.4748	-4.423	-6.232	-5.371	-5.872	-7.181	-3.3	-7.756	-7.568	-4.581	0.6697	-0.7573	-2.213	-1.419	-2.648	-6.231	-7.046	-4.176	-3.547	-8.767	-6.063	-3.588	-2.797	-4.57	1.347	-0.8656	-5.874	-6.092	-1.326	-6.766	-4.818	-0.1975	-7.539	-1.422	-2.543	-9.846	-3.799	-4.669	-4.246	-4.636	-2.878	-3.615	-6.952	-4.027	-2.837	-3.864	-10.19	-3.665	-3.453	-4.993	-2.198	-6.826	-3.523	-7.261	-4.824	-7.076	-7.698	-10.35	-6.38	-3.159	-4.195	-5.475	-2.275	-6.044	-2.516	-1.948	-4.979	-5.745	-5.045	-0.4959	-3.246	-0.4046	-2.089	-5.047	-2.292	-7.264	-1.764	-4.144	0.9206	-8.633	-9.522	-5.167	-2.224	-3.99	-6.851	-5.222	0.1439	-2.174	-8.16	-1.247	-5.744	-6.043	-4.528	-4.328	-5.935	-2.613	-9.369
-6.452	-2.177	-3.016	-2.719	-4.669	-8.089	-6.191	-3.121	-5.147	-1.889	-8.627	-7.34	-5.562	0.3965	1.427	-4.378	-3.976	-1.919	-7.54	-5.644	-2.993	-4.253	-7.358	-7.759	-1.104	-5.208	-4.242	2.855	-3.091	-5.811	-6.971	-2.282	-5.506	-4.198	-1.094	-7.365	-4.22	-2.137	-9.081	-2.342	-3.864	-2.565	-5.395	-1.662	-6.493	-8.481	-4.691	-1.643	-2.113	-9.479	-5.265	-2.452	-7.627	-3.697	-6.539	-4.599	-7.368	-6.528	-10.52	-4.989	-9.624	-9.279	-1.433	0.2638	0.2473	0.127	-2.906	-4.103	-2.172	-2.744	-10.21	-5.232	-3.114	-4.723	-3.169	-2.264	-5.052	-0.7056	-3.39	-1.88	-4.967	1.194	-5.26	-9.205	-1.807	-0.6269	-7.844	-7.468	-4.099	-0.4248	-3.497	-7.378	-3.151	-6.178	-6.646	-1.692	-7.327	-5.217	-0.4569	-5.98
-6.06	-1.273	-4.491	-3.235	-6.461	-4.277	-4.466	-2.226	-4.092	-5.511	-11.08	-8.765	-4.699	2.608	-0.6875	-1.627	-2.589	-3.894	-5.294	-7.327	-1.274	-3.539	-8.513	-7.432	-5.038	-4.882	-3.792	-0.3514	-4.637	-3.002	-6.801	-1.138	-6.132	-3.383	-2.335	-5.803	-4.288	-1.9	-9.675	-1.319	-4.296	-3.116	-5.868	0.8387	-4.621	-6.362	-6.051	-2.724	-2.895	-7.655	-6.979	-0.6689	-5.141	-2.346	-5.062	-3.916	-5.897	-4.87	-10.72	-8.09	-7.69	-8.085	-0.7758	-3.907	-4.386	-3.191	-6.099	-4.848	-2.256	-5.362	-9.634	-3.475	-3.451	-5.352	-3.451	-1.998	-4.971	-1.113	-5.539	-0.08294	-4.224	3.354	-7.697	-8.245	-6.172	-1.761	-6.884	-6.429	-2.438	-0.4455	-1.254	-8.728	-3.895	-7.177	-5.607	-0.1499	-5.677	-8.411	-3.425	-9.108
-4.541	-3.413	-4.657	-3.046	-4.871	-6.443	-2.233	-4.851	-6.055	-4.73	-10.17	-7.701	-2.538	1.001	0.24	-5.08	1.294	-3.091	-6.676	-5.338	-1.176	-4.18	-7.385	-7.921	-4.755	-4.225	-5.815	0.5777	-5.223	-7.166	-6.593	0.3501	-4.899	-4.155	-2.877	-5.89	-4.269	-4.7	-8.323	-3.686	-5.231	-3.719	-6.158	-2.22	-5.331	-7.826	-5.451	-4.284	-3.551	-7.92	-5.576	-5.442	-6.782	-1.67	-5.66	-3.442	-7.538	-5.64	-9.226	-9.278	-7.788	-8.06	-1.782	-1.462	-7.198	-3.101	-3.838	-4.418	-3.529	-6.243	-9.899	-4.818	-3.511	-3.201	-2.927	-3.109	-4.894	-1.349	-5.539	-2.965	-4.456	2.355	-7.476	-7.756	-5.99	0.06248	-4.408	-5.724	-3.378	0.267	-0.9357	-8.397	-2.164	-7.383	-7.009	-3.443	-4.309	-4.951	-0.6091	-8.212
-4.809	-3.822	-4.587	-3.086	-5.978	-6.703	-6.65	-3.851	-5.767	-1.717	-6.683	-10.05	-4.875	-0.3221	-1.003	-2.592	-0.9932	-1.726	-5.957	-6.802	-2.063	-2.563	-7.257	-5.21	-5.869	-6.034	-7.147	-0.01835	-5.019	-4.439	-6.469	1.851	-6.38	-3.776	1.568	-5.105	-3.209	-1.842	-9.566	-4.388	-3.018	-3.846	-5.79	-2.494	-5.719	-6.222	-5.438	-1.616	-3.651	-8.217	-4.491	-2.941	-6.406	-3.229	-6.176	-1.987	-8.879	-5.701	-10.8	-6.709	-10.54	-4.91	-3.104	-2.64	-3.183	0.1146	-5.295	-6.306	-2.683	-2.036	-6.383	-5.665	-2.382	-5.667	-2.228	-3.003	-5.946	-0.9527	-5.675	-1.908	-3.799	1.725	-6.041	-8.736	-3.352	-0.6998	-5.972	-7.781	-6.668	-0.7107	-2.308	-7.941	-3.271	-6.133	-5.495	-5.584	-5.349	-6.707	-0.7793	-9.032
-2.679	-4.041	-4.5	-4.077	-3.872	-5.244	-3.707	-4.847	-5.471	-3.593	-9.116	-7.226	-4.253	-0.1371	-0.4628	-5.049	-3.764	-3.108	-6.52	-7.258	-1.342	-1.516	-6.802	-6.563	-5.544	-4.369	-2.717	1.691	-3.911	-6.539	-7.183	-1.431	-6.25	-4.305	-0.602	-6.599	-5.194	-1.481	-9.158	-4.866	-2.586	-2.03	-4.774	0.1503	-7.767	-8.864	-6.036	-3.321	-4.386	-8.665	-3.177	-6.133	-7.759	-3.468	-3.418	-1.489	-6.549	-5.811	-4.945	-8.861	-11.1	-7.237	-4.498	-3.158	-5.043	-0.7805	-5.154	-4.977	-1.426	-6.722	-8.476	-5.146	-2.483	-2.338	-3.196	-2.602	-5.793	-1.209	-6.112	-0.7143	-3.022	2.359	-6.992	-6.727	-3.738	-3.552	-6.063	-4.918	-3.8	0.4359	-2.868	-8.145	-0.6537	-7.247	-8.478	-3.968	-5.256	-4.309	-1.858	-6.682
-6.673	-3.169	-3.281	-2.759	-5.818	-5.88	-5.612	-7.379	-9.034	-4.965	-6.315	-7.685	-2.667	-0.1602	-0.8871	-4.809	-4.063	-2.061	-8.289	-8.584	-0.6151	-2.906	-7.052	-6.215	-4.392	-5.008	-3.378	0.8556	-6.178	-7.528	-6.878	-1.312	-5.152	-0.353	-2.537	-6.259	-1.613	-2.741	-7.854	-0.9096	-2.95	-2.179	-5.455	-0.1037	-5.201	-6.724	-4.781	-0.668	-3.151	-7.737	-3.629	-3.738	-4.061	-1.83	-6.362	-1.471	-5.756	-6.14	-9.002	-7.622	-9.561	-8.469	-3.071	-1.47	-2.19	-1.604	-3.942	-5.852	-2.919	-6.396	-9.902	-4.415	-4.241	-3.258	-2.246	-2.159	-4.303	-0.6574	-5.455	-1.709	-2.584	1.856	-6.183	-5.83	-4.282	-2.179	-7.313	-6.193	-5.027	0.3939	-2.035	-7.337	-1.778	-5.163	-7.514	-4.23	-3.484	-6.255	-1.29	-6.376
-5.081	-2.901	-3.44	-0.7979	-4.92	-7.473	-6.356	-4.505	-5.812	-1.599	-8.738	-6.834	-3.917	1.348	-1.742	-3.654	-3.967	-1.567	-4.581	-7.281	0.01829	-5.415	-7.628	-7.804	-5.552	-4.454	-5.805	2.312	-4.081	-4.02	-7.264	0.2644	-8.457	-2.891	-3.09	-9.023	-3.175	-2.362	-7.371	-4.507	-5.279	-1.294	-5.217	-1.986	-5.387	-7.471	-0.5613	-2.178	-1.174	-8.555	-5.233	-5.055	-7.832	-1.578	-4.424	-1.818	-4.805	-3.251	-9.822	-8.179	-9.84	-7.991	-1.363	-3.569	-5.974	-2.191	-4.317	-4.879	-1.885	-4.979	-9.413	-4.718	-4.462	-3.738	-5.322	-2.478	-4.483	-2.095	-6.988	-2.275	-4.819	3.434	-7.408	-7.714	-6.003	-0.9344	-6.184	-6.908	-3.067	-0.007807	-2.048	-5.783	-2.397	-6.422	-7.17	-2.904	-3.771	-6.344	-1.322	-6.717
-4.301	-1.965	-5.49	-2.549	-5.85	-4.971	-5.618	-5.131	-6.384	-3.657	-9.666	-4.855	-2.864	1.19	-2.262	-4.594	-1.91	-4.063	-6.114	-7.691	-3.129	-3.256	-6.852	-5.366	-4.599	-5.286	-3.525	1.722	-2.405	-4.216	-5.975	-1.77	-2.867	-2.561	-0.5461	-6.761	-3.776	-4.142	-8.536	-4.046	-4.722	-2.844	-6.148	0.6228	-2.616	-7.035	-6.04	-2.153	-2.205	-8.491	-6.213	-3.823	-5.782	-2.142	-5.202	0.7453	-6.545	-5.126	-7.519	-9.137	-7.991	-8.554	-0.4169	-0.9208	-5.78	-1.7	-3.723	-5.7	-1.05	-5.225	-6.672	-5.48	-4.762	-6.037	-3.023	-4.119	-4.977	-1.574	-6.388	-1.077	-5.071	2.41	-6.032	-7.35	-6.505	-1.857	-5.996	-6.676	-2.77	-0.2989	-3.78	-6.201	-3.154	-5.967	-4.804	-5.664	-2.778	-4.849	-2.179	-7.995
-6.813	-3.556	-4.823	-2.644	-4.661	-5.117	-5.021	-8.162	-5.151	-2.246	-8.187	-6.437	-4.439	0.1647	-0.7916	-5.545	-2.658	-2.644	-7.775	-5.25	-0.3068	-4.82	-8.469	-4.512	-2.921	-2.41	-2.321	0.2078	-2.289	-5.245	-7.897	0.4427	-7.08	-4.758	-1.558	-6.021	-3.212	0.7774	-6.229	-4.47	-4.16	-3.693	-6.328	-1.485	-4.722	-7.005	-2.862	-2.498	-2.317	-8.181	-4.816	-6.446	-8.739	-1.495	-7.936	-3.994	-9.425	-6.248	-10.76	-6.06	-8.158	-8.173	-2.925	-3.383	-5.451	-2.417	-2.327	-5.857	-3.179	-6.237	-8.594	-5.946	-3.904	-1.644	-3.836	-1.498	-3.913	-1.145	-8.189	0.535	-5.244	2.529	-5.863	-7.507	-3.023	-0.953	-4.402	-5.282	-3.576	0.3048	-2.301	-4.689	-1.708	-6.884	-7.321	-3.261	-4.847	-6.812	-0.7718	-6.394
-4.46	-2.577	-4.595	-2.915	-4.813	-6.453	-5.562	-6.125	-5.112	-3.355	-9.526	-6.121	-3.546	-1.984	-3.79	-3.902	-1.524	-3.373	-6.224	-6.941	-0.8763	-4.267	-6.21	-6.228	-4.454	-6.815	-4.297	-0.3385	-4.669	-8.377	-3.398	-1.131	-5.226	-4.728	-4.059	-8.15	-4.001	-1.441	-8.412	-3.246	-2.96	-3.497	-7.042	-1.177	-5.92	-5.471	-5.325	-1.717	-4.706	-9.988	-6.894	-4.656	-6.511	-3.379	-4.423	-1.326	-8.548	-5.288	-8.084	-8.593	-6.598	-7.749	-3.506	-0.3928	-6.377	-2.705	-4.594	-4.504	-2.015	-5.973	-10.5	-2.84	-2.485	-5.023	-2.475	-3.637	-4.944	-1.475	-5.023	0.6968	-3.638	2.057	-7.327	-7.459	-5.736	0.5452	-6.736	-6.537	-6.642	0.2944	0.5185	-8.923	-2.114	-7.008	-10.27	-5.466	-6.396	-7.596	-2.46	-5.571
-4.745	-2.169	-4.856	-1.873	-7.059	-7.799	-4.795	-4.439	-5.597	-1.064	-9.567	-5.841	-3.031	-0.1222	-0.1863	-4.832	-4.524	-1.122	-7.007	-2.345	1.03	-4.027	-6.278	-7.309	-5.178	-4.482	-3.663	-2.003	-4.754	-5.896	-5.761	-2.394	-6.887	-0.3039	-0.8054	-6.278	-0.9392	-3.507	-7.131	-2.448	-3.374	-4.336	-5.744	-2.127	-6.066	-6.232	-5.706	-3.376	-2.599	-8.456	-5.044	-3.74	-7.541	-3.131	-4.822	-1.207	-7.317	-6.649	-11.04	-9.123	-9.924	-8.358	-3.937	-3.241	-3.702	-2.218	-6.58	-4.411	-2.719	-7.206	-9.034	-6.122	-4.051	-4.146	-3.066	-2.768	-4.022	-1.392	-6.34	0.1967	-3.861	1.8	-6.076	-8.396	-1.483	-1.361	-6.68	-5.946	-6.647	0.7328	-2.116	-7.171	-3.092	-3.772	-7.997	-3.685	-2.315	-7.825	-0.01929	-7.399
-4.931	-2.979	-4.594	-3.133	-1.665	-5.859	-4.626	-5.486	-6.713	-5.024	-8.576	-6.766	-4.884	-0.3447	0.444	-3.596	-1.791	-0.7157	-6.986	-6.93	-2.2	-3.262	-6.747	-7.191	-5.87	-4.975	-4.712	1.33	-3.187	-5.158	-6.508	-0.7566	-3.253	-2.825	-2.372	-6.544	-3.65	-4.526	-9.72	-2.474	-4.848	-3.835	-4.659	-0.5428	-4.54	-7.64	-5.806	-3.855	-3.423	-7.092	-2.672	-5.009	-5.551	-1.826	-7.006	-4.159	-9.399	-5.231	-8.873	-7.141	-7.48	-7.593	-3.446	-1.826	-4.454	-0.6311	-5.611	-4.536	-2.669	-8.729	-8.756	-1.999	-4.018	-6.365	-3.365	-2.555	-4.74	-2.091	-5.87	-1.439	-4.791	3.038	-7.011	-6.981	-4.01	-1.308	-6.852	-8.267	-4.777	-0.6742	-2.414	-7.183	-0.7566	-5.36	-6.693	-2.553	-4.41	-6.017	-0.7654	-9.372
-5.45	-4.707	-3.19	-0.3737	-4.942	-3.204	-6.174	-4.423	-6.865	-2.533	-6.744	-8.386	-5.73	0.4312	-0.3914	-3.793	-0.5539	-2.587	-7.512	-5.856	-2.787	-3.253	-8.292	-6.811	-6.434	-5.347	-3.905	0.7066	-3.647	-4.605	-7.173	-1.834	-5.155	-3.114	-1.669	-3.287	-3.676	0.8865	-8.487	-1.344	-2.541	-2.813	-4.298	-1.165	-3.027	-7.263	-3.903	-1.756	-3.203	-8.179	-5.321	-5.349	-7.5	-0.8858	-4.638	-0.4715	-5.133	-6.096	-10.05	-7.095	-9.663	-8.143	-1.571	-2.623	-5.513	-2.658	-5.127	-5.982	-3.47	-5.458	-10.08	-4.118	-3.003	-4.945	-3.609	-2.742	-6.524	-1.997	-5.858	-1.409	-6.142	4.522	-3.52	-7.149	-4.044	-2.496	-6.786	-10.12	-4.548	-0.1574	-2.673	-6.551	-1.156	-6.504	-5.535	-5.415	-4.771	-6.323	0.8702	-8.14
-5.827	-3.48	-1.387	-2.031	-4.211	-5.823	-8.942	-6.126	-6.2	-1.918	-9.518	-4.542	-3.692	0.185	-0.5128	-2.42	-4.58	-3.604	-7.563	-6.922	-1.598	-4.985	-7.624	-6.632	-3.076	-4.941	-5.403	-1.05	-3.896	-5.936	-5.251	-1.164	-7.669	-2.851	-1.748	-6.896	-2.493	-2.481	-8.862	-3.79	-1.141	-2.462	-3.647	-1.03	-4.649	-7.207	-5.02	-2.624	-2.579	-5.376	-6.381	-8.742	-6.548	-4.821	-5.096	-0.1216	-7.597	-5.046	-8.538	-8.108	-10.92	-9.028	-2.787	-1.383	-5.411	-0.99	-5.44	-2.735	-1.604	-5.183	-8.986	-5.745	-3.674	-3.62	-1.992	-1.848	-4.601	-0.5909	-6.629	-2.615	-3.802	3.255	-5.929	-7.583	-6.162	-2.321	-4.4	-7.605	-1.922	-0.6098	-2.059	-6.704	0.7197	-5.552	-7.832	-4.802	-3.896	-5.965	-3.233	-7.251
-6.162	-3.84	-4.762	-4.17	-5.39	-7.715	-5.38	-4.05	-6.817	-4.148	-6.827	-4.627	-3.89	2.037	-1.353	-0.3559	0.9022	-1.622	-4.974	-8.169	-1.603	-5.429	-5.391	-6.931	-2.571	-3.435	-8.013	2.215	-3.27	-6.134	-6.246	-0.8371	-5.742	-2.57	-3.939	-4.93	-2.476	-2.819	-8.691	-2.475	-3.259	-2.291	-3.745	-1.464	-3.531	-6.377	-4.753	-3.53	-4.054	-7.65	-3.96	-4.996	-6.135	-2.602	-3.961	1.218	-6.014	-8.055	-8.782	-7.467	-7.317	-7.813	-3.178	-2.383	-3.075	-1.342	-3.6	-6.949	-2.262	-5.394	-9.933	-1.595	-6.049	-5.239	-3.272	-2.465	-4.241	0.9794	-5.5	-3.908	-5.637	2.932	-7.337	-7.556	-4.679	-1.533	-5.816	-8.84	-5.075	-2.71	-2.062	-7.605	-0.7784	-8.173	-7.49	-1.932	-4.119	-5.456	-0.1769	-8.183
-0.9111	-3.043	-3.886	-2.76	-5.619	-7.02	-6.116	-6.083	-7.534	-5.461	-8.063	-6.13	-0.964	1.322	1.416	-5.292	-2.848	-2.401	-5.236	-7.216	-0.9999	-2.768	-6.234	-6.189	-6.261	-4.253	-2.943	1.576	-2.295	-4.837	-6.399	-4.002	-5.358	-2.692	0.7884	-7.598	-2.383	-3.321	-8.178	-2.729	-3.2	0.1621	-4.247	-1.871	-4.638	-6.152	-3.187	-2.297	-2.615	-7.046	-3.653	-3.634	-5.2	-2.04	-3.325	-5.144	-7.516	-5.528	-8.795	-8.459	-8.875	-6.795	-2.361	-0.2433	-3.673	-0.1791	-5.066	-7.284	-4.641	-4.998	-10.71	-3.994	-4.211	-5.242	-3.681	-2.252	-6.353	-1.193	-5.991	-2.139	-3.19	2.741	-6.244	-6.786	-4.333	-1.829	-6.639	-5.734	-4.757	0.5789	-4.181	-7.049	0.2494	-5.789	-6.385	-3.974	-4.842	-5.479	-1.409	-8.238
-0.07854	-2.573	-3.606	-1.719	-5.476	-4.419	-5.291	-3.317	-4.358	-2.716	-9.383	-6.872	-4.661	0.3803	-0.6406	-2.944	0.3632	-2.546	-5.49	-4.294	-2.781	-4.311	-6.763	-5.713	-8.126	-5.278	-5.127	-0.3195	-5.397	-2.427	-4.097	-1.871	-3.819	-5.094	-1.363	-5.144	-1.898	-2.59	-7.925	-4.428	-6.013	-0.3982	-3.497	-1.296	-4.74	-5.825	-3.807	-2.643	-4.757	-7.326	-5.047	-5.456	-7.594	-1.396	-4.424	-1.471	-9.064	-4.586	-8.094	-7.456	-8.952	-8.767	-4.887	-1.906	-4.731	2.168	-1.825	-3.497	-2.158	-4.816	-9.757	-5.815	-4.235	-3.477	-0.5344	-3.431	-4.601	-1.946	-5.272	-1.485	-3.082	1.544	-6.637	-6.601	-5.355	-1.443	-5.244	-8.088	-4.209	2.344	-2.453	-6.952	1.174	-8.13	-7.588	-0.5113	-4.655	-6.968	-1.123	-8.625
-5.108	-3.877	-5.686	-5.005	-3.351	-5.691	-6.386	-4.746	-5.956	-3.509	-6.988	-5.772	-2.999	-0.9095	0.1109	-5.834	-3.031	-3.167	-4.147	-6.483	-3.925	-3.044	-7.228	-7.701	-3.635	-4.636	-2.081	0.7565	-5.159	-5.765	-6.22	-0.9011	-6.015	-1.369	1.916	-6.038	-4.035	-2.414	-6.855	-2.851	-4.016	-2.665	-4.512	1.333	-6.487	-4.439	-6.832	-2.169	-0.4647	-8.022	-6.568	-3.942	-5.547	-1.377	-6.81	-0.1993	-5.603	-4.421	-8.62	-4.503	-10.07	-6.182	-2.722	-3.206	-2.138	1.995	-4.013	-4.261	-0.3385	-6.366	-9.825	-4.393	-3.019	-3.378	-3.234	-0.8008	-3.674	-2.87	-4.841	-2.239	-4.333	3.661	-6.284	-6.289	-5.841	-2.247	-5.631	-7.853	-7.57	0.07402	-0.877	-7.933	-1.384	-4.278	-6.731	-4.425	-6.285	-7.386	-0.948	-7.676
-3.237	-2.45	-5.958	-4.203	-4.13	-3.366	-6.963	-5.641	-4.913	-3.963	-10.67	-6.858	-0.5442	0.2757	0.009152	-5.45	-0.3588	-2.44	-9.17	-8.025	-1.003	-4.786	-7.399	-4.397	-5.096	-5.345	-5.862	1.311	-4.523	-5.535	-5.4	-2.221	-7.131	-0.4738	-1.372	-7.757	-4.202	-2.258	-8.942	-4.233	-2.031	-1.32	-5.091	-1.022	-5.085	-6.567	-6.028	-1.721	-0.2642	-8.523	-6.145	-5.139	-1.247	-2.399	-6.378	0.1484	-7.253	-5.213	-10.27	-6.842	-11.59	-7.728	-4.352	-4.555	-2.681	-0.1806	-2.045	-5.007	-0.5724	-5.887	-9.1	-3.983	-2.755	-3.962	-3.843	-1.297	-2.867	-2.769	-6.831	-2.159	-0.1323	2.302	-6.513	-6.954	-5.544	-2.133	-7.259	-7.405	-6.02	1.594	-0.9845	-7.927	-1.51	-4.503	-7.96	-3.364	-4.945	-4.559	-3.252	-6.108
-3.671	-0.6042	-0.9034	-2.595	-5.313	-4.674	-2.362	-3.988	-1.269	-2.645	-8.148	-5.379	-3.841	-1.424	1.058	-3.862	-1.925	-2.125	-6.695	-6.169	-0.5807	-4.989	-8.855	-6.372	-7.608	-5.754	-4.135	4.487	-4.834	-6.522	-6.486	-2.223	-7.243	-4.073	-0.8951	-7.532	-2.609	-0.7437	-8.607	-1.919	-3.914	-2.376	-6.372	-0.7853	-7.136	-8.419	-5.786	-0.5189	-2.304	-6.588	-3.386	-5.372	-6.603	-1.468	-3.272	-2.134	-6.81	-4.899	-6.766	-6.012	-6.987	-7.38	-3.427	-1.997	0.4188	-0.8083	-4.948	-5.558	-2.199	-6.288	-10.51	-4.131	-3.485	-2.907	-1.254	-2.503	-3.701	0.1575	-5.656	-2.603	-4.432	4.989	-7.118	-4.243	-4.327	-1.829	-5.108	-3.411	-3.8	4.084	-2.642	-7.099	-4.101	-5.907	-5.564	-3.379	-4.39	-5.666	-1.155	-5.883
-2.477	-1.787	-2.887	-2.668	-6.685	-2.604	-4.917	-6.962	-5.4	-2.013	-7.917	-6.73	-3.548	2.854	0.4579	-5.638	-0.166	-2.18	-7.974	-5.449	-3.602	-3.928	-6.886	-5.624	-3.836	-4.657	-3.756	0.02301	-2.648	-6.389	-7.564	0.6152	-5.617	-1.832	-2.991	-7.609	-4.643	-2.512	-9.513	-2.025	-3.857	-2.674	-1.921	-0.2769	-3.873	-7.278	-2.684	-3.303	-4.568	-8.766	-6.605	-3.392	-8.034	-2.332	-5.121	-3.013	-6.196	-6.604	-8.07	-7.434	-10.59	-8.567	-2.52	-2.444	-8.395	-0.2671	-4.076	-4.004	-1.533	-7.523	-11.71	-4.3	-0.546	-0.4865	-4.257	-0.5306	-5.023	-1.057	-4.97	0.2333	-3.708	1.111	-6.607	-6.639	-0.1856	0.4851	-6.187	-7.038	-5.886	3.033	-1.993	-7.09	-1.447	-5.708	-7.541	-5.235	-4.563	-6.75	-1.461	-8.417
-5.375	-0.028	-5.204	-1.885	-4.805	-7.085	-2.758	-1.408	-5.525	-5.264	-10.18	-8.225	-5.883	0.8382	1.364	-3.751	-1.312	-1.94	-7.466	-5.845	-1.439	-0.3852	-9.015	-3.534	-4.037	-5.188	-2.324	-1.274	-3.612	-6.857	-8.781	-1.636	-3.612	-3.332	-2.057	-4.9	-2.138	-3.611	-8.357	-3.656	-2.32	-2.059	-4.113	-1.098	-6.339	-6.181	-3.808	-2.741	-1.66	-10.04	-6.478	-4.103	-6.071	-5.427	-5.797	-0.9838	-6.328	-1.418	-11.34	-6.983	-11.46	-7.028	-3.558	-0.2078	-3.304	-2.072	-2.992	-5.087	-1.46	-4.987	-9.384	-3.341	-3.015	-3.341	-1.877	1.423	-4.795	-0.9279	-4.998	-0.7065	-1.763	3.132	-8.082	-7.067	-5.088	-2.975	-6.292	-6.233	-4.299	-1.031	-2.02	-3.023	-2.786	-5.767	-7.187	-4.751	-3.632	-8.584	-1.581	-9.166
-5.021	-3.759	-4.538	-4.881	-4.898	-6.39	-7.191	-4.673	-5.783	-3.785	-6.956	-6.84	-4.996	0.8041	-1.656	-6.591	-1.949	-0.6927	-6.426	-2.963	-1.624	-2.618	-9.192	-6.72	-5.67	-3.591	-5.606	0.5178	-4.635	-5.1	-6.333	-3.004	-6.757	-4.91	-2.255	-5.751	-4.56	-3.567	-6.681	-2.648	-2.035	-3.961	-3.952	-1.598	-1.424	-7.804	-4.187	0.5762	-3.207	-8.44	-6.327	-0.06071	-6.739	-2.51	-3.83	1.896	-8.213	-2.021	-9.068	-7.676	-10.15	-8.546	-2.863	-5.306	-3.103	-2.505	-3.326	-4.071	-1.492	-3.261	-9.415	-2.601	0.2	-5.087	-1.762	-1.979	-5.137	-4.086	-5.948	-1.787	-3.547	1.847	-5.373	-6.471	-4.527	-2.095	-5.098	-5.347	-5.712	1.921	-0.9877	-8.124	-1.865	-2.155	-5.981	-4.183	-6.747	-3.173	-2.937	-9.123
-5.463	-4.49	-5.13	-4.35	-6.001	-5.634	-7.108	-4.744	-4.022	-1.613	-8.659	-7.658	-2.795	0.4145	-1.281	-3.655	0.6018	-2.215	-6.822	-5.061	-2.602	-4.514	-7.762	-4.917	-3.083	-4.721	-5.611	1.242	-2.886	-6.665	-5.05	-1.632	-7.349	0.6095	-1.311	-6.95	-4.342	-1.381	-9.351	-2.955	-1.898	-2.888	-5.095	-0.0799	-3.802	-7.264	-5.376	-2.109	-4.406	-7.497	-5.354	-3.938	-6.343	-1.823	-5.484	-1.037	-8.254	-4.355	-12.33	-7.494	-7.489	-8.318	-3.667	-2.676	-5.379	-3.131	-2.82	-5.101	-0.7073	-6.76	-10.6	-6.324	-4.423	-2.024	-3.561	-1.89	-3.054	-3.263	-4.819	-0.7749	-5.537	1.335	-5.898	-6.426	-3.754	-4.015	-6.919	-6.997	-4.506	0.703	-0.07883	-5.787	-3.375	-2.251	-7.498	-3.657	-3.911	-7.005	-1.169	-6.55
-5.412	-1.153	-3.944	0.1833	-5.993	-2.74	-4.115	-5.352	-6.339	-1.364	-7.755	-7.258	-5.085	-0.3942	-2.573	-3.146	-3.291	-0.6231	-6.489	-6.054	-1.904	-3.332	-6.279	-7.699	-4.652	-4.248	-5.18	2.383	-1.623	-5.624	-6.183	-0.8074	-7.019	-2.751	-3.116	-7.582	-1.762	-2.793	-7.907	-3.234	-5.444	-4.414	-4.872	-0.786	-5.246	-6.283	-2.494	-4.701	-2.918	-6.596	-3.499	-4.707	-6.894	0.0221	-2.94	-3.398	-9.095	-5.397	-8.437	-6.128	-4.941	-7.485	-1.19	-1.129	-4.597	-1.417	-4.677	-6.005	-2.23	-3.119	-3.16	-3.298	-2.592	-5.112	-1.845	-3.753	-5.255	-2.973	-5.872	0.08806	-3.048	2.414	-5.437	-7.237	-4.177	-1.463	-8.012	-8.033	-5.214	-1.009	-3.339	-5.18	-2.513	-5.442	-6.249	-5.559	-5.62	-6.111	-0.009514	-8.738
-4.94	-3.298	-2.685	-3.636	-5.991	-5.462	-4.34	-5.095	-4.233	-5.735	-9.73	-5.889	-2.952	0.07731	-1.309	-3.03	-2.483	-0.3438	-8.713	-7.729	-3.651	-3.799	-6.5	-8.796	-4.374	-4.285	-5.754	2.009	-4.428	-3.672	-4.85	-2	-4.221	-3.427	-1.386	-5.71	-1.683	-4.07	-9.593	-4.358	-6.417	-3.112	-3.198	-1.813	-4.775	-6.092	-3.38	-1.782	-0.8295	-9.957	-4.044	-2.976	-6.695	-2.656	-4.039	-0.5654	-6.003	-6.818	-9.014	-6.38	-10.01	-8.391	-1.479	-2.01	-7.19	-1.767	-5.601	-3.647	-0.6967	-7.049	-9.613	-5.751	-2.735	-5.534	-4.03	-3.152	-4.926	-0.8882	-5.456	-1.59	-2.547	2.652	-5.481	-6.386	-5.589	-1.274	-6.456	-7.62	-4.099	1.193	-1.762	-6.355	-1.959	-6.741	-2.104	-3.71	-4.317	-5.537	-2.351	-9.39
-6.001	-0.8932	-2.933	-2.15	-4.423	-6.229	-6.35	-3.781	-5.162	-2.844	-8.081	-7.932	-4.388	1.489	-0.6895	-5.21	-3.683	-4.283	-7.453	-6.931	-4.811	-5.235	-5.366	-8.064	-3.837	-5.582	-8.647	0.2949	-1.091	-5.76	-7.017	-0.9443	-6.972	-2.504	-1.713	-4.209	-1.654	-1.521	-8.84	-2.901	-4.366	-2.035	-2.987	-2.671	-4.332	-5.586	-4.293	-3.111	-1.627	-8.538	-2.932	-4.943	-3.401	-3.212	-4.384	-3.646	-6.16	-7.621	-9.251	-7.769	-10.33	-7.614	-0.726	-0.7983	-5.505	-1.069	-4.624	-4.359	-1.84	-6.77	-9.899	-3.693	-4.58	-3.38	-2.354	-1.506	-5.151	-0.4066	-4.938	-1.444	-4.611	1.626	-4.496	-7.862	-3.013	-2.403	-6.019	-6.449	-5.461	-0.6532	-3.256	-7.808	-2.154	-6.582	-8.533	-2.573	-3.041	-4.278	-1.945	-7.042
-5.871	-5.304	-5.066	-4.115	-5.793	-4.447	-4.536	-2.829	-2.743	-2.922	-9.429	-6.668	-3.381	-0.5	0.08786	-4.318	-2.217	0.5792	-4.854	-8.29	-0.3606	-4.614	-5.848	-2.848	-5.473	-6.722	-6.01	1.11	-3.32	-3.977	-7.656	1.141	-8.098	-3.664	-0.09055	-4.172	-3.993	-3.088	-9.446	-0.3331	-2.859	-2.928	-4.28	0.06665	-3.96	-5.895	-4.013	-2.521	-0.1779	-8.97	-4.732	-4.987	-5.275	-0.6202	-6.471	-1.993	-8.159	-3.921	-10.32	-7.587	-7.987	-8.33	-2.666	-2.789	-4.253	-1.502	-1.538	-6.049	-3.506	-7.312	-8.332	-5.659	-2.968	-4.644	-3.359	-0.09501	-3.688	0.8136	-5.251	-1.728	-3.787	0.8037	-6.97	-7.447	-6.031	0.2955	-7.245	-7.559	-3.932	3.646	-1.979	-6.81	-1.546	-7.158	-6.276	-4.017	-4.637	-6.824	-0.7118	-7.287
-4.969	-1.399	-5.112	-3.882	-6.276	-4.198	-6.348	-5.39	-3.972	-3.259	-8.167	-5.009	-5.122	0.5785	0.3518	-2.092	-0.3476	-2.476	-7.43	-3.601	-2.39	-2.653	-6.172	-7.014	-5.919	-3.195	-7.778	0.78	-3.217	-4.965	-6.788	-1.482	-6.36	-3.495	-0.4451	-3.856	-1.334	-2.326	-7.04	-2.306	-2.698	-2.71	-5.979	-2.648	-6.123	-8.558	-3.532	-1.61	-4.307	-9.818	-1.984	-5.619	-4.689	-0.1651	-5.215	-3.036	-9.044	-7.511	-9.951	-7.786	-9.056	-5.338	-4.506	-3.667	-6.125	0.04343	-6.828	-5.101	-3.277	-6.86	-10.85	-4.662	-3.667	-2.334	-1.608	-3.202	-4.361	-0.8961	-6.268	-0.8618	-4.981	0.3598	-3.765	-6.619	-2.75	-1.513	-5.388	-6.748	-3.903	-0.05892	-4.285	-8.171	-2.906	-6.44	-5.117	-3.694	-3.983	-1.993	-2.779	-3.234
-5.538	-1.494	-5.481	-2.325	-4.843	-5.095	-7.723	-6.167	-6.574	-3.099	-11.24	-7.947	-2.743	-0.02796	-1.507	-5.716	-1.149	-1.359	-5.618	-5.986	-1.039	-3.884	-7.684	-10.03	-1.148	-4.778	-3.446	0.7588	-4.245	-3.306	-5.268	-4.368	-9	-3.55	-0.8098	-9.122	-3.905	-1.941	-9.433	-3.728	-4.375	-2.002	-5.399	-3.192	-3.187	-5.85	-5.84	-4.17	-3.481	-9.009	-2.804	-3.97	-7.097	-3.197	-4.851	-3.45	-7.159	-5.86	-7.418	-7.745	-8.138	-9.258	-1.92	-4.47	-5.651	-2.393	-4.586	-4.222	-2.73	-6.498	-8.682	-4.669	-1.939	-5.101	-1.621	-1.915	-5.238	-0.5151	-5.702	-0.2198	-4.03	2.822	-7.002	-6.416	-3.949	-2.227	-4.855	-7.678	-4.712	-0.2346	-2.307	-7.595	-1.848	-7.031	-7.461	-5.432	-5.552	-7.567	-1.717	-6.55
-4.991	-3.505	-3.739	-3.139	-5.343	-7.079	-6.374	-5.969	-7.274	-3.126	-8.665	-6.002	-4.777	1.155	0.009506	-1.899	-1.563	-1.801	-6.178	-6.595	-2.481	-4.621	-5.582	-7.537	-3.965	-4.693	-6.936	-0.08266	-1.998	-3.742	-7.481	-2.719	-5.219	-3.977	0.9896	-5.743	-2.562	-5.552	-7.702	-3.946	-4.647	-2.497	-3.623	-2.728	-7.151	-5.595	-4.867	-2.57	-2.886	-9.91	-4.874	-6.201	-7.658	-2.552	-6.33	-1.876	-7.658	-7.162	-9.175	-5.649	-8.576	-7.604	-0.9611	-4.324	-3.695	-2.173	-5.273	-5.462	-1.475	-6.584	-10.06	-6.963	-4.036	-4.194	-0.6214	-3.31	-5.51	-2.599	-7.415	0.04346	-4.485	2.106	-7.109	-8.335	-4.276	1.233	-5.578	-4.326	-5.049	-0.0389	-2.465	-8.254	-2.08	-7.32	-6.161	-4.033	-3.682	-5.586	0.3767	-7.428
-5.42	-1.617	-3.829	-2.325	-5.439	-5.86	-4.18	-4.461	-5.856	-4.369	-11.15	-4.476	-1.256	0.02525	-2.051	-2.137	-2.784	-2.766	-6.592	-6.918	-2.164	-6.657	-6.633	-6.497	-6.923	-4.697	-5.544	3.138	-6.247	-6.208	-8.3	-1.359	-5.588	-4.245	-0.7263	-4.548	-3.95	-4.253	-8.207	-4.413	-4.135	-2.779	-3.638	-1.217	-4.224	-7.567	-5.128	-1.839	-1.997	-8.473	-8.52	-4.937	-7.451	-3.724	-5.278	-0.9058	-7.988	-6.492	-10.11	-8.854	-10.06	-9.519	-3.993	-3.339	-2.726	-0.1678	-3.879	-6.307	0.8777	-6.904	-11.09	-4.491	-4.198	-1.741	-0.9741	-3.592	-5.672	0.6476	-5.72	-1.035	-5.175	1.371	-6.829	-8.04	-4.122	-0.3224	-5.91	-5.98	-6.092	-0.7045	0.7975	-7.062	-3.069	-5.321	-7.466	-3.915	-4.23	-7.958	-2.331	-7.555
-6.63	-1.193	-4.692	-3.906	-6.151	-4.874	-5.516	-5.946	-6.298	-3.945	-9.424	-4.509	-3.918	0.3805	-0.9031	-3.592	-5.025	-0.758	-5.736	-7.226	-0.2385	-4.194	-8.535	-6.608	-5.263	-4.524	-6.355	0.2928	-5.155	-6.818	-5.576	-1.823	-7.364	-5.22	-1.213	-8.163	-2.457	-3.227	-7.176	-2.338	-3.389	-3.605	-6.156	-2.699	-3.987	-7.855	-4.082	-4.083	-2.376	-8.741	-5.856	-2.186	-4.868	-5.37	-7.366	-2.657	-8.374	-7.174	-10.24	-8.414	-8.079	-8.027	-2.934	-3.625	-4.155	-2.376	-4.948	-4.349	-3.855	-6.498	-10.39	-2.386	-2.229	-5.731	-2.638	-2.663	-5.662	-2.48	-6.779	-2.47	-5.463	2.774	-4.936	-8.11	-1.846	-0.4156	-7.503	-6.973	-3.63	0.2849	-3.114	-7.752	-2.772	-6.338	-7.879	-3.07	-5.133	-7.48	0.04199	-8.712
-6.307	-3.535	-1.771	-3.082	-4.338	-4.293	-7.488	-6.607	-6.565	-2.99	-10.12	-7.108	-7.671	0.09518	-1.393	-4.732	-0.9067	-3.285	-7.556	-5.755	-1.073	-3.193	-9.523	-6.413	-4.961	-4.852	-6.346	2.216	-4.813	-3.706	-8.026	-1.175	-6.806	-2.329	-2.391	-5.569	-4.182	-1.614	-9.572	-4.538	-2.659	-3.709	-3.6	-0.4094	-4.956	-6.828	-2.438	-2.381	-5.247	-7.769	-5.712	-6.207	-7.076	-3.032	-5.532	-0.8719	-4.829	-5.374	-10.05	-7.788	-9.771	-6.827	-2.033	-3.259	-3.591	0.2315	-5.476	-2.306	-2.694	-5.624	-10.77	-5.305	-3.075	-3.961	-6.769	-2.557	-4.687	-2.717	-6.938	-2.175	-3.462	3.338	-6.897	-9.119	-4.011	-3.271	-5.481	-6.332	-4.813	-0.6792	-0.0394	-6.618	-2.862	-7.544	-8.289	-2.397	-5.166	-7.599	-2.1	-8.626
-5.719	-0.5551	-3.454	-3.002	-6.623	-6.243	-5.36	-6.338	-5.043	-2.936	-9.054	-10.23	-3.647	1.673	-1.029	-4.395	-1.741	-0.928	-6.993	-7.375	-2.058	-2.622	-7.995	-4.979	-4.322	-4.062	-5.226	1.482	-2.826	-3.454	-8.235	0.216	-6.765	-2.747	-3.392	-6.375	-2.692	-3.017	-8.541	-3.242	-3.595	-3.246	-2.243	-1.763	-6.086	-5.141	-4.398	-3.367	-6.635	-10.03	-4.445	-6.135	-7.238	-2.106	-6.19	-4.029	-9.753	-4.899	-9.947	-6.912	-7.45	-6.509	-2.856	-0.744	-7.094	-1.289	-3.816	-4.376	-2.262	-6.773	-10.16	-5.416	-3.816	-5.313	-5	-2.945	-4.167	-0.4854	-5.21	-2.565	-3.862	2.076	-5.926	-8.628	-3.5	0.7038	-6.551	-8.067	-3.498	1.517	-2.464	-6.894	-2.332	-7.585	-6.574	-1.86	-5.204	-5.991	-3.058	-6.951
-6.372	-4.197	-3.69	-3.215	-5.349	-6.216	-5.196	-6.528	-7.106	-3.998	-10.11	-7.615	-4.154	-1.307	-4.056	-3.914	-0.3464	-1.195	-6.763	-6.527	-2.635	-2.209	-7.407	-7.868	-5.879	-5.181	-3.941	-0.1694	-2.547	-3.432	-7.195	0.5703	-4.523	-3.845	-1.207	-5.921	-4.663	-2.622	-5.594	-4.976	-4.829	-2.792	-2.562	1.218	-6.198	-7.285	-4.04	-2.446	-4.669	-8.048	-4.344	-4.235	-5.871	-1.909	-6.874	-1.362	-6.576	-7.102	-6.163	-7.349	-9.674	-12.04	-3.367	-2.678	-3.394	-0.2928	-5.784	-4.947	-3.241	-5.704	-6.498	-3.259	-3.25	-3.279	-3.357	-1.46	-5.389	1.176	-6.014	-3.211	-3.334	2.482	-7.044	-6.315	-3.405	-0.8915	-7.271	-7.125	-4.98	0.305	-6.201	-5.859	-1.487	-6.682	-6.159	-4.44	-5.358	-5.927	0.4054	-7.791
-4.282	-3.42	-3.362	-3.109	-6.207	-4.011	-3.581	-6.212	-5.128	-2.277	-8.269	-8.051	-2.868	-1.007	-1.356	-4.469	0.1498	-2.282	-8.828	-7.955	-3.602	-5.671	-8.13	-3.994	-5.972	-1.87	-6.64	0.758	-3.93	-5.901	-5.334	-0.3203	-5.585	-3.459	0.09536	-8.899	-3.053	-1.04	-7.12	-4.383	-0.9903	-3.096	-4.387	-0.7019	-1.938	-5.726	-1.656	0.5945	-2.467	-10.71	-4.276	-5.629	-4.798	-3.344	-5.132	-1.357	-6.757	-6.476	-10.3	-8.344	-9.216	-9.566	-3.411	-3.811	-3.869	-2.077	-5.545	-5.175	-2.094	-4.982	-9.527	-3.843	-4.49	-2.703	-4.043	0.6849	-5.205	1.258	-4.52	-0.8792	-1.1	2.368	-6.671	-8.961	-4.718	-4.898	-6.404	-7.573	-7.954	2.006	-2.792	-5.752	-2.251	-6.692	-8.738	-3.281	-5.505	-4.726	-0.6699	-6.741
-2.342	-2.135	-3.983	-2.775	-5.046	-5.52	-4.221	-6.582	-7.019	-4.746	-10.87	-5.813	-2.992	0.42	-0.7552	-3.966	-1.064	-4.72	-7.369	-9.02	-2.366	-2.258	-8.407	-7.75	-6.284	-2.563	-4.337	0.7654	-1.184	-5.375	-7.455	-0.4316	-5.422	-0.7073	-1.986	-7.183	-3.408	-1.144	-10.78	-4.744	-7.101	-2.744	-1.54	-1.183	-5.001	-8.678	-2.47	-2.487	-4.203	-9.601	-4.271	-4.108	-7.911	-3.254	-6.392	0.9534	-7.211	-8.099	-10.49	-7.401	-9.553	-7.717	-3.83	-3.004	-5.504	-0.4978	-4.327	-6	0.2997	-2.273	-9.112	-3.116	-4.16	-0.6323	-0.7702	-1.112	-5.394	-0.6164	-4.549	0.9148	-5.427	3.044	-6.929	-7.071	-4.931	-1.683	-7.038	-7.202	-6.597	0.1702	-1.042	-5.875	-4.036	-7.175	-5.827	-3.094	-4.368	-4.057	-4.059	-7.657
-4.572	-1.663	-4.263	-1.936	-3.954	-5.464	-6.256	-4.583	-3.238	-2.979	-10.82	-6.944	-5.267	1.345	-2.036	-3.801	-4.658	-1.942	-6.67	-7.984	-2.561	-5.355	-7.225	-6.321	-1.88	-4.273	-6.441	-0.5921	-3.539	-4.121	-5.715	0.1834	-6.247	-7.502	-0.5275	-7.316	-2.021	-1.981	-8.695	-3.161	-3.718	-2.228	-6.934	-2.097	-4.246	-6.391	-4.563	-3.548	-2.113	-8.473	-2.062	-3.744	-6.127	-2.001	-5.153	-2.881	-4.145	-5.175	-10.47	-9.331	-9.374	-8.139	-0.9666	-1.246	-7.114	-1.494	-1.339	-3.689	-0.7273	-4.432	-9.411	-5.281	-2.649	-1.855	-1.128	-2.119	-1.657	-4.381	-9.311	-0.006568	-2.666	1.804	-4.482	-6.316	-1.782	-3.008	-6.503	-7.243	-3.691	2.416	-1.234	-3.638	-2.406	-7.371	-5.145	-2.497	-3.841	-5.551	-0.4709	-11
-6.151	0.3378	-5.433	-2.699	-2.731	-5.885	-2.154	-6.033	-6.232	-2.517	-6.332	-4.599	-3.45	1.692	-0.7676	-3.25	-2.955	-3.284	-5.38	-5.729	-3.237	-3.061	-6.958	-6.115	-6.979	-4.436	-3.468	-0.1488	-3.576	-4.059	-8.1	-1.357	-3.854	-5.706	-1.66	-5.946	-6.646	-2.816	-8.22	-5.305	-6.761	-2.443	-4.948	-0.735	-4.867	-9.51	-3.661	-0.4105	-4.068	-9.409	-5.302	-5.1	-5.674	-2.449	-6.225	-1.097	-6.831	-7.137	-10.05	-7.805	-9.848	-6.334	-3.552	-1.674	-3.32	-0.8119	-1.237	-4.761	-2.286	-7.909	-10.08	-4.873	-4.413	-3.051	-3.311	-2.174	-2.676	-2.524	-5.568	-1.426	-4.626	2.736	-6.046	-6.837	-2.981	-0.4936	-7.102	-8.627	-3.994	0.5292	-3.66	-7.416	-1.427	-5.133	-6.494	-2.412	-3.324	-7.237	-1.824	-8.426
-1.899	-2.446	-4.935	-3.098	-4.093	-5.764	-3.651	-5.33	-3.628	-3.147	-8.798	-6.75	-2.638	0.8208	-0.2972	-5.908	-2.779	-1.67	-5.067	-7.033	-1.466	-2.911	-5.916	-3.732	-4.7	-7.973	-6.268	0.5127	-3.357	-6.631	-6.663	-1.675	-8.338	-3.545	-1.123	-7.722	-3.077	-3.676	-10.38	-3.436	-4.681	-4.178	-4.984	-2.312	-6.217	-7.775	-4.811	-3.016	-3.787	-7.215	-4.285	-3.533	-5.369	0.2798	-3.927	-2.893	-7.316	-4.969	-6.614	-7.996	-6.085	-6.875	-3.787	-5.239	-1.369	-0.9674	-3.239	-6.727	-2.179	-4.68	-8.132	-5.713	-1.314	-4.26	-3.162	-4.602	-5.686	-1.475	-6.261	-0.1829	-3.251	1.833	-3.357	-7.433	-4.684	-0.7516	-5.199	-7.678	-3.936	0.2446	-1.979	-6.913	-0.6255	-4.529	-8.969	-1.214	-2.201	-2.892	-1.943	-8.175
-2.585	-2.79	-4.383	-3.188	-5.767	-9.663	-5.666	-4.016	-5.572	-2.324	-8.492	-6.698	-5.15	-1.096	-0.9372	-5.469	-0.9112	-2.01	-6.383	-7.331	-2.977	-4.605	-5.547	-7.502	-4.742	-3.423	-2.671	3.327	-2.798	-3.696	-5.042	-0.6294	-5.973	-4.993	0.06204	-6.159	-3.484	-2.192	-6.84	-2.54	-3.795	-4.461	-4.442	-1.345	-5.885	-6.569	-2.732	-2.471	-1.26	-6.269	-6.217	-4.188	-7.252	-0.7712	-5.021	-1.404	-7.317	-4.845	-6.255	-6.652	-10.1	-9.51	-3.261	-2.565	-5.744	1.228	-3.494	-7.13	-1.556	-4.52	-10.06	-2.988	-3.589	-2.667	-3.308	-2.224	-6.789	-1.239	-5.881	-0.9747	-7.031	0.488	-3.863	-9.232	-6.179	-2.295	-8.009	-7.473	-3.461	1.07	-3.375	-6.762	-0.1258	-3.215	-6.955	-3.675	-2.706	-3.373	-2.291	-6.95
-7.688	-1.941	-1.443	-2.416	-4.879	-6.324	-6.603	-4.181	-6.193	-2.259	-8.852	-8.945	-2.237	-0.9706	0.2359	-5.402	-1.332	-0.1976	-8.338	-5.022	-2.108	-3.929	-7.417	-7.572	-7.265	-5.606	-5.708	-0.7165	-6.43	-5.733	-4.464	-1.894	-5.722	-3.431	-2.725	-6.362	-3.29	-1.412	-7.847	-3.958	-4.655	-3.067	-3.895	-2.854	-5.441	-5.083	-2.495	-4.27	-2.892	-6.138	-4.139	-3.078	-6.209	-0.8429	-6.735	-3.332	-5.55	-6.352	-9.373	-6.188	-8.549	-8.479	-2.671	-2.433	-5.323	0.7839	-7.276	-5.562	-1.985	-6.771	-6.275	-4.901	-3.582	-5.374	-1.253	-2.159	-5.285	-0.8528	-5.639	-1.109	-3.652	2.192	-5.577	-6.789	-2.701	-2.559	-6.187	-7.15	-5.482	-1.709	-0.7965	-5.864	-2.968	-6.139	-6.983	-1.127	-3.616	-3.972	-0.6736	-8.124
-3.511	-1.612	-4.401	-2.308	-4.494	-6.582	-5.521	-4.718	-5.421	-2.469	-9.932	-6.628	-2.598	0.64	-1.862	-4.82	-2.762	-2.768	-7.95	-4.416	-2.189	-4.029	-7.121	-6.319	-5.645	-7.167	-5.854	0.7562	-3.825	-5.637	-7.289	-0.6899	-4.2	-2.356	-0.8632	-8.538	-3.782	-3.534	-5.937	-2.312	-2.369	-4.068	-3.851	-2.377	-3.672	-6.026	-3.149	-3.395	-2.562	-8.774	-4.269	-1.58	-6.077	-1.64	-3.916	-1.75	-8.672	-5.865	-7.92	-4.773	-11.36	-9.105	-1.256	-2.662	-4.824	-2.212	-5.537	-5.749	-2.215	-4.25	-8.651	-9.176	-3.977	-3.835	-2.268	-1.532	-5.288	-1.893	-7.185	-1.302	-2.832	3.105	-6.092	-5.52	-5.676	-0.2882	-4.401	-6.735	-3.188	0.8738	-4.338	-5.77	-2.424	-10.06	-7.574	-1.165	-5.115	-8.597	-0.2947	-6.92
-5.774	-1.309	-1.696	-3.12	-5.786	-6.391	-5.14	-4.418	-4.834	-4.144	-9.823	-8.058	-2.239	-1.455	-0.712	-4.295	-2.072	-2.693	-7.822	-6.241	-2.234	-4.19	-6.955	-6.867	-3.875	-2.871	-3.683	0.02827	-1.334	-6.288	-8.105	-2.151	-2.521	-3.524	-1.161	-6.925	-5.432	-3.416	-6.602	-1.56	-3.386	-3.557	-7.426	0.7938	-6.333	-7.554	-6.66	-1.205	-2.77	-8.805	-6.609	-5.033	-4.614	-3.61	-7.551	-5.842	-7.461	-5.61	-9.905	-7.203	-8.968	-9.299	-1.235	-3.549	-5.612	-0.08781	-5.521	-2.848	-4.07	-7.173	-6.985	-5.458	-3.1	-4.168	-1.036	-0.8111	-5.658	0.351	-6.645	-2.776	-3.215	2.011	-5.692	-6.581	-2.505	-1.197	-7.317	-6.158	-5.679	0.04718	-3.409	-5.57	-1.263	-6.334	-6.068	-3.683	-6.629	-5.886	-0.9565	-10.3
-3.756	-3.041	-4.163	-4.335	-5.96	-7.523	-5.354	-6.661	-3.763	-4.452	-6.982	-7.875	-3.747	1.304	0.7358	-2.271	-2.227	-1.887	-5.074	-5.332	-1.689	-3.76	-6.733	-6.984	-6.613	-4.839	-3.098	0.5745	-1.803	-3.592	-5.927	-1.81	-4.522	0.003491	-1.871	-7.989	-3.578	-0.9444	-7.7	-2.25	-2.884	-2.899	-4.17	-1.902	-5.521	-7.795	-5.274	-3.666	-3.227	-8.441	-5.014	-6.459	-8.184	-3.96	-6.076	-2.59	-6.785	-6.034	-9.728	-9.66	-10.5	-4.557	-2.437	-2.382	-4.675	-2.488	-2.95	-3.219	-0.7323	-2.356	-8.848	-4.037	-3.43	-3.113	-0.7771	-3.284	-3.894	0.9737	-5.875	-2.139	-3.286	3.264	-4.271	-7.894	-6.341	-1.152	-5.938	-5.31	-8.013	-0.0914	-1.81	-7.262	-1.781	-4.747	-5.034	-4.312	-5.552	-6.337	-2.542	-7.703
-2.385	-4.124	-2.235	-4.814	-4.971	-7.01	-7.006	-5.878	-7.013	-6.976	-9.592	-8.197	-5.641	0.7334	-0.3738	-3.523	-1.956	-2.395	-9.762	-7.677	-3.217	-5.259	-5.489	-5.507	-3.668	-4.642	-6.522	2.541	-5.649	-3.885	-8.5	-3.173	-6.969	-3.525	-1.958	-3.921	-2.204	-1.272	-6.849	-3.115	-0.6106	-3.766	-5.31	-0.6732	-4.897	-7.914	-4.874	-4.685	-3.236	-7.336	-4.883	-4.704	-5.114	-0.7484	-4.867	-1.725	-5.13	-5.573	-10.58	-8.193	-8.626	-6.924	-4.361	-1.197	-3.638	-1.599	-4.203	-5.738	-2.013	-6.656	-5.242	-5.326	-3.266	-1.495	-3.502	0.2505	-6.085	-2.168	-5.753	-1.615	-4.084	2.891	-5.001	-6.457	-2.943	-0.8339	-7.915	-4.278	-1.54	-0.248	-3.032	-4.511	-2.932	-5.448	-6.016	-5.28	-3.408	-5.551	-1.686	-8.065
-4.957	-2.286	-5.53	-2.653	-5.24	-4.305	-5.391	-4.094	-6.708	-2.987	-9.82	-6.494	-0.8746	0.8679	-0.8194	-2.67	0.9127	-0.9893	-5.803	-6.865	-0.5779	-1.47	-8.588	-4.06	-6.127	-2.723	-5.677	0.3239	-4.148	-5.384	-7.006	-1.02	-9.159	-1.429	-2.041	-6.117	-4.204	-2.903	-11.15	-5.063	-3.191	-1.022	-5.541	-1.362	-6.768	-6.528	-5.078	-2.724	-3.775	-9.56	-6.102	-5.315	-6.089	-1.586	-7.604	-1.59	-7.254	-5.561	-6.997	-7.817	-10.4	-6.471	-4.016	-4.387	-4.697	-0.5944	-2.28	-5.122	-2.315	-4.511	-9.26	-2.055	-1.779	-6.119	-4.039	-2.799	-3.315	1.238	-5.378	-0.4947	-0.7891	1.367	-4.92	-6.501	-4.962	-1.594	-6.889	-6.99	-5.807	-0.8461	-2.184	-6.38	-3.235	-3.192	-6.854	-4.472	-5.519	-7.208	0.1143	-8.177
-6.058	-4.94	-5.107	-3.644	-4.603	-6.519	-4.238	-5.746	-5.353	-3.37	-7.532	-6.213	-2.744	0.3601	-1.448	-5.9	-0.3839	-3.384	-10.39	-7.121	1.267	-3.657	-5.695	-6.795	-3.389	-4.413	-6.084	1.089	-3.793	-5.604	-5.477	-0.3768	-4.698	-5.422	-2.518	-6.174	-3.563	-1.504	-6.25	-3.923	-3.309	-4.004	-4.034	-3.975	-4.928	-7.694	-1.462	-2.439	-3.276	-9.132	-6.239	-3.131	-5.197	0.2674	-5.199	-2.607	-6.843	-6.745	-11.13	-7.688	-9.358	-8.371	-2.414	-4.195	-8.903	-0.7313	-1.936	-5.997	-2.601	-5.224	-9.446	-1.923	-3.722	-5.447	-3.059	-2.286	-3.456	-2.619	-6.404	0.3529	-4.144	0.9715	-7.145	-8.496	-4.319	-2.836	-4.506	-7.366	-6.102	2.986	-2.7	-4.144	-1.679	-6.24	-7.083	-6.785	-4.387	-4.455	-1.56	-9.319
-5.278	-0.4361	-5.452	-2.767	-2.977	-8.065	-6.33	-5.746	-5.072	-2.279	-9.355	-6.049	-4.504	0.6318	-1.334	-4.275	-0.8901	-0.0437	-8.555	-4.844	-3.371	-3.582	-6.854	-5.935	-2	-3.505	-5.06	-0.08669	-3.983	-3.76	-6.065	-1.272	-9.226	-2.726	-2.342	-6.153	-2.844	-4.058	-7.849	-5.141	-3.145	-2.374	-2.151	-0.8774	-4.954	-6.942	-3.291	-3.092	-2.417	-9.337	-4.38	-2.189	-7.462	-1.596	-4.194	-0.8505	-5.601	-4.763	-9.785	-6.875	-9.032	-7.734	-1.545	-3.409	-3.498	-2.607	-3	-4.435	-0.4316	-3.944	-9.174	-4.624	-2.536	-4.155	-3.025	-3.188	-2.631	-0.6511	-5.418	-1.979	-1.944	1.715	-6.479	-6.917	-3.033	-1.942	-5.574	-6.596	-2.617	0.338	-3.811	-6.216	-4.147	-3.739	-8.364	-3.31	-3.574	-7.631	-1.44	-9.024
-4.206	-3.166	-4.139	-5.388	-6.174	-5.397	-4.573	-4.864	-3.357	-2.163	-4.581	-5.197	-3.974	0.7291	-0.1263	-5.551	-0.7844	-1.667	-6.446	-6.735	-1.096	-3.729	-7.122	-7.295	-4.084	-3.806	-6.144	0.6195	-3.16	-4.606	-6.963	-5.574	-9.855	-4.573	-1.131	-6.718	-3.58	-4.483	-8.842	-4.893	-2.875	-1.483	-4.832	-3.079	-6.94	-7.514	-4.616	-3.465	-2.525	-7.21	-4.856	-4.29	-8.281	-3.088	-2.977	-3.174	-5.741	-4.988	-6.988	-5.749	-9.578	-8.583	-4.307	-1.96	-6.794	-1.485	-5.654	-5.615	-2.359	-5.276	-9.225	-3.789	-2.775	-3.231	-3.063	-2.585	-4.725	-1.251	-6.989	0.02617	-1.501	2.172	-7.4	-6.408	-7.387	1.814	-7.144	-6.084	-3.359	-1.164	-2.647	-8.094	-2.337	-7.646	-5.922	-3.719	-2.786	-4.202	-0.007417	-5.998
-7.121	-0.282	-5.465	-2.185	-5.181	-5.656	-2.46	-5.781	-4.613	-4.851	-8.898	-6.629	-4.246	0.02728	-0.5018	-3.477	-1.387	-4.163	-6.043	-4.858	-1.501	-5.259	-8.494	-7.17	-1.629	-4.294	-5.984	0.08045	-4.029	-4.42	-6.456	-1.579	-5.853	-1.795	0.266	-4.765	-2.841	-1.917	-7.29	-2.354	-3.321	-2.688	-3.763	-1.542	-7.534	-7.421	-5.356	-2.876	-0.1623	-7.382	-3.189	-4.217	-6.717	-1.364	-6.632	-2.182	-8.694	-4.357	-9.804	-7.019	-10.35	-7.26	-1.636	-2.788	-0.7974	-1.678	-5.082	-6.91	-2.827	-3.056	-8.671	-6.648	-1.461	-4.786	-2.285	-1.022	-4.269	-2.549	-6.772	-1.282	-2.775	2.567	-4.854	-8.253	-5.31	-1.842	-7.172	-8.455	-6.753	0.01941	-1.846	-7.283	-1.635	-5.538	-6.331	-4.198	-4.448	-6.625	-2.512	-7.102
-5.726	-1.308	-4.655	-2.962	-6.691	-3.98	-5.572	-4.422	-5.785	-1.276	-9.873	-4.518	-4.154	0.6436	0.05215	-4.311	-3.556	-1.801	-5.357	-8.505	-2.567	-3.14	-7.587	-6.661	-6.641	-3.407	-3.205	1.711	-3.883	-4.458	-8.141	-1.814	-6.069	-0.7856	0.5611	-7.392	-0.1124	-0.6359	-10.17	-2.16	-4	-1.9	-5.348	-1.642	-4.857	-7.55	-6.774	-2.327	-2.438	-9.233	-4.562	-4.746	-6.587	-1.025	-5.95	-1.856	-3.609	-6.177	-9.706	-7.252	-11.3	-7.995	-5.539	-0.6905	-4.432	-2.343	-4.607	-4.203	-2.48	-4.978	-9.82	-6.56	-4.007	-3.975	-3.285	-2.79	-5.707	-1.921	-5.798	-2.899	-3.368	1.759	-7.001	-9.786	-5.365	0.2015	-7.604	-5.963	-4.852	-1.217	-0.2339	-6.569	-2.011	-4.54	-5.974	-3.998	-3.341	-6.773	-0.4903	-5.967
-5.411	-0.9222	-4.687	-2.636	-4.451	-7.172	-7.626	-5.129	-7.026	-1.494	-9.179	-6.747	-3.899	-0.1126	-2.824	-1.148	-2.511	-1.979	-7.534	-5.748	0.2136	-3.222	-5.233	-7.668	-4.564	-5.423	-4.904	1.153	-2.201	-2.038	-6.401	-1.617	-2.066	-4.224	-1.257	-6.634	-3.313	-0.41	-8.109	-1.543	-6.124	-4.928	-7.523	-1.016	-4.822	-10.18	-2.139	-1.184	-3.021	-8.834	-5.305	-5.125	-5.803	-1	-7.235	-4.317	-7.522	-7.229	-11.13	-7.067	-9.336	-7.736	-3.377	-4.393	-1.646	-1.323	-3.624	-4.215	-1.597	-4.922	-11.53	-3.783	-1.047	-7.74	-3.12	-2.49	-4.289	0.155	-4.84	-0.9559	-3.899	4.507	-4.192	-8.291	-4.456	-0.8381	-7.811	-8.633	-4.937	-0.01184	-4.612	-7.095	-3.136	-5.268	-7.491	-2.673	-4.648	-6.982	-2.807	-8.853
-3.847	0.06	-3.922	-4.24	-6.435	-3.465	-5.704	-4.775	-4.804	-1.448	-8.643	-6.989	-4.698	0.3521	0.8851	-4.545	-3.77	-3.309	-7.538	-6.482	0.1055	-4.415	-7.063	-7.371	-5.444	-6.174	-4.179	1.218	-3.086	-7.286	-8.127	-0.3501	-6.774	-3.053	-2.209	-6.007	-4.143	-4.128	-10.91	-4.749	-2.797	-0.6116	-3.484	-1.676	-5.461	-6.849	-4.691	-0.1136	-4.374	-5.391	-6.071	-6.034	-6.875	-4.816	-5.494	-1.146	-8.329	-3.793	-8.032	-9.239	-9.805	-7.018	-2.538	-4.383	-8.604	-0.5315	-4.82	-4.665	-1.264	-7.572	-10.39	-4.169	-1.729	-5.215	-3.634	-2.262	-4.462	0.311	-8.258	-1.086	-4.043	3.231	-6.632	-9.112	-0.6544	-2.955	-6.272	-5.276	-3.5	0.9369	-0.7355	-6.301	-2.218	-5.769	-6.574	-2.942	-4.686	-6.302	-2.714	-9.456
-5.35	-5.109	-2.967	-4.055	-6.454	-5.638	-7.119	-5.277	-7.239	-4.297	-9.275	-6.498	-3.095	0.6917	0.05842	-4.267	0.8659	-2.174	-6.81	-5.427	-1.732	-0.9322	-6.414	-6.859	-6.762	-4.157	-8.587	-0.8439	-1.068	-3.24	-7.115	0.3197	-6.304	-6.524	-2.183	-8.406	-2.179	-2.473	-8.121	-4.766	-1.918	-3.295	-4.568	0.3646	-4.296	-7.47	-2.446	-2.713	-3.541	-7.944	-6.095	-4.487	-5.989	-1.92	-5.477	0.3258	-8.004	-4.595	-8.457	-9.36	-9.897	-8.427	-3.157	-3.355	-5.669	-1.437	-5.214	-1.816	-1.746	-5.55	-9.989	-3.79	-4.175	-2.956	-1.12	-0.1911	-4.021	-0.967	-5.883	1.073	-3.333	1.08	-4.217	-7.38	-4.42	-0.3164	-8.206	-6.142	-4.717	-0.09641	-2.9	-7.164	-1.636	-5.762	-7.395	-3.04	-6.495	-5.678	-0.36	-7.177
-4.361	-4.59	-4.8	-2.443	-4.838	-6.695	-6.253	-5.541	-4.519	-3.926	-10.73	-5.556	-2.034	1.49	-0.4987	-2.897	-3.206	-2.272	-7.016	-7.045	-1.666	-4.973	-7.623	-7.969	-2.496	-6.687	-4.183	-1.237	-3.251	-3.49	-6.87	-2.72	-6.742	-5.757	-0.6319	-6.517	-0.8398	-0.3478	-7.831	-4.709	-3.877	-3.502	-4.57	-1.965	-3.164	-6.593	-4.653	-3.442	-2.78	-7.225	-3.024	-1.631	-5.255	-6.127	-5.048	-2.91	-6.61	-4.27	-10.11	-8.537	-7.997	-7.855	-3.519	-5.086	-3.128	-0.8992	-4.172	-4.608	-3.927	-5.154	-11.98	-5.312	-3.155	-4.281	-2.688	-1.464	-7.161	0.6102	-5.316	-1.369	-5.674	2.028	-4.436	-6.474	-6.099	-2.224	-5.54	-5.254	-1.125	0.4914	-3.345	-6.576	-1.489	-4.09	-6.182	-4.843	-1.887	-5.334	-1.943	-4.744
-3.963	-4.554	-2.98	-1.139	-2.377	-5.558	-4.189	-4.462	-5.295	-3.947	-7.227	-7.06	-2.213	0.2243	-0.8616	-6.138	-3.871	-2.433	-7.671	-8.134	-2.462	-2.379	-7.507	-6.303	-6.324	-5.097	-2.638	0.8081	-5.222	-7.996	-6.877	-0.7043	-8.263	-5.154	-2.854	-4.587	-3.233	-0.569	-10.33	-2.68	-5.268	-2.952	-2.272	-2.049	-2.497	-6.867	-1.835	-3.036	-3.49	-9.7	-2.814	-4.409	-6.801	-4.116	-2.487	-3.228	-9.251	-7.272	-9.213	-7.364	-7.295	-9.382	-5.56	0.06339	-4.528	-1.922	-4.829	-4.446	-3.238	-4.911	-9.815	-2.431	-2.679	-3.392	-2.979	-2.352	-4.155	-2.427	-5.756	-2.047	-2.897	1.971	-5.875	-9.697	-3.943	1.221	-6.956	-7.258	-4.689	-2.256	-4.368	-5.679	0.3932	-7.164	-8.794	-1.54	-2.956	-5.32	1.128	-6.422
-7.055	-2.032	-4.224	-4.336	-5.505	-7.666	-6.242	-5.477	-4.615	-4.121	-8.539	-7.471	-0.9541	-0.004103	-0.8848	-3.905	1.417	-2.807	-7.112	-5.252	-0.9973	-4.829	-7.768	-8.306	-4.304	-3.631	-4.845	-0.1463	-4.481	-4.302	-7.543	-2.14	-5.693	-2.847	-2.11	-4.044	-2.627	-2.715	-8.844	-4.516	-3.918	-3.612	-5.391	-0.1225	-4.064	-6.038	-1.488	-2.265	-4.262	-9.701	-4.222	-5.023	-7.583	-4.038	-5.261	0.5201	-7.651	-4.673	-7.591	-9.024	-11.55	-8.243	-0.8667	-2.707	-6.66	0.9694	-3.95	-5.736	-2.919	-6.695	-9.105	-7.675	-5.627	-0.9156	-0.596	-2.797	-6.4	-1.446	-4.49	-0.8774	-5.108	3.076	-5.236	-8.426	-6.833	-1.792	-5.752	-6.868	-5.378	-1.516	-2.956	-7.026	-0.4917	-5.527	-5.248	-4.829	-5.337	-6	0.7402	-6.916
-6.493	-4.278	-5.092	-1.152	-6.019	-6.915	-7.3	-5.097	-7.72	-3.601	-9.396	-5.739	-4.627	1.489	-0.7606	-3.879	-1.634	-2.885	-8.334	-5.526	-1.37	-2.426	-7.08	-4.307	-2.984	-3.179	-7.944	2.541	-2.186	-6.239	-8.336	-1.531	-6.435	-0.9545	-3.927	-6.444	-4.772	-3.002	-8.712	-4.061	-3.023	-3.05	-2.785	-2.454	-4.804	-5.366	-3.084	-3.102	-2.369	-9.219	-5.823	0.01383	-5.942	-1.667	-5.446	1.44	-9.466	-5.152	-10.03	-8.453	-11.08	-6.134	-2.841	-1.353	-6.145	-1.056	-8.455	-5.31	-2.33	-4.277	-9.011	-3.983	-3.948	-3.782	-1.819	-2.155	-2.279	-1.874	-3.887	-1.324	-4.893	2.353	-5.665	-5.504	-3.766	-1.275	-4.367	-7.76	-6.619	-0.978	-2.666	-5.867	-2.151	-7.403	-7.802	-4.109	-4.034	-7.638	-2.346	-7.86
-6.311	-2.932	-5.858	-3.016	-5.342	-7.01	-6.109	-4.63	-6.225	-3.779	-5.5	-8.015	-4.299	2.788	-2.447	-3.569	-2.52	-1.327	-6.847	-6.121	-3.283	-5.119	-5.306	-8.862	-5.542	-4.631	-5.861	1.192	-0.9837	-6.159	-7.182	1.159	-4.193	-2.549	-1.865	-7.239	-0.1224	-1.949	-10.72	-4.016	-7.191	-3.32	-4.149	1.447	-7.239	-6.797	-2.182	-1.494	-3.834	-8.66	-3.359	-4.053	-4.708	0.6059	-6.004	-2.587	-7.495	-3.06	-6.568	-7.883	-10.66	-5.95	-4.9	-4.842	-6.014	-2.16	-3.218	-5.467	-3.125	-2.103	-8.722	-4.282	-1.859	-3.84	-3.277	-3.212	-2.508	-2.376	-6.17	-2.954	-2.127	2.546	-8.029	-7.411	-2.077	-1.235	-7.791	-7.802	-6.743	2.139	-2.969	-7.604	-2.96	-5.93	-7.801	-3.729	-3.026	-4.562	-0.7082	-7.717
-5.662	-2.487	-3.786	-3.22	-5.905	-7.505	-6.088	-5.154	-4.508	-4.123	-8.913	-7.369	-3.067	-0.05373	-0.05633	-4.305	-2.677	-3.157	-8.065	-6.42	-2.035	-4.907	-6.812	-6.405	-6.081	-4.053	-3.976	0.3337	-3.87	-2.951	-5.302	-1.811	-6.39	-4.817	0.2522	-9.01	-3.727	-2.828	-9.663	-3.233	-3.056	-4.271	-2.369	-1.939	-7.475	-6.386	-4.148	-1.915	-5.357	-8.43	-5.444	-6.578	-6.181	-1.221	-4.468	-1.823	-8.138	-6.29	-7.591	-7.092	-10.13	-8.853	-1.477	-2.334	-4.867	-2.226	-4.357	-4.981	-1.289	-7.824	-11.5	-4.388	-4.926	-5.847	-2.751	0.3009	-4.225	-1.216	-6.969	0.422	-5.181	4.041	-4.822	-8.815	-4.04	-0.3331	-6.967	-7.633	-3.366	-0.9659	-1.363	-4.362	-2.675	-3.831	-8.495	-4.022	-6.445	-5.335	0.5619	-8.435
-2.902	0.05685	-2.618	-3.652	-6.115	-6.684	-4.778	-3.673	-8.044	-2.884	-9	-8.044	-3.081	1.401	-0.9158	-3.102	-2.855	-1.184	-5.425	-7.775	-1.002	-5.391	-6.861	-8.817	-4.572	-2.907	-1.98	1.089	-5.013	-5.214	-6.641	-0.9296	-7.499	-4.156	-1.973	-7.68	-0.6607	-3.3	-6.948	-5.448	-1.089	-4.215	-2.963	-1.26	-7.937	-6.956	-5.653	-2.678	-0.4899	-11.31	-4.283	-5.775	-6.76	-2.062	-7.407	-0.3349	-6.887	-4.436	-10.08	-8.847	-9.692	-8.541	-1.502	-2.378	-6.241	0.314	-6.605	-5.161	-1.829	-4.808	-10.25	-2.198	-1.957	-0.9403	-1.268	-2.142	-2.331	-1.242	-5.592	-1.881	-4.443	2.076	-6.918	-7.045	-2.529	-1.109	-5.338	-5.691	-7.551	-0.9628	-5.188	-6.576	-2.968	-3.773	-8.679	-3.647	-6.431	-5.456	1.134	-8.54
-6.629	-1.954	-5.429	-2.053	-6.025	-6.843	-6.924	-5.874	-6.82	-4.784	-9.263	-7.18	-4.408	0.1646	1.175	-3.72	-3.222	-0.06954	-8.82	-6.222	-1.165	-3.314	-7.147	-7.165	-2.595	-5.057	-7.963	2.072	-3.683	-5.873	-4.474	-0.7957	-2.387	-2.709	-1.832	-4.367	-3.877	-4.039	-8.512	-4.517	-4.16	-2.881	-5.15	-1.905	-6.018	-5.982	-5.737	-3.177	-3.317	-9.177	-5.719	-4.308	-6.74	-4.678	-5.415	-1.321	-9.123	-6.891	-9.35	-4.428	-7.671	-7.256	-2.524	-3.36	-5.246	-2.537	-5.092	-3.359	-2.614	-7.177	-10	-2.94	-3.93	-6.617	-2.669	-2.899	-6.509	-1.241	-6.263	-1.031	-4.181	5.012	-3.783	-7.669	-3.804	-3.503	-4.654	-8.41	-5.406	3.004	-3.391	-6.657	-1.058	-6.517	-6.751	-2.707	-6.349	-3.672	-0.06535	-7.006
-6.791	-0.2308	-5.875	-3.071	-6.7	-6.432	-5.342	-5.71	-6.647	-3.434	-6.332	-8.093	-4.482	-0.3875	-0.8013	-3.258	-2.896	-3.228	-6.955	-7.888	-3.009	-5.342	-5.414	-7.662	-3.499	-2.749	-6.564	1.14	-4.602	-3.276	-6.214	-1.757	-5.117	-3.783	-0.8531	-7.776	-1.486	-1.34	-6.464	-4.002	-5.495	-3.314	-5.144	-2.254	-5.661	-8.76	-5.393	-0.9171	-1.08	-8.369	-3.588	-6.443	-5.195	-1.818	-5.628	-0.09271	-5.396	-8.403	-8.206	-7.837	-10.21	-8.112	-3.47	-3.992	-6.673	-3.718	-5.955	-4.437	-3.1	-7.584	-9.006	-5.107	-4.133	-4.912	-1.258	-3.063	-1.466	-2.218	-5.027	-0.02578	-3.148	1.516	-3.546	-8.777	-6.431	-2.251	-4.373	-9.417	-3.819	1.12	-2.762	-7.459	-3.046	-5.58	-7.269	-4.814	-5.409	-5.464	-0.1086	-9.521
-4.37	-3.449	-5.295	-4.876	-4.478	-5.882	-5.136	-5.611	-4.869	-4.133	-5.312	-7.123	-4.546	-0.4653	0.3053	-4.307	-0.8235	-1.776	-7.706	-7.122	-2.381	-4.202	-6.132	-5.092	-4.679	-2.555	-8.305	1.077	-5.65	-5.554	-6.336	-0.7479	-7.355	-3.782	0.9021	-6.92	-3.087	-2.71	-8.001	-1.78	-3.599	-2.661	-5.453	-1.18	-5.77	-8.483	-4.62	-3.34	-4.318	-9.474	-6.192	-5.23	-6.396	-2.891	-6.858	-2.735	-9.588	-4.281	-8.273	-6.754	-7.936	-8.329	-3.297	-4.168	-5.12	-0.231	-1.91	-3.601	-1.279	-5.39	-10.67	-4.544	-0.5496	-4.011	-3.04	-2.957	-6.111	-1.115	-4.886	-1.29	-2.444	1.72	-5.058	-7.881	-2.518	-0.6035	-7.022	-6.003	-2.994	-2.093	-2.225	-7.177	-3.31	-6.037	-7.947	-3.535	-3.687	-7.614	-2.282	-7.754
-5.464	-3.792	-5.112	-4.953	-5.462	-7.855	-3.014	-4.715	-6.284	-2.72	-7.413	-8.231	-4.93	1.296	-1.567	-1.021	-2.3	-1.984	-4.451	-6.471	-1.57	-4.677	-8.377	-6.095	-6.967	-4.577	-3.554	1.411	-3.958	-4.16	-8.021	-2.498	-3.681	-1.46	-2.387	-5.46	-2.595	-1.812	-6.339	-1.952	-4.39	-2.961	-5.25	0.3945	-4.02	-7.162	-3.714	0.02178	-3.349	-10.2	-4.83	-4.735	-7.652	-3.191	-5.628	-0.7369	-4.509	-3.871	-10.72	-7.165	-10.91	-6.399	-2.334	-3.171	-3.14	-0.1112	-5.307	-5.655	-2.294	-5.85	-9.365	-4.5	-4.119	-2.157	-3.019	-2.646	-3.02	-1.522	-4.601	-3.178	-3.602	4.244	-4.727	-9.337	-5.337	-1.909	-5.999	-4.789	-4.843	-2.199	-2.197	-7.607	-3.069	-6.362	-8.837	-2.504	-4.418	-6.595	-0.1586	-8.431
-4.711	-1.809	-5.353	-3.733	-3.57	-5.753	-7.208	-4.615	-6.874	-5.277	-9.57	-4.939	-5.675	-0.2341	-1.257	-5.052	-3.331	-1.654	-4.924	-6.81	-1.585	-2.801	-6.255	-6.744	-3.112	-5.23	-3.035	0.8261	-2.028	-6.855	-6.607	-0.1051	-8.283	-4.197	-1.853	-5.363	-3.195	-2.877	-8.978	-5.382	-4.657	-3.177	-6.738	-3.152	-5.021	-5.872	-4.673	-2.327	-3.783	-6.625	-5.813	-4.659	-4.052	-3.864	-6.093	-2.085	-6.756	-3.949	-9.016	-9.732	-9.31	-9.336	-1.994	-0.7494	-5.302	-2.103	-3.021	-4.784	-2.619	-4.971	-11.22	-4.791	-2.504	-3.332	-4.061	-3.05	-4.288	-1.03	-7.343	-1.077	-3.95	1.323	-6.806	-7.946	-3.006	-3.102	-7.549	-8.065	-2.936	-0.6509	-1.589	-7.782	-2.659	-6.284	-8.264	-3.977	-4.611	-6.92	-1.285	-4.504
-3.862	-1.448	-4.654	-2.572	-5.142	-7.206	-5.002	-5.556	-8.051	-3.48	-8.463	-7.187	-4.64	-0.8908	-0.01462	-4.717	-0.7914	-1.324	-7.467	-5.372	-1.752	-3.718	-6.924	-8.438	-5.471	-5.594	-5.782	0.1764	-4.415	-5.124	-7.856	-1.665	-6.632	-4.024	-2.105	-7.461	-4.192	-3.874	-7.925	-4.067	-4.548	-2.918	-5.414	-2.014	-5.908	-8.03	-3.647	-3.958	-2.634	-7.652	-4.545	-5.016	-7.822	-0.3725	-7.208	-1.396	-8.759	-5.848	-9.299	-7.776	-9.535	-9.614	-4.133	-3.426	-2.324	-1.478	-4.566	-5.583	-2.885	-4.78	-8.006	-2.704	-2.892	-3.651	-4.035	-3.398	-3.723	-0.7669	-6.808	-2.092	-5.494	1.707	-5.797	-9.163	-5.226	-2.663	-6.03	-6.602	-6.643	-0.5806	-2.115	-8.001	-2.676	-6.454	-7.082	-4.151	-4.229	-6.442	1.162	-7.008
-4.882	-2.517	-3.586	-2.795	-5.489	-5.266	-3.612	-5.983	-5.965	-3.635	-10.88	-6.563	-5.647	1.44	-1.624	-4.303	-0.8942	-1.244	-7.155	-6.736	-0.9384	-4.419	-7.33	-8.937	-5.462	-3.63	-3.029	0.5417	-4.762	-4.244	-5.84	-1.207	-5.867	-4.432	1.583	-6.423	-5.235	-2.222	-10.6	-4.009	-4.307	-3.753	-5.473	-1.456	-7.14	-6.875	-6.679	-3.045	-2.951	-10.84	-6.18	-4.694	-7.78	-2.188	-4.95	-2.683	-8.203	-6.615	-7.787	-7.033	-10.23	-8.684	-3.506	-2.324	-3.675	-1.045	-6.04	-4.895	-2.232	-7.055	-7.467	-3.517	-2.943	-2.811	-0.6073	-1.975	-5.229	-1.727	-7.269	-1.847	-4.058	2.679	-5.977	-7.852	-6.071	-2.17	-6.591	-8.506	-5.08	1.1	-2.343	-4.761	-2.837	-5.009	-7.006	-2.947	-6.167	-4.832	-2.329	-5.121
-4.059	-3.161	-3.445	-3.503	-5.356	-3.658	-8.369	-6.771	-6.038	-1.81	-9.25	-8.014	-3.677	0.06145	-0.08002	-4.566	-3.22	-1.394	-5.46	-6.23	-0.7717	-3.395	-7.55	-6.453	-5.522	-5.064	-5.662	-1.399	-3.189	-7.398	-8.628	-0.6837	-6.146	-2.217	-2.442	-5.911	-1.261	-2.791	-9.125	-3.203	-4.215	-2.504	-6.457	-0.6915	-4.508	-7.373	-5.014	-1.07	-3.105	-7.897	-4.595	-4.857	-7.306	-2.147	-6.114	-3.775	-7.494	-4.58	-8.765	-7.693	-6.282	-8.403	-3.026	-3.59	-7.835	-1.791	-4.393	-2.638	-1.561	-7.168	-11.79	-3.631	-3.381	-3.907	-2.173	-2.097	-6.371	-1.047	-5.68	-0.752	-4.116	1.251	-6.378	-8.349	-5.047	-1.364	-6.038	-6.305	-4.544	-0.09657	0.4079	-8.154	-2.594	-6.158	-6.997	-5.026	-2.977	-5.071	-1.859	-8.148
-5.514	-1.704	-3.718	-2.343	-2.921	-3.715	-5.612	-4.288	-5.159	-3.29	-10.72	-4.489	-3.847	0.03174	0.7058	-4.863	-1.233	-2.451	-7.152	-8.525	-1.995	-4.011	-4.979	-7.16	-5.511	-3.897	-6.813	1.925	-2.604	-5.437	-5.174	-1.315	-7.46	-3.469	-1.066	-5.883	-2.382	-2.108	-5.611	-5.161	-3.413	-2.094	-4.36	-1.537	-3.551	-7.665	-4.986	-4.113	-2.281	-9.927	-4.509	-1.909	-6.053	-1.789	-6.193	-4.199	-5.426	-6.09	-8.106	-8.916	-9.989	-9.884	-3.179	-1.965	-3.579	-1.491	-3.578	-5.285	-1.545	-6.372	-9.933	-6.098	-4.26	-4.446	-3.463	-1.197	-5.351	-1.481	-5.826	-1.082	-2.085	2.322	-5.88	-7.715	-5.034	-1.888	-6.531	-8.201	-5.149	-0.6299	-2.513	-7.022	-3.111	-5.804	-5.031	-4.062	-5.133	-4.609	-3.501	-8.234
-4.223	-3.435	-3.533	-0.7636	-4.396	-5.126	-4.746	-5.896	-5.854	-1.859	-9.043	-6.06	-2.889	2.644	-1.603	-5.546	-2.73	-1.6	-8.756	-7.467	-2.62	-1.398	-8.428	-4.335	-5.67	-3.129	-4.536	-0.6286	-3.306	-6.904	-6.628	-0.1043	-7.488	-3.081	-0.02314	-6.372	-2.557	-3.714	-7.8	-2.78	-2.023	-2.87	-3.949	-1.731	-3.589	-6.572	-5.157	-2.464	-2.01	-9.916	-1.621	-3.326	-7.89	-0.6913	-5.536	1.21	-7.365	-4.718	-6.693	-9.45	-9.38	-7.37	-2.964	-2.971	-3.484	-1.924	-4.47	-5.797	-0.5699	-4.455	-10.17	-1.242	-1.283	-1.839	-3.16	-0.0789	-6.248	-0.8446	-4.496	1.087	-5.43	2.46	-5.754	-7.174	-6.582	-2.594	-7.655	-6.228	-6.094	1.652	-1.365	-6.465	-0.5635	-5.432	-7.185	0.6646	-5.378	-6.073	-1.465	-9.841
-5.155	-3.437	-4.234	-4.669	-5.521	-6.901	-3.265	-5.655	-7.387	-1.431	-8.837	-5.113	-4.848	1.611	-0.05877	-3.606	-1.467	-3.483	-6.711	-6.179	-1.605	-4.005	-7.464	-5.512	-6.89	-5.287	-7.067	1.34	-4.119	-5.04	-7.986	-1.031	-7.399	-0.1426	-2.882	-8.145	-3.101	-1.081	-8.216	-2.909	-4.185	-3.381	-5.22	0.6921	-4.896	-7.574	-4.542	-3.486	-3.444	-7.705	-3.613	-4.028	-3.009	-1.932	-3.982	-1.26	-9.639	-4.133	-8.12	-6.207	-8.365	-8.607	-3.862	-1.192	-2.407	-1.438	-4.191	-2.662	-1.151	-5.939	-6.44	-5.578	-4.288	-4.951	-4.913	-0.9584	-2.658	-2.131	-5.61	-2.496	-4.137	1.975	-5.452	-8.769	-2.944	-0.746	-7.423	-7.312	-4.076	1.85	-2.37	-6.314	-2.713	-6.206	-7.224	-4.919	-4.326	-6.342	-1.928	-8.369
-5.891	-2.879	-4.109	-3.372	-5.611	-7.081	-5.806	-6.121	-5.223	-2.598	-9.909	-6.952	-4.113	0.5189	-0.9482	-4.38	-0.5076	-2.984	-7.734	-6.099	-3.068	-4.838	-6.896	-7.081	-5.305	-4.727	-4.734	1.445	-3.977	-4.114	-5.888	-1.191	-7.282	-2.761	-1.234	-6.61	-2.365	-3.184	-9.508	-3.213	-4.358	-1.779	-4.478	-1.193	-5.666	-5.928	-4.64	-3.507	-4.485	-8.608	-5.018	-4.136	-6.959	-2.199	-5.951	-4.163	-7.824	-5.848	-8.958	-6.778	-9.776	-7.778	-4.223	-3.875	-3.785	-1.321	-3.426	-6.049	-2.031	-7.235	-8.582	-5.104	-4.59	-4.166	-3.645	-2.602	-3.923	-2.804	-6.07	-1.851	-4.247	2.89	-5.379	-8.264	-5.366	-0.51	-5.29	-7.039	-2.855	-0.9248	-2.752	-8.664	-2.18	-5.035	-7.452	-4.242	-3.744	-5.402	-3.318	-6.443
