13.26	1.3	21.9	21.72	7.856	0.9294	7.832	9.453	10.95	4.543	11.17	4.071	9.503	8.409	11.45	6.883	8.206	24.89	2.25	3.769	8.39	8.999	6.726	1.434	3.775	5.735	2.046	5.907	11.74	9.172	0.7674	3.413	13.76	24.31	9.185	11.73	27.09	11.97	3.187	7.476	19.29	7.833	1.972	2.868	13.36	1.18	5.219	13.61	27.04	0.054	7.368	4.071	19.12	13.77	16.31	7.584	2.812	4.149	1.243	1.181	9.741	2.826	2.878	14.92	6.162	7.958	0.4959	4.273	1.918	2.885	4.536	4.521	15.26	8.375	2.78	23.17	8.627	12.44	3.176	28.87	8.236	16.42	4.814	8.147	6.205	5.936	7.769	2.117	2.489	15.58	3.864	2.184	7.643	0.8685	8.642	3.237	1.463	13.61	10.23	5.843
13.11	1.317	21.61	21.49	7.797	0.7961	7.74	9.383	10.89	4.507	11.04	4.037	9.371	8.343	11.35	6.768	8.142	24.7	2.194	3.685	8.292	8.895	6.659	1.387	3.746	5.534	1.994	5.86	11.62	9.045	0.7437	3.422	13.67	24.08	9.124	11.56	26.83	11.69	3.17	7.39	19.09	7.706	1.991	2.873	13.22	1.133	5.158	13.5	26.77	-0.005868	7.292	4.051	18.9	13.62	16.14	7.47	2.784	4.075	1.251	1.182	9.655	2.852	2.841	14.79	6.084	7.87	0.3575	4.215	1.867	2.842	4.461	4.503	15.13	8.293	2.706	22.92	8.487	12.33	3.146	28.62	8.144	16.2	4.771	8.085	6.124	5.88	7.733	2.068	2.394	15.45	3.775	2.081	7.587	0.7969	8.54	3.176	1.413	13.51	10.13	5.791
12.96	1.334	21.31	21.26	7.739	0.6628	7.647	9.312	10.83	4.471	10.92	4.003	9.239	8.277	11.25	6.653	8.078	24.51	2.138	3.6	8.193	8.792	6.593	1.339	3.717	5.334	1.943	5.813	11.5	8.919	0.7199	3.431	13.58	23.86	9.063	11.4	26.57	11.42	3.153	7.304	18.89	7.578	2.011	2.877	13.07	1.086	5.096	13.39	26.51	-0.06574	7.217	4.031	18.68	13.47	15.97	7.356	2.755	4	1.259	1.183	9.569	2.879	2.804	14.67	6.006	7.782	0.219	4.157	1.817	2.799	4.387	4.486	14.99	8.211	2.631	22.68	8.348	12.22	3.116	28.37	8.052	15.98	4.729	8.023	6.043	5.824	7.696	2.02	2.299	15.32	3.686	1.978	7.531	0.7254	8.439	3.114	1.363	13.41	10.03	5.74
12.81	1.35	21.02	21.02	7.68	0.5295	7.554	9.242	10.76	4.436	10.79	3.969	9.108	8.211	11.15	6.538	8.015	24.31	2.083	3.515	8.095	8.688	6.526	1.291	3.688	5.134	1.891	5.767	11.38	8.792	0.6962	3.44	13.48	23.64	9.002	11.23	26.31	11.14	3.136	7.218	18.68	7.45	2.031	2.881	12.93	1.039	5.035	13.28	26.25	-0.1256	7.141	4.011	18.47	13.32	15.8	7.241	2.727	3.926	1.267	1.185	9.483	2.905	2.767	14.54	5.929	7.694	0.08051	4.1	1.766	2.757	4.312	4.469	14.85	8.13	2.556	22.43	8.209	12.11	3.087	28.11	7.96	15.76	4.686	7.961	5.962	5.768	7.659	1.971	2.203	15.2	3.597	1.875	7.475	0.6538	8.337	3.053	1.313	13.32	9.923	5.689
12.66	1.367	20.73	20.79	7.622	0.3962	7.462	9.171	10.7	4.4	10.67	3.936	8.976	8.145	11.05	6.423	7.951	24.12	2.027	3.43	7.996	8.584	6.46	1.243	3.66	4.933	1.84	5.72	11.26	8.666	0.6724	3.449	13.39	23.42	8.941	11.07	26.04	10.87	3.119	7.132	18.48	7.323	2.051	2.885	12.78	0.9919	4.974	13.17	25.99	-0.1855	7.065	3.991	18.25	13.17	15.63	7.127	2.699	3.852	1.274	1.186	9.398	2.931	2.731	14.41	5.851	7.606	-0.05796	4.042	1.715	2.714	4.237	4.451	14.72	8.048	2.482	22.19	8.069	12	3.057	27.86	7.868	15.54	4.643	7.898	5.881	5.712	7.622	1.922	2.108	15.07	3.509	1.772	7.419	0.5823	8.235	2.991	1.263	13.22	9.819	5.638
12.51	1.384	20.43	20.55	7.563	0.2629	7.369	9.101	10.64	4.364	10.54	3.902	8.844	8.079	10.94	6.308	7.887	23.93	1.971	3.346	7.898	8.481	6.393	1.195	3.631	4.733	1.789	5.674	11.14	8.539	0.6487	3.458	13.3	23.2	8.88	10.9	25.78	10.59	3.102	7.047	18.27	7.195	2.07	2.889	12.64	0.9449	4.912	13.07	25.72	-0.2453	6.989	3.971	18.04	13.01	15.46	7.013	2.67	3.777	1.282	1.187	9.312	2.958	2.694	14.28	5.773	7.518	-0.1964	3.984	1.664	2.671	4.163	4.434	14.58	7.966	2.407	21.94	7.93	11.89	3.028	27.6	7.775	15.32	4.6	7.836	5.8	5.657	7.586	1.873	2.013	14.94	3.42	1.669	7.363	0.5107	8.133	2.929	1.213	13.12	9.716	5.586
12.36	1.401	20.14	20.32	7.505	0.1296	7.276	9.031	10.58	4.328	10.42	3.868	8.713	8.014	10.84	6.193	7.823	23.74	1.915	3.261	7.8	8.377	6.326	1.147	3.602	4.533	1.737	5.627	11.02	8.413	0.6249	3.467	13.2	22.98	8.819	10.74	25.52	10.32	3.085	6.961	18.07	7.068	2.09	2.893	12.49	0.8978	4.851	12.96	25.46	-0.3052	6.914	3.951	17.82	12.86	15.29	6.899	2.642	3.703	1.29	1.188	9.226	2.984	2.657	14.15	5.696	7.43	-0.3349	3.926	1.613	2.628	4.088	4.417	14.45	7.884	2.333	21.7	7.79	11.78	2.998	27.35	7.683	15.1	4.558	7.774	5.719	5.601	7.549	1.824	1.918	14.82	3.331	1.566	7.307	0.4392	8.032	2.868	1.163	13.02	9.613	5.535
12.21	1.417	19.85	20.09	7.446	-0.003736	7.183	8.96	10.51	4.292	10.29	3.834	8.581	7.948	10.74	6.078	7.759	23.54	1.859	3.176	7.701	8.273	6.26	1.099	3.573	4.332	1.686	5.581	10.9	8.286	0.6012	3.476	13.11	22.75	8.758	10.57	25.26	10.04	3.068	6.875	17.86	6.94	2.11	2.897	12.35	0.8508	4.79	12.85	25.2	-0.3651	6.838	3.931	17.61	12.71	15.12	6.785	2.614	3.629	1.298	1.189	9.141	3.01	2.62	14.02	5.618	7.342	-0.4734	3.869	1.562	2.585	4.013	4.399	14.31	7.803	2.258	21.45	7.651	11.67	2.969	27.1	7.591	14.88	4.515	7.712	5.637	5.545	7.512	1.775	1.823	14.69	3.242	1.463	7.251	0.3676	7.93	2.806	1.114	12.92	9.51	5.484
12.06	1.434	19.55	19.85	7.388	-0.137	7.091	8.89	10.45	4.256	10.17	3.8	8.449	7.882	10.64	5.962	7.696	23.35	1.804	3.091	7.603	8.17	6.193	1.051	3.544	4.132	1.634	5.534	10.78	8.159	0.5775	3.485	13.02	22.53	8.697	10.41	24.99	9.769	3.051	6.789	17.66	6.813	2.13	2.901	12.2	0.8038	4.728	12.74	24.94	-0.4249	6.762	3.911	17.39	12.56	14.95	6.67	2.586	3.554	1.306	1.19	9.055	3.036	2.583	13.89	5.541	7.254	-0.6119	3.811	1.512	2.542	3.939	4.382	14.18	7.721	2.183	21.21	7.511	11.56	2.939	26.84	7.499	14.66	4.472	7.649	5.556	5.489	7.476	1.726	1.728	14.56	3.153	1.36	7.195	0.2961	7.828	2.744	1.064	12.82	9.407	5.433
11.91	1.451	19.26	19.62	7.329	-0.2704	6.998	8.819	10.39	4.22	10.04	3.766	8.318	7.816	10.54	5.847	7.632	23.16	1.748	3.007	7.504	8.066	6.127	1.003	3.516	3.932	1.583	5.487	10.66	8.033	0.5537	3.493	12.92	22.31	8.636	10.25	24.73	9.494	3.034	6.703	17.46	6.685	2.149	2.905	12.06	0.7567	4.667	12.64	24.67	-0.4848	6.686	3.891	17.18	12.41	14.78	6.556	2.557	3.48	1.313	1.191	8.969	3.063	2.547	13.76	5.463	7.167	-0.7503	3.753	1.461	2.5	3.864	4.365	14.04	7.639	2.109	20.96	7.372	11.45	2.91	26.59	7.407	14.44	4.43	7.587	5.475	5.433	7.439	1.677	1.633	14.44	3.064	1.257	7.139	0.2245	7.727	2.683	1.014	12.72	9.303	5.381
11.77	1.468	18.97	19.38	7.271	-0.4037	6.905	8.749	10.32	4.184	9.915	3.732	8.186	7.75	10.44	5.732	7.568	22.96	1.692	2.922	7.406	7.962	6.06	0.9556	3.487	3.731	1.531	5.441	10.54	7.906	0.53	3.502	12.83	22.09	8.574	10.08	24.47	9.219	3.017	6.617	17.25	6.557	2.169	2.909	11.91	0.7097	4.606	12.53	24.41	-0.5447	6.61	3.871	16.96	12.26	14.61	6.442	2.529	3.405	1.321	1.192	8.883	3.089	2.51	13.63	5.385	7.079	-0.8888	3.695	1.41	2.457	3.789	4.347	13.91	7.557	2.034	20.72	7.232	11.34	2.88	26.33	7.314	14.22	4.387	7.525	5.394	5.377	7.402	1.628	1.538	14.31	2.976	1.154	7.083	0.153	7.625	2.621	0.9638	12.63	9.2	5.33
11.62	1.485	18.67	19.15	7.213	-0.537	6.813	8.678	10.26	4.149	9.789	3.698	8.054	7.684	10.34	5.617	7.504	22.77	1.636	2.837	7.307	7.859	5.993	0.9077	3.458	3.531	1.48	5.394	10.42	7.78	0.5062	3.511	12.74	21.87	8.513	9.917	24.21	8.944	3	6.531	17.05	6.43	2.189	2.914	11.77	0.6627	4.544	12.42	24.15	-0.6045	6.535	3.851	16.74	12.11	14.44	6.328	2.501	3.331	1.329	1.194	8.798	3.115	2.473	13.51	5.308	6.991	-1.027	3.638	1.359	2.414	3.715	4.33	13.77	7.476	1.959	20.47	7.093	11.23	2.851	26.08	7.222	14	4.344	7.463	5.313	5.321	7.365	1.58	1.443	14.19	2.887	1.05	7.028	0.08144	7.523	2.559	0.9139	12.53	9.097	5.279
11.47	1.501	18.38	18.92	7.154	-0.6703	6.72	8.608	10.2	4.113	9.664	3.665	7.923	7.618	10.24	5.502	7.44	22.58	1.58	2.753	7.209	7.755	5.927	0.8598	3.429	3.331	1.428	5.348	10.31	7.653	0.4825	3.52	12.65	21.65	8.452	9.753	23.95	8.669	2.983	6.445	16.84	6.302	2.209	2.918	11.62	0.6157	4.483	12.31	23.88	-0.6644	6.459	3.831	16.53	11.96	14.27	6.213	2.473	3.257	1.337	1.195	8.712	3.141	2.436	13.38	5.23	6.903	-1.166	3.58	1.308	2.371	3.64	4.313	13.63	7.394	1.885	20.23	6.953	11.12	2.821	25.83	7.13	13.78	4.301	7.401	5.232	5.265	7.329	1.531	1.348	14.06	2.798	0.9475	6.972	0.00989	7.421	2.498	0.864	12.43	8.994	5.227
11.32	1.518	18.09	18.68	7.096	-0.8036	6.627	8.537	10.13	4.077	9.538	3.631	7.791	7.553	10.14	5.387	7.377	22.39	1.525	2.668	7.11	7.651	5.86	0.8119	3.4	3.131	1.377	5.301	10.19	7.527	0.4587	3.529	12.55	21.43	8.391	9.588	23.68	8.394	2.966	6.359	16.64	6.175	2.228	2.922	11.48	0.5686	4.422	12.2	23.62	-0.7243	6.383	3.811	16.31	11.81	14.1	6.099	2.444	3.182	1.345	1.196	8.626	3.168	2.4	13.25	5.153	6.815	-1.304	3.522	1.257	2.328	3.565	4.295	13.5	7.312	1.81	19.98	6.814	11.01	2.792	25.57	7.038	13.56	4.259	7.338	5.151	5.209	7.292	1.482	1.253	13.93	2.709	0.8444	6.916	-0.06166	7.32	2.436	0.8141	12.33	8.89	5.176
11.17	1.535	17.79	18.45	7.037	-0.9369	6.534	8.467	10.07	4.041	9.413	3.597	7.659	7.487	10.04	5.272	7.313	22.19	1.469	2.583	7.012	7.548	5.794	0.764	3.372	2.93	1.325	5.255	10.07	7.4	0.435	3.538	12.46	21.2	8.33	9.424	23.42	8.119	2.949	6.273	16.43	6.047	2.248	2.926	11.33	0.5216	4.36	12.1	23.36	-0.7841	6.307	3.791	16.1	11.66	13.93	5.985	2.416	3.108	1.352	1.197	8.541	3.194	2.363	13.12	5.075	6.727	-1.443	3.464	1.207	2.285	3.491	4.278	13.36	7.23	1.735	19.74	6.674	10.9	2.762	25.32	6.946	13.34	4.216	7.276	5.07	5.153	7.255	1.433	1.158	13.81	2.62	0.7414	6.86	-0.1332	7.218	2.374	0.7642	12.23	8.787	5.125
11.02	1.552	17.5	18.21	6.979	-1.07	6.442	8.396	10.01	4.005	9.288	3.563	7.528	7.421	9.935	5.157	7.249	22	1.413	2.498	6.913	7.444	5.727	0.7162	3.343	2.73	1.274	5.208	9.947	7.274	0.4113	3.547	12.37	20.98	8.269	9.259	23.16	7.844	2.932	6.188	16.23	5.92	2.268	2.93	11.19	0.4746	4.299	11.99	23.1	-0.844	6.232	3.771	15.88	11.51	13.76	5.871	2.388	3.033	1.36	1.198	8.455	3.22	2.326	12.99	4.997	6.639	-1.581	3.406	1.156	2.243	3.416	4.261	13.23	7.149	1.661	19.49	6.535	10.79	2.732	25.06	6.853	13.12	4.173	7.214	4.988	5.097	7.219	1.384	1.062	13.68	2.531	0.6384	6.804	-0.2048	7.116	2.313	0.7143	12.13	8.684	5.074
10.87	1.568	17.21	17.98	6.92	-1.204	6.349	8.326	9.946	3.969	9.162	3.529	7.396	7.355	9.835	5.042	7.185	21.81	1.357	2.414	6.815	7.341	5.66	0.6683	3.314	2.53	1.222	5.161	9.827	7.147	0.3875	3.556	12.27	20.76	8.208	9.095	22.9	7.569	2.915	6.102	16.02	5.792	2.288	2.934	11.04	0.4275	4.238	11.88	22.83	-0.9039	6.156	3.751	15.67	11.36	13.59	5.757	2.359	2.959	1.368	1.199	8.369	3.247	2.289	12.86	4.92	6.551	-1.72	3.349	1.105	2.2	3.342	4.243	13.09	7.067	1.586	19.25	6.395	10.68	2.703	24.81	6.761	12.9	4.131	7.152	4.907	5.041	7.182	1.335	0.9674	13.55	2.442	0.5353	6.748	-0.2763	7.015	2.251	0.6644	12.04	8.581	5.022
10.72	1.585	16.92	17.75	6.862	-1.337	6.256	8.255	9.883	3.933	9.037	3.495	7.264	7.289	9.734	4.927	7.121	21.62	1.301	2.329	6.717	7.237	5.594	0.6204	3.285	2.329	1.171	5.115	9.708	7.02	0.3638	3.565	12.18	20.54	8.147	8.93	22.63	7.295	2.898	6.016	15.82	5.664	2.307	2.938	10.9	0.3805	4.176	11.77	22.57	-0.9638	6.08	3.73	15.45	11.21	13.42	5.642	2.331	2.885	1.376	1.2	8.283	3.273	2.252	12.73	4.842	6.463	-1.858	3.291	1.054	2.157	3.267	4.226	12.96	6.985	1.511	19	6.256	10.57	2.673	24.56	6.669	12.68	4.088	7.09	4.826	4.985	7.145	1.286	0.8723	13.43	2.354	0.4323	6.692	-0.3479	6.913	2.189	0.6144	11.94	8.478	4.971
10.57	1.602	16.62	17.51	6.803	-1.47	6.163	8.185	9.82	3.897	8.911	3.461	7.133	7.223	9.633	4.812	7.058	21.42	1.245	2.244	6.618	7.133	5.527	0.5725	3.257	2.129	1.12	5.068	9.588	6.894	0.34	3.574	12.09	20.32	8.086	8.766	22.37	7.02	2.881	5.93	15.62	5.537	2.327	2.942	10.75	0.3335	4.115	11.67	22.31	-1.024	6.004	3.71	15.24	11.05	13.25	5.528	2.303	2.81	1.384	1.201	8.198	3.299	2.216	12.6	4.764	6.375	-1.997	3.233	1.003	2.114	3.192	4.209	12.82	6.903	1.437	18.76	6.116	10.46	2.644	24.3	6.577	12.46	4.045	7.027	4.745	4.929	7.108	1.237	0.7772	13.3	2.265	0.3293	6.636	-0.4194	6.811	2.128	0.5645	11.84	8.374	4.92
10.42	1.619	16.33	17.28	6.745	-1.603	6.071	8.114	9.757	3.862	8.786	3.428	7.001	7.157	9.532	4.697	6.994	21.23	1.19	2.159	6.52	7.03	5.461	0.5246	3.228	1.929	1.068	5.022	9.468	6.767	0.3163	3.583	11.99	20.1	8.025	8.601	22.11	6.745	2.864	5.844	15.41	5.409	2.347	2.946	10.61	0.2864	4.054	11.56	22.05	-1.083	5.929	3.69	15.02	10.9	13.08	5.414	2.275	2.736	1.391	1.203	8.112	3.325	2.179	12.48	4.687	6.287	-2.135	3.175	0.9525	2.071	3.118	4.191	12.69	6.822	1.362	18.51	5.977	10.35	2.614	24.05	6.485	12.24	4.003	6.965	4.664	4.873	7.072	1.188	0.6821	13.17	2.176	0.2263	6.58	-0.491	6.71	2.066	0.5146	11.74	8.271	4.869
10.27	1.636	16.04	17.04	6.686	-1.737	5.978	8.044	9.694	3.826	8.66	3.394	6.869	7.091	9.431	4.582	6.93	21.04	1.134	2.075	6.421	6.926	5.394	0.4767	3.199	1.728	1.017	4.975	9.349	6.641	0.2925	3.592	11.9	19.87	7.964	8.437	21.85	6.47	2.847	5.758	15.21	5.282	2.367	2.95	10.46	0.2394	3.992	11.45	21.78	-1.143	5.853	3.67	14.8	10.75	12.91	5.3	2.246	2.662	1.399	1.204	8.026	3.352	2.142	12.35	4.609	6.199	-2.274	3.118	0.9016	2.028	3.043	4.174	12.55	6.74	1.287	18.27	5.837	10.24	2.585	23.79	6.392	12.02	3.96	6.903	4.583	4.817	7.035	1.14	0.587	13.05	2.087	0.1232	6.524	-0.5625	6.608	2.004	0.4647	11.64	8.168	4.817
10.12	1.652	15.74	16.81	6.628	-1.87	5.885	7.973	9.631	3.79	8.535	3.36	6.737	7.026	9.33	4.466	6.866	20.84	1.078	1.99	6.323	6.822	5.327	0.4289	3.17	1.528	0.9652	4.929	9.229	6.514	0.2688	3.601	11.81	19.65	7.902	8.273	21.59	6.195	2.83	5.672	15	5.154	2.386	2.955	10.31	0.1924	3.931	11.34	21.52	-1.203	5.777	3.65	14.59	10.6	12.74	5.185	2.218	2.587	1.407	1.205	7.94	3.378	2.105	12.22	4.532	6.111	-2.412	3.06	0.8508	1.986	2.968	4.157	12.42	6.658	1.213	18.02	5.698	10.13	2.555	23.54	6.3	11.8	3.917	6.841	4.502	4.761	6.998	1.091	0.4919	12.92	1.998	0.02019	6.468	-0.6341	6.506	1.943	0.4148	11.54	8.065	4.766
9.973	1.669	15.45	16.58	6.57	-2.003	5.793	7.903	9.568	3.754	8.409	3.326	6.606	6.96	9.229	4.351	6.802	20.65	1.022	1.905	6.224	6.719	5.261	0.381	3.141	1.328	0.9137	4.882	9.11	6.388	0.2451	3.609	11.72	19.43	7.841	8.108	21.32	5.92	2.813	5.586	14.8	5.027	2.406	2.959	10.17	0.1454	3.87	11.24	21.26	-1.263	5.701	3.63	14.37	10.45	12.57	5.071	2.19	2.513	1.415	1.206	7.855	3.404	2.069	12.09	4.454	6.023	-2.55	3.002	0.8	1.943	2.894	4.139	12.28	6.576	1.138	17.77	5.559	10.02	2.526	23.29	6.208	11.58	3.874	6.778	4.421	4.705	6.962	1.042	0.3969	12.79	1.909	-0.08284	6.412	-0.7056	6.404	1.881	0.3649	11.44	7.961	4.715
9.823	1.686	15.16	16.34	6.511	-2.137	5.7	7.832	9.505	3.718	8.284	3.292	6.474	6.894	9.128	4.236	6.739	20.46	0.9663	1.82	6.126	6.615	5.194	0.3331	3.113	1.127	0.8623	4.835	8.99	6.261	0.2213	3.618	11.62	19.21	7.78	7.944	21.06	5.645	2.796	5.5	14.59	4.899	2.426	2.963	10.02	0.09833	3.808	11.13	21	-1.323	5.626	3.61	14.16	10.3	12.4	4.957	2.162	2.438	1.423	1.207	7.769	3.431	2.032	11.96	4.376	5.935	-2.689	2.944	0.7492	1.9	2.819	4.122	12.14	6.495	1.063	17.53	5.419	9.914	2.496	23.03	6.116	11.36	3.832	6.716	4.339	4.649	6.925	0.9929	0.3018	12.67	1.821	-0.1859	6.357	-0.7772	6.303	1.819	0.315	11.35	7.858	4.664
9.674	1.703	14.86	16.11	6.453	-2.27	5.607	7.762	9.442	3.682	8.159	3.258	6.342	6.828	9.027	4.121	6.675	20.27	0.9105	1.736	6.027	6.511	5.128	0.2852	3.084	0.9269	0.8108	4.789	8.871	6.134	0.1976	3.627	11.53	18.99	7.719	7.779	20.8	5.37	2.779	5.414	14.39	4.771	2.446	2.967	9.879	0.0513	3.747	11.02	20.73	-1.383	5.55	3.59	13.94	10.15	12.23	4.843	2.133	2.364	1.43	1.208	7.683	3.457	1.995	11.83	4.299	5.847	-2.827	2.887	0.6983	1.857	2.744	4.105	12.01	6.413	0.9887	17.28	5.28	9.804	2.467	22.78	6.024	11.14	3.789	6.654	4.258	4.593	6.888	0.944	0.2067	12.54	1.732	-0.2889	6.301	-0.8487	6.201	1.758	0.2651	11.25	7.755	4.612
9.524	1.72	14.57	15.87	6.394	-2.403	5.514	7.691	9.378	3.646	8.033	3.224	6.211	6.762	8.926	4.006	6.611	20.07	0.8547	1.651	5.929	6.408	5.061	0.2373	3.055	0.7266	0.7594	4.742	8.751	6.008	0.1738	3.636	11.44	18.77	7.658	7.615	20.54	5.095	2.762	5.329	14.19	4.644	2.465	2.971	9.734	0.004276	3.686	10.91	20.47	-1.443	5.474	3.57	13.73	9.999	12.06	4.729	2.105	2.29	1.438	1.209	7.598	3.483	1.958	11.7	4.221	5.759	-2.966	2.829	0.6475	1.814	2.67	4.087	11.87	6.331	0.9141	17.04	5.14	9.694	2.437	22.52	5.931	10.92	3.746	6.592	4.177	4.537	6.851	0.8952	0.1116	12.41	1.643	-0.3919	6.245	-0.9203	6.099	1.696	0.2152	11.15	7.652	4.561
9.375	1.736	14.28	15.64	6.336	-2.537	5.422	7.621	9.315	3.61	7.908	3.19	6.079	6.696	8.826	3.891	6.547	19.88	0.7989	1.566	5.83	6.304	4.994	0.1894	3.026	0.5263	0.7079	4.696	8.631	5.881	0.1501	3.645	11.34	18.54	7.597	7.45	20.28	4.82	2.745	5.243	13.98	4.516	2.485	2.975	9.589	-0.04275	3.624	10.8	20.21	-1.503	5.398	3.55	13.51	9.848	11.89	4.614	2.077	2.215	1.446	1.211	7.512	3.509	1.922	11.57	4.144	5.672	-3.104	2.771	0.5967	1.771	2.595	4.07	11.74	6.249	0.8394	16.79	5.001	9.585	2.408	22.27	5.839	10.7	3.704	6.53	4.096	4.481	6.815	0.8463	0.01653	12.29	1.554	-0.495	6.189	-0.9918	5.998	1.634	0.1652	11.05	7.549	4.51
9.226	1.753	13.98	15.41	6.277	-2.67	5.329	7.55	9.252	3.575	7.782	3.157	5.947	6.63	8.725	3.776	6.483	19.69	0.7431	1.481	5.732	6.2	4.928	0.1416	2.997	0.326	0.6564	4.649	8.512	5.755	0.1264	3.654	11.25	18.32	7.536	7.286	20.01	4.546	2.728	5.157	13.78	4.389	2.505	2.979	9.444	-0.08978	3.563	10.7	19.94	-1.562	5.323	3.53	13.3	9.698	11.72	4.5	2.048	2.141	1.454	1.212	7.426	3.536	1.885	11.45	4.066	5.584	-3.243	2.713	0.5458	1.728	2.52	4.053	11.6	6.168	0.7648	16.55	4.861	9.475	2.378	22.02	5.747	10.48	3.661	6.467	4.015	4.425	6.778	0.7974	-0.07855	12.16	1.465	-0.598	6.133	-1.063	5.896	1.573	0.1153	10.95	7.445	4.459
9.076	1.77	13.69	15.17	6.219	-2.803	5.236	7.48	9.189	3.539	7.657	3.123	5.816	6.565	8.624	3.661	6.42	19.5	0.6873	1.397	5.634	6.097	4.861	0.09368	2.969	0.1256	0.605	4.603	8.392	5.628	0.1026	3.663	11.16	18.1	7.475	7.121	19.75	4.271	2.711	5.071	13.57	4.261	2.525	2.983	9.299	-0.1368	3.502	10.59	19.68	-1.622	5.247	3.51	13.08	9.547	11.55	4.386	2.02	2.067	1.462	1.213	7.34	3.562	1.848	11.32	3.988	5.496	-3.381	2.655	0.495	1.686	2.446	4.035	11.47	6.086	0.6901	16.3	4.722	9.365	2.349	21.76	5.655	10.26	3.618	6.405	3.934	4.369	6.741	0.7485	-0.1736	12.03	1.376	-0.701	6.077	-1.135	5.794	1.511	0.06542	10.85	7.342	4.407
8.927	1.787	13.4	14.94	6.16	-2.937	5.144	7.409	9.126	3.503	7.531	3.089	5.684	6.499	8.523	3.546	6.356	19.3	0.6314	1.312	5.535	5.993	4.795	0.04579	2.94	-0.07469	0.5535	4.556	8.273	5.502	0.07887	3.672	11.06	17.88	7.414	6.957	19.49	3.996	2.694	4.985	13.37	4.134	2.544	2.987	9.154	-0.1838	3.44	10.48	19.42	-1.682	5.171	3.49	12.86	9.396	11.38	4.272	1.992	1.992	1.469	1.214	7.255	3.588	1.811	11.19	3.911	5.408	-3.52	2.598	0.4442	1.643	2.371	4.018	11.33	6.004	0.6155	16.06	4.582	9.255	2.319	21.51	5.563	10.04	3.575	6.343	3.853	4.313	6.704	0.6996	-0.2687	11.91	1.287	-0.804	6.021	-1.206	5.692	1.449	0.01551	10.76	7.239	4.356
8.777	1.803	13.1	14.7	6.102	-3.07	5.051	7.339	9.063	3.467	7.406	3.055	5.552	6.433	8.422	3.431	6.292	19.11	0.5756	1.227	5.437	5.89	4.728	-0.00209	2.911	-0.275	0.5021	4.509	8.153	5.375	0.05512	3.681	10.97	17.66	7.353	6.792	19.23	3.721	2.677	4.899	13.16	4.006	2.564	2.991	9.009	-0.2309	3.379	10.37	19.16	-1.742	5.095	3.47	12.65	9.245	11.21	4.157	1.964	1.918	1.477	1.215	7.169	3.615	1.774	11.06	3.833	5.32	-3.658	2.54	0.3933	1.6	2.296	4.001	11.2	5.922	0.5408	15.81	4.443	9.145	2.289	21.25	5.47	9.823	3.533	6.281	3.772	4.258	6.668	0.6507	-0.3638	11.78	1.199	-0.9071	5.965	-1.278	5.591	1.388	-0.0344	10.66	7.136	4.305
8.628	1.82	12.81	14.47	6.043	-3.203	4.958	7.269	9	3.431	7.28	3.021	5.421	6.367	8.321	3.316	6.228	18.92	0.5198	1.142	5.338	5.786	4.661	-0.04997	2.882	-0.4753	0.4506	4.463	8.034	5.249	0.03138	3.69	10.88	17.44	7.292	6.628	18.96	3.446	2.66	4.813	12.96	3.878	2.584	2.996	8.863	-0.2779	3.318	10.27	18.89	-1.802	5.02	3.45	12.43	9.095	11.04	4.043	1.935	1.843	1.485	1.216	7.083	3.641	1.738	10.93	3.755	5.232	-3.797	2.482	0.3425	1.557	2.222	3.983	11.06	5.841	0.4662	15.57	4.303	9.035	2.26	21	5.378	9.603	3.49	6.219	3.69	4.202	6.631	0.6019	-0.4589	11.66	1.11	-1.01	5.909	-1.35	5.489	1.326	-0.08432	10.56	7.032	4.254
8.479	1.837	12.52	14.24	5.985	-3.336	4.865	7.198	8.937	3.395	7.155	2.987	5.289	6.301	8.22	3.201	6.164	18.72	0.464	1.058	5.24	5.682	4.595	-0.09786	2.854	-0.6757	0.3992	4.416	7.914	5.122	0.007638	3.699	10.79	17.22	7.23	6.463	18.7	3.171	2.643	4.727	12.76	3.751	2.604	3	8.718	-0.3249	3.256	10.16	18.63	-1.862	4.944	3.43	12.22	8.944	10.87	3.929	1.907	1.769	1.493	1.217	6.998	3.667	1.701	10.8	3.678	5.144	-3.935	2.424	0.2917	1.514	2.147	3.966	10.93	5.759	0.3915	15.32	4.164	8.926	2.23	20.75	5.286	9.383	3.447	6.156	3.609	4.146	6.594	0.553	-0.554	11.53	1.021	-1.113	5.853	-1.421	5.387	1.264	-0.1342	10.46	6.929	4.202
8.329	1.854	12.23	14	5.926	-3.47	4.773	7.128	8.874	3.359	7.03	2.953	5.157	6.235	8.119	3.086	6.101	18.53	0.4082	0.9729	5.141	5.579	4.528	-0.1457	2.825	-0.876	0.3477	4.37	7.795	4.995	-0.0161	3.708	10.69	16.99	7.169	6.299	18.44	2.896	2.626	4.641	12.55	3.623	2.623	3.004	8.573	-0.372	3.195	10.05	18.37	-1.922	4.868	3.41	12	8.793	10.7	3.815	1.879	1.695	1.5	1.218	6.912	3.693	1.664	10.67	3.6	5.056	-4.074	2.367	0.2409	1.471	2.072	3.949	10.79	5.677	0.3168	15.08	4.024	8.816	2.201	20.49	5.194	9.163	3.405	6.094	3.528	4.09	6.558	0.5041	-0.6491	11.4	0.9321	-1.216	5.797	-1.493	5.286	1.203	-0.1841	10.36	6.826	4.151
8.18	1.871	11.93	13.77	5.868	-3.603	4.68	7.057	8.811	3.323	6.904	2.92	5.026	6.169	8.018	2.97	6.037	18.34	0.3524	0.8882	5.043	5.475	4.461	-0.1936	2.796	-1.076	0.2962	4.323	7.675	4.869	-0.03985	3.716	10.6	16.77	7.108	6.135	18.18	2.621	2.609	4.555	12.35	3.496	2.643	3.008	8.428	-0.419	3.134	9.943	18.11	-1.982	4.792	3.389	11.79	8.642	10.53	3.701	1.851	1.62	1.508	1.22	6.826	3.72	1.627	10.54	3.523	4.968	-4.212	2.309	0.19	1.429	1.998	3.931	10.65	5.595	0.2422	14.83	3.885	8.706	2.171	20.24	5.102	8.943	3.362	6.032	3.447	4.034	6.521	0.4552	-0.7441	11.28	0.8432	-1.319	5.741	-1.564	5.184	1.141	-0.2341	10.26	6.723	4.1
8.031	1.887	11.64	13.53	5.81	-3.736	4.587	6.987	8.748	3.288	6.779	2.886	4.894	6.104	7.917	2.855	5.973	18.15	0.2965	0.8035	4.944	5.371	4.395	-0.2415	2.767	-1.277	0.2448	4.277	7.555	4.742	-0.06359	3.725	10.51	16.55	7.047	5.97	17.92	2.346	2.592	4.47	12.14	3.368	2.663	3.012	8.283	-0.466	3.072	9.835	17.84	-2.041	4.717	3.369	11.57	8.491	10.36	3.586	1.822	1.546	1.516	1.221	6.74	3.746	1.591	10.41	3.445	4.88	-4.351	2.251	0.1392	1.386	1.923	3.914	10.52	5.514	0.1675	14.59	3.745	8.596	2.142	19.98	5.009	8.723	3.319	5.97	3.366	3.978	6.484	0.4063	-0.8392	11.15	0.7544	-1.422	5.685	-1.636	5.082	1.079	-0.284	10.16	6.62	4.049
7.881	1.904	11.35	13.3	5.751	-3.87	4.495	6.916	8.685	3.252	6.653	2.852	4.762	6.038	7.817	2.74	5.909	17.95	0.2407	0.7187	4.846	5.268	4.328	-0.2894	2.738	-1.477	0.1933	4.23	7.436	4.616	-0.08733	3.734	10.41	16.33	6.986	5.806	17.65	2.072	2.575	4.384	11.94	3.241	2.683	3.016	8.138	-0.513	3.011	9.727	17.58	-2.101	4.641	3.349	11.36	8.341	10.19	3.472	1.794	1.471	1.524	1.222	6.655	3.772	1.554	10.29	3.367	4.792	-4.489	2.193	0.08837	1.343	1.849	3.897	10.38	5.432	0.09288	14.34	3.606	8.486	2.112	19.73	4.917	8.503	3.276	5.907	3.285	3.922	6.447	0.3574	-0.9343	11.02	0.6655	-1.525	5.63	-1.707	4.981	1.018	-0.3339	10.07	6.516	3.997
7.732	1.921	11.05	13.07	5.693	-4.003	4.402	6.846	8.622	3.216	6.528	2.818	4.631	5.972	7.716	2.625	5.845	17.76	0.1849	0.634	4.748	5.164	4.262	-0.3373	2.71	-1.677	0.1419	4.183	7.316	4.489	-0.1111	3.743	10.32	16.11	6.925	5.641	17.39	1.797	2.558	4.298	11.73	3.113	2.702	3.02	7.993	-0.5601	2.95	9.619	17.32	-2.161	4.565	3.329	11.14	8.19	10.02	3.358	1.766	1.397	1.532	1.223	6.569	3.799	1.517	10.16	3.29	4.704	-4.628	2.136	0.03754	1.3	1.774	3.879	10.25	5.35	0.01822	14.1	3.466	8.376	2.083	19.48	4.825	8.283	3.234	5.845	3.204	3.866	6.411	0.3085	-1.029	10.9	0.5767	-1.628	5.574	-1.779	4.879	0.9561	-0.3838	9.968	6.413	3.946
7.582	1.938	10.76	12.83	5.634	-4.136	4.309	6.775	8.559	3.18	6.402	2.784	4.499	5.906	7.615	2.51	5.782	17.57	0.1291	0.5492	4.649	5.06	4.195	-0.3852	2.681	-1.878	0.0904	4.137	7.197	4.363	-0.1348	3.752	10.23	15.89	6.864	5.477	17.13	1.522	2.541	4.212	11.53	2.985	2.722	3.024	7.847	-0.6071	2.888	9.512	17.05	-2.221	4.489	3.309	10.92	8.039	9.851	3.244	1.737	1.323	1.539	1.224	6.483	3.825	1.48	10.03	3.212	4.616	-4.766	2.078	-0.01329	1.257	1.699	3.862	10.11	5.268	-0.05643	13.85	3.327	8.267	2.053	19.22	4.733	8.064	3.191	5.783	3.123	3.81	6.374	0.2597	-1.124	10.77	0.4879	-1.731	5.518	-1.85	4.777	0.8945	-0.4337	9.869	6.31	3.895
7.433	1.954	10.47	12.6	5.576	-4.27	4.216	6.705	8.496	3.144	6.277	2.75	4.367	5.84	7.514	2.395	5.718	17.38	0.07328	0.4645	4.551	4.957	4.128	-0.433	2.652	-2.078	0.03894	4.09	7.077	4.236	-0.1586	3.761	10.13	15.66	6.803	5.312	16.87	1.247	2.524	4.126	11.32	2.858	2.742	3.028	7.702	-0.6541	2.827	9.404	16.79	-2.281	4.414	3.289	10.71	7.888	9.681	3.129	1.709	1.248	1.547	1.225	6.397	3.851	1.443	9.899	3.135	4.528	-4.905	2.02	-0.06412	1.214	1.625	3.845	9.977	5.187	-0.1311	13.61	3.188	8.157	2.024	18.97	4.641	7.844	3.148	5.721	3.042	3.754	6.337	0.2108	-1.22	10.64	0.399	-1.834	5.462	-1.922	4.675	0.8328	-0.4836	9.771	6.207	3.843
7.284	1.971	10.17	12.36	5.517	-4.403	4.124	6.634	8.433	3.108	6.151	2.716	4.236	5.774	7.413	2.28	5.654	17.18	0.01747	0.3797	4.452	4.853	4.062	-0.4809	2.623	-2.278	-0.01252	4.044	6.958	4.11	-0.1823	3.77	10.04	15.44	6.742	5.148	16.6	0.972	2.507	4.04	11.12	2.73	2.762	3.032	7.557	-0.7012	2.766	9.296	16.53	-2.341	4.338	3.269	10.49	7.738	9.511	3.015	1.681	1.174	1.555	1.226	6.312	3.877	1.407	9.771	3.057	4.44	-5.043	1.962	-0.115	1.172	1.55	3.827	9.841	5.105	-0.2057	13.36	3.048	8.047	1.994	18.71	4.548	7.624	3.106	5.659	2.96	3.698	6.301	0.1619	-1.315	10.52	0.3102	-1.937	5.406	-1.994	4.574	0.7712	-0.5335	9.672	6.104	3.792
7.134	1.988	9.88	12.13	5.459	-4.536	4.031	6.564	8.37	3.072	6.026	2.682	4.104	5.708	7.312	2.165	5.59	16.99	-0.03835	0.295	4.354	4.75	3.995	-0.5288	2.594	-2.479	-0.06398	3.997	6.838	3.983	-0.206	3.779	9.949	15.22	6.681	4.983	16.34	0.6971	2.49	3.954	10.92	2.603	2.781	3.036	7.412	-0.7482	2.704	9.189	16.27	-2.401	4.262	3.249	10.28	7.587	9.341	2.901	1.653	1.1	1.563	1.227	6.226	3.904	1.37	9.642	2.979	4.352	-5.181	1.904	-0.1658	1.129	1.475	3.81	9.706	5.023	-0.2804	13.12	2.909	7.937	1.965	18.46	4.456	7.404	3.063	5.596	2.879	3.642	6.264	0.113	-1.41	10.39	0.2213	-2.04	5.35	-2.065	4.472	0.7095	-0.5834	9.574	6	3.741
6.985	2.005	9.587	11.9	5.4	-4.67	3.938	6.493	8.307	3.036	5.901	2.649	3.972	5.642	7.211	2.05	5.526	16.8	-0.09417	0.2103	4.255	4.646	3.929	-0.5767	2.566	-2.679	-0.1154	3.951	6.718	3.856	-0.2298	3.788	9.856	15	6.619	4.819	16.08	0.4222	2.473	3.868	10.71	2.475	2.801	3.041	7.267	-0.7952	2.643	9.081	16	-2.46	4.186	3.229	10.06	7.436	9.171	2.787	1.624	1.025	1.571	1.229	6.14	3.93	1.333	9.513	2.902	4.265	-5.32	1.847	-0.2166	1.086	1.401	3.793	9.57	4.941	-0.355	12.87	2.769	7.827	1.935	18.21	4.364	7.184	3.02	5.534	2.798	3.586	6.227	0.06412	-1.505	10.26	0.1325	-2.143	5.294	-2.137	4.37	0.6478	-0.6333	9.475	5.897	3.69
6.835	2.022	9.294	11.66	5.342	-4.803	3.846	6.423	8.244	3.001	5.775	2.615	3.841	5.577	7.11	1.935	5.463	16.6	-0.15	0.1255	4.157	4.542	3.862	-0.6246	2.537	-2.879	-0.1669	3.904	6.599	3.73	-0.2535	3.797	9.763	14.78	6.558	4.654	15.82	0.1473	2.456	3.782	10.51	2.347	2.821	3.045	7.122	-0.8422	2.582	8.973	15.74	-2.52	4.111	3.209	9.846	7.285	9.001	2.673	1.596	0.9508	1.578	1.23	6.055	3.956	1.296	9.384	2.824	4.177	-5.458	1.789	-0.2674	1.043	1.326	3.775	9.435	4.86	-0.4297	12.63	2.63	7.717	1.906	17.95	4.272	6.964	2.977	5.472	2.717	3.53	6.19	0.01523	-1.6	10.14	0.04363	-2.246	5.238	-2.208	4.269	0.5862	-0.6833	9.377	5.794	3.638
6.686	2.038	9.001	11.43	5.283	-4.936	3.753	6.352	8.181	2.965	5.65	2.581	3.709	5.511	7.009	1.82	5.399	16.41	-0.2058	0.04078	4.058	4.439	3.795	-0.6725	2.508	-3.08	-0.2184	3.857	6.479	3.603	-0.2773	3.806	9.67	14.56	6.497	4.49	15.56	-0.1276	2.439	3.696	10.3	2.22	2.841	3.049	6.977	-0.8893	2.52	8.865	15.48	-2.58	4.035	3.189	9.631	7.135	8.832	2.558	1.568	0.8764	1.586	1.231	5.969	3.983	1.26	9.255	2.746	4.089	-5.597	1.731	-0.3183	1	1.251	3.758	9.299	4.778	-0.5044	12.38	2.49	7.608	1.876	17.7	4.18	6.744	2.935	5.41	2.636	3.474	6.154	-0.03365	-1.695	10.01	-0.04521	-2.35	5.182	-2.28	4.167	0.5245	-0.7332	9.278	5.691	3.587
6.537	2.055	8.707	11.19	5.225	-5.069	3.66	6.282	8.118	2.929	5.524	2.547	3.577	5.445	6.908	1.705	5.335	16.22	-0.2616	-0.04396	3.96	4.335	3.729	-0.7203	2.479	-3.28	-0.2698	3.811	6.36	3.477	-0.301	3.815	9.577	14.34	6.436	4.325	15.29	-0.4025	2.422	3.611	10.1	2.092	2.86	3.053	6.831	-0.9363	2.459	8.758	15.22	-2.64	3.959	3.169	9.415	6.984	8.662	2.444	1.54	0.802	1.594	1.232	5.883	4.009	1.223	9.127	2.669	4.001	-5.735	1.673	-0.3691	0.9574	1.177	3.741	9.164	4.696	-0.579	12.14	2.351	7.498	1.846	17.44	4.087	6.524	2.892	5.348	2.555	3.418	6.117	-0.08253	-1.79	9.884	-0.1341	-2.453	5.126	-2.351	4.065	0.4629	-0.7831	9.18	5.587	3.536
6.387	2.072	8.414	10.96	5.167	-5.203	3.567	6.211	8.055	2.893	5.399	2.513	3.445	5.379	6.808	1.59	5.271	16.03	-0.3174	-0.1287	3.861	4.231	3.662	-0.7682	2.45	-3.48	-0.3213	3.764	6.24	3.35	-0.3248	3.824	9.484	14.11	6.375	4.161	15.03	-0.6774	2.405	3.525	9.894	1.965	2.88	3.057	6.686	-0.9833	2.398	8.65	14.95	-2.7	3.883	3.149	9.199	6.833	8.492	2.33	1.511	0.7276	1.602	1.233	5.797	4.035	1.186	8.998	2.591	3.913	-5.874	1.616	-0.4199	0.9146	1.102	3.723	9.028	4.614	-0.6537	11.89	2.211	7.388	1.817	17.19	3.995	6.304	2.849	5.285	2.474	3.362	6.08	-0.1314	-1.885	9.758	-0.2229	-2.556	5.07	-2.423	3.964	0.4012	-0.833	9.081	5.484	3.485
6.238	2.089	8.121	10.73	5.108	-5.336	3.475	6.141	7.992	2.857	5.273	2.479	3.314	5.313	6.707	1.474	5.207	15.83	-0.3733	-0.2134	3.763	4.128	3.596	-0.8161	2.422	-3.681	-0.3727	3.718	6.121	3.224	-0.3485	3.832	9.391	13.89	6.314	3.997	14.77	-0.9523	2.388	3.439	9.69	1.837	2.9	3.061	6.541	-1.03	2.336	8.542	14.69	-2.76	3.808	3.129	8.984	6.682	8.322	2.216	1.483	0.6532	1.61	1.234	5.712	4.061	1.149	8.869	2.514	3.825	-6.012	1.558	-0.4708	0.8718	1.027	3.706	8.893	4.533	-0.7283	11.65	2.072	7.278	1.787	16.94	3.903	6.085	2.807	5.223	2.393	3.306	6.044	-0.1803	-1.98	9.631	-0.3117	-2.659	5.014	-2.494	3.862	0.3395	-0.8829	8.983	5.381	3.433
6.089	2.105	7.828	10.49	5.05	-5.469	3.382	6.07	7.929	2.821	5.148	2.445	3.182	5.247	6.606	1.359	5.144	15.64	-0.4291	-0.2982	3.665	4.024	3.529	-0.864	2.393	-3.881	-0.4242	3.671	6.001	3.097	-0.3722	3.841	9.298	13.67	6.253	3.832	14.51	-1.227	2.371	3.353	9.485	1.71	2.92	3.065	6.396	-1.077	2.275	8.434	14.43	-2.82	3.732	3.109	8.768	6.532	8.152	2.101	1.455	0.5788	1.617	1.235	5.626	4.088	1.112	8.74	2.436	3.737	-6.151	1.5	-0.5216	0.8289	0.9527	3.689	8.757	4.451	-0.803	11.4	1.932	7.168	1.758	16.68	3.811	5.865	2.764	5.161	2.311	3.25	6.007	-0.2292	-2.075	9.505	-0.4006	-2.762	4.959	-2.566	3.76	0.2779	-0.9328	8.884	5.278	3.382
5.939	2.122	7.535	10.26	4.991	-5.603	3.289	6	7.866	2.785	5.022	2.412	3.05	5.181	6.505	1.244	5.08	15.45	-0.4849	-0.3829	3.566	3.92	3.462	-0.9119	2.364	-4.081	-0.4757	3.625	5.882	2.97	-0.396	3.85	9.205	13.45	6.192	3.668	14.25	-1.502	2.354	3.267	9.281	1.582	2.939	3.069	6.251	-1.124	2.214	8.327	14.17	-2.88	3.656	3.089	8.553	6.381	7.982	1.987	1.426	0.5045	1.625	1.236	5.54	4.114	1.076	8.611	2.358	3.649	-6.289	1.442	-0.5724	0.7861	0.8781	3.671	8.622	4.369	-0.8776	11.16	1.793	7.058	1.728	16.43	3.719	5.645	2.721	5.099	2.23	3.194	5.97	-0.2781	-2.17	9.378	-0.4894	-2.865	4.903	-2.637	3.658	0.2162	-0.9827	8.786	5.175	3.331
5.79	2.139	7.242	10.02	4.933	-5.736	3.197	5.929	7.803	2.749	4.897	2.378	2.919	5.116	6.404	1.129	5.016	15.26	-0.5407	-0.4677	3.468	3.817	3.396	-0.9598	2.335	-4.281	-0.5271	3.578	5.762	2.844	-0.4197	3.859	9.112	13.23	6.131	3.503	13.98	-1.777	2.337	3.181	9.077	1.454	2.959	3.073	6.106	-1.171	2.152	8.219	13.9	-2.939	3.58	3.069	8.337	6.23	7.812	1.873	1.398	0.4301	1.633	1.238	5.455	4.14	1.039	8.483	2.281	3.561	-6.428	1.385	-0.6233	0.7433	0.8034	3.654	8.486	4.287	-0.9523	10.91	1.653	6.949	1.699	16.17	3.626	5.425	2.679	5.036	2.149	3.138	5.933	-0.327	-2.265	9.252	-0.5783	-2.968	4.847	-2.709	3.557	0.1546	-1.033	8.687	5.071	3.28
5.64	2.156	6.949	9.79	4.874	-5.869	3.104	5.859	7.74	2.714	4.772	2.344	2.787	5.05	6.303	1.014	4.952	15.06	-0.5965	-0.5524	3.369	3.713	3.329	-1.008	2.307	-4.482	-0.5786	3.532	5.642	2.717	-0.4435	3.868	9.019	13.01	6.07	3.339	13.72	-2.052	2.32	3.095	8.872	1.327	2.979	3.077	5.961	-1.218	2.091	8.111	13.64	-2.999	3.505	3.048	8.122	6.079	7.642	1.759	1.37	0.3557	1.641	1.239	5.369	4.167	1.002	8.354	2.203	3.473	-6.566	1.327	-0.6741	0.7004	0.7288	3.637	8.351	4.206	-1.027	10.67	1.514	6.839	1.669	15.92	3.534	5.205	2.636	4.974	2.068	3.082	5.897	-0.3758	-2.361	9.125	-0.6671	-3.071	4.791	-2.781	3.455	0.0929	-1.083	8.589	4.968	3.228
5.491	2.173	6.655	9.556	4.816	-6.003	3.011	5.788	7.677	2.678	4.646	2.31	2.655	4.984	6.202	0.8991	4.888	14.87	-0.6523	-0.6372	3.271	3.609	3.263	-1.056	2.278	-4.682	-0.63	3.485	5.523	2.591	-0.4672	3.877	8.926	12.78	6.009	3.174	13.46	-2.327	2.303	3.009	8.668	1.199	2.999	3.082	5.815	-1.266	2.03	8.004	13.38	-3.059	3.429	3.028	7.906	5.928	7.472	1.645	1.342	0.2813	1.649	1.24	5.283	4.193	0.9653	8.225	2.126	3.385	-6.705	1.269	-0.7249	0.6576	0.6541	3.619	8.215	4.124	-1.102	10.42	1.374	6.729	1.64	15.67	3.442	4.985	2.593	4.912	1.987	3.026	5.86	-0.4247	-2.456	8.999	-0.756	-3.174	4.735	-2.852	3.353	0.03125	-1.132	8.49	4.865	3.177
5.342	2.189	6.362	9.322	4.757	-6.136	2.918	5.718	7.614	2.642	4.521	2.276	2.524	4.918	6.101	0.784	4.825	14.68	-0.7082	-0.7219	3.172	3.506	3.196	-1.103	2.249	-4.882	-0.6815	3.438	5.403	2.464	-0.491	3.886	8.833	12.56	5.947	3.01	13.2	-2.602	2.286	2.923	8.464	1.072	3.018	3.086	5.67	-1.313	1.969	7.896	13.11	-3.119	3.353	3.008	7.69	5.778	7.302	1.53	1.313	0.2069	1.656	1.241	5.197	4.219	0.9286	8.096	2.048	3.297	-6.843	1.211	-0.7757	0.6148	0.5795	3.602	8.08	4.042	-1.176	10.18	1.235	6.619	1.61	15.41	3.35	4.765	2.55	4.85	1.906	2.97	5.823	-0.4736	-2.551	8.872	-0.8448	-3.277	4.679	-2.924	3.252	-0.03041	-1.182	8.392	4.762	3.126
5.192	2.206	6.069	9.088	4.699	-6.269	2.826	5.647	7.551	2.606	4.395	2.242	2.392	4.852	6	0.6689	4.761	14.48	-0.764	-0.8066	3.074	3.402	3.129	-1.151	2.22	-5.083	-0.7329	3.392	5.284	2.338	-0.5147	3.895	8.74	12.34	5.886	2.845	12.93	-2.877	2.269	2.837	8.259	0.9442	3.038	3.09	5.525	-1.36	1.907	7.788	12.85	-3.179	3.277	2.988	7.475	5.627	7.132	1.416	1.285	0.1325	1.664	1.242	5.112	4.245	0.8918	7.967	1.97	3.209	-6.982	1.153	-0.8266	0.5719	0.5048	3.585	7.944	3.961	-1.251	9.932	1.095	6.509	1.581	15.16	3.258	4.545	2.508	4.788	1.825	2.914	5.786	-0.5225	-2.646	8.746	-0.9337	-3.38	4.623	-2.995	3.15	-0.09207	-1.232	8.294	4.658	3.075
5.043	2.223	5.776	8.854	4.64	-6.403	2.733	5.577	7.488	2.57	4.27	2.208	2.26	4.786	5.899	0.5539	4.697	14.29	-0.8198	-0.8914	2.975	3.299	3.063	-1.199	2.191	-5.283	-0.7844	3.345	5.164	2.211	-0.5384	3.904	8.647	12.12	5.825	2.681	12.67	-3.151	2.253	2.751	8.055	0.8166	3.058	3.094	5.38	-1.407	1.846	7.68	12.59	-3.239	3.201	2.968	7.259	5.476	6.962	1.302	1.257	0.05815	1.672	1.243	5.026	4.272	0.855	7.839	1.893	3.121	-7.12	1.096	-0.8774	0.5291	0.4302	3.567	7.809	3.879	-1.326	9.687	0.9559	6.399	1.551	14.9	3.165	4.325	2.465	4.725	1.744	2.859	5.75	-0.5714	-2.741	8.619	-1.023	-3.483	4.567	-3.067	3.048	-0.1537	-1.282	8.195	4.555	3.023
4.893	2.24	5.483	8.62	4.582	-6.536	2.64	5.506	7.425	2.534	4.144	2.174	2.129	4.72	5.799	0.4388	4.633	14.1	-0.8756	-0.9761	2.877	3.195	2.996	-1.247	2.163	-5.483	-0.8359	3.299	5.045	2.085	-0.5622	3.913	8.554	11.9	5.764	2.516	12.41	-3.426	2.236	2.666	7.851	0.689	3.078	3.098	5.235	-1.454	1.785	7.573	12.33	-3.299	3.126	2.948	7.044	5.325	6.792	1.188	1.229	-0.01623	1.68	1.244	4.94	4.298	0.8182	7.71	1.815	3.033	-7.259	1.038	-0.9282	0.4862	0.3555	3.55	7.673	3.797	-1.4	9.442	0.8165	6.29	1.522	14.65	3.073	4.106	2.422	4.663	1.662	2.803	5.713	-0.6203	-2.836	8.493	-1.111	-3.586	4.511	-3.138	2.946	-0.2154	-1.332	8.097	4.452	2.972
4.744	2.256	5.19	8.386	4.523	-6.669	2.548	5.436	7.362	2.498	4.019	2.141	1.997	4.654	5.698	0.3237	4.569	13.91	-0.9314	-1.061	2.778	3.091	2.93	-1.295	2.134	-5.684	-0.8873	3.252	4.925	1.958	-0.5859	3.922	8.461	11.68	5.703	2.352	12.15	-3.701	2.219	2.58	7.646	0.5614	3.097	3.102	5.09	-1.501	1.723	7.465	12.06	-3.358	3.05	2.928	6.828	5.175	6.623	1.073	1.2	-0.09061	1.688	1.246	4.854	4.324	0.7815	7.581	1.737	2.945	-7.397	0.9802	-0.9791	0.4434	0.2809	3.533	7.538	3.715	-1.475	9.197	0.677	6.18	1.492	14.4	2.981	3.886	2.38	4.601	1.581	2.747	5.676	-0.6692	-2.931	8.366	-1.2	-3.689	4.455	-3.21	2.845	-0.277	-1.382	7.998	4.349	2.921
4.595	2.273	4.897	8.152	4.465	-6.802	2.455	5.366	7.299	2.462	3.893	2.107	1.865	4.589	5.597	0.2086	4.506	13.71	-0.9872	-1.146	2.68	2.988	2.863	-1.343	2.105	-5.884	-0.9388	3.206	4.805	1.831	-0.6097	3.931	8.368	11.46	5.642	2.187	11.89	-3.976	2.202	2.494	7.442	0.4339	3.117	3.106	4.945	-1.548	1.662	7.357	11.8	-3.418	2.974	2.908	6.613	5.024	6.453	0.9592	1.172	-0.165	1.695	1.247	4.769	4.351	0.7447	7.452	1.66	2.857	-7.536	0.9224	-1.03	0.4006	0.2062	3.515	7.402	3.634	-1.55	8.952	0.5375	6.07	1.462	14.14	2.889	3.666	2.337	4.539	1.5	2.691	5.64	-0.718	-3.026	8.24	-1.289	-3.792	4.399	-3.281	2.743	-0.3387	-1.432	7.9	4.246	2.87
4.445	2.29	4.603	7.918	4.407	-6.936	2.362	5.295	7.236	2.427	3.768	2.073	1.734	4.523	5.496	0.09355	4.442	13.52	-1.043	-1.23	2.582	2.884	2.796	-1.391	2.076	-6.084	-0.9902	3.159	4.686	1.705	-0.6334	3.94	8.275	11.23	5.581	2.023	11.62	-4.251	2.185	2.408	7.237	0.3063	3.137	3.11	4.799	-1.595	1.601	7.249	11.54	-3.478	2.898	2.888	6.397	4.873	6.283	0.845	1.144	-0.2394	1.703	1.248	4.683	4.377	0.7079	7.323	1.582	2.77	-7.674	0.8646	-1.081	0.3577	0.1316	3.498	7.267	3.552	-1.624	8.707	0.3981	5.96	1.433	13.89	2.797	3.446	2.294	4.477	1.419	2.635	5.603	-0.7669	-3.121	8.113	-1.378	-3.895	4.343	-3.353	2.641	-0.4004	-1.482	7.801	4.142	2.818
4.296	2.307	4.31	7.684	4.348	-7.069	2.269	5.225	7.173	2.391	3.643	2.039	1.602	4.457	5.395	-0.02152	4.378	13.33	-1.099	-1.315	2.483	2.78	2.73	-1.439	2.047	-6.285	-1.042	3.112	4.566	1.578	-0.6572	3.948	8.182	11.01	5.52	1.859	11.36	-4.526	2.168	2.322	7.033	0.1787	3.156	3.114	4.654	-1.642	1.539	7.142	11.28	-3.538	2.823	2.868	6.181	4.722	6.113	0.7308	1.115	-0.3138	1.711	1.249	4.597	4.403	0.6711	7.195	1.505	2.682	-7.813	0.8069	-1.132	0.3149	0.0569	3.481	7.131	3.47	-1.699	8.462	0.2586	5.85	1.403	13.63	2.704	3.226	2.251	4.414	1.338	2.579	5.566	-0.8158	-3.216	7.987	-1.467	-3.998	4.288	-3.425	2.54	-0.462	-1.532	7.703	4.039	2.767
4.147	2.324	4.017	7.45	4.29	-7.202	2.177	5.154	7.11	2.355	3.517	2.005	1.47	4.391	5.294	-0.1366	4.314	13.14	-1.155	-1.4	2.385	2.677	2.663	-1.486	2.019	-6.485	-1.093	3.066	4.447	1.452	-0.6809	3.957	8.089	10.79	5.459	1.694	11.1	-4.801	2.151	2.236	6.829	0.05115	3.176	3.118	4.509	-1.689	1.478	7.034	11.01	-3.598	2.747	2.848	5.966	4.572	5.943	0.6166	1.087	-0.3881	1.719	1.25	4.512	4.429	0.6344	7.066	1.427	2.594	-7.951	0.7491	-1.182	0.2721	-0.01775	3.463	6.996	3.388	-1.773	8.217	0.1191	5.74	1.374	13.38	2.612	3.006	2.209	4.352	1.257	2.523	5.529	-0.8647	-3.311	7.86	-1.556	-4.101	4.232	-3.496	2.438	-0.5237	-1.582	7.604	3.936	2.716
3.997	2.34	3.724	7.216	4.231	-7.336	2.084	5.084	7.047	2.319	3.392	1.971	1.339	4.325	5.193	-0.2517	4.25	12.94	-1.211	-1.485	2.286	2.573	2.597	-1.534	1.99	-6.685	-1.145	3.019	4.327	1.325	-0.7046	3.966	7.996	10.57	5.398	1.53	10.84	-5.076	2.134	2.15	6.624	-0.07642	3.196	3.123	4.364	-1.736	1.417	6.926	10.75	-3.658	2.671	2.828	5.75	4.421	5.773	0.5023	1.059	-0.4625	1.726	1.251	4.426	4.456	0.5976	6.937	1.349	2.506	-8.089	0.6913	-1.233	0.2292	-0.0924	3.446	6.86	3.307	-1.848	7.972	-0.02037	5.631	1.344	13.13	2.52	2.786	2.166	4.29	1.176	2.467	5.493	-0.9136	-3.406	7.734	-1.644	-4.204	4.176	-3.568	2.336	-0.5853	-1.632	7.506	3.833	2.665
3.848	2.357	3.431	6.982	4.173	-7.469	1.991	5.013	6.984	2.283	3.266	1.937	1.207	4.259	5.092	-0.3668	4.187	12.75	-1.266	-1.569	2.188	2.469	2.53	-1.582	1.961	-6.886	-1.196	2.973	4.208	1.199	-0.7284	3.975	7.903	10.35	5.337	1.365	10.57	-5.351	2.117	2.064	6.42	-0.204	3.216	3.127	4.219	-1.783	1.355	6.819	10.49	-3.718	2.595	2.808	5.535	4.27	5.603	0.3881	1.031	-0.5369	1.734	1.252	4.34	4.482	0.5608	6.808	1.272	2.418	-8.228	0.6336	-1.284	0.1864	-0.167	3.429	6.725	3.225	-1.923	7.726	-0.1598	5.521	1.315	12.87	2.428	2.566	2.123	4.228	1.095	2.411	5.456	-0.9625	-3.502	7.607	-1.733	-4.307	4.12	-3.639	2.235	-0.647	-1.681	7.407	3.729	2.613
3.698	2.374	3.138	6.748	4.114	-7.602	1.899	4.943	6.921	2.247	3.141	1.903	1.075	4.193	4.991	-0.4818	4.123	12.56	-1.322	-1.654	2.089	2.366	2.463	-1.63	1.932	-7.086	-1.248	2.926	4.088	1.072	-0.7521	3.984	7.81	10.13	5.275	1.201	10.31	-5.626	2.1	1.978	6.216	-0.3316	3.235	3.131	4.074	-1.83	1.294	6.711	10.22	-3.778	2.52	2.788	5.319	4.119	5.433	0.2739	1.002	-0.6113	1.742	1.253	4.254	4.508	0.524	6.679	1.194	2.33	-8.366	0.5758	-1.335	0.1436	-0.2417	3.411	6.589	3.143	-1.997	7.481	-0.2993	5.411	1.285	12.62	2.336	2.346	2.081	4.165	1.013	2.355	5.419	-1.011	-3.597	7.481	-1.822	-4.41	4.064	-3.711	2.133	-0.7087	-1.731	7.309	3.626	2.562
3.549	2.391	2.845	6.514	4.056	-7.736	1.806	4.872	6.858	2.211	3.015	1.87	0.9435	4.128	4.89	-0.5969	4.059	12.36	-1.378	-1.739	1.991	2.262	2.397	-1.678	1.904	-7.286	-1.299	2.88	3.968	0.9455	-0.7759	3.993	7.717	9.905	5.214	1.036	10.05	-5.9	2.083	1.892	6.011	-0.4591	3.255	3.135	3.929	-1.877	1.233	6.603	9.962	-3.837	2.444	2.768	5.104	3.969	5.263	0.1597	0.9741	-0.6857	1.75	1.255	4.169	4.535	0.4873	6.551	1.117	2.242	-8.505	0.518	-1.386	0.1007	-0.3163	3.394	6.454	3.061	-2.072	7.236	-0.4388	5.301	1.256	12.36	2.243	2.127	2.038	4.103	0.9323	2.299	5.383	-1.06	-3.692	7.354	-1.911	-4.513	4.008	-3.782	2.031	-0.7703	-1.781	7.21	3.523	2.511
3.4	2.407	2.551	6.28	3.997	-7.869	1.713	4.802	6.795	2.175	2.89	1.836	0.8119	4.062	4.79	-0.712	3.995	12.17	-1.434	-1.824	1.892	2.159	2.33	-1.726	1.875	-7.487	-1.35	2.833	3.849	0.819	-0.7996	4.002	7.624	9.683	5.153	0.8718	9.788	-6.175	2.066	1.807	5.807	-0.5867	3.275	3.139	3.784	-1.924	1.171	6.495	9.699	-3.897	2.368	2.748	4.888	3.818	5.093	0.04545	0.9458	-0.7601	1.758	1.256	4.083	4.561	0.4505	6.422	1.039	2.154	-8.643	0.4602	-1.437	0.05788	-0.391	3.377	6.318	2.98	-2.147	6.991	-0.5783	5.191	1.226	12.11	2.151	1.907	1.995	4.041	0.8512	2.243	5.346	-1.109	-3.787	7.228	-2	-4.616	3.952	-3.854	1.929	-0.832	-1.831	7.112	3.42	2.459
3.25	2.424	2.258	6.046	3.939	-8.002	1.62	4.731	6.732	2.14	2.764	1.802	0.6802	3.996	4.689	-0.8271	3.931	11.98	-1.49	-1.908	1.794	2.055	2.264	-1.774	1.846	-7.687	-1.402	2.786	3.729	0.6924	-0.8234	4.011	7.531	9.461	5.092	0.7073	9.526	-6.45	2.049	1.721	5.603	-0.7143	3.295	3.143	3.638	-1.971	1.11	6.388	9.437	-3.957	2.292	2.728	4.672	3.667	4.923	-0.06877	0.9175	-0.8344	1.765	1.257	3.997	4.587	0.4137	6.293	0.9613	2.066	-8.782	0.4025	-1.487	0.01504	-0.4656	3.359	6.183	2.898	-2.221	6.746	-0.7177	5.081	1.197	11.86	2.059	1.687	1.952	3.979	0.7701	2.187	5.309	-1.158	-3.882	7.101	-2.089	-4.719	3.896	-3.925	1.828	-0.8936	-1.881	7.013	3.317	2.408
3.101	2.441	1.965	5.812	3.88	-8.135	1.528	4.661	6.669	2.104	2.639	1.768	0.5485	3.93	4.588	-0.9421	3.868	11.79	-1.545	-1.993	1.696	1.951	2.197	-1.822	1.817	-7.887	-1.453	2.74	3.61	0.5658	-0.8471	4.02	7.438	9.24	5.031	0.5429	9.264	-6.725	2.032	1.635	5.398	-0.8419	3.314	3.147	3.493	-2.018	1.049	6.28	9.174	-4.017	2.217	2.707	4.457	3.516	4.753	-0.183	0.8893	-0.9088	1.773	1.258	3.912	4.613	0.3769	6.164	0.8837	1.978	-8.92	0.3447	-1.538	-0.02779	-0.5403	3.342	6.047	2.816	-2.296	6.501	-0.8572	4.972	1.167	11.6	1.967	1.467	1.91	3.917	0.689	2.131	5.272	-1.207	-3.977	6.975	-2.177	-4.822	3.84	-3.997	1.726	-0.9553	-1.931	6.915	3.213	2.357
2.951	2.458	1.672	5.578	3.822	-8.269	1.435	4.59	6.606	2.068	2.514	1.734	0.4168	3.864	4.487	-1.057	3.804	11.59	-1.601	-2.078	1.597	1.848	2.13	-1.87	1.788	-8.088	-1.505	2.693	3.49	0.4393	-0.8708	4.029	7.345	9.018	4.97	0.3784	9.002	-7	2.015	1.549	5.194	-0.9694	3.334	3.151	3.348	-2.065	0.9872	6.172	8.911	-4.077	2.141	2.687	4.241	3.365	4.583	-0.2972	0.861	-0.9832	1.781	1.259	3.826	4.64	0.3401	6.035	0.8061	1.89	-9.059	0.2869	-1.589	-0.07063	-0.615	3.325	5.912	2.734	-2.371	6.256	-0.9967	4.862	1.138	11.35	1.875	1.247	1.867	3.854	0.6078	2.075	5.236	-1.256	-4.072	6.848	-2.266	-4.925	3.784	-4.069	1.624	-1.017	-1.981	6.816	3.11	2.306
2.802	2.475	1.379	5.344	3.764	-8.402	1.342	4.52	6.543	2.032	2.388	1.7	0.2851	3.798	4.386	-1.172	3.74	11.4	-1.657	-2.163	1.499	1.744	2.064	-1.917	1.76	-8.288	-1.556	2.647	3.371	0.3127	-0.8946	4.038	7.252	8.797	4.909	0.2139	8.74	-7.275	1.998	1.463	4.99	-1.097	3.354	3.155	3.203	-2.112	0.9259	6.064	8.648	-4.137	2.065	2.667	4.026	3.215	4.414	-0.4114	0.8327	-1.058	1.789	1.26	3.74	4.666	0.3034	5.906	0.7284	1.802	-9.197	0.2292	-1.64	-0.1135	-0.6896	3.307	5.776	2.653	-2.445	6.011	-1.136	4.752	1.108	11.09	1.782	1.027	1.824	3.792	0.5267	2.019	5.199	-1.305	-4.167	6.722	-2.355	-5.028	3.728	-4.14	1.523	-1.079	-2.031	6.718	3.007	2.254
2.653	2.491	1.086	5.11	3.705	-8.535	1.25	4.449	6.48	1.996	2.263	1.666	0.1535	3.732	4.285	-1.287	3.676	11.21	-1.713	-2.247	1.4	1.64	1.997	-1.965	1.731	-8.488	-1.608	2.6	3.251	0.1862	-0.9183	4.047	7.159	8.575	4.848	0.04948	8.477	-7.55	1.981	1.377	4.785	-1.225	3.374	3.159	3.058	-2.159	0.8646	5.957	8.386	-4.197	1.989	2.647	3.81	3.064	4.244	-0.5257	0.8045	-1.132	1.797	1.261	3.654	4.692	0.2666	5.778	0.6508	1.714	-9.336	0.1714	-1.691	-0.1563	-0.7643	3.29	5.641	2.571	-2.52	5.766	-1.276	4.642	1.079	10.84	1.69	0.8072	1.782	3.73	0.4456	1.963	5.162	-1.354	-4.262	6.595	-2.444	-5.131	3.672	-4.212	1.421	-1.14	-2.081	6.619	2.904	2.203
2.503	2.508	0.7926	4.876	3.647	-8.669	1.157	4.379	6.417	1.96	2.137	1.633	0.02179	3.667	4.184	-1.402	3.612	11.02	-1.769	-2.332	1.302	1.537	1.931	-2.013	1.702	-8.689	-1.659	2.554	3.132	0.0596	-0.9421	4.056	7.066	8.354	4.787	-0.115	8.215	-7.825	1.964	1.291	4.581	-1.352	3.393	3.164	2.913	-2.206	0.8032	5.849	8.123	-4.256	1.914	2.627	3.595	2.913	4.074	-0.6399	0.7762	-1.206	1.804	1.262	3.569	4.719	0.2298	5.649	0.5732	1.626	-9.474	0.1136	-1.742	-0.1991	-0.8389	3.273	5.506	2.489	-2.595	5.521	-1.415	4.532	1.049	10.59	1.598	0.5873	1.739	3.668	0.3645	1.907	5.126	-1.402	-4.357	6.469	-2.533	-5.234	3.616	-4.283	1.319	-1.202	-2.131	6.521	2.8	2.152
2.354	2.525	0.4994	4.642	3.588	-8.802	1.064	4.308	6.354	1.924	2.012	1.599	-0.1099	3.601	4.083	-1.518	3.549	10.82	-1.824	-2.417	1.203	1.433	1.864	-2.061	1.673	-8.889	-1.711	2.507	3.012	-0.06696	-0.9658	4.064	6.973	8.132	4.726	-0.2794	7.953	-8.1	1.947	1.205	4.376	-1.48	3.413	3.168	2.768	-2.253	0.7419	5.741	7.86	-4.316	1.838	2.607	3.379	2.762	3.904	-0.7541	0.7479	-1.281	1.812	1.264	3.483	4.745	0.193	5.52	0.4956	1.538	-9.613	0.05586	-1.792	-0.242	-0.9136	3.255	5.37	2.407	-2.669	5.276	-1.555	4.422	1.019	10.33	1.506	0.3674	1.696	3.606	0.2834	1.851	5.089	-1.451	-4.452	6.342	-2.622	-5.337	3.561	-4.355	1.217	-1.264	-2.181	6.422	2.697	2.101
2.205	2.542	0.2063	4.408	3.53	-8.935	0.9714	4.238	6.291	1.888	1.886	1.565	-0.2416	3.535	3.982	-1.633	3.485	10.63	-1.88	-2.501	1.105	1.329	1.797	-2.109	1.644	-9.089	-1.762	2.46	2.892	-0.1935	-0.9895	4.073	6.88	7.911	4.665	-0.4439	7.691	-8.374	1.93	1.119	4.172	-1.607	3.433	3.172	2.622	-2.3	0.6806	5.634	7.598	-4.376	1.762	2.587	3.163	2.612	3.734	-0.8683	0.7196	-1.355	1.82	1.265	3.397	4.771	0.1563	5.391	0.418	1.45	-9.751	-0.001912	-1.843	-0.2848	-0.9882	3.238	5.235	2.326	-2.744	5.031	-1.694	4.313	0.9899	10.08	1.414	0.1475	1.654	3.543	0.2022	1.795	5.052	-1.5	-4.547	6.216	-2.711	-5.44	3.505	-4.426	1.116	-1.325	-2.231	6.324	2.594	2.049
2.055	2.558	-0.08686	4.174	3.471	-9.069	0.8787	4.167	6.228	1.853	1.761	1.531	-0.3733	3.469	3.881	-1.748	3.421	10.44	-1.936	-2.586	1.006	1.226	1.731	-2.157	1.616	-9.29	-1.814	2.414	2.773	-0.3201	-1.013	4.082	6.787	7.689	4.603	-0.6084	7.429	-8.649	1.913	1.033	3.968	-1.735	3.453	3.176	2.477	-2.347	0.6192	5.526	7.335	-4.436	1.686	2.567	2.948	2.461	3.564	-0.9825	0.6914	-1.43	1.828	1.266	3.312	4.797	0.1195	5.262	0.3404	1.362	-9.89	-0.05968	-1.894	-0.3276	-1.063	3.221	5.099	2.244	-2.819	4.785	-1.834	4.203	0.9604	9.823	1.321	-0.07239	1.611	3.481	0.1211	1.739	5.015	-1.549	-4.643	6.089	-2.799	-5.543	3.449	-4.498	1.014	-1.387	-2.28	6.226	2.491	1.998
1.906	2.575	-0.38	3.94	3.413	-9.202	0.786	4.097	6.165	1.817	1.635	1.497	-0.5049	3.403	3.781	-1.863	3.357	10.24	-1.992	-2.671	0.9079	1.122	1.664	-2.205	1.587	-9.49	-1.865	2.367	2.653	-0.4466	-1.037	4.091	6.694	7.468	4.542	-0.7728	7.167	-8.924	1.896	0.9475	3.763	-1.862	3.472	3.18	2.332	-2.394	0.5579	5.418	7.072	-4.496	1.611	2.547	2.732	2.31	3.394	-1.097	0.6631	-1.504	1.836	1.267	3.226	4.824	0.08272	5.134	0.2628	1.275	-10.03	-0.1175	-1.945	-0.3705	-1.138	3.203	4.964	2.162	-2.893	4.54	-1.973	4.093	0.9309	9.569	1.229	-0.2923	1.568	3.419	0.03998	1.683	4.979	-1.598	-4.738	5.963	-2.888	-5.646	3.393	-4.569	0.9124	-1.449	-2.33	6.127	2.388	1.947
1.756	2.592	-0.6731	3.706	3.354	-9.335	0.6933	4.026	6.102	1.781	1.51	1.463	-0.6366	3.337	3.68	-1.978	3.293	10.05	-2.048	-2.756	0.8095	1.018	1.598	-2.253	1.558	-9.69	-1.916	2.321	2.534	-0.5732	-1.061	4.1	6.601	7.246	4.481	-0.9373	6.904	-9.199	1.879	0.8616	3.559	-1.99	3.492	3.184	2.187	-2.441	0.4966	5.31	6.81	-4.556	1.535	2.527	2.517	2.159	3.224	-1.211	0.6348	-1.578	1.843	1.268	3.14	4.85	0.04594	5.005	0.1851	1.187	-10.17	-0.1752	-1.996	-0.4133	-1.212	3.186	4.828	2.08	-2.968	4.295	-2.112	3.983	0.9013	9.315	1.137	-0.5122	1.525	3.357	-0.04114	1.627	4.942	-1.647	-4.833	5.836	-2.977	-5.75	3.337	-4.641	0.8107	-1.51	-2.38	6.029	2.284	1.896
1.607	2.609	-0.9663	3.472	3.296	-9.469	0.6005	3.956	6.039	1.745	1.385	1.429	-0.7683	3.271	3.579	-2.093	3.23	9.859	-2.104	-2.84	0.711	0.9148	1.531	-2.301	1.529	-9.891	-1.968	2.274	2.414	-0.6998	-1.085	4.109	6.508	7.024	4.42	-1.102	6.642	-9.474	1.862	0.7757	3.355	-2.118	3.512	3.188	2.042	-2.488	0.4352	5.203	6.547	-4.616	1.459	2.507	2.301	2.009	3.054	-1.325	0.6065	-1.653	1.851	1.269	3.054	4.876	0.009167	4.876	0.1075	1.099	-10.31	-0.233	-2.046	-0.4562	-1.287	3.169	4.693	1.999	-3.043	4.05	-2.252	3.873	0.8718	9.061	1.045	-0.7321	1.483	3.294	-0.1223	1.571	4.905	-1.696	-4.928	5.71	-3.066	-5.853	3.281	-4.712	0.7089	-1.572	-2.43	5.93	2.181	1.844
1.458	2.626	-1.259	3.238	3.237	-9.602	0.5078	3.885	5.976	1.709	1.259	1.395	-0.9	3.205	3.478	-2.208	3.166	9.666	-2.159	-2.925	0.6126	0.8112	1.464	-2.348	1.501	-10.09	-2.019	2.228	2.295	-0.8263	-1.108	4.118	6.415	6.803	4.359	-1.266	6.38	-9.749	1.845	0.6898	3.15	-2.245	3.532	3.192	1.897	-2.535	0.3739	5.095	6.284	-4.676	1.383	2.487	2.086	1.858	2.884	-1.439	0.5783	-1.727	1.859	1.27	2.969	4.903	-0.02761	4.747	0.02991	1.011	-10.44	-0.2908	-2.097	-0.499	-1.361	3.151	4.557	1.917	-3.117	3.805	-2.391	3.763	0.8423	8.807	0.9526	-0.952	1.44	3.232	-0.2034	1.515	4.868	-1.745	-5.023	5.583	-3.155	-5.956	3.225	-4.784	0.6072	-1.634	-2.48	5.832	2.078	1.793
1.308	2.642	-1.553	3.004	3.179	-9.735	0.4151	3.815	5.913	1.673	1.134	1.362	-1.032	3.14	3.377	-2.323	3.102	9.474	-2.215	-3.01	0.5141	0.7075	1.398	-2.396	1.472	-10.29	-2.071	2.181	2.175	-0.9529	-1.132	4.127	6.322	6.581	4.298	-1.431	6.118	-10.02	1.828	0.6039	2.946	-2.373	3.551	3.196	1.752	-2.582	0.3126	4.987	6.021	-4.735	1.308	2.467	1.87	1.707	2.714	-1.554	0.55	-1.801	1.867	1.271	2.883	4.929	-0.06438	4.618	-0.04771	0.9228	-10.58	-0.3485	-2.148	-0.5418	-1.436	3.134	4.422	1.835	-3.192	3.56	-2.531	3.654	0.8127	8.553	0.8604	-1.172	1.397	3.17	-0.2845	1.459	4.832	-1.794	-5.118	5.457	-3.244	-6.059	3.169	-4.856	0.5055	-1.695	-2.53	5.733	1.975	1.742
1.159	2.659	-1.846	2.77	3.121	-9.868	0.3224	3.744	5.849	1.637	1.008	1.328	-1.163	3.074	3.276	-2.438	3.038	9.281	-2.271	-3.095	0.4157	0.6039	1.331	-2.444	1.443	-10.49	-2.122	2.134	2.055	-1.079	-1.156	4.136	6.229	6.36	4.237	-1.595	5.856	-10.3	1.811	0.518	2.742	-2.5	3.571	3.2	1.606	-2.629	0.2513	4.879	5.759	-4.795	1.232	2.447	1.654	1.556	2.544	-1.668	0.5217	-1.876	1.875	1.273	2.797	4.955	-0.1012	4.49	-0.1253	0.8349	-10.72	-0.4063	-2.199	-0.5847	-1.511	3.117	4.286	1.753	-3.267	3.315	-2.67	3.544	0.7832	8.299	0.7682	-1.392	1.355	3.108	-0.3656	1.404	4.795	-1.842	-5.213	5.33	-3.332	-6.162	3.113	-4.927	0.4038	-1.757	-2.58	5.635	1.871	1.691
1.009	2.676	-2.139	2.536	3.062	-10	0.2297	3.674	5.786	1.601	0.8828	1.294	-1.295	3.008	3.175	-2.553	2.974	9.088	-2.327	-3.179	0.3172	0.5003	1.265	-2.492	1.414	-10.69	-2.174	2.088	1.936	-1.206	-1.179	4.145	6.136	6.138	4.176	-1.76	5.594	-10.57	1.794	0.4321	2.537	-2.628	3.591	3.204	1.461	-2.676	0.1899	4.772	5.496	-4.855	1.156	2.427	1.439	1.406	2.374	-1.782	0.4935	-1.95	1.882	1.274	2.711	4.981	-0.1379	4.361	-0.2029	0.7469	-10.86	-0.4641	-2.25	-0.6275	-1.585	3.099	4.151	1.672	-3.341	3.07	-2.81	3.434	0.7537	8.045	0.676	-1.612	1.312	3.046	-0.4468	1.348	4.758	-1.891	-5.308	5.204	-3.421	-6.265	3.057	-4.999	0.3021	-1.819	-2.63	5.536	1.768	1.639
0.8601	2.693	-2.432	2.303	3.004	-10.14	0.137	3.604	5.723	1.566	0.7574	1.26	-1.427	2.942	3.074	-2.668	2.911	8.895	-2.383	-3.264	0.2188	0.3966	1.198	-2.54	1.385	-10.89	-2.225	2.041	1.816	-1.333	-1.203	4.154	6.043	5.917	4.115	-1.924	5.331	-10.85	1.777	0.3462	2.333	-2.755	3.611	3.209	1.316	-2.723	0.1286	4.664	5.233	-4.915	1.08	2.407	1.223	1.255	2.204	-1.896	0.4652	-2.025	1.89	1.275	2.626	5.008	-0.1747	4.232	-0.2806	0.659	-11	-0.5218	-2.301	-0.6703	-1.66	3.082	4.015	1.59	-3.416	2.825	-2.949	3.324	0.7241	7.791	0.5838	-1.832	1.269	2.983	-0.5279	1.292	4.722	-1.94	-5.403	5.077	-3.51	-6.368	3.001	-5.07	0.2004	-1.88	-2.68	5.438	1.665	1.588
0.7107	2.709	-2.725	2.069	2.945	-10.27	0.04424	3.533	5.66	1.53	0.6319	1.226	-1.558	2.876	2.973	-2.783	2.847	8.703	-2.438	-3.349	0.1203	0.293	1.131	-2.588	1.357	-11.09	-2.277	1.995	1.697	-1.459	-1.227	4.163	5.95	5.695	4.054	-2.089	5.069	-11.12	1.76	0.2603	2.128	-2.883	3.63	3.213	1.171	-2.77	0.06727	4.556	4.971	-4.975	1.005	2.387	1.008	1.104	2.035	-2.011	0.4369	-2.099	1.898	1.276	2.54	5.034	-0.2115	4.103	-0.3582	0.571	-11.14	-0.5796	-2.351	-0.7132	-1.735	3.065	3.88	1.508	-3.491	2.58	-3.089	3.214	0.6946	7.537	0.4916	-2.051	1.226	2.921	-0.609	1.236	4.685	-1.989	-5.498	4.951	-3.599	-6.471	2.945	-5.142	0.09871	-1.942	-2.73	5.339	1.562	1.537
0.5613	2.726	-3.018	1.835	2.887	-10.4	-0.04847	3.463	5.597	1.494	0.5065	1.192	-1.69	2.81	2.872	-2.898	2.783	8.51	-2.494	-3.434	0.02186	0.1893	1.065	-2.636	1.328	-11.29	-2.328	1.948	1.577	-1.586	-1.251	4.172	5.857	5.474	3.992	-2.253	4.807	-11.4	1.743	0.1744	1.924	-3.011	3.65	3.217	1.026	-2.817	0.005936	4.449	4.708	-5.035	0.9288	2.366	0.7921	0.9532	1.865	-2.125	0.4086	-2.173	1.906	1.277	2.454	5.06	-0.2483	3.974	-0.4358	0.4831	-11.27	-0.6374	-2.402	-0.756	-1.809	3.047	3.744	1.426	-3.565	2.335	-3.228	3.104	0.665	7.283	0.3994	-2.271	1.184	2.859	-0.6901	1.18	4.648	-2.038	-5.593	4.824	-3.688	-6.574	2.89	-5.213	-0.002991	-2.003	-2.78	5.241	1.459	1.486
0.4119	2.743	-3.311	1.601	2.828	-10.54	-0.1412	3.392	5.534	1.458	0.381	1.158	-1.822	2.744	2.772	-3.014	2.719	8.317	-2.55	-3.518	-0.07659	0.0857	0.9981	-2.684	1.299	-11.49	-2.38	1.902	1.458	-1.712	-1.274	4.18	5.764	5.252	3.931	-2.417	4.545	-11.67	1.726	0.08852	1.72	-3.138	3.67	3.221	0.8807	-2.864	-0.05539	4.341	4.445	-5.095	0.8531	2.346	0.5766	0.8024	1.695	-2.239	0.3804	-2.248	1.914	1.278	2.369	5.086	-0.285	3.846	-0.5134	0.3952	-11.41	-0.6951	-2.453	-0.7989	-1.884	3.03	3.609	1.345	-3.64	2.09	-3.368	2.995	0.6355	7.029	0.3072	-2.491	1.141	2.797	-0.7712	1.124	4.611	-2.087	-5.688	4.698	-3.777	-6.677	2.834	-5.285	-0.1047	-2.065	-2.829	5.142	1.355	1.434
0.2626	2.76	-3.605	1.367	2.77	-10.67	-0.2339	3.322	5.471	1.422	0.2556	1.125	-1.953	2.679	2.671	-3.129	2.655	8.124	-2.606	-3.603	-0.175	-0.01794	0.9315	-2.731	1.27	-11.69	-2.431	1.855	1.338	-1.839	-1.298	4.189	5.671	5.03	3.87	-2.582	4.283	-11.95	1.709	0.002614	1.515	-3.266	3.69	3.225	0.7356	-2.912	-0.1167	4.233	4.183	-5.154	0.7773	2.326	0.361	0.6517	1.525	-2.353	0.3521	-2.322	1.921	1.279	2.283	5.113	-0.3218	3.717	-0.591	0.3072	-11.55	-0.7529	-2.504	-0.8417	-1.959	3.013	3.473	1.263	-3.714	1.844	-3.507	2.885	0.606	6.775	0.215	-2.711	1.098	2.735	-0.8524	1.068	4.575	-2.136	-5.784	4.571	-3.866	-6.78	2.778	-5.356	-0.2064	-2.127	-2.879	5.044	1.252	1.383
0.1132	2.777	-3.898	1.133	2.711	-10.8	-0.3266	3.251	5.408	1.386	0.1301	1.091	-2.085	2.613	2.57	-3.244	2.592	7.932	-2.662	-3.688	-0.2735	-0.1216	0.8649	-2.779	1.241	-11.89	-2.483	1.808	1.219	-1.965	-1.322	4.198	5.578	4.809	3.809	-2.746	4.021	-12.22	1.692	-0.08329	1.311	-3.393	3.709	3.229	0.5904	-2.959	-0.1781	4.125	3.92	-5.214	0.7016	2.306	0.1454	0.5009	1.355	-2.467	0.3238	-2.396	1.929	1.28	2.197	5.139	-0.3586	3.588	-0.6686	0.2193	-11.69	-0.8107	-2.555	-0.8845	-2.033	2.995	3.338	1.181	-3.789	1.599	-3.647	2.775	0.5764	6.521	0.1228	-2.931	1.056	2.672	-0.9335	1.012	4.538	-2.185	-5.879	4.445	-3.954	-6.883	2.722	-5.428	-0.3081	-2.188	-2.929	4.945	1.149	1.332
-0.03622	2.793	-4.191	0.8986	2.653	-10.93	-0.4193	3.181	5.345	1.35	0.004697	1.057	-2.217	2.547	2.469	-3.359	2.528	7.739	-2.718	-3.773	-0.3719	-0.2252	0.7983	-2.827	1.213	-12.09	-2.534	1.762	1.099	-2.092	-1.346	4.207	5.485	4.587	3.748	-2.911	3.758	-12.5	1.675	-0.1692	1.107	-3.521	3.729	3.233	0.4453	-3.006	-0.2394	4.018	3.657	-5.274	0.6258	2.286	-0.07015	0.3501	1.185	-2.582	0.2955	-2.471	1.937	1.282	2.111	5.165	-0.3954	3.459	-0.7462	0.1313	-11.83	-0.8685	-2.606	-0.9274	-2.108	2.978	3.202	1.099	-3.864	1.354	-3.786	2.665	0.5469	6.267	0.0306	-3.151	1.013	2.61	-1.015	0.9559	4.501	-2.233	-5.974	4.318	-4.043	-6.986	2.666	-5.5	-0.4098	-2.25	-2.979	4.847	1.046	1.28
-0.1856	2.81	-4.484	0.6646	2.594	-11.07	-0.5121	3.11	5.282	1.314	-0.1207	1.023	-2.348	2.481	2.368	-3.474	2.464	7.546	-2.773	-3.857	-0.4704	-0.3289	0.7317	-2.875	1.184	-12.29	-2.585	1.715	0.9794	-2.218	-1.369	4.216	5.392	4.366	3.687	-3.075	3.496	-12.77	1.658	-0.2551	0.9023	-3.649	3.749	3.237	0.3001	-3.053	-0.3007	3.91	3.395	-5.334	0.55	2.266	-0.2857	0.1994	1.015	-2.696	0.2673	-2.545	1.945	1.283	2.026	5.192	-0.4321	3.33	-0.8239	0.04339	-11.97	-0.9262	-2.656	-0.9702	-2.183	2.961	3.067	1.018	-3.938	1.109	-3.926	2.555	0.5174	6.013	-0.0616	-3.371	0.9702	2.548	-1.096	0.8999	4.465	-2.282	-6.069	4.192	-4.132	-7.089	2.61	-5.571	-0.5115	-2.312	-3.029	4.748	0.9425	1.229
-0.335	2.827	-4.777	0.4306	2.536	-11.2	-0.6048	3.04	5.219	1.279	-0.2462	0.989	-2.48	2.415	2.267	-3.589	2.4	7.354	-2.829	-3.942	-0.5688	-0.4325	0.6651	-2.923	1.155	-12.49	-2.637	1.669	0.8598	-2.345	-1.393	4.225	5.299	4.144	3.626	-3.24	3.234	-13.05	1.641	-0.341	0.698	-3.776	3.769	3.241	0.155	-3.1	-0.362	3.802	3.132	-5.394	0.4743	2.246	-0.5013	0.04862	0.8451	-2.81	0.239	-2.62	1.953	1.284	1.94	5.218	-0.4689	3.202	-0.9015	-0.04455	-12.11	-0.984	-2.707	-1.013	-2.257	2.943	2.931	0.9359	-4.013	0.8641	-4.065	2.445	0.4878	5.759	-0.1538	-3.591	0.9275	2.486	-1.177	0.8439	4.428	-2.331	-6.164	4.065	-4.221	-7.192	2.554	-5.643	-0.6132	-2.373	-3.079	4.65	0.8393	1.178
-0.4844	2.844	-5.07	0.1966	2.477	-11.33	-0.6975	2.969	5.156	1.243	-0.3716	0.9552	-2.612	2.349	2.166	-3.704	2.336	7.161	-2.885	-4.027	-0.6673	-0.5361	0.5985	-2.971	1.126	-12.7	-2.688	1.622	0.7403	-2.472	-1.417	4.234	5.206	3.923	3.565	-3.404	2.972	-13.32	1.624	-0.4269	0.4936	-3.904	3.788	3.245	0.009857	-3.147	-0.4234	3.694	2.869	-5.454	0.3985	2.226	-0.7169	-0.1021	0.6752	-2.924	0.2107	-2.694	1.96	1.285	1.854	5.244	-0.5057	3.073	-0.9791	-0.1325	-12.24	-1.042	-2.758	-1.056	-2.332	2.926	2.796	0.8541	-4.088	0.619	-4.205	2.336	0.4583	5.505	-0.246	-3.811	0.8847	2.423	-1.258	0.788	4.391	-2.38	-6.259	3.939	-4.31	-7.295	2.498	-5.714	-0.7149	-2.435	-3.129	4.551	0.736	1.127
-0.6338	2.861	-5.363	-0.03738	2.419	-11.47	-0.7902	2.899	5.093	1.207	-0.4971	0.9213	-2.743	2.283	2.065	-3.819	2.273	6.968	-2.941	-4.112	-0.7657	-0.6398	0.5319	-3.019	1.097	-12.9	-2.74	1.576	0.6207	-2.598	-1.441	4.243	5.113	3.701	3.504	-3.569	2.71	-13.6	1.607	-0.5128	0.2893	-4.031	3.808	3.25	-0.1353	-3.194	-0.4847	3.587	2.606	-5.514	0.3228	2.206	-0.9324	-0.2529	0.5052	-3.039	0.1825	-2.768	1.968	1.286	1.769	5.27	-0.5425	2.944	-1.057	-0.2204	-12.38	-1.1	-2.809	-1.099	-2.407	2.909	2.66	0.7724	-4.162	0.3739	-4.344	2.226	0.4288	5.251	-0.3382	-4.03	0.842	2.361	-1.339	0.732	4.354	-2.429	-6.354	3.812	-4.399	-7.398	2.442	-5.786	-0.8166	-2.497	-3.179	4.453	0.6328	1.075
-0.7831	2.877	-5.657	-0.2714	2.361	-11.6	-0.8829	2.828	5.03	1.171	-0.6225	0.8874	-2.875	2.217	1.964	-3.934	2.209	6.775	-2.997	-4.196	-0.8642	-0.7434	0.4653	-3.067	1.069	-13.1	-2.791	1.529	0.5011	-2.725	-1.464	4.252	5.02	3.48	3.443	-3.733	2.447	-13.87	1.59	-0.5987	0.0849	-4.159	3.828	3.254	-0.2804	-3.241	-0.546	3.479	2.344	-5.574	0.247	2.186	-1.148	-0.4037	0.3353	-3.153	0.1542	-2.843	1.976	1.287	1.683	5.297	-0.5792	2.815	-1.134	-0.3084	-12.52	-1.157	-2.86	-1.142	-2.481	2.891	2.525	0.6906	-4.237	0.1288	-4.483	2.116	0.3992	4.997	-0.4304	-4.25	0.7993	2.299	-1.42	0.6761	4.318	-2.478	-6.449	3.686	-4.487	-7.501	2.386	-5.857	-0.9183	-2.558	-3.229	4.354	0.5296	1.024
-0.9325	2.894	-5.95	-0.5054	2.302	-11.73	-0.9756	2.758	4.967	1.135	-0.748	0.8536	-3.007	2.152	1.863	-4.049	2.145	6.583	-3.052	-4.281	-0.9626	-0.8471	0.3987	-3.115	1.04	-13.3	-2.843	1.483	0.3816	-2.851	-1.488	4.261	4.927	3.258	3.382	-3.898	2.185	-14.15	1.573	-0.6846	-0.1195	-4.286	3.848	3.258	-0.4256	-3.288	-0.6074	3.371	2.081	-5.633	0.1713	2.166	-1.364	-0.5544	0.1654	-3.267	0.1259	-2.917	1.984	1.288	1.597	5.323	-0.616	2.686	-1.212	-0.3963	-12.66	-1.215	-2.911	-1.184	-2.556	2.874	2.389	0.6089	-4.312	-0.1163	-4.623	2.006	0.3697	4.743	-0.5226	-4.47	0.7566	2.237	-1.501	0.6201	4.281	-2.527	-6.544	3.559	-4.576	-7.604	2.33	-5.929	-1.02	-2.62	-3.279	4.256	0.4264	0.9729
-1.082	2.911	-6.243	-0.7393	2.244	-11.87	-1.068	2.687	4.904	1.099	-0.8734	0.8197	-3.139	2.086	1.763	-4.164	2.081	6.39	-3.108	-4.366	-1.061	-0.9507	0.3321	-3.162	1.011	-13.5	-2.894	1.436	0.262	-2.978	-1.512	4.27	4.834	3.037	3.32	-4.062	1.923	-14.42	1.556	-0.7705	-0.3238	-4.414	3.867	3.262	-0.5707	-3.335	-0.6687	3.264	1.818	-5.693	0.09552	2.146	-1.579	-0.7052	-0.004524	-3.381	0.09764	-2.992	1.991	1.29	1.511	5.349	-0.6528	2.558	-1.29	-0.4842	-12.8	-1.273	-2.961	-1.227	-2.631	2.857	2.254	0.5272	-4.386	-0.3613	-4.762	1.896	0.3402	4.489	-0.6148	-4.69	0.7139	2.175	-1.582	0.5641	4.244	-2.576	-6.639	3.433	-4.665	-7.707	2.274	-6	-1.122	-2.682	-3.329	4.158	0.3232	0.9217
-1.231	2.928	-6.536	-0.9733	2.185	-12	-1.161	2.617	4.841	1.063	-0.9989	0.7858	-3.27	2.02	1.662	-4.279	2.017	6.197	-3.164	-4.451	-1.16	-1.054	0.2655	-3.21	0.9823	-13.7	-2.946	1.389	0.1424	-3.104	-1.536	4.279	4.741	2.815	3.259	-4.226	1.661	-14.7	1.539	-0.8564	-0.5282	-4.542	3.887	3.266	-0.7158	-3.382	-0.73	3.156	1.556	-5.753	0.01976	2.126	-1.795	-0.856	-0.1744	-3.495	0.06937	-3.066	1.999	1.291	1.426	5.376	-0.6896	2.429	-1.367	-0.5722	-12.94	-1.331	-3.012	-1.27	-2.705	2.839	2.118	0.4454	-4.461	-0.6064	-4.902	1.786	0.3106	4.235	-0.707	-4.91	0.6712	2.112	-1.664	0.5082	4.208	-2.625	-6.734	3.306	-4.754	-7.81	2.219	-6.072	-1.223	-2.743	-3.378	4.059	0.2199	0.8704
-1.381	2.944	-6.829	-1.207	2.127	-12.13	-1.254	2.546	4.778	1.027	-1.124	0.752	-3.402	1.954	1.561	-4.394	1.954	6.004	-3.22	-4.535	-1.258	-1.158	0.1989	-3.258	0.9536	-13.9	-2.997	1.343	0.02287	-3.231	-1.559	4.287	4.648	2.593	3.198	-4.391	1.399	-14.97	1.522	-0.9423	-0.7325	-4.669	3.907	3.27	-0.861	-3.429	-0.7914	3.048	1.293	-5.813	-0.056	2.106	-2.01	-1.007	-0.3444	-3.61	0.04109	-3.14	2.007	1.292	1.34	5.402	-0.7263	2.3	-1.445	-0.6601	-13.07	-1.388	-3.063	-1.313	-2.78	2.822	1.983	0.3637	-4.536	-0.8515	-5.041	1.677	0.2811	3.981	-0.7992	-5.13	0.6285	2.05	-1.745	0.4522	4.171	-2.673	-6.829	3.18	-4.843	-7.913	2.163	-6.143	-1.325	-2.805	-3.428	3.961	0.1167	0.8191
-1.53	2.961	-7.122	-1.441	2.068	-12.27	-1.346	2.476	4.715	0.9915	-1.25	0.7181	-3.534	1.888	1.46	-4.51	1.89	5.812	-3.276	-4.62	-1.356	-1.262	0.1323	-3.306	0.9248	-14.1	-3.049	1.296	-0.09669	-3.358	-1.583	4.296	4.555	2.372	3.137	-4.555	1.137	-15.25	1.505	-1.028	-0.9369	-4.797	3.927	3.274	-1.006	-3.476	-0.8527	2.94	1.03	-5.873	-0.1318	2.086	-2.226	-1.158	-0.5143	-3.724	0.01282	-3.215	2.015	1.293	1.254	5.428	-0.7631	2.171	-1.522	-0.7481	-13.21	-1.446	-3.114	-1.356	-2.854	2.805	1.847	0.2819	-4.61	-1.097	-5.181	1.567	0.2516	3.727	-0.8914	-5.35	0.5858	1.988	-1.826	0.3962	4.134	-2.722	-6.925	3.053	-4.932	-8.016	2.107	-6.215	-1.427	-2.867	-3.478	3.862	0.01349	0.7679
-1.679	2.978	-7.415	-1.675	2.01	-12.4	-1.439	2.405	4.652	0.9556	-1.375	0.6842	-3.665	1.822	1.359	-4.625	1.826	5.619	-3.332	-4.705	-1.455	-1.365	0.06571	-3.354	0.896	-14.3	-3.1	1.25	-0.2163	-3.484	-1.607	4.305	4.462	2.15	3.076	-4.72	0.8745	-15.52	1.488	-1.114	-1.141	-4.924	3.946	3.278	-1.151	-3.523	-0.914	2.833	0.7676	-5.933	-0.2075	2.066	-2.441	-1.308	-0.6842	-3.838	-0.01545	-3.289	2.023	1.294	1.168	5.454	-0.7999	2.042	-1.6	-0.836	-13.35	-1.504	-3.165	-1.399	-2.929	2.787	1.712	0.2002	-4.685	-1.342	-5.32	1.457	0.222	3.473	-0.9836	-5.57	0.5431	1.926	-1.907	0.3403	4.097	-2.771	-7.02	2.927	-5.021	-8.119	2.051	-6.287	-1.529	-2.928	-3.528	3.764	-0.08973	0.7166
