3.792	5.258	4.163	1.091	4.233	3.264	3.228	3.527	4.628	6.12	4.97	3.241	4.96	3.491	4.256	-0.7321	-0.2064	-0.3603	5.254	2.416	2.954	0.9069	3.755	2.217	-5.714	4.738	-1.237	2.787	2.949	3.109	3.893	4.348	5.663	2.627	3.633	4.025	4.485	5.211	5.5	3.98	3.219	3.573	4.602	3.335	5.758	3.783	3.138	5.036	2.721	5.101	9.657	5.138	3.546	-1.919	2.522	4.013	2.168	-8.829	4.331	-0.3284	7.214	3.591	4.208	-8.547	5.406	2.792	6.056	5.692	-1.211	2.171	-3.023	4.191	0.2867	4.896	1.919	7.552	5.422	0.134	3.848	1.371	-1.001	3.424	4.305	3.832	2.312	7.386	4.211	6.153	4.071	5.072	0.9641	3.635	3.437	1.436	3.733	3.24	5.619	2.453	5.172	4.901
4.074	6.229	1.502	2.103	5.757	1.715	3.348	3.943	-2.337	3.564	3.693	3.663	4.858	2.664	2.995	3.935	-0.7163	4.06	2.455	2.487	2.316	2.844	2.775	2.955	-1.003	3.735	3.169	1.701	1.928	3.277	4.463	-3.739	3.723	3.109	2.78	2.093	1.81	6.068	1.431	3.579	3.727	0.2917	3.292	5.574	4.19	2.672	3.178	3.865	2.659	4.775	11.36	3.407	2.496	4.757	2.15	3.815	5.039	3.148	3.934	2.235	3.271	0.3467	2.475	-2.407	3.985	5.175	5.878	5.924	0.791	2.217	3.855	4.147	1.702	3.825	1.564	6.064	4.247	2.887	1.847	3.665	0.869	2.532	4.895	8.352	3.364	3.765	4.519	3.582	-0.1239	5.828	0.1381	3.556	-1.181	2.099	1.075	3.737	4.105	3.458	2.744	4.106
2.406	5.101	1.245	5.677	4.121	2.624	2.819	2.474	2.784	4.033	5.716	3.745	3.95	3.577	6.041	-0.7631	1.036	3.341	3.361	2.379	2.25	2.165	3.849	2.997	-1.187	3.946	1.771	1.974	4.152	3.084	5.199	4.235	4.071	3.081	3.35	6.542	4.73	4.664	1.322	4.363	2.936	3.943	4.361	3.171	5.508	0.08924	3.901	4.558	3.441	6.511	7.57	5.284	2.822	2.675	4.569	2.762	5.668	3.934	4.351	3.768	4.682	-2.224	2.076	3.229	4.033	3.414	6.769	5.707	1.759	2.023	3.672	5.602	1.022	3.661	2.984	3.662	4.706	1.659	4.617	2.602	-3.772	2.333	2.857	4.839	4.008	5.001	0.1181	4.885	3.361	4.229	-0.05287	5.309	0.4708	-0.5747	-0.1041	3.397	2.623	2.019	3.76	2.982
2.746	4.116	2.392	5.377	3.612	1.741	2.587	3.529	4.818	1.94	2.822	5.139	4.07	3.512	2.48	1.176	0.8298	5.234	3.98	2.491	3.744	1.927	2.631	1.934	0.891	-0.558	5.174	2.956	1.353	4.14	2.623	3.973	4.017	-0.6325	2.828	5.602	3.263	4.807	3.527	2.09	3.749	1.481	2.239	3.828	5.756	3.753	4.627	4.815	2.66	5.956	9.314	6.538	1.988	3.749	3.361	4.796	3.65	4.057	5.49	2.174	4.563	4.005	3.968	2.651	5.008	2.127	9.324	3.671	0.6986	-0.3066	4.205	3.304	2.841	5.163	3.528	6.175	-2	1.431	4.021	3.116	-1.847	1.737	3.449	5.517	2.475	5.59	3.42	4.17	1.465	5.862	-0.6429	3.962	3.265	-2.841	2.629	4.648	1.842	2.669	-0.9879	4.747
2.92	4.916	1.667	2.962	4.133	3.507	3.273	3.812	4.351	2.85	3.605	2.574	4.296	3.019	4.207	5.902	1.388	5.325	4.066	1.135	2.822	2.668	0.8305	2.682	2.453	3.07	3.637	3.005	3.505	4.535	3.387	1.776	3.884	2.389	2.192	4.78	2.345	5.272	4.393	2.72	3.797	2.314	3.391	3.426	4.876	1.619	2.467	4.985	3.172	5.015	8.409	5.953	-5.93	4.243	3.387	3.818	2.451	3.645	4.877	4.871	4.16	1.706	4.953	2.975	3.005	4.23	5.524	3.492	2	1.236	3.414	3.824	0.8125	3.518	3.786	5.898	4.871	1.527	3.548	2.001	-0.1134	2.264	2.466	5.805	3.205	5.762	3.35	4.012	4.253	5.227	1.729	3.231	2.136	1.602	1.608	3.524	3.761	2.475	1.321	6.126
3.676	5.094	2.052	2.359	4.248	2.549	3.346	3.162	0.6594	2.98	5.623	3.032	4.517	2.299	5.771	4.562	0.5814	2.64	4.345	-0.3268	5.564	4.122	2.949	2.707	-0.7603	3.908	3.304	3.583	2.014	5.697	4.095	4.525	3.9	2.614	1.809	6.097	5.034	7.21	3.401	5.478	5.307	2.994	2.445	4.312	5.952	5.116	1.843	4.927	2.168	3.434	8.547	4.94	2.583	3.466	2.663	2.632	3.623	3.786	6.164	2.48	5.84	2.582	1.912	2.85	3.169	2.285	4.263	5.661	0.06584	2.922	3.236	2.893	-0.6376	3.851	3.416	4.74	7.022	2.134	2.961	1.376	-2.778	1.871	4.289	5.073	2.515	6.12	2.99	4.537	3.205	4.784	1.206	5.476	0.7284	1.168	0.5599	3.106	4.73	2.918	1.529	5.386
2.609	6.532	1.899	-1.345	3.6	1.362	2.694	2.05	1.934	1.977	5.174	4.983	3.601	3.487	2.164	3.677	3.332	1.835	2.924	1.162	1.815	2.016	3.475	2.592	-0.4856	5.363	3.628	3.553	1.794	3.019	1.613	4.288	3.734	3.627	2.039	5.82	1.682	4.812	2.311	2.937	3.965	1.915	3.866	3.182	5.852	2.733	1.541	3.63	4.02	4.031	11.54	4.293	4.568	3.858	1.866	1.95	3.281	2.276	6.206	3.582	3.688	1.421	2.785	0.1724	2.077	3.198	4.002	3.187	0.339	3.394	3.07	3.338	2.519	2.509	3.74	6.222	5.266	3.778	3.425	1.893	-1.797	0.9133	3.695	4.46	2.695	8.111	3.747	4.32	1.425	4.863	1.269	4.335	3.657	-0.1336	3.453	3.676	3.083	0.299	2.678	5.508
2.746	5.643	-0.814	1.395	4.264	-1.576	3.042	3.085	2.927	3.034	4.238	4.004	4.635	3.796	1.476	3.875	0.803	3.605	2.759	1.551	3.419	2.232	1.851	2.688	-4.795	3.697	3.714	1.712	1.83	4.181	3.533	3.07	3.592	2.173	1.402	6.688	3.138	4.629	1.801	4.419	3.976	1.75	3.224	4.922	4.814	2.054	-2.913	4.833	2.069	4.915	9.038	2.212	2.589	4.992	2.801	4.858	4.435	3.91	4.429	3.631	5.021	2.509	3.446	-0.1891	3.734	2.413	7.911	5.634	0.8051	3.249	4.223	1.379	0.4028	4.349	3.722	6.154	4.746	1.545	4.091	5.079	-1.609	1.598	5.562	5.148	1.177	7.299	4.094	5.36	3.133	5.275	2.508	4.917	4.487	0.05648	3.152	0.3225	4.35	2.805	0.743	2.773
3.403	4.268	3.331	2.226	5.717	3.997	3.502	2.046	-0.2403	4.71	3.067	5.206	5.354	3.498	0.9985	3.036	-1.2	2.255	4.741	1.734	4.488	1.609	4.258	-10.98	-3.562	3.815	4.177	3.372	-3.068	5.617	4.942	-0.1621	3.612	4.116	3.572	5.628	3.563	6.18	4.74	2.06	4.921	-3.276	4.024	3.617	6.38	-0.01981	2.594	5.21	1.44	4.01	6.975	4.527	5.027	3.39	3.732	2.06	1.666	2.751	2.087	1.529	3.639	3.927	4.415	-4.167	3.881	3.742	8.378	3.694	3.383	2.885	3.686	2.845	1.163	3.695	2.859	5.6	3.921	4.095	3.371	-2.443	-6.792	4.184	3.8	-63.25	1.36	5.24	3.204	3.655	2.655	4.924	0.2915	1.907	2.422	-0.2973	3.112	-2.086	2.987	3.226	1.548	4.036
2.57	5.449	0.9408	3.998	3.756	2.915	2.05	2.322	-3.167	5.659	5.136	2.017	1.971	3.223	3.389	-7.428	-0.1639	4.122	3.334	0.8113	2.685	2.65	2.527	2.804	53.15	4.943	1.942	2.588	1.662	4.656	4.496	2.93	4.436	3.91	2.021	5.327	3.104	6.613	1.66	2.914	3.406	0.665	2.922	2.785	6.642	-0.2173	-1.353	3.023	4.396	5.037	7.179	7.609	1.242	2.846	2.424	3.248	2.571	4.7	4.219	2.248	5.528	1.536	2.847	1.233	4.993	2.569	6.726	3.686	-3.45	1.572	2.723	3.68	1.823	3.693	2.614	8.872	5.67	2.776	4.514	2.799	-3.917	2.412	3.429	3.095	5.977	6.52	2.125	4.134	2.575	4.981	1.862	3.451	2.435	2.015	5.007	2.991	3.037	5.761	-0.033	6.234
1.28	4.945	-1.487	2.437	4.432	1.235	2.43	3.152	-5.025	3.579	3.693	5.939	4.046	2.884	-0.1556	4.07	-4.286	-2.95	2.77	0.4797	3.931	1.988	2.824	1.219	-1.079	0.8557	1.733	3.626	0.2272	3.641	3.444	3.106	4.102	3.556	1.799	5.407	4.005	3.862	3.841	3.489	4.509	1.921	5.586	3.103	2.241	0.7556	2.104	3.118	2.617	6.271	4.626	5.419	0.9977	2.412	2.843	3.12	3.223	3.473	2.688	3.823	4.603	1.717	2.182	1.644	5.014	4.128	4.394	-7.938	0.01834	4.09	-0.7582	4.131	-0.6202	3.94	2.191	5.975	4.367	0.614	4.142	1.771	-8.161	1.486	5.346	6.501	-1.749	8.086	4.372	3.187	-2.132	5.595	-0.4448	-0.6741	2.956	0.7236	3.861	2.975	3.934	4.145	1.118	8.206
3.922	6.191	2.08	8.225	2.089	2.361	1.691	3.386	0.5056	3.346	3.486	5.805	3.786	0.4751	8.312	-2.114	3.206	2.759	3.235	0.1427	5.092	1.743	0.9204	2.525	-1.391	6.24	4.544	2.502	2.924	4.434	3.933	3.739	5.393	3.937	4.196	6.598	4.57	4.733	3.339	3.529	4.734	2.542	1.265	1.149	4.646	1.899	3.351	4.464	2.794	4.468	7.185	1.87	-0.8914	1.287	2.364	3.308	3.323	4.012	4.021	0.04281	3.254	1.391	2.452	1.364	2.04	2.541	5.098	5.293	-0.4768	-0.1042	3.13	2.817	0.7327	3.933	3.068	7.757	2.575	-0.3227	1.458	3.115	-1.061	1.906	4.461	5.487	2.313	-0.8738	4.784	5.883	-0.6155	4.937	0.2177	1.021	3.244	-1.02	1.84	4.429	4.867	3.418	2.862	2.935
4.749	5.67	0.8713	2.628	2.608	0.487	2.154	4.489	-0.4885	4.053	4.763	3.393	4.077	2.346	5.307	3.796	-0.1284	6.607	3.749	1.445	4.027	2.725	3.774	2.149	1.591	4.914	4.466	2.076	2.154	3.406	4.455	4.771	3.481	2.416	2.825	5.764	4.218	4.501	3	4.251	4.134	3.722	-5.658	2.583	5.414	-1.454	3.994	4.379	3.502	7.372	9.757	3.726	1.921	3.041	3.394	4.37	3.722	-1.541	4.152	3.314	1.599	0.8114	2.687	3.223	4.029	2.592	5.347	5.418	-0.5879	3.256	3.628	4.807	-7.284	2.535	4.601	0.9248	5.363	2.235	4.16	2.864	-1.656	0.08798	4.162	6.388	2.453	6.627	-0.1531	3.352	2.323	0.4534	0.9278	4.264	1.963	1.457	4.527	2.246	2.866	3.789	1.421	4.142
3.534	5.392	3.019	3.337	4.61	4.521	1.564	1.244	4.308	-0.6921	3.726	1.93	3.598	3.384	3.861	0.5293	1.842	4.624	3.583	1.297	3.428	1.519	3.398	2.454	-0.6278	5.226	1.458	2.67	3.764	4.885	4.83	4.705	4.548	1.78	4.353	4.877	4.23	6.566	1.762	3.912	4.86	3.405	-2.507	6.189	6.322	0.9863	2.963	5.767	4.066	4.058	8.28	2.667	0.8985	0.9642	2.32	4.121	3.31	3.078	4.805	3.114	3.369	-0.1587	3.328	1.599	2.39	4.606	4.362	6.147	-6.371	4.167	4.552	3.135	1.162	3.24	3.422	6.42	4.341	3.319	3.429	5.833	-0.4704	1.852	2.982	4.878	2.909	6.91	4.241	5.068	3.242	5.789	2.499	2.339	1.983	0.7157	0.6652	2.254	2.525	2.677	2.401	3.328
-2.65	5.43	1.574	3.598	3.355	2.299	2.578	4.336	2.331	-0.9124	5.008	3.805	2.733	2.86	2.543	4.455	2.032	6.467	4.626	1.148	4.421	2.587	3.187	1.482	0.4404	4.672	0.9744	3.715	1.666	3.531	5.999	3.979	3.171	3.376	3.753	3.902	5.82	4.715	3.56	3.983	4.625	2.518	2.166	4.311	6.209	1.589	3.716	4.621	0.9133	2.557	8.506	3.858	2.083	5.798	3.301	3.371	3.728	3.766	3.584	2.952	5.916	-0.5916	2.956	1.626	4.22	3.357	7.048	6.352	-0.6009	1.83	3.458	7.252	1.37	4.862	3.486	5.818	4.419	1.902	3.358	3.548	-1.502	2.183	4.634	5.733	4.44	4.866	6.391	4.124	3.601	4.787	0.938	3.685	-2.941	0.4315	-3.665	3.324	1.247	4.027	1.343	5.008
3.444	4.421	-4.968	2.066	3.802	3.814	2.748	2.071	2.536	5.249	3.848	3.655	6.464	2.506	3.92	1.647	1.191	-3.408	4.296	1.655	3.628	2.109	3.085	2.172	-2.815	4.744	4.533	1.694	3.245	6.096	3.124	5.308	4.386	2.846	1.581	1.626	4.949	7.026	4.004	4.439	3.612	1.848	2.499	3.253	5.498	2.575	1.813	5.548	4.226	4.774	8.361	5.288	3.26	2.842	4.937	3.943	3.409	3.865	4.348	2.906	5.428	3.261	2.939	2.277	3.802	3.987	4.739	3.969	2.816	3.609	4.594	4.41	1.352	3.226	3.011	7.585	3.963	2.777	3.094	3.022	-1.031	1.764	1.461	7.038	3.045	6.725	4.172	3.08	3.465	5.165	-0.2246	2.213	3.236	0.6824	3.823	3.992	3.351	2.341	0.3646	6.533
3.538	4.417	2.65	3.772	5.589	2.451	3.345	2.922	1.539	2.249	6.553	3.441	4.223	3.459	2.977	2.412	1.758	3.081	3.222	2.232	3.719	3.118	-0.07195	2.642	1.211	5.87	3.604	1.603	3.465	4.147	4.16	2.497	3.655	3.574	2.994	3.598	2.749	6.787	5.572	2.476	4.68	-2.562	-0.07261	4.138	6.7	0.1662	2.484	3.551	4.107	8.068	6.805	5.743	0.6227	3.404	3.266	3.638	4.5	3.24	5.201	3.204	5.088	3.094	3.048	2.485	6.687	4.024	5.829	5.867	2.369	3.345	4.185	2.97	1.036	1.578	4.412	5.071	5.222	1.615	4.964	3.936	-0.4716	1.461	4.581	5.18	4.849	5.917	2.832	5.357	2.266	5.035	4.149	2.075	2.682	-1.038	2.427	3.406	4.191	3.643	1.898	5.343
4.249	5.74	1.204	1.304	4.594	2.255	4.018	3.006	0.3929	3.818	3.616	3.244	0.6362	2.093	2.742	3.454	2.702	8.596	2.96	2.848	3.411	1.821	3.074	3.665	-2.656	3.797	5.387	-1.013	2.586	-2.501	3.768	4.534	5.201	1.528	3.432	6.751	4.086	6.335	4.215	3.229	3.755	0.9971	0.7194	-1.007	5.348	-0.4435	4.542	4.124	4.953	2.547	6.055	3.319	2.834	3.488	2.674	4.758	2.053	4.832	5.827	3.145	7.864	1.055	3.812	0.6197	5.079	3.12	6.229	2.673	1.253	1.657	4.333	4.301	1.044	3.677	1.782	5.699	5.972	-2.609	3.976	-0.325	-0.3731	2.059	4.039	6.354	3.034	6.716	3.267	4.735	2.971	5.161	0.9277	3.564	2.934	3.199	-1.349	2.859	-0.9505	2.799	3.053	4.323
4.453	4.534	1.707	3.084	3.33	1.789	2.027	2.254	-0.1029	2.013	5.367	4.41	4.104	3.469	4.864	2.761	5.474	3.468	5.535	2.464	2.961	4.021	1.151	3.616	-0.0945	6.507	4.687	2.384	-0.3616	3.456	4.771	4.894	4.649	2.46	3.356	5.737	4.812	5.551	4.183	2.595	3.129	0.6339	4.879	4.375	6.05	2.023	2.148	6.152	4.021	6.373	11.13	4.563	2.814	3.841	4.851	3.745	2.191	3.926	5.538	3.177	4.411	3.183	3.664	2.818	3.859	3.835	5.531	7.474	1.223	2.625	3.227	3.562	0.4054	2.634	2.307	8.122	4.335	2.685	3.556	1.948	1.447	0.9926	4.658	5.222	2.968	8.669	3.052	2.351	2.86	5.26	3.308	5.193	2.956	0.8552	2.803	3.455	4.412	5.266	1.827	4.588
3.287	6.187	-0.8852	3.734	2.829	2.404	3.039	3.77	0.7359	3.344	3.578	4.647	3.081	1.252	-1.325	1.615	1.882	2.548	3.543	3.568	1.585	2.761	4.703	1.047	-0.8793	6.619	2.253	1.222	2.198	4.307	4.27	4.977	5.277	1.597	0.5795	6.128	4.069	5.952	2.404	2.492	3.142	3.741	2.917	4.569	6.565	3.303	3.055	4.22	4.105	6.561	9.991	5.299	0.009987	5.383	2.133	3.645	-2.065	5.182	4.457	1.645	8.804	2.839	3.658	3.911	6.064	2.951	4.311	4.429	-0.1608	4.326	3.199	5.079	2.388	3.462	4.911	6.187	5.964	2.628	5.632	3.233	-1.967	2.31	3.583	5.505	3.406	6.793	2.904	3.54	-3.086	2.244	0.7094	4.184	1.309	0.5297	-1.856	4.068	5.477	3.151	1.885	5.035
2.844	6.76	3.963	3.393	3.813	2.458	3.774	3.785	5.145	4.551	3.603	3.831	4.204	2.524	3.691	4.36	0.1855	5.732	3.544	2.34	2.902	3.777	4.288	2.489	-1.89	4.843	3.681	2.335	1.979	7.031	7.377	3.155	7.541	2.915	3.528	4.721	3.159	5.845	4.137	4.506	4.35	1.002	3.127	5.871	10.06	2.614	2.502	4.953	2.51	6.205	8.131	5.556	1.638	5.051	3.631	3.519	3.74	3.649	5.32	3.165	4.758	3.25	3.865	3.47	4.08	4.596	5.047	7.626	-0.7035	3.38	4.806	2.642	-1.237	3.591	4.961	6.295	2.765	4.811	2.862	2.416	-0.6161	3.612	4.293	5.992	2.032	6.578	1.054	5.223	5.124	4.866	-1.814	3.75	3.607	1.359	-0.1009	5.314	2.777	1.942	-1.23	5.637
3.542	5.113	-0.6969	2.316	3.428	2.44	2.696	4.416	1.214	5.555	6.813	4.051	5.341	4.378	4.933	3.492	0.4016	2.719	3.552	1.387	3.223	0.872	3.984	0.994	-10.1	4.364	4.666	3.021	4.041	4.556	3.843	2.894	4.803	2.735	2.807	5.723	4.165	5.778	2.11	3.118	3.713	2.532	5.179	2.884	6.846	0.7452	4.13	4.871	3.893	5.164	4.988	7.825	3.49	4.423	3.966	3.768	5.16	4.224	4.905	3.731	5.026	0.9079	2.66	0.552	4.122	1.922	4.649	5.737	2.15	-0.5127	4.846	3.165	2.575	3.326	1.479	5.845	3.176	2.268	3.787	3.353	-2.19	2.481	3.683	5.625	3.212	5.429	2.088	2.386	2.92	4.306	0.9028	3.148	2.512	2.115	2.171	3.839	0.9396	-0.137	1.719	4.358
3.773	6.001	1.075	0.9247	2.319	4.713	3.637	4.375	1.918	5.597	6.304	3.153	4.284	2.85	4.784	3.736	1.061	4.001	4.619	1.824	4.133	0.9919	2.705	3.071	-4.237	3.061	3.315	4.001	2.109	4.21	5.257	5.901	5.574	3.186	1.879	3.5	4.4	4.412	3.778	2.152	2.299	3.004	2.873	2.034	5.074	3.437	2.835	5.156	5.988	4.391	9.925	3.801	1.626	3.444	2.41	5.451	3.545	-4.73	4.124	2.526	5.2	2.149	2.704	-1.604	4.271	2.859	5.871	3.507	1.113	3.415	3.366	4.663	1.544	4.849	2.039	8.605	5.057	2.141	4.636	9.383	-7.103	3.731	3.101	2.891	2.536	6.553	4.186	3.75	3.719	4.244	0.5088	3.329	2.612	-0.7646	3.475	4.305	1.307	3.333	5.108	5.97
3.827	5.151	2.784	1.266	4.805	2.136	3.741	4.333	0.8544	4.248	3.204	2.767	3.359	2.404	5.522	3.735	1.929	5.692	5.253	2.667	3.466	3.393	3.01	3.819	-0.3322	4.561	4.569	2.068	2.217	5.843	4.907	4.654	3.787	2.795	5.142	2.17	3.071	3.804	3.016	4.532	5.542	4.062	2.953	3.391	5.515	2.108	2.078	4.256	2.633	5.854	9.037	4.23	2.431	2.106	5.902	4.1	2.756	3.977	4.404	4.561	5.827	3.031	4.067	3.069	4.082	3.227	6.327	4.298	1.105	2.582	2.179	4.237	-0.9064	4.772	4.169	5.649	2.682	0.7216	3.777	4.095	-3.686	2.833	2.26	7.882	2.963	8.168	3.665	4.269	2.154	5.516	-1.68	3.566	3.165	1.078	2.019	3.865	2.042	2.725	2.323	0.3507
3.318	4.68	-2.109	2.453	2.567	2.437	1.797	4.539	0.1226	4.056	3.353	4.893	5.46	3.363	4.278	1.664	0.526	5.954	4.343	2.412	3.294	2.435	2.622	3.193	-1.166	3.841	1.602	2.998	1.28	4.112	4.832	4.413	3.611	2.541	2.692	6.135	3.785	5.432	2.345	3.963	4.153	2.247	2.722	3.677	4.004	-2.76	3.049	2.651	3.467	6.013	7.338	6.191	2.737	4.73	4.404	4.646	4.814	-1.736	3.151	3.091	4.657	0.3544	3.836	2.291	1.446	0.3445	4.232	4.55	2.414	3.919	4.366	3.296	1.535	3.483	6.636	7.232	5.727	4.566	4.925	2.249	-0.5341	1.234	4.372	4.454	1.158	5.755	2.952	3.578	2.229	5.818	1.856	2.966	3.09	2.002	3.203	3.617	3.517	2.607	3.027	6.144
3.953	4.725	1.328	4.858	3.768	-41.33	2.055	3.249	3.529	0.7262	3.546	4.316	5.435	2.928	3.235	2.782	1.949	5.742	3.044	1.408	4.133	3.286	4.394	2.195	-3.007	6.452	4.062	2.238	3.124	4.638	2.969	4.892	4.001	3.184	3.449	5.127	5.747	9.365	3.875	2.583	3.635	2.282	6.601	4.074	5.437	1.192	3.437	5.464	4.741	5.86	-6.051	4.834	2.87	4.645	1.322	2.7	4.064	4.052	3.914	3.659	4.863	0.4675	2.328	-0.7953	5.798	2.946	8.661	6.315	0.3284	1.871	4.774	4.806	1.141	2.341	3.177	4.882	6.059	0.9731	4.285	4.865	-3.276	2.963	5.859	5.657	2.423	6.554	2.678	4.581	3.441	4.853	2.174	3.61	2.288	0.2763	2.798	3.408	3.601	1.538	2.03	5.37
4.711	4.232	3.069	3.93	4.083	3.501	4.544	4.355	0.1039	0.009081	5.721	4.188	5.263	2.655	2.015	4.014	0.1745	3.193	4.193	1.897	3.937	2.122	3.408	1.368	-0.5371	5.916	1.745	1.936	2.981	4.669	4.25	3.473	4.662	2.175	3.77	6.184	5.725	5.802	-1.169	2.666	3.275	1.507	2.306	4.026	5.458	2.57	1.616	4.722	2.772	7.827	10.88	6.266	3.453	5.029	0.9761	5.041	4.759	6.411	4.103	1.694	8.827	2.4	2.519	3.18	4.745	3.325	6.114	5.02	1.183	0.8933	1.725	3.807	0.5136	4.408	3.996	4.378	4.198	3.016	4.469	3.863	-1.828	2.343	5.013	6.358	2.676	4.432	4.535	4.582	3.737	6.296	2.609	4.29	3.719	-0.4433	3.641	4.037	4.247	2.733	1.427	6.892
3.325	5.987	2.304	3.714	1.311	1.841	3.703	3.006	2.304	4.56	3.974	3.34	5.008	3.754	4.92	2.385	2.305	3.944	3.669	3.184	2.927	2.767	4.346	3.075	-1.274	5.979	4.529	2.592	3.641	3.554	5.066	4.533	5.273	0.03842	2.294	4.319	3.926	6.676	1.826	3.089	4.564	3.623	2.54	4.291	6.99	0.3467	3.103	5.574	3.729	4.075	9.684	8.096	1.948	3.855	4.625	4.383	3.026	3.244	4.892	2.056	5.955	4.333	4.109	0.5001	5.417	1.905	8.615	4.59	3.284	3.168	4.635	3.324	1.656	5.932	3.241	6.813	4.107	1.832	3.192	5.056	-0.7861	0.4265	1.558	6.863	4.02	3.593	3.449	7.858	3.836	4.575	0.5215	2.133	2.081	2.217	3.5	1.838	4.314	3.239	2.828	3.377
2.316	7.055	1.945	2.995	5.004	2.737	3.14	3.314	4.131	6.805	4.44	2.271	6.529	3.432	5.477	2.163	-2.368	6.649	3.54	1.374	4.149	2.955	3.895	2.584	-1.4	4.947	3.743	3.189	2.106	3.526	3.008	3.984	6.034	3.578	4.875	5.361	2.895	6.018	2.278	3.637	4.832	-9.396	4.295	5.949	8.06	1.436	3.824	5.44	2.403	4.235	6.663	5.243	2.155	4.653	2.458	3.838	3.373	4.037	4.435	2.996	4.244	2.344	2.75	3.626	3.307	2.018	3.794	5.898	1.707	3.185	4.115	4.35	-1.712	2.495	5.614	7.236	3.309	1.918	2.722	1.806	-0.5828	2.81	4.055	7.041	3.233	5.822	6.091	4.344	3.551	4.869	1.899	4.363	2.568	2.021	1.15	5.833	1.317	3.051	3.612	5.955
1.155	6.628	2.074	2.653	3.699	3.468	2.687	3.312	1.128	2.51	3.617	2.777	5.886	3.605	6.646	3.956	4.549	5.726	4.567	2.2	4.437	2.544	3.716	0.7241	0.07671	6.227	3.686	2.499	1.109	6.658	3.829	4.411	4.227	2.348	4.698	1.909	3.653	5.097	2.674	3.495	4.009	3.296	2.99	3.273	6.874	0.9164	2.75	5.064	3.06	6.017	8.432	2.893	2.38	5.685	3.562	3.136	1.319	5.128	4.14	3.095	5.3	-6.822	2.619	2.929	5.837	2.073	5.756	5.058	4.469	3.971	5.582	3.015	2.467	5.483	3.308	6.383	5.991	0.6424	2.832	3.394	0.1211	2.409	2.073	4.674	2.116	5.55	3.601	4.644	2.265	5.298	0.07891	2.708	3.184	2.659	2.42	2.482	1.456	2.306	2.773	1.057
4.037	5.7	3.707	1.063	3.977	2.547	3.333	4.907	1.931	3.259	3.178	3.748	5.001	3.2	4.294	1.94	-0.6377	9.545	3.389	-20.89	3.943	1.937	2.674	4.088	1.589	4.561	3.489	1.397	3.093	3.114	4.932	5.055	5.587	5.267	2.095	6.947	2.846	5.678	5.757	2.906	4.921	2.205	3.956	4.618	7.234	0.01059	3.202	4.261	1.702	4.233	8.374	5.426	2.88	4.574	3.455	4.384	3.439	-173.4	2.495	4.328	2.146	1.641	2.042	2.548	3.707	5.268	5.559	5.99	2.299	0.8887	4.248	4.046	1.657	4.231	3.461	6.768	2.622	1.939	4.317	-1.326	-2.924	2.217	3.86	5.06	3.999	8.229	2.299	5.031	1.35	5.009	0.4176	4.901	3.305	1.886	2.416	3.161	3.366	2.643	1.898	5.709
1.864	3.518	2.206	3.251	3.592	2.455	3.593	4.675	0.567	2.595	4.013	3.764	4.398	3.385	4.816	1.695	2.065	6.155	5.287	1.418	4.724	3.841	4.648	3.023	1.33	3.606	2.647	1.784	1.987	4.842	-1.043	4.78	3.724	2.377	2.263	3.065	4.627	5.684	2.645	2.525	6.421	2.224	-0.06436	4.058	3.948	0.4218	2.061	-0.9188	3.822	5.477	8.364	5.522	3.179	3.248	1.735	3.374	2.539	6.096	6.801	3.712	4.053	2.719	3.346	4.105	4.887	2.891	4.963	9.438	4.384	3.187	3.824	3.968	2.402	4.735	-29.44	6.458	2.891	3.348	2.616	7.316	0.9995	-1.31	3.644	8.845	0.4986	7.326	3.012	6.096	-0.02318	6.103	1.776	3.306	3.43	3.735	2.496	12.6	3.718	3.725	4.693	4.832
4.424	3.705	1.929	3.297	3.997	4.196	3.631	2.722	1.546	4.406	5.389	3.504	5.114	2.855	3.952	1.764	-0.9298	4.278	2.604	3.193	3.427	2.702	2.471	3.325	0.2177	5.363	2.999	3.783	0.2793	4.705	4.155	2.99	4.94	1.722	4.333	4.432	5.503	5.742	-11.15	3.956	5.169	2.152	2.482	2.586	5.761	2.953	2.481	6.704	4.794	3.853	6.36	4.96	2.991	2.913	3.123	4.683	3.343	4.106	5.867	2.367	4.537	4.24	4.298	1.685	4.331	2.418	5.854	5.058	2.369	-7.247	3.641	1.067	0.6489	5.043	4.474	7.933	6.591	2.444	3.813	1.275	0.01527	3.24	5.055	5.016	3.97	5.024	4.603	5.662	2.805	4.676	1.207	4.535	3.387	0.07463	2.352	3.836	3.717	4.37	2.901	6.408
2.43	5.16	1.95	4.875	2.375	2.572	3.177	2.978	-2.655	7.058	3.091	3.163	7.57	3.842	3.805	3.027	3.293	6.844	3.906	1.527	2.87	2.707	4.089	2.51	-0.1304	3.586	3.006	2.963	1.872	5.391	4.737	3.238	4.271	3.411	3.946	5.795	2.316	5.417	-0.5128	3.763	3.626	4.851	1.912	4.476	7.077	2.14	3.329	3.731	4.228	5.294	8.258	4.288	2.751	4.153	1.935	3.031	3.062	4.507	6.296	3.028	6.998	2.379	4.452	2.965	4.2	4.211	4.077	4.931	-1.652	3.866	2.83	4.177	1.504	3.882	2.71	6.758	4.475	2.921	3.509	4.004	-1.336	1.776	4.273	5.977	1.516	9.959	4.458	4.681	3.18	3.891	3.462	2.921	2.427	2.368	0.8892	3.885	3.591	2.231	1.138	4.768
1.851	4.572	2.239	2.684	4.142	2.154	3.619	3.207	1.585	5.171	4.948	5.04	4.106	2.151	6.966	4.409	4.988	4.036	2.763	1.297	3.261	3.014	2.638	3.225	-1.35	3.509	2.652	1.855	2.74	6.641	5.801	2.882	4.772	4.452	2.918	8.282	2.892	5.305	3.134	3.525	3.514	3.817	2.948	5.913	5.807	1.367	2.63	4.304	3.187	5.589	13.83	6.183	2.112	3.141	3.909	3.385	6.497	3.542	5.699	3.28	4.849	2.006	2.993	2.379	3.098	0.5544	4.305	3.5	0.9602	4.16	3.679	5.035	2.583	4.695	5.21	8.613	7.508	1.425	4.748	1.929	-2.96	1.594	2.029	8.242	3.419	5.721	3.584	3.818	0.8892	6.532	2.88	3.988	2.656	0.4048	0.5124	3.717	5.89	3.763	2.316	4.347
2.205	6.153	0.9686	2.781	7.276	2.738	2.201	2.52	2.143	4.458	6.198	3.628	2.672	3.37	3.897	1.921	1.85	3.669	4.704	2.907	4.331	3.277	2.529	2.466	1.438	4.866	2.924	2.915	1.615	4.258	3.794	5.904	4.023	2.017	2.676	5.795	3.153	5.373	3.668	4.944	3.814	1.071	3.782	4.884	5.289	3.898	5.013	4.843	2.423	3.741	6.68	5.066	0.9993	3.053	1.816	3.956	2.893	4.455	5.216	2.874	3.672	2.267	3.418	3.088	3.823	3.052	2.995	5.045	2.072	3.323	4.319	3.585	0.5068	3.695	2.845	5.3	4.095	4.318	2.891	1.304	-0.6713	1.992	5.041	4.058	3.131	5.449	2.122	4.044	2.392	4.357	1.205	2.568	3.396	0.2943	2.941	5.072	6.706	4.541	1.582	5.595
2.131	3.424	1.859	5.717	5.544	3.749	0.1728	3.121	6.316	1.69	4.339	3.585	6.783	2.693	3.235	4.863	1.801	5.845	4.323	2.308	3.072	1.637	2.982	2.545	-6.012	4.623	3.792	4.364	2.299	3.907	3.319	4.253	6.157	0.8123	4.295	4.963	3.419	5.923	2.053	2.477	2.922	1.621	4.719	2.309	7.186	2.001	2.253	5.343	2.276	5.113	8.206	4.726	3.235	3.552	5.572	3.356	3.331	4.562	5.474	2.392	4.704	1.757	2.382	2.838	3.252	4.322	8.462	6.215	2.579	2.602	2.709	2.013	1.798	4.096	0.4383	6.511	3.014	3.488	5.124	3.002	0.8316	1.434	2.819	5.562	1.58	4.938	3.79	6.349	3.36	6.451	4.506	2.579	2.727	1.569	3.915	2.166	4.995	3.619	0.58	0.3256
3.072	3.852	0.717	2.638	5.794	5.679	4.963	3.596	1.278	3.426	5.122	2.563	6.624	2.849	3.914	3.424	1.26	5.092	4.301	2.804	2.686	3.502	3.345	1.745	0.2273	4.916	6.288	3.608	1.983	5.713	3.414	5.109	4.577	1.355	2.365	8.721	3.398	7.205	4.107	3.175	3.156	-5.785	2.358	2.906	5.723	2.155	2.46	4.511	3.136	4.452	11.64	4.87	1.792	2.589	3.562	4.555	1.688	2.64	4.738	2.056	4.901	4.47	3.26	1.918	3.814	6.052	5.529	2.534	-0.1535	2.82	3.394	4.126	1.517	5.103	3.248	7.108	3.927	2.659	3.617	2.983	-1.596	1.498	4.293	5.781	-0.124	7.124	3.509	3.756	4.071	2.465	1.644	2.915	3.287	-1.119	-1.112	3.806	1.152	4.305	3.235	4.581
1.844	4.254	2.254	3.122	2.515	3.408	4.212	3.531	-0.04117	2.588	3.143	3.466	3.974	2.467	3.7	4.475	-1.81	1.594	3.232	2.918	4.674	3.174	2.265	2.205	-0.3085	3.46	3.587	3.27	1.838	4.67	-0.4253	3.848	5.461	1.827	1.518	6.68	3.914	4.198	2.093	3.272	3.708	0.9894	1.831	2.863	4.917	1.451	3.03	4.796	2.257	5.559	10.09	7.795	4.964	4.961	2.431	4.422	4.21	-1.157	4.803	3.227	7.425	4.872	2.129	2.875	5.72	2.5	4.711	5.313	-0.1354	3.431	1.789	3.804	1.789	3.107	3.215	5.761	5.134	1.918	2.738	2.581	-3.326	2.044	3.241	6.545	5.825	6.289	2.022	5.573	4.602	5.66	2.382	5.752	3.606	-4.754	0.7451	3.356	1.87	1.974	1.911	4.481
3.52	5.171	1.76	2.668	2.792	1.986	2.633	1.803	2.877	4.01	4.762	4.127	4.811	1.988	3.974	0.7812	2.713	5.273	3.884	3.684	3.601	2.68	4.869	1.69	0.4784	2.735	3.536	1.929	1.287	0.02312	4.047	3.627	5.822	0.6633	2.533	4.633	3.799	4.506	4.464	5.01	3.984	1.388	1.66	1.224	4.874	1.476	2.088	6.521	2.085	3.956	6.043	6.244	-1.196	2.556	3.327	4.249	3.02	4.74	3.605	2.635	6.455	2.77	3.246	1.9	3.63	2.972	8.01	3.361	1.969	1.531	2.557	3.894	-3.237	5.655	3.373	7.195	12.64	0.8345	3.143	1.875	-3.465	2.02	3.983	5.224	3.031	7.293	4.423	4.613	4.409	4.577	1.229	-0.7726	3.278	0.8175	-0.7301	3.908	3.837	2.467	-0.6319	6.101
3.665	5.945	1.424	1.366	4.365	2.759	4.451	3.189	5.695	4.457	4.98	4.011	4.151	2.476	3.565	3.228	-0.2562	4.743	3.451	1.859	4.335	3.325	2.013	1.313	-0.7476	0.8319	5.033	3.614	0.9939	4.321	5.414	3.143	4.481	1.379	3.418	4.42	3.204	6.69	2.747	2.822	5.485	-6.367	4.98	4.241	5.238	2.338	3.061	3.442	3.742	5.616	8.386	5.502	1.791	3.113	2.524	2.91	1.162	3.61	4.488	1.868	4.772	3.436	4.814	1.6	3.289	3.448	5.589	2.747	1.415	2.171	3.315	3.099	1.79	4.085	4.521	4.918	2.701	2.774	2.453	2.7	-2.005	4.164	0.2779	4.964	2.49	6.384	3.147	4.878	3.361	6.254	0.3749	2.506	3.81	-0.02661	2.393	0.8268	5.07	3.353	1.817	1.88
4.32	4.67	0.9869	6.571	2.999	1.199	2.849	1.686	-0.1072	3.063	5.958	4.62	5.116	4.197	2.786	2.887	-0.02219	6.134	3.343	2.64	2.653	1.727	2.585	3.595	-0.3866	8.611	3.255	1.437	1.84	3.289	3.843	4.476	4.374	0.7199	3.049	5.125	3.119	5.155	2.886	2.847	3.537	3.502	3.086	3.227	1.608	3.615	2.654	4.72	3.723	7.352	7.194	6.728	5.335	6.783	1.789	3.948	2.654	5.378	4.891	2.354	4.285	1.856	2.689	1.75	3.714	1.892	7.117	5.463	0.03685	2.921	3.375	3.797	-5.017	6.086	4.339	6.807	1.322	1.761	3.14	0.7628	-2.143	1.935	3.453	5.793	2.634	5.455	4.637	6.398	2.077	7.011	0.4224	4.201	3.197	0.3127	1.17	3.982	2.812	3.75	2.743	6.525
3.646	4.066	1.554	1.508	3.552	2.603	2.607	3.449	0.2934	3.717	3.843	4.027	4.81	3.033	3.329	3.348	3.336	3.345	2.492	2.376	2.611	1.248	1.766	1.882	0.5527	5.588	4.077	4.044	3.06	5.688	3.272	3.207	4.931	2.695	2.752	3.257	3.49	4.601	3.087	2.667	3.645	1.811	2.874	3.931	5.345	2.244	4.208	4.877	5.462	4.839	11.45	4.418	3.293	5.556	1.849	3.966	3.441	3.091	5.223	2.817	5.954	1.866	2.047	1.875	2.995	1.664	5.76	2.777	0.4714	2.474	3.516	3.559	-7.299	3.529	5.212	6.799	10.24	1.572	3.438	4.906	-1.71	0.4382	5.303	6.74	-0.6567	7.97	1.577	4.628	2.907	4.298	-0.6389	3.598	2.557	-3.054	5.388	2.567	3.443	4.053	1.725	4.787
2.891	6.134	2.303	1.682	5.753	1.347	2.335	3.175	1.175	0.759	4.401	5.122	2.352	2.795	5.72	5.068	0.6983	3.054	2.831	0.5399	6.742	3.639	3.078	2.233	-1.694	4.105	2.47	2.411	0.9995	1.833	3.153	5.24	6.155	3.479	2.888	7.49	2.55	4.875	2.795	2.255	3.281	1.124	1.092	1.582	5.672	3.757	2.112	3.547	2.139	4.938	10.43	5.688	2.667	3.725	3.024	3.689	2.265	3.627	0.1624	3.496	5.905	3.142	2.153	1.218	4.308	3.043	3.478	1.482	1.797	2.469	3.682	3.357	1.601	3.514	3.464	3.781	4.236	4.862	3.694	2.787	-0.9917	2.156	-2.096	6.322	2.409	7.25	4.833	4.527	0.0405	4.763	-0.7504	1.551	2.71	-0.46	1.662	3.527	2.788	2.9	3.86	6.819
4.364	6.188	1.409	2.349	3.265	2.335	4.529	3.513	1.513	2.267	4.392	1.255	3.266	2.931	5.046	0.2271	1.134	9.933	3.907	-0.4039	3.797	2.971	3.032	2.11	0.2062	3.728	3.004	3.163	3.567	3.251	3.206	4.524	3.555	1.788	2.376	4.411	6.652	4.232	2.542	2.437	3.043	3.042	2.984	-3.118	4.975	1.023	5.145	3.929	2.098	4.885	8.965	5.312	2.2	-0.7348	1.69	3.767	3.175	3.53	4.003	2.206	2.841	1.891	3.386	1.805	3.698	2.828	6.037	6.73	1.203	3.14	3.247	3.353	2.395	5.453	3.493	5.832	3.437	1.878	1.111	-0.05211	-0.9396	1.657	5.371	6.482	2.534	6.707	3.678	6.268	3.572	4.279	-1.264	4.379	3.104	0.8416	-0.109	4.127	1.861	3.452	2.926	6.065
3.075	4.898	2.98	2.215	1.119	1.878	4.175	1.805	0.4638	3.064	2.916	4.631	3.828	2.059	3.256	5.267	3.076	5.634	4.324	2.27	4.025	2.938	2.317	1.866	-10.57	3.937	4.868	2.753	1.641	2.755	3.41	4.541	3.852	-0.2085	3.186	7.714	4.175	5.618	2.489	2.799	3.605	1.211	4.102	5.716	7.325	1.898	1.425	4.22	3.643	5.118	9.848	5.51	3.307	2.159	2.928	3.198	4.076	6.769	3.987	3.066	4.986	2.722	2.499	0.7225	3.486	4.392	5.596	2.943	1.916	1.557	3.552	4.629	2.524	3.129	0.401	5.278	-59.34	-0.04033	1.526	0.477	-6.068	1.319	3.932	5.232	1.991	9.31	3.53	4.534	1.956	4.749	-0.3061	2.901	2.304	1.822	1.056	2.72	2.175	3.213	2.127	3.712
1.776	5.909	2.834	0.4843	3.318	3.265	3.318	-2.029	5.097	4.007	3.88	4.607	4.984	3.178	4.294	0.8831	2.183	4.826	3.428	3.039	3.551	1.952	1.648	3.256	-2.68	6.126	3.454	3.865	1.568	4.383	4.638	3.796	4.854	3.848	3.623	4.896	5.5	6.716	3.527	3.84	2.54	4.902	5.718	4.129	7.37	1.703	4.09	2.827	3.584	5.323	7.91	-0.4695	2.673	5.025	2.283	4.218	3.771	5.889	6.017	2.5	5.707	2.232	2.443	3.292	5.841	2.308	5.185	4.133	-0.7685	3.318	3.792	1.712	-0.6832	2.195	2.841	5.868	5.725	2.235	1.964	3.226	-1.532	0.726	2.913	10.38	0.8838	5.31	3.085	2.558	4.893	4.182	0.4745	-1.314	3.303	0.5254	1.304	1.97	4.436	3.226	1.702	5.106
6.447	5.098	2.109	2.54	5.722	2.389	4.588	3.638	2.976	4.84	4.916	3.053	3.054	4.118	3.783	4.305	4.669	2.821	4.104	0.9709	3.167	0.7435	1.255	-0.9484	-2.337	4.294	2.549	3.235	2.851	3.84	3.139	4.799	5.705	2.783	3.248	4.402	2.665	3.871	2.382	2.571	4.293	1.647	3.394	3.581	5.192	2.213	1.968	4.42	1.867	5.003	8.518	4.843	3.06	2.562	2.951	3.649	3.166	2.027	3.546	2.758	5.914	3.516	3.409	3.402	4.046	2.97	5.7	5.674	0.4494	2.289	3.376	4.384	0.9692	3.756	2.883	5.145	8.019	0.6651	3.798	3.204	-0.275	1.719	1.164	2.996	0.7087	7.469	2.416	5.133	0.1709	4.069	1.336	3.638	2.114	1.342	2.497	6.573	4.169	2.519	2.188	-2.027
5.618	4.742	2.726	4.545	2.264	2.103	2.633	2.914	1.296	3.697	3.619	3.772	6.069	3.581	3.848	3.106	0.5426	2.153	6.89	1.609	3.775	4.536	3.356	1.472	-1.769	4.359	2.794	-1.027	1.186	3.504	4.397	3.598	4.667	3.675	2.482	9.567	2.814	5.456	3.014	2.782	3.442	-4.268	0.6211	3.403	6.904	2.23	2.552	4.357	5.2	3.323	9.576	6.362	2.93	2.117	3.719	3.172	5.141	6.019	4.252	3.061	3.928	3.121	3.056	3.779	3.158	2.603	4.339	3.377	2.802	1.999	3.321	3.04	1.045	5.372	3.033	3.803	3.015	0.6877	2.644	1.928	-0.453	2.829	2.044	5.889	5.702	6.299	2.552	4.045	1.958	5.088	0.7505	2.419	3.125	-0.4104	5.493	3.811	3.578	1.421	0.9961	3.683
1.762	5.179	2.384	4.156	3.291	1.343	2.979	3.227	2.987	3.188	2.952	4.295	4.268	4.167	4.617	4.089	-0.1931	-3.571	3.449	2.613	3.532	2.881	2.119	2.304	-1.233	3.715	1.595	2.821	4.049	3.68	1.265	4.423	4.033	2.514	2.932	8.301	3.457	5.582	4.582	1.9	3.694	-7.556	0.3156	3.473	4.389	1.715	2.895	3.778	3.283	8.236	8.335	5.105	-3.019	3.192	3.19	3.764	2.297	3.368	6.835	4.043	3.901	1.171	2.005	2.337	3.569	3.614	4.923	3.123	-0.3635	-0.3386	3.771	3.943	0.3517	3.064	2.967	5.393	1.829	2.56	5.619	0.7599	-4.978	1.451	3.511	6.951	2.979	5.577	3.269	5.075	1.677	4.658	-1.21	3.28	1.547	0.9415	-1.855	3.038	3.951	3.08	1.129	0.1894
2.054	3.858	0.9646	3.847	5.878	2.826	3.675	2.413	0.4967	4.647	3.998	9.079	4.393	3.346	4.151	4.987	0.776	3.77	3.343	2.317	3.541	2.815	-0.567	2.144	0.2955	4.087	2.9	3.053	1.95	3.577	3.561	2.265	5.538	0.06504	1.54	4.954	2.672	5.147	4.488	3.553	3.911	-0.02903	2.693	1.88	5.141	1.119	-0.7565	3.704	3.296	5.922	11.72	6.044	1.737	2.059	2.121	2.518	6.689	1.848	4.577	4.172	4.621	1.766	3.769	3.077	4.616	3.493	3.659	7.891	4.8	2.7	4.847	2.281	1.778	1.712	4.048	8.459	4.617	1.586	5.085	-0.8578	-0.3346	3.883	3.493	6.68	2.276	8.175	2.401	2.848	2.139	4.318	1.839	2.573	3.503	0.6262	2.163	3.819	4.789	1.82	1.72	0.2057
2.4	5.564	3.723	2.95	6.445	2.952	5.627	3.148	1.612	2.426	8.583	3.908	2.099	2.69	1.315	3.105	0.9772	7.75	2.996	1.798	5.112	2.686	0.908	1.416	0.7656	3.388	3.947	0.3727	1.626	1.547	3.838	-0.1581	4.416	2.346	1.442	5.807	2.085	4.988	3.786	3.014	3.792	-1.217	4.571	4.994	5.939	2.006	3.091	2.602	2.785	2.809	7.768	5.039	3.548	4.565	3.268	3.624	6.779	-2.568	5.768	2.161	7.745	2.562	3.123	2.123	4.104	1.016	5.63	7.742	1.5	2.679	2.214	3.718	0.7936	3.039	0.1811	6.299	3.998	1.052	2.613	-0.4287	-5.363	1.957	2.58	6.416	0.7733	7.013	1.854	4.161	1.917	5.805	1.511	3.822	2.501	1.274	3.855	3.977	3.887	2.827	2.199	4.485
2.513	3.99	2.476	6.357	2.269	3.698	4.228	3.392	2.986	6.542	4.706	3.782	2.362	3.117	3.585	-0.3996	0.8708	6.282	3.29	1.496	3.794	1.558	3.432	2.863	-3.143	3.686	2.483	4.158	0.8411	2.883	2.714	4.04	4.511	-1.385	4.44	5.703	3.341	6.926	3.58	4.993	5.349	10.57	0.1897	2.359	6.111	-0.9437	2.512	4.184	1.301	4.947	9.227	4.853	1.458	-12.63	4.674	3.896	3.895	-2.984	4.783	0.2546	3.61	-2.215	4.034	2.859	2.885	1.246	4.85	4.681	-0.4468	3.141	2.698	3.527	-7.343	2.257	1.875	6.26	0.9625	-0.6507	2.882	-0.4565	-0.4457	1.513	2.708	5.875	2.814	8.818	3.535	4.058	2.95	6.276	0.6469	3.293	2.843	0.8332	2.939	4.165	4.664	3.459	2.579	4.265
3.627	4.718	1.597	3.966	5.326	3.011	4.516	1.416	0.2543	5.615	4.219	5.49	4.851	2.492	4.764	4.377	2.907	-0.1076	3.537	1.87	3.638	1.832	1.064	2.479	1.764	4.927	0.09952	2.861	2.034	4.161	2.624	3.946	3.693	2.78	3.206	9.021	2.357	5.464	4.314	2.272	2.357	-4.056	1.87	2.718	6.861	2.149	3.285	5.568	2.268	4.336	8.213	5.174	1.444	6.589	1.59	3.314	0.04515	3.731	4.835	2.204	6.838	1.774	3.251	-1.614	5.038	3.894	4.32	3.875	4.96	3.187	3.674	3.86	1.744	3.561	3.173	8.659	5.676	2.079	6.014	0.8633	1.105	4.554	2.862	8.917	3.793	6.232	4.002	5.314	3.17	4.702	0.7938	2.848	2.917	1.09	0.7955	2.939	3.193	3.904	1.322	5.738
3.216	4.388	2.876	1.769	-3.394	4.102	2.724	0.7836	2.387	7.757	6.091	2.99	1.725	3.308	3.152	3.764	0.5455	3.733	3.477	1.623	2.33	2.223	4.5	3.335	-1.531	7.691	4.272	2.986	2.021	3.15	6.877	4.261	3.512	2.032	3.62	5.096	3.875	8.176	2.035	3.436	4.253	-8.36	4.693	3.03	6.035	1.876	1.614	3.412	3.58	1.652	5.644	5.57	3.26	2.037	4.339	2.29	4.358	3.776	5.067	-0.9585	4.922	2.147	1.702	2.449	4.311	3.482	6.245	5.25	1.588	2.036	2.392	2.611	-5.068	2.525	2.607	2.13	6.281	3.108	3.287	0.5537	-1.214	3.79	4.811	8.761	2.003	6.421	1.21	2.662	2.494	4.874	4.266	3.761	2.944	-2.26	1.252	-0.5717	2.928	5.98	0.798	6.049
2.197	5.584	-1.922	4.765	2.274	2.702	2.525	2.868	1.869	1.866	4.573	3.94	4.231	1.582	2.535	2.648	1.914	4.556	3.753	2.051	2.349	0.04347	3.138	3.039	-0.5353	3.735	5.91	0.9025	0.4323	5.378	2.216	4.147	2.544	0.2766	-1.754	4.099	4.167	4.828	3.97	3.294	3.668	2.156	2.109	3.322	6.226	4.477	1.806	5.103	2.833	5.992	11.3	5.426	-2.043	3.004	1.844	3.698	2.142	5.094	4.398	2.871	5.281	0.912	2.334	-0.07599	3.875	1.564	9.027	3.126	-13.15	3.321	3.374	1.228	2.642	3.847	2.15	4.542	4.578	4.453	5.349	1.142	-0.1594	2.445	3.211	6.439	2.14	6.406	0.7291	5.146	3.715	4.852	-3.083	1.205	0.7127	-1.653	3.02	4.444	3.701	3.134	4.579	7.308
0.8421	5.675	-2.751	3.651	3.726	2.912	2.612	2.6	-0.826	4.344	5.301	4.474	3.502	3.833	3.804	3.428	1.624	5.618	2.986	1.874	2.704	0.9842	2.424	2.579	-1.394	3.884	3.307	1.581	0.7494	2.305	2.225	2.175	5.946	3.127	2.953	6.215	3.441	6.113	1.744	2.787	2.863	2.54	3.846	2.432	4.451	1.28	2.447	3.195	3.319	9.372	6.529	3.847	3.851	3.814	3.249	3.323	1.19	2.476	4.213	2.966	4.738	2.777	2.681	0.6518	2.053	1.502	5.652	2.234	2.706	2.943	2.598	6.009	1.035	3.737	3.558	3.624	5.024	1.35	3.36	-0.005885	-1.072	2.586	4.859	6.182	0.6692	5.234	3.672	2.789	3.157	4.423	1.881	2.863	3.043	0.5622	2.759	4.748	4.733	1.141	0.7444	4.419
4.197	3.052	2.615	3.609	1.544	0.2635	3.396	3.333	2.833	4.213	4.028	2.602	3.583	3.161	4.287	7.022	2.531	-0.3761	3.093	3.607	1.671	3.416	3.523	2.603	-2.004	3.926	2.037	2.866	1.407	4.673	3.722	4.345	5.698	3.057	2.073	4.128	4.63	5.214	1.906	1.073	4.385	0.3889	1.227	3.911	4.804	3.152	2.054	4.647	2.425	7.913	7.595	4.556	3.028	1.657	3.183	2.867	3.418	3.437	2.856	2.441	5.436	2.968	1.997	2.535	1.555	3.664	6.452	5.102	1.297	3.514	3.38	3.425	1.272	3.174	5.521	7.563	5.427	-1.647	1.551	4.048	-0.1717	2.512	4.214	6.048	2.927	7.609	3.333	5.404	2.815	5.202	-0.3221	3.467	-1.616	0.2678	1.888	5.089	4.284	1.579	2.958	2.571
1.985	4.763	2.505	2.652	3.288	3.653	3.316	2.446	-0.1618	5.961	3.997	4.778	3.565	3.203	3.739	2.9	0.2503	6.738	2.643	2.119	3.806	3.766	2.098	3.223	-5.785	4.981	3.605	1.606	2.797	5.681	4.204	3.768	4.89	3.602	2.548	4.517	3.651	7.625	0.8974	2.762	3.711	1.064	1.427	2.45	6.419	2.127	2.386	3.726	2.688	4.272	8.952	4.219	0.5514	3.087	3.019	2.973	3.437	3.551	4.608	1.895	6.138	2.857	4.197	2.352	3.732	3.267	6.11	2.419	2.967	2.267	3.55	3.853	-9.354	5.74	3.441	3.569	4.019	2.22	1.566	0.4818	1.266	2.962	3.993	6.677	1.363	7.148	2.798	6.052	-3.067	4.417	2.586	3.344	3.532	1.444	3.14	3.072	4.139	3.443	4.39	2.033
4.811	6.269	1.024	5.695	5.606	1.967	3.226	2.826	2.868	0.3069	3.928	4.742	4.363	4.236	0.4404	4.295	2.175	5.679	3.693	0.06614	3.194	1.866	3.053	2.142	0.4541	4.717	4.438	2.255	1.629	4.16	4.548	3.146	5.151	2.855	3.497	2.913	3.336	4.949	3.633	3.51	4.205	-4.514	3.385	3.687	5.726	2.449	1.289	5.896	3.244	5.645	8.358	6.067	1.121	3.942	2.626	3.179	3.547	2.138	5.858	2.52	6.453	3.167	2.436	2.842	4.444	3.73	6.83	3.987	-0.4143	4.312	3.187	4.169	2.221	4.642	3.553	7.216	4.531	2.753	4.87	1.698	-3.064	0.6335	4.319	5.346	3.224	3.692	3.735	4.537	-1.213	5.903	3.063	0.8283	3.382	0.4474	1.974	3.263	3.481	1.795	2.832	4.436
3.562	1.944	2.888	3.642	4.345	2.978	3.217	3.93	1.841	0.8417	3.587	3.559	5.153	0.3409	2.205	-3.552	1.258	5.612	3.73	1.084	4.301	3.648	4.758	1.459	-2.841	4.491	1.772	4.21	1.964	6.33	2.824	4.588	3.231	1.701	3.182	2.336	2.065	6.269	1.364	2.978	2.961	1.409	3.179	3.55	7.81	2.175	2.705	4.699	2.369	4.462	9.47	6.075	2.939	1.623	2.255	3.66	4.144	3.345	3.856	3.265	4.068	1.476	2.427	0.5166	3.055	2.035	4.843	3.441	1.888	3.211	2.725	5.034	-2.339	3.623	1.252	2.215	2.59	0.6927	1.692	0.6386	-6.018	-0.05997	3.09	3.114	5.607	6.761	1.157	4.105	3.016	3.191	1.634	2.479	3.681	-6.989	1.38	2.671	1.652	2.617	-2.252	5.784
2.013	3.896	0.4273	7.98	4.737	3.34	3.24	1.437	0.5355	4.638	3.463	6.4	4.335	3.78	5.941	0.3963	0.6545	1.388	5.496	2.92	2.155	2.695	2.479	4.397	-8.946	3.688	2.103	2.119	2.902	1.054	4.185	3.51	3.07	3.293	3.277	2.778	5.07	5.516	10.96	3.719	5.261	0.06435	2.366	2.753	5.057	0.2518	2.829	3.773	2.608	6.711	7.546	4.956	2.817	2.825	4.428	3.218	2.792	3.56	3.884	2.201	4.232	3.349	2.147	1.915	4.832	3.106	5.937	2.509	2.613	3.726	2.804	0.9845	0.9638	4.25	3.582	5.386	3.938	2.707	3.147	3.072	-0.4735	1.32	3.804	6.673	3.822	8.384	3.895	2.524	3.275	4.143	-0.3339	2.921	-0.03303	1.717	3.994	1.997	3.086	2.392	2.516	5.45
-2.724	5.179	2.283	3.044	1.746	2.725	3.856	4.998	-0.1722	1.48	6.067	2.774	3.415	2.965	3.227	3.694	0.677	4.149	3.059	0.0005383	3.801	3.29	2.222	2.865	-1.663	3.329	4.414	2.691	1.431	4.142	5.222	3.512	4.989	1.634	4.211	7.071	3.277	4.318	-1.871	3.853	3.449	-12.11	1.312	3.811	6.817	2.067	2.202	5.736	3.045	7.121	7.605	4.895	1.634	3.476	2.203	3.001	2.993	4.245	4.058	3.013	3.83	1.085	1.862	0.7988	3.989	3.673	5.613	4.29	1.555	1.957	4.389	3.745	3.582	2.998	5.118	3.045	5.352	2.269	3.049	1.311	-0.5998	1.912	5.66	6.058	1.816	6.402	5.908	4.01	2.233	4.726	1.363	4.387	2.6	1.651	2.858	3.949	2.779	4.633	1.755	3.293
3.547	4.216	2.15	1.782	3.531	1.613	1.723	4.058	1.3	2.335	4.259	2.536	-0.5929	3.528	3.36	5.656	0.109	4.818	2.749	3.517	2.838	3.124	3.767	2.481	-1.848	3.685	3.007	2.24	1.648	6.835	3.297	3.336	4.751	3.259	3.635	4.728	4.05	5.04	2.827	4.381	4.268	0.4119	1.173	4.814	3.408	3.465	3.443	3.58	5.178	4.925	7.73	5.809	3.403	4.588	1.578	3.538	0.185	5.684	6.192	2.763	6.143	3.112	2.664	2.055	6.396	9.225	6.316	5.727	0.3341	3.899	3.363	4.255	1.014	5.601	4.709	8.02	5.318	2.194	5.55	3.386	-2.029	1.983	3.383	7.66	3.673	6.152	1.322	4.305	-1.35	3.701	1.066	3.669	2.411	0.8703	2.719	5.586	1.861	2.228	0.5804	4.853
4.373	5.882	3.346	3.889	2.864	1.849	2.52	2.298	2.217	1.857	5.926	2.464	2.85	4.048	5.49	1.278	1.344	4.851	2.319	1.575	3.471	0.8556	2.206	1.213	0.9263	1.664	2.929	3.082	2.007	3.167	4.86	5.046	2.853	3.49	-1.144	2.506	3.83	7.393	1.228	3.89	2.951	1.105	1.931	2.64	5.252	-1.729	2.466	2.787	3.097	4.434	7.674	6.555	3.769	3.193	2.038	5.513	5.128	3.247	4.974	4.483	6.998	6.036	3.916	2.467	3.514	3.633	4.614	4.572	1.471	3.052	4.801	3.109	0.5178	5.57	1.543	5.782	4.809	0.3085	4.285	1.997	0.1032	1.907	4.81	7.415	3.825	6.442	4.708	6.378	3.581	4.796	4.742	3.816	1.833	0.4172	3.609	4.091	1.246	4.185	0.03549	3.96
4.984	3.479	-0.8676	2.802	3.064	2.247	2.183	3.715	1.685	1.657	3.831	4.167	4.91	2.422	3.966	4.655	-2.762	9.281	3.05	1.928	1.964	3.258	4.872	-0.5482	-1.93	3.332	5.852	2.587	1.39	5.541	1.875	2.82	4.108	2.795	3.037	6.915	3.147	5.039	2.285	2.44	4.447	0.3659	0.283	4.967	4.745	-0.2084	3.34	5.813	2.839	6.422	9.007	9.507	3.584	2.778	3.218	4.769	7.037	4.592	5.552	2.141	5.492	-2.719	2.452	4.508	3.688	3.175	3.623	6.557	1.099	4.517	3.877	2.835	-1.665	3.653	3.025	8.432	3.352	3.888	3.561	1.185	-2.285	2.296	3.504	-3.297	4.335	5.611	2.191	5.552	1.083	4.922	0.75	4.189	-19.82	-4.156	0.05008	3.052	2.934	1.902	3.178	6.347
-0.202	3.26	3.389	1.798	4.751	4.035	4.772	4.369	3.101	5.001	4.87	0.7043	3.834	3.027	2.717	4.689	1.83	3.852	4.897	0.6394	3.807	2.386	3.001	3.166	0.3219	6.068	3.036	2.842	0.6506	5.685	3.074	4.148	8.389	4.705	3.826	5.594	4.003	4.262	3.167	3.259	3.578	2.614	4.095	3.212	6.573	2.251	3.053	4.243	3.159	4.111	6.805	5.168	3.676	3.739	2.52	2.632	4.071	4.624	6.778	3.316	3.228	3.653	2.356	1.77	3.241	2.331	7.332	1.81	0.8444	6.397	2.777	5.909	-0.1221	3.721	3.251	5.288	4.128	2.582	2.93	4.151	-2.085	1.572	2.349	7.666	3.423	7.175	2.444	4.222	0.1332	4.601	0.1681	-0.4637	1.426	1.748	1.455	2.039	2.199	1.386	2.042	2.731
4.015	7	2.193	4.148	2.135	4.055	3.622	2.558	0.2353	5.459	3.732	4.121	4.306	2.692	5.152	3.063	2.915	4.819	4.022	-11.24	1.688	3.058	5.494	4.323	-1.188	5.403	4.062	2.699	2.505	1.939	3.422	5.822	4.928	3.087	4.288	4.259	3.347	5.902	2.419	6.606	4.077	3.905	-0.8346	3.576	3.11	4.443	1.267	4.83	3.158	5.572	12.3	6.339	3.741	2.7	2.353	3.434	3.012	-73.85	5.388	2.964	6.26	3.18	4.011	2.371	3.733	3.564	7.67	3.465	4.855	3.817	2.843	4.021	-0.2417	5.012	2.427	6.818	7.846	2.71	2.187	5.029	1.305	2.326	3.275	6.672	2.433	8.132	3.992	3.899	1.81	7.865	0.3585	2.635	-17.25	2.663	4.068	2.337	-1.769	3.605	2.317	5.001
3.786	3.212	0.8403	4.597	2.932	2.961	2.731	4.373	6.168	2.776	3.945	3.452	6.363	3.874	3.962	-1.062	0.8616	3.463	3.236	1.577	4.749	1.949	3.017	2.546	-3.849	5.669	3.443	2.171	1.476	4.722	3.18	1.626	3.358	2.207	2.695	5.314	3.496	4.859	1.897	2.535	3.263	2.206	3.584	6.772	5.91	0.7138	2.343	4.709	4.115	6.218	6.437	7.082	2.006	3.027	2.999	3.646	3.796	5.828	4.423	3.754	3.883	1.923	2.504	2.886	4.512	2.325	7.928	5.178	2.584	3.206	2.989	4.278	2.025	3.442	3.198	5.451	6.483	1.536	4.125	6.083	3.414	1.948	4.665	10.09	0.709	6.965	3.799	4.94	3.394	1.754	2.377	2.903	2.242	0.003844	0.6632	3.767	3.264	2.331	1.97	6.598
2.312	4.79	3.303	2.538	3.023	1.83	2.618	4.705	-0.2348	2.225	4.691	2.173	2.943	2.858	3.006	6.672	0.7169	4.657	2.797	1.623	6.543	2.839	4.213	1.509	-0.7972	4.076	0.8292	2.594	4.138	5.292	2.957	5.378	5.291	3.567	2.418	4.965	5.089	4.248	4.323	4.625	3.602	5.259	-3.839	4.032	5.823	2.385	1.734	3.793	3.571	5.34	11.8	4.829	1.269	2.327	2.177	3.61	3.335	3.035	6.488	2.606	4.449	1.279	3.003	2.404	6.962	2.865	5.504	2.85	0.3817	1.992	2.893	3.355	2.085	3.95	4.869	8.098	5.717	4.008	4.242	0.5146	-7.088	3.508	6.273	6.923	0.701	7.046	3.048	6.648	1.007	6.446	1.42	4.366	2.583	-0.004908	0.3036	-0.302	2.437	3.895	2.69	5.904
5.333	8.721	5.322	3.64	4.884	3.71	3.991	5.093	-0.3244	5.907	4.216	3.128	6.279	3.79	5.02	3.452	-5.976	5.095	4.047	0.8147	3.596	1.208	2.84	2.082	2.025	3.957	2.816	4.352	1.723	4.432	4.153	5.106	4.354	3.973	2.107	4.758	2.742	6.109	2.18	5.494	4.368	3.299	3.503	4.54	4.7	2.151	2.117	4.238	5.836	4.356	9.05	3.366	-1.95	2.663	2.877	2.601	2.058	7.276	3.072	2.612	4.993	3.186	1.731	2.309	2.954	2.439	7.492	5.675	0.05752	4.961	4.281	3.026	0.9495	5.526	3.96	5.048	4.803	1.853	0.5432	2.534	-3.766	1.96	6.168	8.031	1.819	5.881	4.615	4.122	2.826	6.299	1.459	2.974	3.323	1.027	3.296	2.095	4.603	5.147	2.656	7.106
4.336	5.302	1.635	5.341	5.247	0.7467	3.065	-0.9169	3.993	8.02	3.471	5.178	4.286	2.531	2.736	2.2	3.545	4.583	4.95	2.408	3	2.285	2.754	2.376	-1.195	4.122	2.511	4.912	1.647	6.763	4.792	6.232	6.717	2.207	2.023	4.951	3.346	5.823	4.746	4.045	4.138	2.485	2.982	3.195	4.379	0.7805	3.577	4.38	2.544	5.518	8.071	6.232	3.9	3.507	3.122	2.788	4.441	4.572	5.176	2.95	4.325	0.5954	2.902	1.797	4.928	4.074	7.725	2.968	2.341	5.413	3.683	3.576	3.074	4.424	2.887	5.479	4.057	2.862	3.881	0.9593	-2.592	-1.284	4.468	7.496	3.12	6.396	4.938	4.52	1.969	7.497	-1.967	4.184	3.194	2.631	-0.2592	4.243	3.196	3.862	-3.854	7.451
2.219	5.722	0.237	2.792	4.836	2.651	3.141	1.731	1.371	1.444	6.653	5.079	6.458	2.505	2.359	1.9	2.521	9.878	3.015	2.474	3.501	1.189	3.257	3.41	-0.05856	6.242	1.572	3.704	2.379	4.735	3.681	3.269	3.905	1.84	2.453	6.047	2.692	5.384	3.469	0.03949	3.444	1.32	5.698	2.966	3.3	-2.45	2.23	7.118	2.466	4.926	8.415	4.871	-4.753	3.515	4.832	2.716	4.088	6.635	3.855	1.933	4.719	4.024	2.27	-0.04922	4.714	2.551	4.465	5.194	2.787	2.23	2.856	6.006	1.435	4.765	3.962	6.987	2.483	2.147	3.712	2.244	-2.674	3.678	3.103	5.418	1.78	6.801	3.576	5.24	2.934	4.772	2.163	1.595	2.786	-0.7022	3.119	2.843	1.972	3.422	-1.75	6.481
3.502	6.342	-5.291	1.35	3.874	2.338	3.037	2.573	0.09989	5.185	0.7516	3.286	7.165	1.583	2.238	3.637	-2.644	0.05637	2.238	3.318	4.122	2.087	2.356	4.912	0.3265	4.993	2.185	1.906	1.833	4.984	2.959	3.969	4.687	2.149	2.131	6.97	4.445	7.539	4.352	2.336	5.483	0.2153	5.166	2.851	5.639	1.571	2.104	3.917	2.719	5.149	7.12	4.532	3.845	2.862	1.838	6.469	3.516	4.468	5.309	2.178	7.296	2.156	2.487	0.8024	4.967	2.079	5.715	9.884	4.006	2.041	4.334	0.3944	-0.7193	3.046	0.9032	6.748	5.083	3.407	5.563	1.025	-2.681	1.974	3.22	4.279	1.654	7.801	3.334	3.075	2.9	5.56	-0.9051	1.162	1.326	-0.4769	1.994	2.461	4.792	3.545	0.5391	5.131
3.036	4.137	1.347	3.875	5.145	1.798	3.577	2.718	0.9784	6.23	5.825	3.902	4.045	4.141	4.655	5.581	1.782	3.739	4.364	2.917	1.689	3.215	2.496	-0.4792	0.7941	2.754	3.692	3.111	1.084	1.757	5.024	4.634	3.531	4.668	1.177	6.09	2.46	7.261	9.806	1.74	4.232	2.997	-0.4697	5.651	6.346	1.069	3.725	3.816	2.109	10.75	7.799	5.494	2.922	4.39	2.146	4.011	4.321	4.462	3.964	2.098	6.693	2.331	2.593	1.978	4.741	1.771	6.288	3.966	1.027	3.104	2.514	3.689	3.972	4.557	5.937	1.876	5.485	1.958	4.062	1.892	-0.9213	2.75	4.935	4.263	0.5019	6.697	4.174	4.546	3.668	4.002	0.5925	3.099	3.161	0.7841	-0.111	3.309	3.128	3.054	3.485	5.818
2.885	6.958	2.645	3.317	3.463	1.724	3.644	3.695	0.9951	4.829	3.444	2.974	4.105	3.243	5.658	4.85	2.259	4.231	4.631	3.274	5.223	1.07	2.653	2.568	-0.8684	4.417	3.659	4.876	0.7199	2.702	5.013	5.143	5.389	2.395	-0.1069	4.879	5.964	9.031	2.182	2.44	3.279	-0.3527	4.165	3.326	5.566	1.605	3.239	2.696	1.448	3.586	7.42	5.106	4.155	2.828	2.187	3.579	3.448	3.137	7.037	4.561	5.082	0.29	3.075	2.392	6.441	3.116	7.9	3.249	0.3796	3.299	3.494	3.958	1.613	2.567	4.106	4.889	7.57	-0.4994	4.933	1.309	-1.916	3.584	2.491	7.423	3.839	6.199	4.37	3.746	-1.476	6.108	0.4724	1.659	2.65	-2.554	0.5198	2.955	4.627	3.744	2.568	6.267
2.2	3.933	1.691	4.654	5.69	4.191	4.299	2.343	4.213	2.835	5.895	0.3338	2.477	2.444	2.528	6.57	-1.845	6.985	3.756	1.741	3.996	2.543	2.926	2.746	2.199	5.163	3.984	3.463	1.473	2.062	2.965	2.936	4.767	3.053	1.426	3.695	3.797	4.948	4.783	3.475	2.844	3.355	3.315	3.746	4.119	-0.3898	3.135	4.657	1.562	7.562	8.775	6.016	1.115	3.645	2.869	2.768	5.363	4.266	3.383	2.805	2.843	2.559	4.26	-0.1682	3.602	3.453	7.012	5.918	-1.324	4.036	3.345	4.162	0.2226	5.525	3.668	5.888	2.891	1.635	2.515	2.532	0.5808	1.578	4.403	7.652	1.9	5.644	4.58	3.31	4.631	4.185	0.5109	0.9605	4.266	3.116	0.03774	2.838	3.692	3.577	1.712	9.709
4.112	3.441	0.2569	2.912	4.392	5.804	4.192	3.425	1.827	4.727	3.877	3.015	4.594	4.665	4.052	3.257	1.718	6.982	3.318	3.391	2.237	0.7271	4.089	3.05	-1.059	7.767	2.959	2.455	0.8361	0.986	3.237	3.288	5.074	2.864	4.954	5.97	2.915	5.209	4.485	3.499	3.977	3.107	4.665	4.836	3.859	-1.227	3.046	4.61	2.97	5.488	6.528	6.37	0.9278	-2.71	2.946	3.438	4.142	3.388	5.126	1.698	4.458	-1.145	2.711	1.827	4.626	3.23	5.378	7.968	2.328	3.779	2.677	5.366	2.901	4.509	0.9713	5.147	6.228	3.826	4.745	3.749	-0.9531	1.062	3.044	6.543	1.602	4.696	1.766	4.608	2.243	5.757	2.005	2.684	4.713	2.573	-0.9322	2.811	2.954	4.574	2.806	4.067
0.9486	4.616	2.55	3.987	2.716	3.035	2.71	2.199	1.001	6.808	1.912	5.31	3.498	2.23	5.151	2.947	1.053	6.519	4.222	1.253	2.091	1.45	3.893	1.95	-0.333	4.75	3.144	3.367	0.9027	2.681	4.09	3.449	3.619	2.609	1.193	4.66	4.723	6.832	5.141	2.548	6.126	5.103	3.577	2.916	5.753	2.678	2.773	6.085	3.82	3.657	3.888	5.46	1.443	2.808	4.716	4.357	3.265	2.908	4.963	2.311	6.579	3.431	2.207	2.048	3.32	2.687	6.906	3.792	2.519	1.538	2.393	3.771	-0.6099	3.662	2.242	5.1	4.408	1.174	3.545	3.936	-3.338	2.652	5.104	6.506	1.9	5.018	2.93	2.914	3.052	3.759	-0.104	2.292	3.324	1.817	2.106	3.416	3.145	3.038	3.466	5.287
3.848	4.948	2.036	3.341	2.374	2.069	4.192	2.128	1	4.368	4.326	4.442	4.621	3.272	2.489	2.016	2.146	7.002	4.357	1.693	3.515	1.304	1.654	3.038	-2.217	5.397	5.359	1.918	2.334	2.406	3.501	5.397	3.54	1.24	2.841	8.096	3.666	5.319	2.147	4.178	2.515	1.901	6.475	5.743	5.802	3.828	2.886	1.9	4.805	3.582	10.29	8.479	3.939	5.749	3.135	3.376	3.519	4.004	5.689	2.418	3.867	1.524	4.655	3.825	4.502	3.243	4.31	1.797	3.109	2.319	2.767	4.9	2.395	3.786	4.72	6.225	3.592	1.765	4.598	2.383	0.66	1.877	4.207	6.5	3.737	4.746	2.562	3.886	2.459	5.745	4.476	2.343	1.85	1.07	3.158	2.489	2.968	3.874	0.3075	5.142
1.875	4.232	2.026	2.534	4.655	1.795	2.237	3.597	2.422	3.027	3.034	5.998	4.541	1.369	4.484	1.953	3.359	5.937	4.512	1.777	4.447	1.536	3.271	3.713	1.351	4.68	1.45	1.597	2.769	1.175	3.955	2.903	4.763	1.911	1.31	3.199	1.785	4.801	0.6103	2.187	2.414	4.819	4.594	6.221	3.92	0.1718	1.307	3.807	3.874	5.741	6.211	5.136	2.833	2.83	4.701	3.8	5.265	3.904	6.3	2.388	4.999	2.036	2.629	1.601	3.19	2.101	4.599	3.294	-1.279	3.291	5.302	3.457	2.199	4.494	5.803	5.249	3.587	0.4949	2.383	2.7	-1.997	1.047	3.52	5.294	4.54	5.767	3.085	4.144	3.333	5.668	0.2657	4.573	3.487	0.8896	1.111	1.984	3.328	3.712	2.589	4.768
0.6419	3.7	1.504	0.4288	3.316	2.455	5.038	3.357	0.001932	4.853	3.449	2.89	4.73	1.772	3.714	2.026	4.245	3.643	2.576	1.406	4.071	3.27	3.251	2.38	-0.6484	3.365	2.341	0.8567	1.716	4.041	3.708	3.868	3.195	2.99	2.328	5.417	5.961	6.709	3.67	2.972	3.014	3.04	3.518	2.455	6.665	3.29	0.3041	2.954	2.117	2.035	8.094	7.174	1.448	3.935	1.65	2.956	4.11	3.786	4.783	2.582	5.554	1.612	0.8766	2.552	4.078	2.797	5.729	-0.829	1.465	3.636	4.387	5.765	2.492	4.116	3.916	7.287	4.224	2.996	3.103	-1.784	-0.6961	1.709	3.922	6.696	2.136	5.88	1.96	5.386	3.864	6.015	0.9904	3.572	2.929	-2.04	1.501	5.073	4.721	2.929	2.21	7.428
3.807	5.723	-2.038	2.169	2.403	3.094	4.383	3.733	0.9015	3.738	4.012	4.359	4.609	2.005	4.239	0.4526	0.8435	7.283	4.135	1.025	3.222	1.48	3.568	3.746	-0.9726	3.145	2.44	1.865	3.223	2.733	4.675	4.613	2.95	1.302	2.211	6.095	2.494	6.179	2.252	4.192	4.435	3.167	1.855	4.056	4.424	2.896	1.907	5.493	3.525	5.485	12.82	2.283	2.686	1.917	1.974	3.902	3.363	2.686	4.035	4.496	5.067	0.1546	3.201	-0.1956	5.075	3.982	7.347	2.216	1.432	2.926	3.061	2.696	-2.551	5.661	4.186	7.265	3.033	3.083	2.614	1.493	-1.818	2.48	3.253	5.857	0.701	4.406	2.829	2.87	5.388	4.858	0.1879	1.002	0.7766	1.528	4.139	4.88	3.31	3.089	0.8117	4.657
3.725	4.785	2.543	3.422	4.445	2.502	3.113	3.324	-1.722	3.465	4.732	3.627	2.983	2.084	4.157	8.864	0.9669	-0.1531	5.93	1.184	1.941	1.848	1.118	2.398	0.6281	4.806	3.77	3.215	2.545	4.797	6.441	3.862	3.661	0.6896	3.651	6.07	3.429	5.579	1.701	2.842	4.946	-2.211	0.6558	4.109	2.982	1.249	2.007	3.996	3.29	4.576	7.579	3.854	0.4749	3.998	2.648	4.321	4.261	-332.6	3.691	1.061	3.646	3.109	2.304	2.312	2.847	2.159	7.215	6.563	-0.01997	1.534	2.591	3.009	0.4634	3.062	2.808	7.91	3.482	-0.1014	4.042	2.122	-4.885	1.169	4.229	5.891	1.584	8.17	1.819	2.795	3.219	4.326	1.682	2.114	2.283	-0.1753	0.3201	3.662	1.894	2.111	1.221	4.689
3.841	2.707	4.963	1.905	2.464	2.655	4.043	2.23	-0.3905	5.428	5.95	3.2	4.652	3.42	-1.457	4.18	0.129	3.836	2.981	1.341	2.436	2.166	3.676	1.931	-9.002	3.575	4.382	2.613	1.608	3.474	3.142	4.394	4.78	1.001	4.313	6.707	1.442	5.358	3.56	2.444	4.226	1.634	2.29	4.632	5.184	1.052	5.021	4.396	3.313	6.629	7.076	5.36	3.399	1.507	2.944	4.679	3.696	3.456	3.608	1.5	3.304	2.715	3.806	2.357	3.418	2.556	4.37	8.153	2.707	3.65	4.001	4.217	1.327	3.718	3.664	5.203	2.439	0.6945	2.945	-1.057	-3.403	1.891	1.645	6.182	4.268	6.505	2.064	5.294	1.888	3.989	-2.106	1.724	2.979	1.492	2.293	3.836	2.352	1.685	2.03	6.563
2.611	5.531	2.654	2.478	5.592	2.11	3.33	3.986	0.7195	3.659	4.917	4.312	3.945	3.64	5	3.085	2.412	5.812	3.694	2.036	2.248	2.465	3.125	1.904	-0.1431	3.678	2.336	1.799	2.025	6.402	3.23	4.008	2.356	2.671	1.073	6.01	1.612	5.399	3.622	4.364	3.021	1.662	-0.7044	2.507	5.822	1.431	3.404	4.621	2.935	5.791	8.907	2.717	1.377	3.878	2.478	3.848	3.825	3.295	4.656	2.785	5.748	1.914	2.751	0.6425	4.29	3.437	5.241	2.242	1.62	3.549	3.132	4.377	2.414	2.716	2.451	10.26	4.699	0.4457	2.344	1.703	-2.065	2.931	5.21	6.149	3.736	7.462	3.828	3.252	3.548	6.409	2.57	3.289	-94.42	1.014	-1.419	1.45	3.051	5.781	2.926	4.75
4.992	6.417	1.789	3.129	4.625	3.286	2.404	3.45	1.517	6.853	4.38	3.978	2.79	3.196	3.177	4.658	-0.1163	4.562	3.288	2.965	3.488	1.993	4.609	2.267	-2.353	3.416	1.928	0.9504	1.917	0.8956	4.236	4.985	4.32	3.499	3.868	5.16	4.158	5.638	-0.2165	3.074	3.469	1.983	1.279	3.461	5.532	1.676	1.793	2.196	3.748	6.644	10.37	5.787	1.776	2.972	2.785	3.295	4.286	4.621	3.798	1.656	5.256	-1.148	4.123	-1.241	3.409	2.978	6.525	5.118	2.425	3.181	3.598	5.109	0.3355	3.64	0.9655	5.939	0.116	1.838	4.079	3.92	-3.633	1.495	3.997	2.639	1.827	6.279	1.808	3.469	3.104	3.517	3.444	1.736	3.651	0.3197	2.215	3.983	2.573	1.744	1.661	5.146
3.775	5.534	0.232	4.016	6.702	3.488	2.015	3.102	1.825	7.04	3.883	3.493	3.687	3.169	3.94	6.538	0.4887	3.012	3.311	0.9968	3.942	3.454	4.241	2.727	-2.249	5.217	5.741	2.221	0.7902	7.199	1.918	4.668	4.349	3.849	2.297	3.752	2.462	4.365	-2.61	3.682	2.404	-78.31	2.767	0.9871	4.181	1.221	2.86	3.939	2.977	4.889	9.01	4.495	1.621	3.229	3.802	2.706	1.865	-129.9	5.203	2.653	4.484	1.994	2.788	1.243	3.225	4.098	6.933	5.531	-0.8001	2.998	4.095	3.18	0.906	3.07	4.045	5.985	5.463	1.227	3.148	2.82	-0.6248	1.277	1.691	4.974	0.9011	8.01	3.804	4.794	3.158	4.905	-0.4823	3.714	2.483	0.5803	3.088	2.204	4.631	4.403	2.345	5.311
3.603	3.273	2.146	2.335	3.708	5.012	4.418	3.465	2.03	4.713	2.999	2.66	4.719	3.521	4.47	3.477	1.607	4.016	2.378	0.8702	4.845	3.24	1.278	1.447	-2.897	3.88	3.188	3.135	0.8393	4.029	3.572	5.239	5.424	2.136	3.896	6.581	4.162	4.858	4.711	2.127	4.048	-1.641	2.322	1.058	5.482	1.434	1.868	3.828	3.152	3.826	5.757	3.637	3.225	3.201	-0.3537	3.145	2.729	0.7943	4.138	3.197	4.86	2.383	3.241	2.672	2.949	4.437	7.067	4.64	-0.2787	2.685	4.683	2.921	2.477	3.966	2.881	3.423	6.254	3.414	3.418	0.3736	-3.24	2.581	4.342	5.645	3.438	2.867	4.453	6.089	1.372	3.762	1.148	4.363	2.186	-0.9864	1.536	2.924	3.103	2.404	0.6712	5.183
4.24	5.609	1.249	3.363	4.365	2.882	2.781	3.326	1.609	2.691	4.191	4.208	4.042	3.353	3.988	3.067	1.947	4.098	3.605	0.9205	4.278	2.08	3.422	-0.02933	-1.2	2.471	4.087	2.14	2.384	2.736	3.18	3.599	5.227	2.717	3.207	7.755	3.413	5.033	4.045	2.131	4.203	1.881	2.67	2.501	5.228	1.469	2.907	4.501	1.478	5.964	9.109	5.672	3.791	2.376	0.1283	2.372	3.656	4.718	7.72	3.077	4.304	3.984	1.135	2.487	4.316	3.052	6.81	3.097	2.251	1.978	5.511	4.462	1.45	3.71	1.92	5.958	7.802	2.844	5.207	4.566	-0.5224	1.166	3.648	5.734	2.958	6.903	1.773	0.756	1.643	3.905	0.1698	2.213	-5.83	0.1723	1.579	4.244	3.087	3.33	2.128	3.655
1.463	7.112	2.268	2.939	0.9872	3.937	4.774	3.11	0.7724	3.905	4.257	2.965	4.901	2.829	2.798	1.815	0.4273	3.158	2.839	1.096	2.594	2.531	1.453	2.006	-1.948	4.117	2.247	2.164	2.392	5.363	4.01	2.276	6.29	1.252	2.806	6.211	2.737	5.069	3.111	1.921	4.316	0.8385	2.27	2.456	5.742	0.3698	3.862	5.288	2.613	4.532	8.006	5.974	3.402	4.498	2.295	3.835	4.151	2.359	4.46	2.568	5.978	2.941	3.669	0.9441	2.382	2.264	6.552	2.569	0.4651	3.824	3.101	3.94	2.038	2.684	3.158	6.045	1.914	1.324	2.35	-0.1088	-3.468	0.6328	4.19	4.783	-1.691	6.135	3.957	2.873	0.8556	3.726	2.109	2.381	4.038	-2.272	1.536	-2.577	4.738	3.044	1.838	4.149
-0.1862	4.764	2.744	1.657	1.577	1.165	5.918	3.44	1.404	3.427	3.077	4.366	2.021	2.181	3.349	3.132	1.782	3.621	4.387	1.309	3.113	2.848	1.752	2.004	0.6049	4.282	3.753	2.474	1.136	6.397	4.447	4.217	4.651	2.398	2.764	5.237	4.839	6.263	3.609	2.983	4.598	3.319	5.016	4.418	2.261	3.163	2.757	2.643	1.307	5.606	8.217	5.763	2.698	3.588	3.896	3.009	-0.9314	3.995	5.833	3.342	4.423	2.203	1.515	4.801	3.51	3.358	5.049	3.682	2.399	1.822	3.647	3.695	-0.2041	3.196	3.629	4.383	5.129	2.05	3.323	4.187	-1.604	3.437	-0.63	4.188	3.492	7.048	1.046	3.829	4.534	4.534	2.042	2.744	0.9579	-0.04153	1.568	0.6136	2.352	3.898	2.984	5.722
3.146	3.008	-1.521	3.55	4.411	2.453	3.104	4.433	4.104	3.968	3.829	1.951	4.428	2.363	3.347	0.9369	1.609	4.926	4.108	1.186	4.214	1.975	0.7267	2.302	0.4225	3.993	4.751	0.4085	0.8937	5.579	3.388	1.932	4.411	2.793	-0.04654	5.906	1.939	5.171	2.047	2.082	3.62	1.849	2.389	3.858	4.576	2.376	2.194	4.328	3.272	4.753	9.675	3.993	1.619	4.3	4.614	4.928	4.387	4.683	4.813	2.454	3.959	3.294	2.626	1.773	4.625	3.088	6.508	4.346	3.307	3.374	3.128	3.96	0.9563	2.42	2.277	6.551	4.925	1.74	3.423	3.116	-4.407	1.643	4.453	5.069	4.677	5.841	1.693	4.346	2.753	5.309	-0.406	2.983	2.877	0.3473	3.799	2.325	1.518	3.989	2.133	5.179
0.8446	3.803	1.66	4.156	4.232	1.475	3.295	2.678	2.406	5.784	2.858	3.144	2.479	2.495	4.376	3.56	0.5037	2.933	3.161	2.122	1.657	-0.7186	3.695	2.581	0.8519	4.487	3.368	4.05	4.001	4.633	3.83	3.698	3.157	3.184	1.226	7.097	5.904	4.514	0.5202	3.49	5.133	2.246	1.593	0.8033	4.526	1.192	2.783	5.086	2.059	6.921	8.485	5.263	1.85	4.521	0.2242	3.7	5.47	0.3017	4.815	1.84	3.37	-0.9229	2.173	0.02905	5.378	1.027	3.465	2.113	-3.031	1.701	4.121	3.756	0.802	4.634	2.22	6.635	3.771	2.488	3.173	0.5638	-2.972	1.014	3.058	6.627	2.562	5.477	2.881	-0.04431	0.9765	5.673	1.399	1.689	2.952	0.03867	1.698	4.879	3.075	3.777	2.368	8.625
3.227	3.287	3.601	3.324	3.165	2.824	4.377	3.847	0.2953	1.596	4.437	3.133	4.362	3.836	3.662	5.406	0.1964	4.366	6.635	2.953	1.941	2.764	1.809	2.639	-3.181	4.845	3.896	1.594	1.36	2.369	4.183	3.855	4.959	2.719	2.474	5.044	4.924	6.144	2.892	2.323	3.923	2.547	2.58	2.111	6.846	0.8583	0.9189	5.335	3.345	5.521	7.825	4.525	2.102	3.944	2.422	3.048	5.661	3.806	4.777	3.246	2.76	2.31	3.031	2.494	4.855	4.066	6.139	2.648	1.725	3.662	4.527	4.163	-0.01766	3.216	2.436	3.822	4.099	0.298	3.427	0.1597	-0.7703	1.348	3.597	6.402	0.9864	7.557	2.712	4.636	2.986	4.34	2.024	2.142	3.846	1.347	1.505	4.989	2.39	2.349	0.832	5.096
3.689	3.491	1.964	4.744	4.826	3.588	2.724	0.6832	-1.645	5.034	2.52	4.134	6.604	4.199	3.924	2.802	3.175	3.551	2.261	1.397	4.175	1.623	3.552	1.392	0.571	4.169	3.73	3.119	1.664	0.4669	4.763	3.591	4.766	3.075	3.79	7.651	3.9	4.461	3.403	2.904	3.698	2.836	-1.05	3.703	3.281	2.942	2.397	5.818	4.553	5.869	11.61	3.87	4.417	2.596	0.62	3.256	4.049	3.807	4.464	0.5241	5.096	2.75	0.8317	2.004	3.701	3.481	5.751	6.042	0.7165	3.804	3.911	5.622	0.9378	5.633	-4.072	5.847	2.941	1.407	2.019	1.188	-2.372	2.437	3.857	5.886	3.988	6.232	4.551	4.186	3.321	6.248	3.264	2.637	0.4019	0.01938	2.891	2.893	2.608	3.724	2.658	3.784
3.459	4.842	2.24	2.238	2.656	2.533	3.085	0.533	1.879	3.472	4.955	4.801	5.871	2.72	5.129	2.64	2.204	3.754	2.778	2.351	2.904	0.3989	3.88	1.301	1.233	3.876	3.208	0.6123	1.887	2.369	4.109	4.305	4.416	3.499	-0.6371	6.274	3.893	5.465	3.147	1.782	5.411	-2.359	4.663	3.61	4.692	1.073	2.469	4.953	2.243	2.627	7.64	5.181	-1.239	4.295	3.938	1.999	2.507	-117.7	3.9	2.384	3.54	0.8673	2.798	-0.2639	2.36	2.759	4.169	0.6783	2.012	1.917	2.333	3.046	0.1322	2.469	3.739	2.825	1.77	-0.5353	2.551	1.522	-4.079	-0.2271	2.737	7.758	3.903	6.26	3.055	2.685	-0.4063	5.359	1.005	2.818	2.171	0.5544	2.585	4.261	3.927	2.45	-0.7043	5.011
4.032	3.025	2.011	2.411	2.584	1.615	3.523	3.237	2.177	0.9549	5.63	4.556	6.324	3.909	3.932	1.133	5.378	6.166	4.642	2.179	3.597	3.959	3.669	0.2125	-0.7733	5.13	3.091	-0.01143	1.339	4.234	3.333	2.797	5.164	5.249	1.615	6.002	3.074	4.783	2.99	2.834	4.582	-3.843	4.527	3.403	6.328	1.67	4.091	3.274	2.628	4.142	10.84	4.25	2.937	2.617	4.672	2.161	3.991	6.316	6.207	3.849	6.563	1.253	3.077	2.936	3.333	2.591	6.051	3.81	1.053	1.179	3.278	3.812	1.413	2.051	3.982	7.219	5.835	2.1	3.787	3.044	-0.9913	2.659	0.7063	5.248	4.483	4.953	2.69	3.596	2.087	3.717	0.2133	-0.4327	2.852	0.04902	4.646	2.945	2.408	1.776	2.339	6.568
4.402	5.138	2.198	1.566	4.034	1.439	2.022	1.905	2.303	5.1	5.179	4.255	2.919	4.019	2.901	1.034	2.231	8.959	3.335	1.576	4.075	2.594	4.088	2.871	-4.871	3.537	4.875	2.359	2.538	4.522	2.536	3.343	3.914	4.181	2.615	5.002	3.879	6.393	-8.544	3.78	3.377	2.484	5.131	3.433	3.91	2.662	2.837	4.175	0.5425	5.545	11.72	1.325	2.015	2.213	3.1	-0.2639	3.717	3.89	4.511	3.816	4.854	2.464	2.823	1.771	3.789	2.911	5.621	8.03	1.432	1.387	3.072	3.677	2.323	4.45	3.372	6.403	4.002	1.642	2.099	2.547	-2.761	1.619	3.471	4.675	1.359	6.777	1.633	2.716	3.289	4.693	2.28	2.887	2.812	-3.77	-0.7832	3.899	5.783	2.888	1.723	6.884
1.534	4.406	2.395	2.662	3.624	1.552	4.134	4.151	1.303	2.354	4.452	5.377	2.644	4.168	2.462	2.99	1.735	6.124	3.49	2.293	3.456	1.973	3.261	1.321	-1.478	2.836	2.192	1.247	1.929	3.479	4.374	3.245	4.136	2.688	2.332	5.049	2.306	5.835	2.305	1.833	3.942	1.424	3.011	3.684	4.686	1.975	4.377	5.283	2.957	6.397	9.701	4.573	0.1928	3.771	1.526	5.111	3.909	5.979	5.145	2.759	5.272	1.625	2.168	1.201	5.37	2.57	5.7	2.382	1.47	0.09168	3.853	3.673	-0.6255	5.266	2.179	5.051	2.15	0.8465	3.318	6.06	-2.414	0.7819	4.164	7.229	3.029	7.285	1.975	5.904	1.935	5.109	-2.062	2.586	2.557	-1.839	1.448	3.676	3.884	2.838	2.994	4.591
3.326	5.76	1.411	1.935	4.851	2.986	3.063	3.087	1.963	1.932	3.537	3.78	3.13	2.8	1.55	2.309	1.609	3.893	2.723	2.415	4.844	0.4556	2.376	1.996	-0.6832	4.686	2.98	1.633	2.919	0.8537	3.875	5.752	5.826	2.835	2.903	4.535	4.448	6.934	3.505	3.152	4.063	2.671	2.314	4.434	5.512	1.405	3.513	3.332	5.582	6.002	6.784	6.14	3.316	1.034	3.311	2.523	1.092	2.912	4.273	1.227	5.088	0.1311	2.572	2.429	1.556	3.356	6.346	4.215	0.6719	5.069	4.489	3.364	1.356	3.476	3.463	7.227	3.999	1.253	2.23	2.789	-1.544	2.547	2.719	8.416	5.017	6.882	4.78	3.57	3.915	5.296	-0.3978	2.498	2.194	1.168	1.743	2.707	3.979	1.593	4.113	3.457
1.548	3.088	-5.879	4.379	2.169	1.945	2.096	2.668	0.2877	4.914	4.577	5.711	2.703	2.943	4.499	3.751	1.752	-0.1487	3.565	1.065	3.716	1.232	2.11	3.304	-4.417	-5.676	1.405	4.004	-1.962	3.749	3.618	3.46	3.004	2.836	1.939	6.505	3.669	5.008	5.42	4.405	4.9	2.635	1.745	2.887	4.987	-0.01828	1.816	1.431	4.113	4.834	7.463	6.278	2.541	3.095	3.537	3.283	4.209	3.348	4.989	2.048	4.43	-0.2208	3.634	1.057	4.136	4.316	5.672	5.847	2.159	2.272	3.942	3.887	-1.432	3.688	3.681	4.604	4.622	1.848	4.587	3.852	-10.43	1.899	2.38	5.241	1.541	7.465	2.717	3.724	2.967	4.085	-2.711	3.45	-7.186	0.3192	3.122	3.382	5.125	3.786	2.329	3.318
4.42	4.456	2.045	2.754	3.456	1.641	3.819	5.061	2.116	1.522	5.135	0.5527	3.645	3.103	-2.881	2.437	2.457	5.904	3.51	0.9608	4.261	1.933	2.216	3.326	-2.178	4.123	2.824	3.862	1.755	-6.042	-3.561	4.695	4.669	4.256	2.897	6.894	3.538	5.208	0.8274	3.046	2.995	2.035	6.77	2.913	4.452	-0.04259	4.399	3.784	2.276	6.486	7.278	4.347	3.225	1.769	2.598	3.1	-4.506	3.944	5.976	2.729	4.654	3.045	2.702	1.676	3.674	3.58	5.238	3.434	1.247	3.238	3.224	4.017	0.2357	4.702	3.741	5.766	1.75	1.68	1.681	-0.2145	1.078	0.5944	-0.5108	6.618	2.318	5.992	4.725	5.035	2.192	2.448	0.5698	2.416	4.189	-1.176	1.98	3.677	3.087	1.418	2.585	5.305
2.988	4.572	3.079	4.404	3.207	2.909	2.142	4.259	2.547	4.322	0.8993	3.962	6.217	3.455	4.767	5.11	2.356	4.959	2.865	3.614	3.03	4.631	1.485	2.871	-0.3992	7.164	2.593	1.373	2.534	5.473	3.057	3.765	4.351	2.848	2.343	5.741	3.253	4.791	3.07	5.692	3.966	-6.467	1.085	1.748	4.889	1.624	2.584	3.86	2.57	4.976	8.207	4.841	2.556	-0.8412	4.251	2.188	5.117	4.454	4.801	4.076	3.927	1.413	3.243	-0.6916	3.4	4.787	5.269	4.602	0.1633	2.349	2.647	6.328	2.681	2.621	3.158	5.512	3.764	0.1379	1.929	2.19	-2.856	2.447	3.728	6.717	0.9648	5.48	3.098	4.338	0.5154	5.977	0.8264	2.888	3.232	-0.06519	6.405	2.506	2.003	2.268	4.134	5.104
2.259	4.342	2.563	5.298	3.324	3.022	1.305	2.786	1.198	3.176	3.936	5.728	5.448	2.258	4.479	4.732	2.021	2.988	3.503	2.303	3.885	1.567	0.666	2.373	-0.1857	5.302	3.763	2.089	3.64	2.029	4.426	1.142	3.712	3.788	2.096	6.479	4.65	6.355	2.844	3.878	4.049	1.689	3.176	5.817	3.135	1.686	1.868	3.865	3.8	5.339	8.549	3.636	-1.379	3.19	3.441	2.624	5.178	5.101	4.778	3.434	7.431	1.208	2.527	1.017	6.529	3.679	5.069	4.872	5.063	3.199	3.364	3.633	1.335	2.326	3.741	6.523	3.252	1.008	2.557	1.099	0.4243	2.216	4.294	4.67	-8.971	6.273	2.893	3.283	-2.13	4.47	0.4972	3.241	2.256	0.6757	2.711	1.952	3.712	4.984	0.6386	4.796
1.498	6.568	0.4222	1.177	4.223	2.502	3.793	4.531	1.823	3.293	1.022	3.914	7.522	2.84	2.862	4.111	1.236	3.937	3.727	1.303	2.263	0.3876	1.777	1.836	-7.956	7.419	4.417	0.9241	3.152	2.444	4.445	4.169	5.215	0.6123	4.855	6.447	2.901	4.56	3.424	2.461	2.729	0.9991	3.039	4.125	3.494	2.52	2.527	5.6	1.949	4.946	8.994	3.967	2.435	3.966	-3.577	3.045	2.807	3.609	4.365	0.3309	3.305	1.033	4.801	2.241	4.707	2.692	6.968	3.478	0.5315	-2.055	3.275	2.23	0.6208	2.889	2.333	3.357	6.162	1.418	3.407	1.256	-4.699	4.481	4.633	5.174	2.03	5.308	3.841	4.882	4.235	4.924	1.33	4.131	-2.778	0.08404	3.427	5.545	2.14	2.238	2.242	4.985
4.228	4.874	0.7318	2.446	6.534	2.318	2.176	1.762	-1.375	3.164	4.975	3.343	5.996	2.44	2.831	1.948	1.815	4.86	2.878	3.562	3.122	1.263	2.262	1.554	1.156	4.608	2.436	0.942	2.002	3.121	2.772	3.268	6.446	0.3831	2.025	2.747	3.864	5.378	1.696	4.477	3.391	0.5154	2.058	3.948	3.837	0.6455	5.144	5.232	4.324	6.053	10.92	6.794	2.447	3.912	2.822	3.764	3.744	4.124	4.496	1.561	4.765	2.623	3.369	2.056	4.237	2.504	7.511	4.641	1.789	1.727	2.916	5.27	0.2789	4.036	3.702	7.016	4.301	2.799	3.616	-1.404	-7.549	-0.2861	3.987	7.234	3.021	7.983	3.244	6.741	2.056	4.25	-0.9084	2.415	2.498	-0.03484	-0.3042	1.676	0.1075	4.216	2.894	4.351
2.33	4.781	2.339	5.824	4.348	2.496	2.191	2.705	0.1154	3.893	2.705	2.85	5.212	2.44	3.378	4.87	-1.006	3.718	2.036	0.9694	2.484	3.371	4.12	3.005	-2.26	3.954	2.345	3.528	2.508	3.049	3.822	3.713	3.749	1.629	3.487	4.886	3.323	5.624	-1.293	3.639	3.551	0.6457	4.263	4.098	0.9035	2.141	3.701	4.693	4.958	5.106	9.022	7.004	3.283	1.697	1.567	2.547	2.78	5.15	5.005	4.072	5.535	2.481	2.342	3.636	5.285	2.835	5.096	6.15	0.2125	3.89	2.902	4.362	2.061	3.194	4.222	7.454	4.819	2.593	5.517	1.851	-5.08	2.466	-6.661	5.971	1.515	5.717	2.39	5.25	3.54	1.054	1.99	2.97	3.886	-2.716	3.357	3.124	3.169	4.368	3.769	5.032
4.444	3.193	1.654	3.73	3.633	2.077	3.435	3.439	2.605	7.712	3.485	2.876	4.553	1.626	1.505	2.189	-1.898	2.791	2.243	3.078	1.655	0.6095	2.421	2.399	-0.4621	5.837	2.697	3.342	1.496	5.807	2.417	2.391	5.313	3.739	2.493	4.013	4.92	4.565	2.959	5.503	4.562	1.997	3.454	2.618	5.916	2.057	2.811	3.304	2.28	1.67	7.115	4.055	2.308	0.27	3.466	2.28	2.608	4.382	5.451	2.028	9.311	3.824	3.057	0.6906	2.617	2.996	6.461	6.069	-3.309	3.259	3.834	2.143	1.437	3.847	2.902	6.511	3.576	-0.0581	1.644	1.639	-0.6953	2.151	2.944	5.476	0.958	0.9803	3.783	3.358	3.132	4.771	1.072	1.527	2.62	-0.8128	-1.706	3.275	1.582	3.126	1.665	5.698
3.594	6.002	3.922	0.7756	4.074	0.4934	2.669	3.814	-1.696	1.492	6.231	6.652	5.332	2.288	3.967	3.348	2.555	-3.892	3.774	3.953	2.904	3.93	2.681	3.094	-0.7724	2.969	2.442	2.323	3.395	5.485	1.611	4.274	4.865	2.463	2.318	5.332	4.327	9.559	0.4439	2.733	5.476	1.878	1.314	1.967	5.688	3.164	3.819	4.494	2.485	4.954	7.652	5.911	2.717	4.16	3.22	2.145	4.693	6.57	3.63	1.996	6.071	3.697	2.201	-4.886	5.123	2.78	4.81	6.06	2.21	1.082	2.903	3.128	3.57	3.509	2.217	6.807	3.754	1.518	4.198	2.642	-4.082	2.954	1.239	5.358	1.392	5.11	3.067	5.983	5.376	4.9	1.71	2.766	1.957	1.301	0.9364	4.005	4.47	4.603	1.637	8.014
2.807	2.456	0.3466	2.576	5.232	3.907	2.55	1.466	-0.367	4.196	4.835	3.455	5.194	4.237	5.388	0.9857	0.2316	2.086	2.871	0.8458	2.131	3.208	2	1.538	-1.763	3.285	4.211	-0.2832	0.661	2.917	4.297	2.82	3.423	1.821	3.028	5.486	3.275	7.184	2.68	4.642	2.294	7.416	2.553	2.097	3.964	0.7832	2.888	4.764	3.817	7.123	8.337	4.89	3.384	2.91	4.659	4.639	5.881	4.134	4.129	3.602	5.639	2.277	2.503	0.9809	4.279	2.047	5.509	6.303	0.6145	0.7146	2.606	3.132	-0.5912	3.791	3.705	8.018	0.2902	1.842	2.704	1.585	-2.15	1.431	5.158	5.161	3.453	3.925	2.339	3.378	0.5801	3.35	-0.2664	0.02588	1.727	2.444	5.821	2.117	-2.704	2.408	4.739	4.068
3.927	4.505	2.692	3.036	5.498	2.805	5.399	4.603	5.06	2.587	5.292	4.456	4.776	3.252	4.219	3.035	0.6051	8.564	4.174	-0.8983	1.584	2.631	2.156	3.156	-1.119	5.107	3.034	1.862	0.4057	2.977	4.018	5.238	4.392	3.956	1.479	4.491	2.423	5.011	0.901	2.616	4.255	-0.5163	2.28	1.555	3.189	2.548	2.488	4.673	3.404	4.846	6.055	5.365	3.599	2.614	3.045	3.615	2.548	5.028	5.164	2.941	2.546	2.944	2.291	-0.8026	3.369	4.019	6.875	3.398	0.8077	0.2816	2.508	0.02249	1.506	1.509	4.649	6.926	4.25	-1.021	4	2.616	-2.005	0.8608	2.201	4.495	4.124	6.853	3.696	3.73	4.313	1.362	-0.1135	1.266	2.768	1.371	1.315	3.52	1.157	2.523	1.89	5.665
2.598	4.187	-0.1036	1.051	3.612	2.97	4.007	2.795	0.02486	3.753	2.392	2.082	5.731	3.167	3.052	-2.475	4.07	5.115	3.977	1.153	3.041	1.869	1.951	2.129	0.06318	5.177	2.731	2.434	2.739	5.482	0.04242	3.645	4.917	2.012	2.108	2.446	5.371	6.131	0.432	3.425	2.467	-4.299	3.185	-0.6433	5.911	2.152	5.465	3.72	2.594	5.068	6.498	2.74	1.638	0.7353	4.224	3.511	3.157	5.901	5.654	2.775	5.015	0.768	2.506	1.63	4.598	2.175	3.727	2.706	3.614	3.086	3.278	2.606	1.655	2.954	2.524	5.752	2.144	3.676	2.613	-2.03	-0.4878	1.812	3.983	8.163	-4.016	1.473	0.9363	3.058	0.6389	3.594	0.2161	1.088	1.272	0.1174	2.135	3.855	2.444	2.839	1.313	4.118
3.874	5.448	1.686	3.966	3.345	-0.2463	4.991	1.529	5.228	7.241	1.053	4.174	3.726	2.6	4.548	-0.9145	-1.592	3.637	3.752	0.542	4.41	2.529	2.983	3.76	-0.8205	5.218	5.114	1.402	0.9553	3.71	1.798	3.869	6.871	1.451	4.186	5.158	3.526	7.715	6.972	2.867	2.76	2.321	2.43	3.872	4.28	1.618	1.934	5.611	3.417	6.771	8.26	7.688	0.6352	4.842	1.991	2.744	2.273	-4.409	4.061	2.37	6.367	2.319	3.141	2.12	1.345	2.357	7.683	2.592	1.418	3.167	3.597	3.712	0.05519	3.682	3.558	4.858	6.805	1.032	5.309	2.816	-3.593	1.703	4.123	2.807	-1.083	7.473	3.841	4.053	0.5321	6.595	2.538	3.648	3.953	-7.808	0.7607	4.356	-0.5878	0.9956	-0.1954	4.805
2.223	5.074	4.004	3.534	7.201	1.936	2.022	4.583	3.019	2.971	3.506	3.963	3.121	0.528	2.431	1.245	3.827	3.501	4.311	1.883	4.198	1.822	3.014	3.19	1.27	4.999	4.068	2.628	2.459	5.441	3.518	3.462	3.129	2.673	2.338	6.053	2.8	5.066	1.314	4.879	4.077	0.1901	4.258	2.765	4.789	0.5814	2.36	2.755	3	4.492	9.412	3.961	0.9742	2.66	1.589	2.854	3.629	4.006	5.112	2.786	5.602	2.375	2.874	2.423	2.944	4.021	6.046	5.134	-0.4702	0.4258	3.461	2.991	-1.38	4.202	4.281	5.196	4.395	1.173	4.692	-0.9288	0.2551	1.582	3.342	4.583	3.861	8.055	1.878	5.225	3.087	4.463	1.239	1.507	3.969	2.052	2.236	2.598	4.26	1.352	1.158	5.568
0.5249	5.721	1.023	2.865	3.491	1.734	2.332	1.848	2.148	2.625	3.222	4.398	3.948	1.617	3.533	-0.06654	1.616	2.23	1.982	2.037	4.374	2.062	2.915	2.277	-1.982	4.645	3.483	3.469	0.1166	4.743	3.676	4.063	3.794	2.779	3.64	5.826	4.63	4.662	4.205	1.301	3.961	1.605	3.473	4.246	4.003	1.448	0.4855	4.005	3.96	5.674	5.63	5.546	1.45	-0.4263	3.093	3.542	4.409	-11.7	4.978	1.579	4.564	-0.2439	3.004	0.8129	4.544	3.416	4.096	5.804	1.53	3.686	2.716	3.638	2.248	3.248	2.282	3.651	4.009	3.214	4.086	3.497	-0.5656	3.268	2.728	5.362	4.773	4.89	3.093	3.881	1.527	0.7559	1	3.614	3.225	2.185	-2.952	3.663	1.701	1.212	3.733	2.094
3.284	3.45	2.16	2.246	2.896	1.886	2.815	3.878	-3.166	2.552	5.104	3.653	7.135	2.708	4.667	1.086	1.121	5.177	1.908	0.8622	2.52	2.232	2.708	-0.5353	-2.011	3.417	1.24	1.996	0.8273	-0.5811	2.58	4.464	3.553	3.617	1.89	4.276	2.707	5.671	3.037	4.65	3.432	0.8552	3.398	5.05	4.98	-2.461	3.764	4.502	3.006	7.366	5.102	5.13	2.613	-3.204	2.136	2.215	4.498	-24.64	3.449	1.653	6.551	2.697	2.268	2.077	4.626	2.755	5.385	3.624	-2.134	2.312	3.033	3.377	1.388	2.898	2.939	5.208	3.71	-0.7605	3.327	3.005	-9.21	2.631	2.645	6.831	1.8	5.889	3.081	3.048	1.014	3.134	-0.05791	1.875	-0.5943	0.1398	-1.632	1.864	3.333	3.156	0.7391	6.556
4.143	4.567	2.81	2.578	4.477	1.68	2.389	1.407	2.956	2.925	3.627	3.24	3.232	3.48	2.342	2.022	1.896	7.505	3.972	2.07	3.77	2.511	1.333	3.254	-1.741	5.095	2.487	1.289	1.985	3.433	2.991	4.173	4.494	2.725	2.988	4.057	1.976	5.046	2.038	3.306	3.087	-0.1981	3.401	2.931	7.604	2.821	3.186	4.588	2.89	4.128	13.34	3.521	-2.949	4.403	2.385	3.014	4.428	3.708	5.666	2.784	4.076	1.076	3.599	1.364	4.602	4.565	4.683	2.973	-0.4413	2.885	3.364	3.191	1.388	4.083	1.375	7.051	-16.99	2.363	4.166	-2.6	-3.899	1.269	4.678	6.527	-1.721	5.262	3.969	2.308	4	5.335	3.297	2.507	-5.624	0.7284	2.526	2.993	4.345	2.78	0.8956	4.64
2.662	4.725	0.6743	2.39	4.887	2.235	3.092	2.56	1.079	2.183	2.197	5.621	3.611	2.931	0.7028	4.409	1.855	5.874	3.315	2.919	2.698	2.464	2.15	0.8146	-4.658	2.818	-5.604	2.161	2.318	4.451	4.62	3.195	4.99	3.83	2.079	2.725	3.912	6.482	3.295	3.099	3.153	1.749	2.285	4.198	4.751	0.797	1.543	3.536	5.3	6.34	7.159	6.323	2.572	3.804	2.065	3.655	2.155	-4.204	4.245	2.372	4.283	0.95	2.816	0.8814	3.331	2.198	5.943	5.759	1.688	2.754	3.346	4.224	-3.234	5.219	3.406	3.628	2.94	1.971	3.497	3.424	-1.025	2.529	2.838	5.959	-5.486	5.335	2.013	4.836	2.23	4.364	3.322	3.981	2.936	-1.36	1.066	3.344	1.426	1.209	-4.086	5.838
1.944	4.712	2.676	1.676	3.526	1.823	2.674	5.98	1.133	1.264	3.543	4.89	4.863	3.65	3.603	2.629	-0.6681	8.78	2.372	1.755	3.106	2.782	3.548	2.06	-2.219	4.783	3.089	3.15	1.868	3.136	1.601	3.088	3.104	1.987	1.318	6.416	3.229	4.608	4.77	0.2501	3.433	2.724	2.63	1.407	5.854	1.349	2.026	4.55	1.821	4.288	10.77	4.499	3.468	2.149	1.73	2.737	3.461	2.702	5.157	2.054	2.48	3.335	2.868	1.465	4.574	2.492	7.166	1.39	-0.4571	1.776	3.243	2.938	-1.003	4.132	-2.085	5.468	2.672	-0.5695	2.357	3.067	-1.872	1.485	4.155	6.374	-0.6759	6.648	1.005	5.051	2.24	3.909	-0.9098	2.117	2.617	0.6907	1.99	3.204	3.5	3.279	1.182	1.855
1.873	4.79	2.48	5.377	1.18	2.435	2.311	3.713	3.717	5.463	3.594	2.585	2.28	2.266	3.489	2.435	0.05015	6.312	3.404	1.374	1.977	1.601	3.138	1.957	0.6714	0.5755	1.953	2.83	3.038	3.242	4.935	3.526	4.135	2.239	2.998	1.506	4.179	4.436	1.62	4.092	3.066	0.7446	1.343	2.603	5.055	2.362	3.557	4.693	1.965	4.218	10.7	2.868	2.125	3.035	3.395	3.406	0.5948	4.443	4.594	3.026	5.024	3.015	2.093	2.53	2.898	1.937	4.908	6.402	1.839	1.247	2.871	4.574	-15.88	5.013	2.333	4.62	4.747	1.246	4.45	2.324	-4.253	1.278	3.59	10.53	3.267	4.803	1.883	3.112	2.544	3.683	1.2	2.835	2.831	1.164	1.412	3.811	3.783	1.546	4.37	4.675
3.739	6.726	5.142	2.121	2.876	2.384	2.567	2.568	0.7253	2.157	3.53	3.969	3.154	4.112	3.903	4.867	-2.92	5.745	5.18	-10.01	2.374	1.424	0.9424	0.9593	-2.39	4.907	3.809	1.798	1.797	4.423	3.768	3.194	3.853	5.753	-0.03367	4.819	4.115	6.653	2.849	4.137	5.983	3.218	3.082	2.81	4.9	5.912	1.896	3.612	1.966	5.83	8.133	3.369	2.058	2.188	3.427	3.12	3.025	4.14	4.333	2.702	4.29	2.719	3.487	-3.015	2.76	3.148	5.077	4.906	-3.692	2.363	3.464	4.599	0.7035	4.44	3.498	3.596	8.552	2.61	1.993	1.397	-8.604	2.503	3.367	4.839	2.605	6.579	1.529	4.929	0.9591	5.155	-0.1703	3.209	2.129	1.457	2.182	-2.568	2.544	1.732	1.026	-67.1
2.231	4.696	1.578	3.12	4.353	1.934	2.849	2.714	-3.051	1.793	4.517	3.141	2.583	2.925	3.759	3.759	1.034	4.728	3.923	1.387	-0.3435	2.46	2.921	3.026	-0.3605	6.424	4.15	1.386	-1.711	2.203	2.749	4.337	2.95	1.32	2.45	3.728	3.495	5.628	3.45	2.054	4.036	2.032	3.529	3.788	0.5292	1.251	3.83	1.718	4.086	6.641	10.86	3.914	2.103	2.767	3.83	3.806	3.1	3.675	3.85	3.536	4.44	1.125	1.699	1.037	4.976	3.005	5.234	2.535	2.492	3.587	4.746	3.33	2.57	3.782	-5.759	4.54	4.921	2.571	4.619	2.725	1.146	2.872	5.844	4.673	3.334	8.184	2.865	4.544	2.937	5.752	1.299	3.442	0.2499	0.8068	2.131	0.1358	2.868	1.378	2.809	5.304
1.673	3.193	2.165	3.963	2.587	2.442	1.996	3.02	0.4134	4.31	4.458	4.073	2.717	2.668	1.518	2.632	1.895	1.432	3.128	1.982	3.879	2.132	2.871	1.807	-0.544	3.976	1.838	3.124	1.201	3.989	4.314	3.65	4.319	0.9177	2.822	5.525	3.011	4.786	6.333	2	4.21	-10.36	6.314	1.944	5.874	2.429	2.436	2.121	2.581	7.325	8.715	4.835	3.145	4.399	2.358	3.566	4.11	3.506	4.26	3.137	5.192	2.457	2.631	1.508	3.512	3.788	5.717	2.089	2.789	0.03168	3.595	2.567	-1.112	4.189	-1.207	4.228	4.118	-1.449	2.163	5.302	-0.2434	0.4865	2.66	5.939	1.355	4.613	2.815	2.834	3.639	4.329	1.224	0.6385	2.261	-1.951	2.728	3.821	3.622	2.832	2.73	5.636
