97.49	78.36	78.17	96.52	113	98.85	59.74	74.81	125.9	81.48	102.1	54.79	68.75	84.41	74.4	99.86	85.98	77.62	130.8	50.76	69.31	110.9	82.68	71.06	53.86	54.08	73.9	109.3	61.29	75.21	106.3	75.62	69.84	107.1	67.58	114.2	45.23	53.2	95.88	53.1	94.72	87.4	62.79	56.99	140	211.6	102	63.93	125.4	72.82	137.8	65.78	91.83	52.13	53.86	58.48	54.06	93.95	88.48	79.77	77.38	102.3	67.47	53.13	95.22	90.06	86.32	120.7	95.48	102.2	111.7	138.7	85.65	100.8	103.1	104.5	55.17	71.57	45.49	54.12	88.51	57.48	127.7	106	79.35	62.92	66.91	64.44	102.3	108.4	85.47	67.15	98.81	51.46	125.3	73.13	83.5	141.6	102.9	78.28
96.54	77.59	77.4	95.58	111.9	97.89	59.16	74.07	124.6	80.7	101.1	54.27	68.09	83.59	73.67	98.89	85.15	76.85	129.6	50.27	68.65	109.8	81.88	70.36	53.33	53.55	73.19	108.2	60.7	74.48	105.3	74.89	69.16	106	66.92	113.1	44.79	52.69	94.95	52.58	93.81	86.54	62.17	56.44	138.6	209.5	101	63.3	124.2	72.11	136.5	65.16	90.93	51.63	53.33	57.92	53.54	93.04	87.63	78.99	76.62	101.3	66.81	52.61	94.3	89.18	85.47	119.6	94.55	101.2	110.6	137.3	84.81	99.86	102.1	103.5	54.63	70.87	45.06	53.59	87.65	56.92	126.5	105	78.58	62.31	66.25	63.81	101.3	107.4	84.64	66.49	97.85	50.96	124	72.43	82.68	140.2	101.9	77.51
95.59	76.83	76.63	94.65	110.8	96.93	58.58	73.34	123.4	79.91	100.1	53.75	67.42	82.77	72.94	97.92	84.32	76.08	128.3	49.78	67.98	108.8	81.07	69.66	52.81	53.02	72.48	107.1	60.1	73.76	104.2	74.17	68.48	105	66.26	111.9	44.35	52.18	94.03	52.06	92.9	85.69	61.55	55.9	137.2	207.4	100	62.67	123	71.39	135.1	64.54	90.04	51.12	52.81	57.35	53.02	92.12	86.77	78.21	75.85	100.3	66.15	52.09	93.38	88.3	84.62	118.4	93.63	100.2	109.5	135.9	83.98	98.88	101.1	102.4	54.09	70.17	44.62	53.06	86.79	56.35	125.2	103.9	77.81	61.7	65.59	63.18	100.3	106.3	83.81	65.82	96.89	50.45	122.8	71.73	81.87	138.8	100.9	76.74
94.65	76.07	75.86	93.71	109.7	95.97	58	72.61	122.2	79.13	99.13	53.23	66.75	81.95	72.21	96.95	83.49	75.31	127	49.29	67.31	107.7	80.27	68.95	52.28	52.49	71.77	106	59.51	73.03	103.2	73.44	67.8	104	65.6	110.8	43.91	51.67	93.11	51.54	91.98	84.83	60.93	55.35	135.9	205.3	99.02	62.05	121.7	70.68	133.8	63.91	89.15	50.61	52.28	56.79	52.5	91.21	85.91	77.43	75.08	99.26	65.49	51.58	92.45	87.42	83.76	117.2	92.7	99.25	108.4	134.6	83.15	97.89	100.1	101.4	53.54	69.47	44.19	52.53	85.93	55.79	124	102.9	77.04	61.09	64.94	62.55	99.27	105.2	82.99	65.15	95.93	49.95	121.6	71.04	81.05	137.4	99.85	75.98
93.7	75.3	75.09	92.78	108.6	95.01	57.43	71.88	121	78.35	98.12	52.71	66.09	81.13	71.48	95.98	82.66	74.54	125.8	48.8	66.64	106.6	79.46	68.25	51.75	51.96	71.06	105	58.91	72.3	102.2	72.71	67.12	102.9	64.94	109.7	43.47	51.16	92.18	51.02	91.07	83.98	60.31	54.8	134.5	203.2	98.03	61.42	120.5	69.97	132.4	63.29	88.25	50.11	51.76	56.23	51.97	90.29	85.05	76.65	74.31	98.26	64.83	51.06	91.53	86.55	82.91	116.1	91.78	98.25	107.3	133.2	82.31	96.91	99.09	100.4	53	68.77	43.76	52	85.07	55.22	122.7	101.9	76.27	60.48	64.28	61.92	98.26	104.2	82.16	64.49	94.96	49.44	120.3	70.34	80.23	136	98.84	75.21
92.75	74.54	74.32	91.84	107.5	94.04	56.85	71.15	119.7	77.56	97.12	52.18	65.42	80.31	70.75	95.01	81.83	73.77	124.5	48.3	65.97	105.5	78.66	67.55	51.22	51.44	70.35	103.9	58.32	71.58	101.1	71.98	66.44	101.9	64.28	108.6	43.03	50.65	91.26	50.5	90.16	83.12	59.69	54.25	133.1	201.1	97.04	60.8	119.3	69.26	131.1	62.67	87.36	49.6	51.23	55.66	51.45	89.38	84.2	75.88	73.55	97.26	64.17	50.54	90.61	85.67	82.06	114.9	90.85	97.25	106.2	131.9	81.48	95.93	98.09	99.37	52.46	68.08	43.33	51.47	84.21	54.66	121.5	100.9	75.5	59.87	63.62	61.29	97.26	103.1	81.33	63.82	94	48.94	119.1	69.64	79.42	134.6	97.82	74.44
91.81	73.77	73.55	90.9	106.4	93.08	56.27	70.42	118.5	76.78	96.11	51.66	64.76	79.49	70.03	94.04	81	73	123.2	47.81	65.3	104.4	77.86	66.85	50.69	50.91	69.64	102.8	57.72	70.85	100.1	71.26	65.76	100.8	63.62	107.5	42.59	50.13	90.33	49.99	89.24	82.27	59.07	53.71	131.8	199	96.05	60.17	118	68.54	129.7	62.05	86.47	49.09	50.71	55.1	50.93	88.47	83.34	75.1	72.78	96.26	63.51	50.02	89.69	84.79	81.21	113.7	89.93	96.26	105.1	130.5	80.65	94.95	97.09	98.34	51.91	67.38	42.89	50.94	83.35	54.09	120.2	99.83	74.73	59.26	62.96	60.66	96.26	102	80.5	63.15	93.04	48.43	117.9	68.94	78.6	133.2	96.8	73.67
90.86	73.01	72.78	89.97	105.3	92.12	55.69	69.69	117.3	75.99	95.11	51.14	64.09	78.66	69.3	93.07	80.17	72.23	121.9	47.32	64.63	103.3	77.05	66.15	50.16	50.38	68.93	101.7	57.13	70.12	99.07	70.53	65.09	99.78	62.96	106.4	42.15	49.62	89.41	49.47	88.33	81.41	58.45	53.16	130.4	197	95.06	59.55	116.8	67.83	128.4	61.43	85.57	48.59	50.19	54.54	50.41	87.55	82.48	74.32	72.01	95.26	62.85	49.51	88.76	83.91	80.35	112.6	89	95.26	104	129.1	79.81	93.97	96.09	97.31	51.37	66.68	42.46	50.41	82.49	53.53	119	98.8	73.96	58.65	62.3	60.03	95.26	101	79.67	62.49	92.08	47.93	116.6	68.25	77.78	131.9	95.78	72.91
89.92	72.25	72.01	89.03	104.3	91.16	55.11	68.96	116.1	75.21	94.1	50.62	63.42	77.84	68.57	92.1	79.34	71.46	120.7	46.83	63.96	102.2	76.25	65.45	49.64	49.85	68.22	100.7	56.53	69.4	98.04	69.8	64.41	98.74	62.3	105.3	41.71	49.11	88.48	48.95	87.42	80.56	57.83	52.61	129	194.9	94.07	58.92	115.6	67.12	127	60.81	84.68	48.08	49.66	53.97	49.89	86.64	81.62	73.54	71.25	94.26	62.19	48.99	87.84	83.04	79.5	111.4	88.08	94.26	102.9	127.8	78.98	92.99	95.09	96.29	50.83	65.98	42.03	49.88	81.63	52.96	117.7	97.77	73.19	58.04	61.65	59.4	94.26	99.9	78.84	61.82	91.12	47.42	115.4	67.55	76.97	130.5	94.77	72.14
88.97	71.48	71.24	88.1	103.2	90.2	54.53	68.23	114.8	74.42	93.09	50.1	62.76	77.02	67.84	91.12	78.51	70.68	119.4	46.34	63.29	101.1	75.44	64.75	49.11	49.32	67.51	99.58	55.94	68.67	97	69.07	63.73	97.7	61.63	104.2	41.27	48.6	87.56	48.43	86.51	79.7	57.21	52.06	127.7	192.8	93.08	58.3	114.3	66.4	125.7	60.19	83.78	47.57	49.14	53.41	49.37	85.72	80.76	72.76	70.48	93.26	61.54	48.47	86.92	82.16	78.65	110.2	87.15	93.26	101.8	126.4	78.15	92.01	94.09	95.26	50.28	65.28	41.6	49.34	80.77	52.4	116.5	96.75	72.42	57.43	60.99	58.77	93.26	98.83	78.02	61.15	90.15	46.92	114.2	66.85	76.15	129.1	93.75	71.37
88.02	70.72	70.47	87.16	102.1	89.24	53.95	67.5	113.6	73.64	92.09	49.57	62.09	76.2	67.11	90.15	77.68	69.91	118.1	45.85	62.62	100.1	74.64	64.05	48.58	48.79	66.8	98.51	55.34	67.94	95.97	68.34	63.05	96.65	60.97	103.1	40.83	48.09	86.64	47.91	85.59	78.85	56.59	51.51	126.3	190.7	92.09	57.67	113.1	65.69	124.3	59.57	82.89	47.07	48.61	52.85	48.85	84.81	79.91	71.98	69.71	92.27	60.88	47.96	86	81.28	77.79	109.1	86.23	92.26	100.7	125.1	77.31	91.03	93.09	94.24	49.74	64.58	41.16	48.81	79.91	51.83	115.2	95.72	71.65	56.82	60.33	58.14	92.26	97.77	77.19	60.49	89.19	46.41	112.9	66.15	75.34	127.7	92.73	70.6
87.08	69.96	69.7	86.22	101	88.27	53.37	66.77	112.4	72.85	91.08	49.05	61.42	75.38	66.38	89.18	76.85	69.14	116.9	45.36	61.96	98.96	73.84	63.35	48.05	48.26	66.09	97.43	54.75	67.22	94.94	67.62	62.37	95.61	60.31	101.9	40.39	47.58	85.71	47.39	84.68	77.99	55.96	50.97	124.9	188.6	91.1	57.04	111.9	64.98	123	58.95	82	46.56	48.09	52.28	48.33	83.9	79.05	71.2	68.94	91.27	60.22	47.44	85.07	80.4	76.94	107.9	85.3	91.27	99.63	123.7	76.48	90.05	92.09	93.21	49.2	63.88	40.73	48.28	79.05	51.27	114	94.69	70.88	56.2	59.67	57.51	91.25	96.71	76.36	59.82	88.23	45.91	111.7	65.46	74.52	126.3	91.71	69.84
86.13	69.19	68.93	85.29	99.88	87.31	52.8	66.04	111.2	72.07	90.08	48.53	60.76	74.56	65.66	88.21	76.02	68.37	115.6	44.87	61.29	97.87	73.03	62.65	47.52	47.73	65.38	96.36	54.15	66.49	93.91	66.89	61.69	94.57	59.65	100.8	39.95	47.07	84.79	46.87	83.77	77.14	55.34	50.42	123.6	186.5	90.11	56.42	110.6	64.27	121.6	58.33	81.1	46.05	47.56	51.72	47.81	82.98	78.19	70.43	68.18	90.27	59.56	46.92	84.15	79.53	76.09	106.7	84.38	90.27	98.53	122.4	75.64	89.07	91.09	92.18	48.65	63.18	40.3	47.75	78.19	50.7	112.7	93.67	70.11	55.59	59.02	56.88	90.25	95.64	75.53	59.15	87.27	45.41	110.5	64.76	73.7	124.9	90.7	69.07
85.18	68.43	68.16	84.35	98.78	86.35	52.22	65.31	109.9	71.28	89.07	48.01	60.09	73.74	64.93	87.24	75.19	67.6	114.3	44.38	60.62	96.79	72.23	61.95	47	47.2	64.67	95.28	53.56	65.76	92.88	66.16	61.01	93.52	58.99	99.71	39.51	46.56	83.86	46.35	82.85	76.28	54.72	49.87	122.2	184.4	89.12	55.79	109.4	63.55	120.3	57.71	80.21	45.54	47.04	51.16	47.29	82.07	77.33	69.65	67.41	89.27	58.9	46.41	83.23	78.65	75.24	105.6	83.45	89.27	97.44	121	74.81	88.09	90.09	91.16	48.11	62.49	39.87	47.22	77.33	50.14	111.5	92.64	69.34	54.98	58.36	56.25	89.25	94.58	74.7	58.49	86.3	44.9	109.3	64.06	72.89	123.5	89.68	68.3
84.24	67.67	67.39	83.41	97.69	85.39	51.64	64.58	108.7	70.5	88.07	47.49	59.42	72.92	64.2	86.27	74.36	66.83	113	43.89	59.95	95.7	71.43	61.25	46.47	46.68	63.96	94.2	52.96	65.04	91.85	65.43	60.34	92.48	58.33	98.6	39.07	46.05	82.94	45.84	81.94	75.43	54.1	49.32	120.8	182.3	88.13	55.17	108.2	62.84	118.9	57.09	79.31	45.04	46.51	50.6	46.77	81.15	76.48	68.87	66.64	88.27	58.24	45.89	82.31	77.77	74.38	104.4	82.53	88.27	96.34	119.6	73.98	87.11	89.09	90.13	47.57	61.79	39.44	46.69	76.47	49.57	110.2	91.61	68.57	54.37	57.7	55.62	88.25	93.51	73.87	57.82	85.34	44.4	108	63.36	72.07	122.1	88.66	67.54
83.29	66.9	66.61	82.48	96.6	84.43	51.06	63.85	107.5	69.71	87.06	46.97	58.76	72.1	63.47	85.3	73.53	66.06	111.8	43.4	59.28	94.61	70.62	60.55	45.94	46.15	63.25	93.13	52.37	64.31	90.81	64.71	59.66	91.44	57.67	97.49	38.63	45.53	82.02	45.32	81.03	74.57	53.48	48.77	119.5	180.2	87.15	54.54	107	62.13	117.6	56.47	78.42	44.53	45.99	50.03	46.24	80.24	75.62	68.09	65.87	87.27	57.58	45.37	81.38	76.89	73.53	103.2	81.6	87.27	95.25	118.3	73.14	86.13	88.09	89.1	47.02	61.09	39	46.16	75.61	49.01	109	90.59	67.8	53.76	57.04	54.99	87.25	92.45	73.04	57.15	84.38	43.89	106.8	62.67	71.25	120.7	87.64	66.77
82.34	66.14	65.84	81.54	95.5	83.47	50.48	63.12	106.3	68.93	86.05	46.44	58.09	71.28	62.74	84.33	72.7	65.29	110.5	42.91	58.61	93.52	69.82	59.85	45.41	45.62	62.54	92.05	51.77	63.58	89.78	63.98	58.98	90.39	57.01	96.38	38.19	45.02	81.09	44.8	80.11	73.72	52.86	48.23	118.1	178.1	86.16	53.92	105.7	61.41	116.2	55.85	77.53	44.02	45.47	49.47	45.72	79.33	74.76	67.31	65.11	86.27	56.92	44.85	80.46	76.02	72.68	102.1	80.68	86.28	94.15	116.9	72.31	85.15	87.09	88.08	46.48	60.39	38.57	45.63	74.75	48.44	107.7	89.56	67.03	53.15	56.39	54.36	86.25	91.38	72.22	56.49	83.42	43.39	105.6	61.97	70.44	119.3	86.63	66
81.4	65.38	65.07	80.61	94.41	82.5	49.9	62.39	105	68.14	85.05	45.92	57.43	70.46	62.01	83.36	71.87	64.52	109.2	42.41	57.94	92.43	69.01	59.15	44.88	45.09	61.83	90.98	51.18	62.85	88.75	63.25	58.3	89.35	56.35	95.27	37.75	44.51	80.17	44.28	79.2	72.86	52.24	47.68	116.7	176	85.17	53.29	104.5	60.7	114.9	55.23	76.63	43.52	44.94	48.91	45.2	78.41	73.9	66.53	64.34	85.27	56.26	44.34	79.54	75.14	71.82	100.9	79.75	85.28	93.06	115.6	71.48	84.17	86.09	87.05	45.94	59.69	38.14	45.1	73.89	47.88	106.5	88.53	66.26	52.54	55.73	53.73	85.24	90.32	71.39	55.82	82.46	42.88	104.3	61.27	69.62	118	85.61	65.23
80.45	64.61	64.3	79.67	93.31	81.54	49.32	61.66	103.8	67.36	84.04	45.4	56.76	69.64	61.29	82.39	71.04	63.75	108	41.92	57.27	91.34	68.21	58.45	44.35	44.56	61.12	89.9	50.58	62.13	87.72	62.52	57.62	88.31	55.69	94.15	37.31	44	79.24	43.76	78.29	72.01	51.62	47.13	115.4	174	84.18	52.67	103.3	59.99	113.5	54.61	75.74	43.01	44.42	48.34	44.68	77.5	73.05	65.75	63.57	84.28	55.61	43.82	78.62	74.26	70.97	99.75	78.83	84.28	91.96	114.2	70.64	83.18	85.09	86.03	45.4	58.99	37.71	44.56	73.04	47.31	105.2	87.51	65.49	51.93	55.07	53.1	84.24	89.25	70.56	55.15	81.49	42.38	103.1	60.57	68.8	116.6	84.59	64.47
79.51	63.85	63.53	78.73	92.22	80.58	48.75	60.93	102.6	66.57	83.04	44.88	56.09	68.82	60.56	81.42	70.21	62.98	106.7	41.43	56.6	90.26	67.41	57.75	43.83	44.03	60.41	88.83	49.99	61.4	86.69	61.8	56.94	87.26	55.03	93.04	36.87	43.49	78.32	43.24	77.38	71.15	51	46.58	114	171.9	83.19	52.04	102	59.28	112.2	53.99	74.85	42.5	43.89	47.78	44.16	76.58	72.19	64.98	62.8	83.28	54.95	43.3	77.69	73.38	70.12	98.58	77.9	83.28	90.87	112.9	69.81	82.2	84.09	85	44.85	58.29	37.27	44.03	72.18	46.75	104	86.48	64.72	51.32	54.41	52.47	83.24	88.19	69.73	54.49	80.53	41.87	101.9	59.88	67.99	115.2	83.57	63.7
78.56	63.08	62.76	77.8	91.13	79.62	48.17	60.2	101.4	65.79	82.03	44.36	55.43	68	59.83	80.44	69.37	62.21	105.4	40.94	55.93	89.17	66.6	57.04	43.3	43.5	59.69	87.75	49.39	60.67	85.66	61.07	56.26	86.22	54.37	91.93	36.43	42.98	77.4	42.72	76.46	70.29	50.38	46.04	112.6	169.8	82.2	51.42	100.8	58.56	110.8	53.37	73.95	42	43.37	47.22	43.64	75.67	71.33	64.2	62.04	82.28	54.29	42.79	76.77	72.51	69.27	97.42	76.98	82.28	89.77	111.5	68.98	81.22	83.09	83.97	44.31	57.59	36.84	43.5	71.32	46.18	102.7	85.45	63.95	50.71	53.76	51.84	82.24	87.12	68.9	53.82	79.57	41.37	100.6	59.18	67.17	113.8	82.56	62.93
77.61	62.32	61.99	76.86	90.03	78.66	47.59	59.47	100.1	65	81.02	43.83	54.76	67.18	59.1	79.47	68.54	61.43	104.1	40.45	55.27	88.08	65.8	56.34	42.77	42.97	58.98	86.67	48.79	59.95	84.62	60.34	55.58	85.17	53.71	90.82	35.99	42.47	76.47	42.2	75.55	69.44	49.76	45.49	111.3	167.7	81.21	50.79	99.57	57.85	109.5	52.75	73.06	41.49	42.84	46.65	43.12	74.75	70.47	63.42	61.27	81.28	53.63	42.27	75.85	71.63	68.41	96.25	76.05	81.29	88.67	110.1	68.14	80.24	82.09	82.95	43.77	56.9	36.41	42.97	70.46	45.62	101.5	84.42	63.18	50.1	53.1	51.21	81.24	86.06	68.07	53.15	78.61	40.86	99.4	58.48	66.35	112.4	81.54	62.17
76.67	61.56	61.22	75.93	88.94	77.7	47.01	58.74	98.92	64.22	80.02	43.31	54.09	66.36	58.37	78.5	67.71	60.66	102.9	39.96	54.6	86.99	65	55.64	42.24	42.44	58.27	85.6	48.2	59.22	83.59	59.61	54.91	84.13	53.04	89.71	35.55	41.96	75.55	41.69	74.64	68.58	49.13	44.94	109.9	165.6	80.22	50.16	98.34	57.14	108.1	52.13	72.16	40.98	42.32	46.09	42.6	73.84	69.62	62.64	60.5	80.28	52.97	41.75	74.93	70.75	67.56	95.08	75.13	80.29	87.58	108.8	67.31	79.26	81.09	81.92	43.22	56.2	35.98	42.44	69.6	45.05	100.3	83.4	62.41	49.49	52.44	50.58	80.24	84.99	67.24	52.48	77.65	40.36	98.16	57.78	65.54	111	80.52	61.4
75.72	60.79	60.45	74.99	87.85	76.73	46.43	58.01	97.69	63.44	79.01	42.79	53.43	65.54	57.64	77.53	66.88	59.89	101.6	39.47	53.93	85.9	64.19	54.94	41.71	41.92	57.56	84.52	47.6	58.49	82.56	58.89	54.23	83.09	52.38	88.6	35.11	41.45	74.62	41.17	73.72	67.73	48.51	44.39	108.5	163.5	79.23	49.54	97.11	56.42	106.8	51.51	71.27	40.47	41.8	45.53	42.08	72.93	68.76	61.86	59.74	79.28	52.31	41.23	74	69.87	66.71	93.92	74.21	79.29	86.48	107.4	66.47	78.28	80.09	80.9	42.68	55.5	35.54	41.91	68.74	44.49	99	82.37	61.63	48.88	51.78	49.95	79.24	83.93	66.42	51.82	76.68	39.85	96.93	57.09	64.72	109.6	79.51	60.63
74.77	60.03	59.68	74.05	86.75	75.77	45.85	57.28	96.47	62.65	78.01	42.27	52.76	64.72	56.92	76.56	66.05	59.12	100.3	38.98	53.26	84.82	63.39	54.24	41.19	41.39	56.85	83.45	47.01	57.77	81.53	58.16	53.55	82.04	51.72	87.48	34.67	40.94	73.7	40.65	72.81	66.87	47.89	43.84	107.2	161.4	78.24	48.91	95.88	55.71	105.4	50.89	70.38	39.97	41.27	44.96	41.56	72.01	67.9	61.08	58.97	78.28	51.65	40.72	73.08	68.99	65.85	92.75	73.28	78.29	85.39	106.1	65.64	77.3	79.09	79.87	42.14	54.8	35.11	41.38	67.88	43.93	97.75	81.34	60.86	48.27	51.13	49.32	78.23	82.87	65.59	51.15	75.72	39.35	95.7	56.39	63.9	108.2	78.49	59.86
73.83	59.27	58.91	73.12	85.66	74.81	45.27	56.55	95.24	61.87	77	41.75	52.09	63.9	56.19	75.59	65.22	58.35	99.06	38.49	52.59	83.73	62.58	53.54	40.66	40.86	56.14	82.37	46.41	57.04	80.5	57.43	52.87	81	51.06	86.37	34.23	40.42	72.77	40.13	71.9	66.02	47.27	43.3	105.8	159.3	77.25	48.29	94.65	55	104.1	50.27	69.48	39.46	40.75	44.4	41.03	71.1	67.04	60.31	58.2	77.28	50.99	40.2	72.16	68.12	65	91.59	72.36	77.29	84.29	104.7	64.81	76.32	78.09	78.84	41.59	54.1	34.68	40.85	67.02	43.36	96.5	80.32	60.09	47.66	50.47	48.69	77.23	81.8	64.76	50.48	74.76	38.84	94.47	55.69	63.09	106.8	77.47	59.1
72.88	58.5	58.14	72.18	84.56	73.85	44.69	55.82	94.02	61.08	76	41.23	51.43	63.08	55.46	74.62	64.39	57.58	97.79	38	51.92	82.64	61.78	52.84	40.13	40.33	55.43	81.29	45.82	56.31	79.47	56.7	52.19	79.96	50.4	85.26	33.79	39.91	71.85	39.61	70.98	65.16	46.65	42.75	104.4	157.2	76.26	47.66	93.42	54.29	102.7	49.65	68.59	38.95	40.22	43.84	40.51	70.18	66.19	59.53	57.43	76.28	50.34	39.68	71.24	67.24	64.15	90.42	71.43	76.3	83.2	103.4	63.97	75.34	77.09	77.82	41.05	53.4	34.25	40.32	66.16	42.8	95.25	79.29	59.32	47.05	49.81	48.06	76.23	80.74	63.93	49.82	73.8	38.34	93.24	54.99	62.27	105.4	76.45	58.33
71.93	57.74	57.37	71.24	83.47	72.89	44.12	55.09	92.79	60.3	74.99	40.7	50.76	62.25	54.73	73.65	63.56	56.81	96.52	37.51	51.25	81.55	60.98	52.14	39.6	39.8	54.72	80.22	45.22	55.59	78.43	55.97	51.51	78.91	49.74	84.15	33.34	39.4	70.93	39.09	70.07	64.31	46.03	42.2	103.1	155.1	75.28	47.04	92.18	53.57	101.4	49.03	67.7	38.45	39.7	43.28	39.99	69.27	65.33	58.75	56.67	75.29	49.68	39.17	70.31	66.36	63.29	89.26	70.51	75.3	82.1	102	63.14	74.36	76.09	76.79	40.51	52.7	33.81	39.79	65.3	42.23	94.01	78.26	58.55	46.43	49.15	47.43	75.23	79.67	63.1	49.15	72.83	37.83	92.01	54.3	61.45	104.1	75.44	57.56
70.99	56.98	56.6	70.31	82.38	71.93	43.54	54.36	91.57	59.51	73.98	40.18	50.1	61.43	54	72.68	62.73	56.04	95.25	37.02	50.58	80.46	60.17	51.44	39.07	39.27	54.01	79.14	44.63	54.86	77.4	55.25	50.83	77.87	49.08	83.04	32.9	38.89	70	38.57	69.16	63.45	45.41	41.65	101.7	153.1	74.29	46.41	90.95	52.86	100	48.41	66.8	37.94	39.17	42.71	39.47	68.36	64.47	57.97	55.9	74.29	49.02	38.65	69.39	65.48	62.44	88.09	69.58	74.3	81.01	100.6	62.31	73.38	75.09	75.76	39.96	52	33.38	39.25	64.44	41.67	92.76	77.24	57.78	45.82	48.49	46.8	74.23	78.61	62.27	48.48	71.87	37.33	90.77	53.6	60.64	102.7	74.42	56.79
70.04	56.21	55.83	69.37	81.28	70.97	42.96	53.62	90.34	58.73	72.98	39.66	49.43	60.61	53.27	71.71	61.9	55.27	93.98	36.52	49.91	79.37	59.37	50.74	38.54	38.74	53.3	78.07	44.03	54.13	76.37	54.52	50.16	76.83	48.42	81.92	32.46	38.38	69.08	38.05	68.25	62.6	44.79	41.1	100.3	151	73.3	45.79	89.72	52.15	98.67	47.78	65.91	37.43	38.65	42.15	38.95	67.44	63.61	57.19	55.13	73.29	48.36	38.13	68.47	64.61	61.59	86.93	68.66	73.3	79.91	99.29	61.47	72.4	74.09	74.74	39.42	51.31	32.95	38.72	63.58	41.1	91.51	76.21	57.01	45.21	47.84	46.17	73.23	77.54	61.44	47.82	70.91	36.82	89.54	52.9	59.82	101.3	73.4	56.03
69.09	55.45	55.06	68.44	80.19	70	42.38	52.89	89.12	57.94	71.97	39.14	48.76	59.79	52.55	70.74	61.07	54.5	92.71	36.03	49.24	78.29	58.56	50.04	38.02	38.21	52.59	76.99	43.44	53.41	75.34	53.79	49.48	75.78	47.76	80.81	32.02	37.87	68.15	37.54	67.33	61.74	44.17	40.56	98.96	148.9	72.31	45.16	88.49	51.44	97.32	47.16	65.01	36.93	38.12	41.59	38.43	66.53	62.76	56.41	54.36	72.29	47.7	37.61	67.55	63.73	60.74	85.76	67.73	72.3	78.81	97.93	60.64	71.42	73.09	73.71	38.88	50.61	32.52	38.19	62.72	40.54	90.26	75.18	56.24	44.6	47.18	45.54	72.23	76.48	60.62	47.15	69.95	36.32	88.31	52.21	59	99.89	72.38	55.26
68.15	54.68	54.29	67.5	79.1	69.04	41.8	52.16	87.89	57.16	70.97	38.62	48.1	58.97	51.82	69.76	60.24	53.73	91.44	35.54	48.58	77.2	57.76	49.34	37.49	37.68	51.88	75.91	42.84	52.68	74.31	53.06	48.8	74.74	47.1	79.7	31.58	37.36	67.23	37.02	66.42	60.89	43.55	40.01	97.59	146.8	71.32	44.53	87.26	50.72	95.97	46.54	64.12	36.42	37.6	41.02	37.91	65.61	61.9	55.63	53.6	71.29	47.04	37.1	66.62	62.85	59.88	84.6	66.81	71.31	77.72	96.58	59.81	70.44	72.09	72.69	38.33	49.91	32.09	37.66	61.86	39.97	89.01	74.16	55.47	43.99	46.52	44.91	71.22	75.41	59.79	46.48	68.99	35.81	87.08	51.51	58.19	98.5	71.37	54.49
67.2	53.92	53.52	66.56	78	68.08	41.22	51.43	86.67	56.37	69.96	38.09	47.43	58.15	51.09	68.79	59.41	52.96	90.16	35.05	47.91	76.11	56.96	48.64	36.96	37.16	51.17	74.84	42.25	51.95	73.28	52.34	48.12	73.7	46.44	78.59	31.14	36.85	66.31	36.5	65.51	60.03	42.93	39.46	96.22	144.7	70.33	43.91	86.03	50.01	94.62	45.92	63.23	35.91	37.08	40.46	37.39	64.7	61.04	54.86	52.83	70.29	46.38	36.58	65.7	61.97	59.03	83.43	65.88	70.31	76.62	95.22	58.97	69.46	71.09	71.66	37.79	49.21	31.65	37.13	61	39.41	87.76	73.13	54.7	43.38	45.86	44.28	70.22	74.35	58.96	45.82	68.02	35.31	85.85	50.81	57.37	97.11	70.35	53.73
66.26	53.16	52.75	65.63	76.91	67.12	40.64	50.7	85.44	55.59	68.96	37.57	46.76	57.33	50.36	67.82	58.58	52.18	88.89	34.56	47.24	75.02	56.15	47.94	36.43	36.63	50.46	73.76	41.65	51.23	72.24	51.61	47.44	72.65	45.78	77.48	30.7	36.34	65.38	35.98	64.59	59.18	42.3	38.91	94.86	142.6	69.34	43.28	84.8	49.3	93.27	45.3	62.33	35.41	36.55	39.9	36.87	63.79	60.18	54.08	52.06	69.29	45.72	36.06	64.78	61.1	58.18	82.26	64.96	69.31	75.53	93.86	58.14	68.48	70.09	70.63	37.25	48.51	31.22	36.6	60.14	38.84	86.51	72.1	53.93	42.77	45.21	43.65	69.22	73.28	58.13	45.15	67.06	34.8	84.62	50.11	56.55	95.72	69.33	52.96
65.31	52.39	51.98	64.69	75.81	66.16	40.06	49.97	84.22	54.8	67.95	37.05	46.1	56.51	49.63	66.85	57.75	51.41	87.62	34.07	46.57	73.93	55.35	47.24	35.9	36.1	49.75	72.69	41.06	50.5	71.21	50.88	46.76	71.61	45.12	76.36	30.26	35.83	64.46	35.46	63.68	58.32	41.68	38.37	93.49	140.5	68.35	42.66	83.57	48.58	91.92	44.68	61.44	34.9	36.03	39.33	36.35	62.87	59.33	53.3	51.29	68.29	45.06	35.55	63.86	60.22	57.32	81.1	64.03	68.31	74.43	92.5	57.3	67.49	69.09	69.61	36.7	47.81	30.79	36.07	59.28	38.28	85.26	71.08	53.16	42.16	44.55	43.02	68.22	72.22	57.3	44.48	66.1	34.3	83.38	49.42	55.74	94.33	68.31	52.19
64.36	51.63	51.21	63.76	74.72	65.2	39.49	49.24	82.99	54.02	66.94	36.53	45.43	55.69	48.9	65.88	56.92	50.64	86.35	33.58	45.9	72.84	54.55	46.54	35.38	35.57	49.04	71.61	40.46	49.77	70.18	50.15	46.08	70.57	44.45	75.25	29.82	35.31	63.53	34.94	62.77	57.47	41.06	37.82	92.12	138.4	67.36	42.03	82.34	47.87	90.57	44.06	60.55	34.39	35.5	38.77	35.83	61.96	58.47	52.52	50.53	67.3	44.41	35.03	62.93	59.34	56.47	79.93	63.11	67.31	73.34	91.15	56.47	66.51	68.09	68.58	36.16	47.11	30.36	35.54	58.43	37.71	84.01	70.05	52.39	41.55	43.89	42.39	67.22	71.16	56.47	43.82	65.14	33.79	82.15	48.72	54.92	92.94	67.3	51.42
63.42	50.87	50.44	62.82	73.63	64.23	38.91	48.51	81.77	53.23	65.94	36.01	44.76	54.87	48.18	64.91	56.09	49.87	85.08	33.09	45.23	71.76	53.74	45.84	34.85	35.04	48.33	70.54	39.87	49.05	69.15	49.43	45.4	69.52	43.79	74.14	29.38	34.8	62.61	34.42	61.85	56.61	40.44	37.27	90.76	136.3	66.37	41.41	81.1	47.16	89.22	43.44	59.65	33.88	34.98	38.21	35.3	61.04	57.61	51.74	49.76	66.3	43.75	34.51	62.01	58.46	55.62	78.77	62.18	66.32	72.24	89.79	55.64	65.53	67.09	67.56	35.62	46.41	29.92	35.01	57.57	37.15	82.76	69.02	51.62	40.94	43.23	41.76	66.22	70.09	55.65	43.15	64.18	33.29	80.92	48.02	54.1	91.55	66.28	50.66
62.47	50.1	49.67	61.88	72.53	63.27	38.33	47.78	80.55	52.45	64.93	35.49	44.1	54.05	47.45	63.94	55.26	49.1	83.81	32.6	44.56	70.67	52.94	45.13	34.32	34.51	47.62	69.46	39.27	48.32	68.12	48.7	44.73	68.48	43.13	73.03	28.94	34.29	61.68	33.9	60.94	55.76	39.82	36.72	89.39	134.2	65.38	40.78	79.87	46.45	87.87	42.82	58.76	33.38	34.45	37.64	34.78	60.13	56.75	50.96	48.99	65.3	43.09	33.99	61.09	57.59	54.77	77.6	61.26	65.32	71.14	88.43	54.8	64.55	66.09	66.53	35.07	45.72	29.49	34.48	56.71	36.58	81.52	67.99	50.85	40.33	42.58	41.13	65.21	69.03	54.82	42.48	63.21	32.78	79.69	47.32	53.29	90.16	65.26	49.89
61.52	49.34	48.9	60.95	71.44	62.31	37.75	47.05	79.32	51.66	63.93	34.96	43.43	53.23	46.72	62.97	54.43	48.33	82.54	32.11	43.89	69.58	52.13	44.43	33.79	33.98	46.91	68.38	38.68	47.59	67.09	47.97	44.05	67.43	42.47	71.92	28.5	33.78	60.76	33.39	60.03	54.9	39.2	36.17	88.02	132.1	64.39	40.16	78.64	45.73	86.52	42.2	57.86	32.87	33.93	37.08	34.26	59.21	55.89	50.18	48.22	64.3	42.43	33.48	60.17	56.71	53.91	76.44	60.33	64.32	70.05	87.07	53.97	63.57	65.09	65.5	34.53	45.02	29.06	33.94	55.85	36.02	80.27	66.97	50.08	39.72	41.92	40.5	64.21	67.96	53.99	41.82	62.25	32.28	78.46	46.63	52.47	88.77	64.24	49.12
60.58	48.58	48.13	60.01	70.35	61.35	37.17	46.32	78.1	50.88	62.92	34.44	42.76	52.41	45.99	62	53.6	47.56	81.27	31.62	43.22	68.49	51.33	43.73	33.26	33.45	46.2	67.31	38.08	46.87	66.05	47.24	43.37	66.39	41.81	70.8	28.06	33.27	59.84	32.87	59.12	54.05	38.58	35.63	86.66	130.1	63.4	39.53	77.41	45.02	85.17	41.58	56.97	32.36	33.41	36.52	33.74	58.3	55.04	49.41	47.46	63.3	41.77	32.96	59.24	55.83	53.06	75.27	59.41	63.32	68.95	85.72	53.14	62.59	64.09	64.48	33.99	44.32	28.63	33.41	54.99	35.45	79.02	65.94	49.31	39.11	41.26	39.87	63.21	66.9	53.16	41.15	61.29	31.77	77.22	45.93	51.65	87.38	63.23	48.35
59.63	47.81	47.36	59.07	69.25	60.39	36.59	45.59	76.87	50.09	61.91	33.92	42.1	51.59	45.26	61.03	52.77	46.79	80	31.13	42.55	67.4	50.53	43.03	32.73	32.92	45.49	66.23	37.49	46.14	65.02	46.52	42.69	65.35	41.15	69.69	27.62	32.76	58.91	32.35	58.2	53.19	37.96	35.08	85.29	128	62.42	38.9	76.18	44.31	83.82	40.96	56.08	31.86	32.88	35.96	33.22	57.39	54.18	48.63	46.69	62.3	41.11	32.44	58.32	54.95	52.21	74.11	58.48	62.32	67.86	84.36	52.3	61.61	63.09	63.45	33.44	43.62	28.19	32.88	54.13	34.89	77.77	64.91	48.54	38.5	40.6	39.24	62.21	65.83	52.33	40.48	60.33	31.27	75.99	45.23	50.84	85.99	62.21	47.59
58.68	47.05	46.59	58.14	68.16	59.43	36.01	44.86	75.65	49.31	60.91	33.4	41.43	50.77	44.53	60.06	51.94	46.02	78.73	30.63	41.89	66.31	49.72	42.33	32.21	32.4	44.78	65.16	36.89	45.41	63.99	45.79	42.01	64.3	40.49	68.58	27.18	32.25	57.99	31.83	57.29	52.34	37.34	34.53	83.92	125.9	61.43	38.28	74.95	43.59	82.47	40.34	55.18	31.35	32.36	35.39	32.7	56.47	53.32	47.85	45.92	61.3	40.45	31.93	57.4	54.08	51.35	72.94	57.56	61.33	66.76	83	51.47	60.63	62.09	62.43	32.9	42.92	27.76	32.35	53.27	34.32	76.52	63.89	47.77	37.89	39.95	38.61	61.21	64.77	51.5	39.82	59.36	30.76	74.76	44.53	50.02	84.6	61.19	46.82
57.74	46.29	45.82	57.2	67.06	58.46	35.43	44.13	74.42	48.52	59.9	32.88	40.77	49.95	43.81	59.08	51.11	45.25	77.46	30.14	41.22	65.23	48.92	41.63	31.68	31.87	44.07	64.08	36.3	44.68	62.96	45.06	41.33	63.26	39.83	67.47	26.74	31.74	57.06	31.31	56.38	51.48	36.72	33.98	82.56	123.8	60.44	37.65	73.72	42.88	81.12	39.72	54.29	30.84	31.83	34.83	32.18	55.56	52.46	47.07	45.16	60.3	39.79	31.41	56.48	53.2	50.5	71.78	56.63	60.33	65.67	81.65	50.64	59.65	61.08	61.4	32.36	42.22	27.33	31.82	52.41	33.76	75.27	62.86	47	37.27	39.29	37.98	60.21	63.7	50.67	39.15	58.4	30.26	73.53	43.84	49.2	83.21	60.17	46.05
56.79	45.52	45.05	56.27	65.97	57.5	34.86	43.4	73.2	47.74	58.9	32.35	40.1	49.13	43.08	58.11	50.28	44.48	76.18	29.65	40.55	64.14	48.11	40.93	31.15	31.34	43.36	63	35.7	43.96	61.93	44.33	40.65	62.22	39.17	66.36	26.3	31.23	56.14	30.79	55.46	50.63	36.1	33.43	81.19	121.7	59.45	37.03	72.49	42.17	79.77	39.1	53.4	30.34	31.31	34.27	31.66	54.64	51.61	46.29	44.39	59.3	39.13	30.89	55.55	52.32	49.65	70.61	55.71	59.33	64.57	80.29	49.8	58.67	60.08	60.37	31.81	41.52	26.9	31.29	51.55	33.19	74.02	61.83	46.23	36.66	38.63	37.35	59.21	62.64	49.85	38.48	57.44	29.75	72.3	43.14	48.39	81.82	59.16	45.29
55.85	44.76	44.28	55.33	64.88	56.54	34.28	42.67	71.97	46.96	57.89	31.83	39.43	48.31	42.35	57.14	49.45	43.71	74.91	29.16	39.88	63.05	47.31	40.23	30.62	30.81	42.65	61.93	35.11	43.23	60.89	43.61	39.97	61.17	38.51	65.24	25.86	30.71	55.22	30.27	54.55	49.77	35.47	32.89	79.82	119.6	58.46	36.4	71.26	41.46	78.42	38.48	52.5	29.83	30.78	33.7	31.14	53.73	50.75	45.51	43.62	58.31	38.48	30.37	54.63	51.44	48.8	69.44	54.78	58.33	63.48	78.93	48.97	57.69	59.08	59.35	31.27	40.82	26.46	30.76	50.69	32.63	72.77	60.81	45.46	36.05	37.97	36.72	58.2	61.57	49.02	37.82	56.48	29.25	71.07	42.44	47.57	80.43	58.14	44.52
54.9	43.99	43.51	54.39	63.78	55.58	33.7	41.94	70.75	46.17	56.89	31.31	38.77	47.49	41.62	56.17	48.62	42.93	73.64	28.67	39.21	61.96	46.51	39.53	30.09	30.28	41.94	60.85	34.51	42.5	59.86	42.88	39.3	60.13	37.85	64.13	25.42	30.2	54.29	29.75	53.64	48.92	34.85	32.34	78.45	117.5	57.47	35.78	70.03	40.74	77.07	37.86	51.61	29.32	30.26	33.14	30.62	52.82	49.89	44.73	42.85	57.31	37.82	29.86	53.71	50.57	47.94	68.28	53.86	57.33	62.38	77.57	48.13	56.71	58.08	58.32	30.73	40.13	26.03	30.23	49.83	32.06	71.52	59.78	44.69	35.44	37.32	36.09	57.2	60.51	48.19	37.15	55.52	28.74	69.83	41.74	46.75	79.04	57.12	43.75
53.95	43.23	42.74	53.46	62.69	54.62	33.12	41.21	69.52	45.39	55.88	30.79	38.1	46.66	40.89	55.2	47.79	42.16	72.37	28.18	38.54	60.87	45.7	38.83	29.57	29.75	41.23	59.78	33.92	41.78	58.83	42.15	38.62	59.09	37.19	63.02	24.98	29.69	53.37	29.24	52.72	48.06	34.23	31.79	77.09	115.4	56.48	35.15	68.79	40.03	75.72	37.24	50.71	28.81	29.74	32.58	30.1	51.9	49.03	43.96	42.09	56.31	37.16	29.34	52.79	49.69	47.09	67.11	52.93	56.34	61.28	76.22	47.3	55.73	57.08	57.29	30.18	39.43	25.6	29.7	48.97	31.5	70.27	58.75	43.92	34.83	36.66	35.46	56.2	59.44	47.36	36.48	54.55	28.24	68.6	41.05	45.94	77.65	56.1	42.98
53.01	42.47	41.97	52.52	61.6	53.66	32.54	40.48	68.3	44.6	54.87	30.27	37.43	45.84	40.16	54.23	46.96	41.39	71.1	27.69	37.87	59.78	44.9	38.13	29.04	29.22	40.52	58.7	33.32	41.05	57.8	41.42	37.94	58.04	36.52	61.91	24.54	29.18	52.44	28.72	51.81	47.2	33.61	31.24	75.72	113.3	55.49	34.53	67.56	39.32	74.36	36.62	49.82	28.31	29.21	32.01	29.57	50.99	48.18	43.18	41.32	55.31	36.5	28.82	51.86	48.81	46.24	65.95	52.01	55.34	60.19	74.86	46.47	54.75	56.08	56.27	29.64	38.73	25.17	29.16	48.11	30.93	69.02	57.73	43.15	34.22	36	34.83	55.2	58.38	46.53	35.82	53.59	27.73	67.37	40.35	45.12	76.26	55.09	42.22
52.06	41.7	41.2	51.59	60.5	52.69	31.96	39.75	67.07	43.82	53.87	29.75	36.77	45.02	39.44	53.26	46.13	40.62	69.83	27.2	37.2	58.7	44.1	37.43	28.51	28.69	39.8	57.62	32.73	40.32	56.77	40.69	37.26	57	35.86	60.8	24.1	28.67	51.52	28.2	50.9	46.35	32.99	30.7	74.35	111.2	54.5	33.9	66.33	38.6	73.01	36	48.93	27.8	28.69	31.45	29.05	50.07	47.32	42.4	40.55	54.31	35.84	28.31	50.94	47.93	45.38	64.78	51.08	54.34	59.09	73.5	45.63	53.77	55.08	55.24	29.1	38.03	24.74	28.63	47.25	30.37	67.78	56.7	42.37	33.61	35.34	34.2	54.2	57.32	45.7	35.15	52.63	27.23	66.14	39.65	44.3	74.87	54.07	41.45
51.11	40.94	40.43	50.65	59.41	51.73	31.38	39.02	65.85	43.03	52.86	29.22	36.1	44.2	38.71	52.29	45.3	39.85	68.56	26.71	36.53	57.61	43.29	36.73	27.98	28.16	39.09	56.55	32.13	39.6	55.74	39.97	36.58	55.96	35.2	59.68	23.66	28.16	50.6	27.68	49.98	45.49	32.37	30.15	72.99	109.2	53.51	33.28	65.1	37.89	71.66	35.38	48.03	27.29	28.16	30.89	28.53	49.16	46.46	41.62	39.78	53.31	35.18	27.79	50.02	47.06	44.53	63.62	50.16	53.34	58	72.15	44.8	52.79	54.08	54.22	28.55	37.33	24.3	28.1	46.39	29.8	66.53	55.67	41.6	33	34.68	33.57	53.2	56.25	44.87	34.48	51.67	26.72	64.91	38.95	43.49	73.48	53.05	40.68
50.17	40.18	39.66	49.71	58.31	50.77	30.8	38.29	64.62	42.25	51.86	28.7	35.43	43.38	37.98	51.32	44.47	39.08	67.29	26.22	35.86	56.52	42.49	36.03	27.45	27.64	38.38	55.47	31.54	38.87	54.7	39.24	35.9	54.91	34.54	58.57	23.22	27.65	49.67	27.16	49.07	44.64	31.75	29.6	71.62	107.1	52.52	32.65	63.87	37.18	70.31	34.76	47.14	26.79	27.64	30.32	28.01	48.24	45.6	40.84	39.02	52.31	34.52	27.27	49.1	46.18	43.68	62.45	49.23	52.34	56.9	70.79	43.97	51.8	53.08	53.19	28.01	36.63	23.87	27.57	45.53	29.24	65.28	54.65	40.83	32.39	34.03	32.94	52.2	55.19	44.05	33.82	50.71	26.22	63.68	38.26	42.67	72.09	52.03	39.92
49.22	39.41	38.89	48.78	57.22	49.81	30.23	37.56	63.4	41.46	50.85	28.18	34.77	42.56	37.25	50.35	43.64	38.31	66.02	25.73	35.2	55.43	41.68	35.33	26.92	27.11	37.67	54.4	30.94	38.14	53.67	38.51	35.22	53.87	33.88	57.46	22.78	27.14	48.75	26.64	48.16	43.78	31.13	29.05	70.25	105	51.53	32.02	62.64	36.47	68.96	34.14	46.25	26.28	27.11	29.76	27.49	47.33	44.75	40.06	38.25	51.31	33.86	26.75	48.17	45.3	42.82	61.29	48.31	51.35	55.81	69.43	43.13	50.82	52.08	52.16	27.47	35.93	23.44	27.04	44.67	28.67	64.03	53.62	40.06	31.78	33.37	32.31	51.19	54.12	43.22	33.15	49.74	25.71	62.44	37.56	41.85	70.7	51.02	39.15
48.27	38.65	38.12	47.84	56.13	48.85	29.65	36.83	62.17	40.68	49.85	27.66	34.1	41.74	36.52	49.37	42.81	37.54	64.75	25.24	34.53	54.34	40.88	34.63	26.4	26.58	36.96	53.32	30.35	37.42	52.64	37.78	34.55	52.83	33.22	56.35	22.34	26.63	47.82	26.12	47.25	42.93	30.51	28.5	68.89	102.9	50.55	31.4	61.41	35.75	67.61	33.52	45.35	25.77	26.59	29.2	26.97	46.42	43.89	39.29	37.48	50.32	33.21	26.24	47.25	44.42	41.97	60.12	47.38	50.35	54.71	68.07	42.3	49.84	51.08	51.14	26.93	35.23	23.01	26.51	43.81	28.11	62.78	52.59	39.29	31.17	32.71	31.68	50.19	53.06	42.39	32.48	48.78	25.21	61.21	36.86	41.04	69.31	50	38.38
47.33	37.89	37.34	46.9	55.03	47.89	29.07	36.1	60.95	39.89	48.84	27.14	33.44	40.92	35.79	48.4	41.98	36.77	63.48	24.75	33.86	53.26	40.08	33.93	25.87	26.05	36.25	52.24	29.75	36.69	51.61	37.06	33.87	51.78	32.56	55.24	21.9	26.12	46.9	25.6	46.33	42.07	29.89	27.96	67.52	100.8	49.56	30.77	60.18	35.04	66.26	32.9	44.46	25.27	26.06	28.64	26.45	45.5	43.03	38.51	36.71	49.32	32.55	25.72	46.33	43.55	41.12	58.95	46.46	49.35	53.61	66.72	41.47	48.86	50.08	50.11	26.38	34.53	22.57	25.98	42.96	27.55	61.53	51.57	38.52	30.56	32.05	31.05	49.19	51.99	41.56	31.81	47.82	24.7	59.98	36.16	40.22	67.92	48.98	37.61
46.38	37.12	36.57	45.97	53.94	46.92	28.49	35.37	59.73	39.11	47.83	26.61	32.77	40.1	35.07	47.43	41.15	36	62.2	24.25	33.19	52.17	39.27	33.23	25.34	25.52	35.54	51.17	29.16	35.96	50.58	36.33	33.19	50.74	31.9	54.12	21.46	25.6	45.97	25.09	45.42	41.22	29.27	27.41	66.15	98.7	48.57	30.15	58.95	34.33	64.91	32.27	43.56	24.76	25.54	28.07	25.93	44.59	42.17	37.73	35.95	48.32	31.89	25.2	45.41	42.67	40.27	57.79	45.53	48.35	52.52	65.36	40.63	47.88	49.08	49.09	25.84	33.84	22.14	25.45	42.1	26.98	60.28	50.54	37.75	29.95	31.4	30.42	48.19	50.93	40.73	31.15	46.86	24.2	58.75	35.47	39.4	66.53	47.96	36.85
45.44	36.36	35.8	45.03	52.85	45.96	27.91	34.64	58.5	38.32	46.83	26.09	32.1	39.28	34.34	46.46	40.32	35.23	60.93	23.76	32.52	51.08	38.47	32.52	24.81	24.99	34.83	50.09	28.56	35.24	49.55	35.6	32.51	49.69	31.24	53.01	21.02	25.09	45.05	24.57	44.51	40.36	28.64	26.86	64.79	96.61	47.58	29.52	57.71	33.61	63.56	31.65	42.67	24.25	25.02	27.51	25.41	43.67	41.32	36.95	35.18	47.32	31.23	24.69	44.48	41.79	39.41	56.62	44.61	47.35	51.42	64	39.8	46.9	48.08	48.06	25.3	33.14	21.71	24.92	41.24	26.42	59.03	49.51	36.98	29.34	30.74	29.79	47.19	49.86	39.9	30.48	45.89	23.7	57.52	34.77	38.59	65.14	46.95	36.08
44.49	35.6	35.03	44.1	51.75	45	27.33	33.91	57.28	37.54	45.82	25.57	31.44	38.46	33.61	45.49	39.49	34.46	59.66	23.27	31.85	49.99	37.67	31.82	24.28	24.46	34.12	49.02	27.96	34.51	48.51	34.87	31.83	48.65	30.58	51.9	20.58	24.58	44.13	24.05	43.59	39.51	28.02	26.31	63.42	94.52	46.59	28.9	56.48	32.9	62.21	31.03	41.78	23.75	24.49	26.95	24.89	42.76	40.46	36.17	34.41	46.32	30.57	24.17	43.56	40.91	38.56	55.46	43.68	46.36	50.33	62.64	38.97	45.92	47.08	47.03	24.75	32.44	21.28	24.39	40.38	25.85	57.78	48.48	36.21	28.73	30.08	29.16	46.19	48.8	39.07	29.81	44.93	23.19	56.28	34.07	37.77	63.75	45.93	35.31
43.54	34.83	34.26	43.16	50.66	44.04	26.75	33.17	56.05	36.75	44.82	25.05	30.77	37.64	32.88	44.52	38.66	33.68	58.39	22.78	31.18	48.9	36.86	31.12	23.76	23.93	33.41	47.94	27.37	33.78	47.48	34.15	31.15	47.61	29.92	50.79	20.14	24.07	43.2	23.53	42.68	38.65	27.4	25.76	62.05	92.43	45.6	28.27	55.25	32.19	60.86	30.41	40.88	23.24	23.97	26.38	24.37	41.85	39.6	35.39	33.65	45.32	29.91	23.65	42.64	40.04	37.71	54.29	42.76	45.36	49.23	61.29	38.13	44.94	46.08	46.01	24.21	31.74	20.84	23.85	39.52	25.29	56.53	47.46	35.44	28.12	29.42	28.53	45.18	47.73	38.25	29.15	43.97	22.69	55.05	33.38	36.95	62.37	44.91	34.54
42.6	34.07	33.49	42.22	49.56	43.08	26.17	32.44	54.83	35.97	43.81	24.53	30.1	36.82	32.15	43.55	37.83	32.91	57.12	22.29	30.51	47.81	36.06	30.42	23.23	23.4	32.7	46.87	26.77	33.06	46.45	33.42	30.47	46.56	29.26	49.68	19.7	23.56	42.28	23.01	41.77	37.8	26.78	25.22	60.69	90.34	44.61	27.65	54.02	31.48	59.51	29.79	39.99	22.73	23.44	25.82	23.84	40.93	38.74	34.61	32.88	44.32	29.25	23.13	41.72	39.16	36.85	53.13	41.83	44.36	48.14	59.93	37.3	43.96	45.08	44.98	23.67	31.04	20.41	23.32	38.66	24.72	55.29	46.43	34.67	27.5	28.77	27.9	44.18	46.67	37.42	28.48	43.01	22.18	53.82	32.68	36.14	60.98	43.89	33.78
41.65	33.3	32.72	41.29	48.47	42.12	25.6	31.71	53.6	35.18	42.8	24.01	29.44	36	31.42	42.58	37	32.14	55.85	21.8	29.84	46.73	35.25	29.72	22.7	22.88	31.99	45.79	26.18	32.33	45.42	32.69	29.79	45.52	28.6	48.57	19.26	23.05	41.35	22.49	40.85	36.94	26.16	24.67	59.32	88.25	43.62	27.02	52.79	30.76	58.16	29.17	39.1	22.22	22.92	25.26	23.32	40.02	37.89	33.84	32.11	43.32	28.59	22.62	40.79	38.28	36	51.96	40.91	43.36	47.04	58.57	36.46	42.98	44.08	43.95	23.12	30.34	19.98	22.79	37.8	24.16	54.04	45.4	33.9	26.89	28.11	27.27	43.18	45.6	36.59	27.81	42.05	21.68	52.59	31.98	35.32	59.59	42.88	33.01
40.7	32.54	31.95	40.35	47.38	41.16	25.02	30.98	52.38	34.4	41.8	23.48	28.77	35.18	30.7	41.61	36.17	31.37	54.58	21.31	29.17	45.64	34.45	29.02	22.17	22.35	31.28	44.71	25.58	31.6	44.39	31.96	29.12	44.48	27.93	47.45	18.81	22.54	40.43	21.97	39.94	36.09	25.54	24.12	57.95	86.16	42.63	26.39	51.56	30.05	56.81	28.55	38.2	21.72	22.39	24.69	22.8	39.1	37.03	33.06	31.34	42.32	27.93	22.1	39.87	37.4	35.15	50.8	39.98	42.36	45.95	57.22	35.63	42	43.08	42.93	22.58	29.64	19.55	22.26	36.94	23.59	52.79	44.38	33.13	26.28	27.45	26.64	42.18	44.54	35.76	27.15	41.08	21.17	51.36	31.28	34.5	58.2	41.86	32.24
39.76	31.78	31.18	39.42	46.28	40.19	24.44	30.25	51.15	33.61	40.79	22.96	28.1	34.36	29.97	40.64	35.34	30.6	53.31	20.82	28.51	44.55	33.65	28.32	21.64	21.82	30.57	43.64	24.99	30.88	43.36	31.24	28.44	43.43	27.27	46.34	18.37	22.03	39.51	21.45	39.03	35.23	24.92	23.57	56.58	84.07	41.64	25.77	50.33	29.34	55.46	27.93	37.31	21.21	21.87	24.13	22.28	38.19	36.17	32.28	30.58	41.33	27.28	21.58	38.95	36.53	34.3	49.63	39.06	41.37	44.85	55.86	34.8	41.02	42.08	41.9	22.04	28.94	19.11	21.73	36.08	23.03	51.54	43.35	32.36	25.67	26.79	26.01	41.18	43.48	34.93	26.48	40.12	20.67	50.13	30.59	33.69	56.81	40.84	31.48
38.81	31.01	30.41	38.48	45.19	39.23	23.86	29.52	49.93	32.83	39.79	22.44	27.44	33.54	29.24	39.67	34.51	29.83	52.04	20.33	27.84	43.46	32.84	27.62	21.11	21.29	29.86	42.56	24.39	30.15	42.32	30.51	27.76	42.39	26.61	45.23	17.93	21.52	38.58	20.94	38.12	34.38	24.3	23.03	55.22	81.97	40.65	25.14	49.1	28.62	54.11	27.31	36.41	20.7	21.35	23.57	21.76	37.28	35.31	31.5	29.81	40.33	26.62	21.07	38.03	35.65	33.44	48.47	38.13	40.37	43.75	54.5	33.96	40.04	41.08	40.88	21.49	28.25	18.68	21.2	35.22	22.46	50.29	42.32	31.59	25.06	26.14	25.38	40.18	42.41	34.1	25.81	39.16	20.16	48.89	29.89	32.87	55.42	39.82	30.71
37.86	30.25	29.64	37.54	44.1	38.27	23.28	28.79	48.7	32.05	38.78	21.92	26.77	32.72	28.51	38.69	33.68	29.06	50.77	19.84	27.17	42.37	32.04	26.92	20.59	20.76	29.15	41.49	23.8	29.42	41.29	29.78	27.08	41.35	25.95	44.12	17.49	21	37.66	20.42	37.2	33.52	23.68	22.48	53.85	79.88	39.66	24.52	47.87	27.91	52.76	26.69	35.52	20.2	20.82	23	21.24	36.36	34.46	30.72	29.04	39.33	25.96	20.55	37.1	34.77	32.59	47.3	37.21	39.37	42.66	53.14	33.13	39.06	40.08	39.85	20.95	27.55	18.25	20.67	34.36	21.9	49.04	41.3	30.82	24.45	25.48	24.75	39.18	41.35	33.27	25.15	38.2	19.66	47.66	29.19	32.06	54.03	38.81	29.94
36.92	29.49	28.87	36.61	43	37.31	22.7	28.06	47.48	31.26	37.78	21.4	26.11	31.9	27.78	37.72	32.85	28.29	49.49	19.35	26.5	41.28	31.23	26.22	20.06	20.23	28.44	40.41	23.2	28.7	40.26	29.05	26.4	40.3	25.29	43.01	17.05	20.49	36.73	19.9	36.29	32.67	23.06	21.93	52.48	77.79	38.68	23.89	46.64	27.2	51.41	26.07	34.63	19.69	20.3	22.44	20.72	35.45	33.6	29.94	28.27	38.33	25.3	20.03	36.18	33.89	31.74	46.13	36.28	38.37	41.56	51.79	32.3	38.08	39.08	38.82	20.41	26.85	17.82	20.14	33.5	21.33	47.79	40.27	30.05	23.84	24.82	24.12	38.17	40.28	32.45	24.48	37.24	19.15	46.43	28.49	31.24	52.64	37.79	29.17
35.97	28.72	28.1	35.67	41.91	36.35	22.12	27.33	46.25	30.48	36.77	20.87	25.44	31.08	27.05	36.75	32.02	27.52	48.22	18.86	25.83	40.2	30.43	25.52	19.53	19.7	27.73	39.33	22.61	27.97	39.23	28.32	25.72	39.26	24.63	41.89	16.61	19.98	35.81	19.38	35.38	31.81	22.44	21.38	51.12	75.7	37.69	23.27	45.4	26.49	50.05	25.45	33.73	19.18	19.77	21.88	20.2	34.53	32.74	29.16	27.51	37.33	24.64	19.51	35.26	33.02	30.88	44.97	35.36	37.38	40.47	50.43	31.46	37.09	38.08	37.8	19.86	26.15	17.39	19.61	32.64	20.77	46.54	39.24	29.28	23.23	24.16	23.49	37.17	39.22	31.62	23.81	36.27	18.65	45.2	27.8	30.42	51.25	36.77	28.41
35.03	27.96	27.33	34.73	40.81	35.39	21.54	26.6	45.03	29.69	35.76	20.35	24.77	30.25	26.33	35.78	31.19	26.75	46.95	18.36	25.16	39.11	29.63	24.82	19	19.17	27.02	38.26	22.01	27.24	38.2	27.6	25.04	38.22	23.97	40.78	16.17	19.47	34.89	18.86	34.46	30.96	21.81	20.83	49.75	73.61	36.7	22.64	44.17	25.77	48.7	24.83	32.84	18.68	19.25	21.32	19.68	33.62	31.88	28.39	26.74	36.33	23.98	19	34.34	32.14	30.03	43.8	34.44	36.38	39.37	49.07	30.63	36.11	37.08	36.77	19.32	25.45	16.95	19.07	31.78	20.2	45.29	38.22	28.51	22.62	23.51	22.86	36.17	38.15	30.79	23.15	35.31	18.14	43.97	27.1	29.61	49.86	35.75	27.64
34.08	27.2	26.56	33.8	39.72	34.42	20.97	25.87	43.8	28.91	34.76	19.83	24.11	29.43	25.6	34.81	30.36	25.98	45.68	17.87	24.49	38.02	28.82	24.12	18.47	18.64	26.31	37.18	21.42	26.51	37.17	26.87	24.37	37.17	23.31	39.67	15.73	18.96	33.96	18.34	33.55	30.1	21.19	20.29	48.38	71.52	35.71	22.02	42.94	25.06	47.35	24.21	31.95	18.17	18.72	20.75	19.16	32.7	31.03	27.61	25.97	35.33	23.32	18.48	33.41	31.26	29.18	42.64	33.51	35.38	38.28	47.71	29.8	35.13	36.08	35.75	18.78	24.75	16.52	18.54	30.92	19.64	44.04	37.19	27.74	22.01	22.85	22.23	35.17	37.09	29.96	22.48	34.35	17.64	42.74	26.4	28.79	48.47	34.74	26.87
33.13	26.43	25.79	32.86	38.63	33.46	20.39	25.14	42.58	28.12	33.75	19.31	23.44	28.61	24.87	33.84	29.53	25.21	44.41	17.38	23.82	36.93	28.02	23.42	17.95	18.12	25.6	36.11	20.82	25.79	36.13	26.14	23.69	36.13	22.65	38.56	15.29	18.45	33.04	17.82	32.64	29.25	20.57	19.74	47.02	69.43	34.72	21.39	41.71	24.35	46	23.59	31.05	17.66	18.2	20.19	18.64	31.79	30.17	26.83	25.2	34.33	22.66	17.96	32.49	30.38	28.33	41.47	32.59	34.38	37.18	46.36	28.96	34.15	35.08	34.72	18.23	24.05	16.09	18.01	30.06	19.07	42.79	36.16	26.97	21.4	22.19	21.6	34.17	36.02	29.13	21.81	33.39	17.13	41.5	25.7	27.97	47.08	33.72	26.1
32.19	25.67	25.02	31.93	37.53	32.5	19.81	24.41	41.35	27.34	32.75	18.79	22.77	27.79	24.14	32.87	28.7	24.43	43.14	16.89	23.15	35.84	27.22	22.72	17.42	17.59	24.89	35.03	20.23	25.06	35.1	25.41	23.01	35.08	21.99	37.45	14.85	17.94	32.11	17.3	31.72	28.39	19.95	19.19	45.65	67.34	33.73	20.77	40.48	23.63	44.65	22.97	30.16	17.15	17.68	19.63	18.11	30.88	29.31	26.05	24.44	33.34	22	17.45	31.57	29.51	27.47	40.31	31.66	33.38	36.09	45	28.13	33.17	34.08	33.69	17.69	23.35	15.66	17.48	29.2	18.51	41.55	35.14	26.2	20.79	21.53	20.97	33.17	34.96	28.3	21.15	32.42	16.63	40.27	25.01	27.16	45.69	32.7	25.34
31.24	24.9	24.25	30.99	36.44	31.54	19.23	23.68	40.13	26.55	31.74	18.27	22.11	26.97	23.41	31.9	27.87	23.66	41.87	16.4	22.48	34.75	26.41	22.02	16.89	17.06	24.18	33.95	19.63	24.33	34.07	24.69	22.33	34.04	21.33	36.33	14.41	17.43	31.19	16.79	30.81	27.54	19.33	18.64	44.28	65.25	32.74	20.14	39.25	22.92	43.3	22.35	29.26	16.65	17.15	19.06	17.59	29.96	28.45	25.27	23.67	32.34	21.35	16.93	30.65	28.63	26.62	39.14	30.74	32.39	34.99	43.64	27.29	32.19	33.08	32.67	17.15	22.66	15.22	16.95	28.35	17.94	40.3	34.11	25.43	20.18	20.87	20.34	32.17	33.89	27.48	20.48	31.46	16.12	39.04	24.31	26.34	44.3	31.69	24.57
30.29	24.14	23.48	30.05	35.35	30.58	18.65	22.95	38.91	25.77	30.73	17.74	21.44	26.15	22.68	30.93	27.04	22.89	40.6	15.91	21.81	33.67	25.61	21.32	16.36	16.53	23.47	32.88	19.04	23.61	33.04	23.96	21.65	33	20.67	35.22	13.97	16.92	30.26	16.27	29.9	26.68	18.71	18.09	42.92	63.16	31.75	19.51	38.02	22.21	41.95	21.73	28.37	16.14	16.63	18.5	17.07	29.05	27.59	24.49	22.9	31.34	20.69	16.41	29.72	27.75	25.77	37.98	29.81	31.39	33.89	42.29	26.46	31.21	32.08	31.64	16.6	21.96	14.79	16.42	27.49	17.38	39.05	33.08	24.66	19.57	20.22	19.71	31.16	32.83	26.65	19.81	30.5	15.62	37.81	23.61	25.52	42.91	30.67	23.8
29.35	23.38	22.71	29.12	34.25	29.62	18.07	22.22	37.68	24.98	29.73	17.22	20.77	25.33	21.96	29.96	26.21	22.12	39.33	15.42	21.15	32.58	24.8	20.61	15.83	16	22.76	31.8	18.44	22.88	32.01	23.23	20.97	31.95	20.01	34.11	13.53	16.41	29.34	15.75	28.99	25.82	18.09	17.55	41.55	61.07	30.76	18.89	36.79	21.5	40.6	21.11	27.48	15.63	16.1	17.94	16.55	28.13	26.74	23.71	22.13	30.34	20.03	15.89	28.8	26.87	24.91	36.81	28.89	30.39	32.8	40.93	25.63	30.23	31.08	30.61	16.06	21.26	14.36	15.89	26.63	16.81	37.8	32.05	23.89	18.96	19.56	19.08	30.16	31.77	25.82	19.15	29.54	15.11	36.58	22.91	24.71	41.52	29.65	23.04
28.4	22.61	21.94	28.18	33.16	28.65	17.49	21.49	36.46	24.2	28.72	16.7	20.11	24.51	21.23	28.99	25.38	21.35	38.06	14.93	20.48	31.49	24	19.91	15.3	15.47	22.05	30.73	17.85	22.15	30.98	22.5	20.29	30.91	19.34	33	13.09	15.89	28.42	15.23	28.07	24.97	17.47	17	40.18	58.98	29.77	18.26	35.56	20.78	39.25	20.49	26.58	15.13	15.58	17.37	16.03	27.22	25.88	22.94	21.37	29.34	19.37	15.38	27.88	25.99	24.06	35.65	27.96	29.39	31.7	39.57	24.79	29.25	30.08	29.59	15.52	20.56	13.93	15.36	25.77	16.25	36.55	31.03	23.12	18.34	18.9	18.45	29.16	30.7	24.99	18.48	28.58	14.61	35.34	22.22	23.89	40.13	28.63	22.27
27.45	21.85	21.17	27.25	32.06	27.69	16.91	20.76	35.23	23.41	27.72	16.18	19.44	23.69	20.5	28.01	24.55	20.58	36.79	14.44	19.81	30.4	23.2	19.21	14.78	14.94	21.34	29.65	17.25	21.43	29.94	21.78	19.61	29.87	18.68	31.89	12.65	15.38	27.49	14.71	27.16	24.11	16.85	16.45	38.82	56.89	28.78	17.64	34.33	20.07	37.9	19.87	25.69	14.62	15.05	16.81	15.51	26.31	25.02	22.16	20.6	28.34	18.71	14.86	26.96	25.12	23.21	34.48	27.04	28.39	30.61	38.21	23.96	28.27	29.08	28.56	14.97	19.86	13.49	14.83	24.91	15.68	35.3	30	22.34	17.73	18.24	17.82	28.16	29.64	24.16	17.81	27.61	14.1	34.11	21.52	23.07	38.74	27.62	21.5
26.51	21.09	20.4	26.31	30.97	26.73	16.34	20.03	34.01	22.63	26.71	15.66	18.78	22.87	19.77	27.04	23.72	19.81	35.51	13.95	19.14	29.31	22.39	18.51	14.25	14.41	20.63	28.58	16.66	20.7	28.91	21.05	18.94	28.82	18.02	30.77	12.21	14.87	26.57	14.19	26.25	23.26	16.23	15.9	37.45	54.8	27.79	17.01	33.09	19.36	36.55	19.25	24.8	14.11	14.53	16.25	14.99	25.39	24.16	21.38	19.83	27.34	18.05	14.34	26.03	24.24	22.36	33.31	26.11	27.4	29.51	36.86	23.13	27.29	28.08	27.54	14.43	19.16	13.06	14.3	24.05	15.12	34.05	28.97	21.57	17.12	17.59	17.19	27.16	28.57	23.33	17.15	26.65	13.6	32.88	20.82	22.26	37.35	26.6	20.73
25.56	20.32	19.63	25.37	29.88	25.77	15.76	19.3	32.78	21.84	25.71	15.13	18.11	22.05	19.04	26.07	22.89	19.04	34.24	13.46	18.47	28.22	21.59	17.81	13.72	13.88	19.91	27.5	16.06	19.97	27.88	20.32	18.26	27.78	17.36	29.66	11.77	14.36	25.64	13.67	25.33	22.4	15.61	15.36	36.08	52.71	26.8	16.39	31.86	18.64	35.2	18.63	23.9	13.61	14	15.68	14.47	24.48	23.31	20.6	19.07	26.34	17.39	13.83	25.11	23.36	21.5	32.15	25.19	26.4	28.42	35.5	22.29	26.31	27.08	26.51	13.89	18.46	12.63	13.76	23.19	14.55	32.8	27.95	20.8	16.51	16.93	16.56	26.16	27.51	22.5	16.48	25.69	13.09	31.65	20.12	21.44	35.96	25.58	19.97
24.62	19.56	18.86	24.44	28.78	24.81	15.18	18.57	31.56	21.06	24.7	14.61	17.44	21.23	18.31	25.1	22.06	18.27	32.97	12.97	17.8	27.14	20.79	17.11	13.19	13.36	19.2	26.42	15.47	19.25	26.85	19.59	17.58	26.74	16.7	28.55	11.33	13.85	24.72	13.15	24.42	21.55	14.98	14.81	34.71	50.62	25.82	15.76	30.63	17.93	33.85	18.01	23.01	13.1	13.48	15.12	13.95	23.56	22.45	19.82	18.3	25.34	16.73	13.31	24.19	22.48	20.65	30.98	24.26	25.4	27.32	34.14	21.46	25.33	26.08	25.48	13.34	17.76	12.2	13.23	22.33	13.99	31.55	26.92	20.03	15.9	16.27	15.93	25.15	26.44	21.68	15.81	24.73	12.59	30.42	19.43	20.62	34.57	24.56	19.2
23.67	18.8	18.09	23.5	27.69	23.85	14.6	17.84	30.33	20.27	23.69	14.09	16.78	20.41	17.59	24.13	21.23	17.5	31.7	12.47	17.13	26.05	19.98	16.41	12.66	12.83	18.49	25.35	14.87	18.52	25.82	18.87	16.9	25.69	16.04	27.44	10.89	13.34	23.8	12.63	23.51	20.69	14.36	14.26	33.35	48.53	24.83	15.14	29.4	17.22	32.5	17.39	22.11	12.59	12.96	14.56	13.43	22.65	21.59	19.04	17.53	24.35	16.07	12.79	23.27	21.61	19.8	29.82	23.34	24.4	26.22	32.78	20.63	24.35	25.08	24.46	12.8	17.07	11.76	12.7	21.47	13.42	30.3	25.89	19.26	15.29	15.61	15.3	24.15	25.38	20.85	15.15	23.77	12.08	29.19	18.73	19.81	33.18	23.55	18.43
22.72	18.03	17.32	22.56	26.6	22.88	14.02	17.11	29.11	19.49	22.69	13.57	16.11	19.59	16.86	23.16	20.4	16.73	30.43	11.98	16.46	24.96	19.18	15.71	12.14	12.3	17.78	24.27	14.28	17.79	24.79	18.14	16.22	24.65	15.38	26.33	10.45	12.83	22.87	12.12	22.59	19.84	13.74	13.71	31.98	46.44	23.84	14.51	28.17	16.51	31.15	16.76	21.22	12.09	12.43	14	12.91	21.74	20.73	18.26	16.76	23.35	15.42	12.27	22.34	20.73	18.94	28.65	22.41	23.4	25.13	31.43	19.79	23.37	24.08	23.43	12.26	16.37	11.33	12.17	20.61	12.86	29.06	24.87	18.49	14.68	14.96	14.67	23.15	24.31	20.02	14.48	22.8	11.58	27.95	18.03	18.99	31.79	22.53	17.66
21.78	17.27	16.55	21.63	25.5	21.92	13.44	16.38	27.88	18.7	21.68	13.05	15.44	18.77	16.13	22.19	19.57	15.96	29.16	11.49	15.79	23.87	18.37	15.01	11.61	11.77	17.07	23.2	13.68	17.07	23.75	17.41	15.54	23.61	14.72	25.21	10.01	12.32	21.95	11.6	21.68	18.98	13.12	13.16	30.61	44.35	22.85	13.88	26.94	15.79	29.8	16.14	20.33	11.58	11.91	13.43	12.38	20.82	19.88	17.49	16	22.35	14.76	11.76	21.42	19.85	18.09	27.49	21.49	22.41	24.03	30.07	18.96	22.39	23.08	22.41	11.71	15.67	10.9	11.64	19.75	12.29	27.81	23.84	17.72	14.07	14.3	14.04	22.15	23.25	19.19	13.81	21.84	11.07	26.72	17.33	18.17	30.4	21.51	16.9
20.83	16.51	15.78	20.69	24.41	20.96	12.86	15.65	26.66	17.92	20.68	12.53	14.78	17.95	15.4	21.22	18.73	15.18	27.89	11	15.12	22.78	17.57	14.31	11.08	11.24	16.36	22.12	13.09	16.34	22.72	16.68	14.86	22.56	14.06	24.1	9.569	11.81	21.02	11.08	20.77	18.13	12.5	12.62	29.25	42.26	21.86	13.26	25.71	15.08	28.45	15.52	19.43	11.07	11.38	12.87	11.86	19.91	19.02	16.71	15.23	21.35	14.1	11.24	20.5	18.97	17.24	26.32	20.56	21.41	22.94	28.71	18.12	21.4	22.08	21.38	11.17	14.97	10.47	11.11	18.89	11.73	26.56	22.81	16.95	13.46	13.64	13.41	21.15	22.18	18.36	13.15	20.88	10.57	25.49	16.64	17.36	29.01	20.49	16.13
19.88	15.74	15.01	19.76	23.31	20	12.28	14.92	25.43	17.13	19.67	12	14.11	17.13	14.67	20.25	17.9	14.41	26.62	10.51	14.46	21.7	16.77	13.61	10.55	10.71	15.65	21.04	12.49	15.61	21.69	15.96	14.19	21.52	13.4	22.99	9.128	11.3	20.1	10.56	19.86	17.27	11.88	12.07	27.88	40.17	20.87	12.63	24.48	14.37	27.09	14.9	18.54	10.56	10.86	12.31	11.34	18.99	18.16	15.93	14.46	20.35	13.44	10.72	19.58	18.1	16.38	25.16	19.64	20.41	21.84	27.36	17.29	20.42	21.08	20.35	10.63	14.27	10.03	10.58	18.03	11.17	25.31	21.79	16.18	12.85	12.98	12.78	20.15	21.12	17.53	12.48	19.92	10.06	24.26	15.94	16.54	27.62	19.48	15.36
18.94	14.98	14.24	18.82	22.22	19.04	11.71	14.19	24.21	16.35	18.67	11.48	13.44	16.31	13.94	19.28	17.07	13.64	25.35	10.02	13.79	20.61	15.96	12.91	10.02	10.18	14.94	19.97	11.9	14.89	20.66	15.23	13.51	20.48	12.74	21.88	8.688	10.78	19.18	10.04	18.94	16.42	11.26	11.52	26.51	38.08	19.88	12.01	23.25	13.65	25.74	14.28	17.65	10.06	10.33	11.74	10.82	18.08	17.3	15.15	13.69	19.35	12.78	10.21	18.65	17.22	15.53	23.99	18.71	19.41	20.75	26	16.46	19.44	20.08	19.33	10.09	13.57	9.603	10.05	17.17	10.6	24.06	20.76	15.41	12.24	12.33	12.15	19.15	20.05	16.7	11.81	18.96	9.558	23.03	15.24	15.72	26.23	18.46	14.6
17.99	14.21	13.47	17.88	21.13	18.08	11.13	13.46	22.98	15.57	17.66	10.96	12.78	15.49	13.22	18.31	16.24	12.87	24.08	9.53	13.12	19.52	15.16	12.21	9.495	9.653	14.23	18.89	11.3	14.16	19.63	14.5	12.83	19.43	12.08	20.77	8.248	10.27	18.25	9.522	18.03	15.56	10.64	10.97	25.15	35.98	18.89	11.38	22.01	12.94	24.39	13.66	16.75	9.551	9.81	11.18	10.3	17.16	16.45	14.37	12.93	18.35	12.12	9.689	17.73	16.34	14.68	22.83	17.79	18.41	19.65	24.64	15.62	18.46	19.08	18.3	9.542	12.87	9.17	9.516	16.31	10.04	22.81	19.73	14.64	11.63	11.67	11.52	18.14	18.99	15.88	11.14	17.99	9.053	21.8	14.55	14.91	24.84	17.44	13.83
17.04	13.45	12.7	16.95	20.03	17.11	10.55	12.72	21.76	14.78	16.65	10.44	12.11	14.66	12.49	17.33	15.41	12.1	22.81	9.039	12.45	18.43	14.35	11.51	8.967	9.124	13.52	17.82	10.71	13.43	18.6	13.77	12.15	18.39	11.42	19.65	7.808	9.762	17.33	9.004	17.12	14.71	10.02	10.42	23.78	33.89	17.9	10.76	20.78	12.23	23.04	13.04	15.86	9.044	9.286	10.62	9.78	16.25	15.59	13.59	12.16	17.35	11.46	9.172	16.81	15.46	13.83	21.66	16.86	17.42	18.56	23.28	14.79	17.48	18.08	17.28	8.999	12.17	8.738	8.985	15.45	9.471	21.56	18.71	13.87	11.02	11.01	10.89	17.14	17.93	15.05	10.48	17.03	8.548	20.56	13.85	14.09	23.45	16.42	13.06
16.1	12.69	11.93	16.01	18.94	16.15	9.97	11.99	20.53	14	15.65	9.916	11.44	13.84	11.76	16.36	14.58	11.33	21.53	8.548	11.78	17.34	13.55	10.81	8.439	8.595	12.81	16.74	10.11	12.71	17.56	13.04	11.47	17.34	10.75	18.54	7.367	9.251	16.4	8.485	16.2	13.85	9.396	9.877	22.41	31.8	16.91	10.13	19.55	11.52	21.69	12.42	14.96	8.537	8.761	10.05	9.259	15.34	14.73	12.82	11.39	16.35	10.8	8.655	15.89	14.59	12.97	20.49	15.94	16.42	17.46	21.93	13.96	16.5	17.08	16.25	8.455	11.48	8.306	8.454	14.59	8.906	20.31	17.68	13.1	10.41	10.35	10.26	16.14	16.86	14.22	9.811	16.07	8.044	19.33	13.15	13.27	22.06	15.41	12.29
15.15	11.92	11.16	15.08	17.85	15.19	9.391	11.26	19.31	13.21	14.64	9.394	10.78	13.02	11.03	15.39	13.75	10.56	20.26	8.057	11.11	16.25	12.75	10.11	7.91	8.066	12.1	15.66	9.515	11.98	16.53	12.32	10.79	16.3	10.09	17.43	6.927	8.74	15.48	7.966	15.29	13	8.775	9.329	21.05	29.71	15.92	9.506	18.32	10.8	20.34	11.8	14.07	8.03	8.237	9.49	8.738	14.42	13.87	12.04	10.62	15.36	10.15	8.138	14.96	13.71	12.12	19.33	15.01	15.42	16.36	20.57	13.12	15.52	16.08	15.22	7.912	10.78	7.873	7.923	13.73	8.341	19.06	16.65	12.33	9.796	9.695	9.627	15.14	15.8	13.39	9.145	15.11	7.539	18.1	12.45	12.46	20.67	14.39	11.53
14.21	11.16	10.39	14.14	16.75	14.23	8.813	10.53	18.09	12.43	13.64	8.872	10.11	12.2	10.3	14.42	12.92	9.788	18.99	7.566	10.44	15.17	11.94	9.405	7.382	7.538	11.39	14.59	8.92	11.25	15.5	11.59	10.11	15.26	9.433	16.32	6.487	8.229	14.55	7.447	14.38	12.14	8.154	8.781	19.68	27.62	14.93	8.881	17.09	10.09	18.99	11.18	13.18	7.523	7.713	8.927	8.217	13.51	13.02	11.26	9.857	14.36	9.486	7.621	14.04	12.83	11.27	18.16	14.09	14.42	15.27	19.21	12.29	14.54	15.08	14.2	7.369	10.08	7.441	7.392	12.88	7.776	17.81	15.62	11.56	9.185	9.038	8.996	14.14	14.73	12.56	8.478	14.14	7.034	16.87	11.76	11.64	19.28	13.37	10.76
13.26	10.4	9.615	13.2	15.66	13.27	8.234	9.803	16.86	11.64	12.63	8.35	9.446	11.38	9.574	13.45	12.09	9.018	17.72	7.075	9.773	14.08	11.14	8.705	6.854	7.009	10.68	13.51	8.325	10.53	14.47	10.86	9.434	14.21	8.772	15.21	6.046	7.718	13.63	6.929	13.46	11.29	7.533	8.234	18.31	25.53	13.95	8.255	15.86	9.377	17.64	10.56	12.28	7.016	7.188	8.364	7.696	12.59	12.16	10.48	9.09	13.36	8.828	7.103	13.12	11.95	10.41	17	13.16	13.42	14.17	17.86	11.46	13.56	14.08	13.17	6.826	9.38	7.008	6.861	12.02	7.211	16.56	14.6	10.79	8.575	8.38	8.366	13.14	13.67	11.73	7.811	13.18	6.529	15.64	11.06	10.82	17.89	12.35	9.993
12.31	9.633	8.845	12.27	14.56	12.31	7.655	9.073	15.64	10.86	11.62	7.829	8.779	10.56	8.846	12.48	11.26	8.247	16.45	6.585	9.104	12.99	10.34	8.004	6.326	6.48	9.97	12.44	7.73	9.799	13.44	10.13	8.756	13.17	8.111	14.09	5.606	7.207	12.71	6.41	12.55	10.43	6.912	7.686	16.95	23.44	12.96	7.63	14.63	8.665	16.29	9.94	11.39	6.509	6.664	7.801	7.175	11.68	11.3	9.701	8.322	12.36	8.169	6.586	12.2	11.08	9.561	15.83	12.24	12.43	13.08	16.5	10.62	12.58	13.08	12.14	6.283	8.681	6.576	6.33	11.16	6.646	15.32	13.57	10.02	7.964	7.722	7.736	12.14	12.6	10.9	7.144	12.22	6.024	14.4	10.36	10.01	16.5	11.34	9.225
11.37	8.869	8.075	11.33	13.47	11.35	7.076	8.343	14.41	10.07	10.62	7.307	8.113	9.742	8.118	11.51	10.43	7.476	15.18	6.094	8.435	11.9	9.532	7.303	5.798	5.951	9.259	11.36	7.135	9.072	12.4	9.406	8.077	12.13	7.45	12.98	5.166	6.696	11.78	5.891	11.64	9.576	6.291	7.138	15.58	21.35	11.97	7.004	13.4	7.952	14.94	9.32	10.49	6.002	6.14	7.238	6.654	10.77	10.44	8.923	7.555	11.36	7.51	6.069	11.27	10.2	8.708	14.67	11.31	11.43	11.98	15.14	9.788	11.6	12.08	11.12	5.739	7.982	6.144	5.799	10.3	6.082	14.07	12.54	9.248	7.353	7.065	7.106	11.13	11.54	10.08	6.478	11.26	5.519	13.17	9.663	9.19	15.11	10.32	8.458
10.42	8.106	7.305	10.39	12.38	10.38	6.498	7.612	13.19	9.287	9.613	6.785	7.446	8.921	7.389	10.54	9.603	6.705	13.91	5.603	7.766	10.81	8.728	6.603	5.27	5.422	8.549	10.29	6.54	8.345	11.37	8.679	7.398	11.08	6.79	11.87	4.725	6.185	10.86	5.372	10.72	8.721	5.671	6.59	14.21	19.26	10.98	6.379	12.17	7.239	13.59	8.7	9.601	5.495	5.615	6.675	6.134	9.852	9.586	8.144	6.788	10.36	6.851	5.552	10.35	9.321	7.856	13.5	10.39	10.43	10.89	13.78	8.955	10.62	11.08	10.09	5.196	7.283	5.711	5.268	9.438	5.517	12.82	11.52	8.478	6.743	6.407	6.476	10.13	10.47	9.248	5.811	10.3	5.014	11.94	8.966	8.374	13.72	9.301	7.691
9.473	7.342	6.534	9.459	11.28	9.422	5.919	6.882	11.96	8.503	8.607	6.263	6.78	8.101	6.661	9.567	8.773	5.934	12.64	5.112	7.097	9.724	7.924	5.902	4.741	4.893	7.838	9.209	5.944	7.618	10.34	7.951	6.72	10.04	6.129	10.76	4.285	5.674	9.934	4.854	9.812	7.866	5.05	6.042	12.84	17.17	9.989	5.753	10.94	6.526	12.24	8.079	8.707	4.988	5.091	6.112	5.613	8.938	8.728	7.366	6.02	9.363	6.192	5.035	9.43	8.444	7.003	12.34	9.463	9.432	9.791	12.43	8.121	9.637	10.08	9.066	4.653	6.584	5.279	4.737	8.578	4.952	11.57	10.49	7.707	6.132	5.75	5.846	9.131	9.409	8.419	5.144	9.334	4.509	10.71	8.268	7.557	12.33	8.284	6.924
8.527	6.578	5.764	8.523	10.19	8.46	5.34	6.152	10.74	7.718	7.602	5.741	6.114	7.28	5.933	8.596	7.943	5.163	11.37	4.621	6.428	8.636	7.12	5.202	4.213	4.364	7.128	8.133	5.349	6.891	9.31	7.224	6.041	8.996	5.468	9.647	3.845	5.163	9.01	4.335	8.899	7.01	4.429	5.494	11.48	15.08	8.999	5.128	9.704	5.813	10.89	7.459	7.814	4.481	4.567	5.549	5.092	8.024	7.87	6.587	5.253	8.364	5.533	4.518	8.507	7.566	6.15	11.17	8.538	8.434	8.695	11.07	7.288	8.656	9.078	8.04	4.11	5.886	4.847	4.206	7.719	4.387	10.32	9.464	6.937	5.521	5.092	5.216	8.13	8.344	7.591	4.477	8.371	4.005	9.478	7.571	6.74	10.94	7.266	6.156
7.58	5.815	4.994	7.586	9.095	7.499	4.761	5.421	9.512	6.933	6.596	5.22	5.447	6.46	5.204	7.625	7.113	4.392	10.1	4.131	5.759	7.547	6.317	4.501	3.685	3.835	6.418	7.057	4.754	6.165	8.278	6.496	5.362	7.953	4.807	8.535	3.405	4.652	8.086	3.816	7.986	6.155	3.808	4.946	10.11	12.99	8.01	4.502	8.473	5.1	9.538	6.838	6.92	3.974	4.042	4.986	4.571	7.109	7.013	5.809	4.486	7.366	4.874	4.001	7.585	6.689	5.297	10	7.614	7.436	7.6	9.712	6.454	7.676	8.078	7.014	3.566	5.187	4.414	3.674	6.86	3.822	9.07	8.437	6.166	4.911	4.434	4.586	7.128	7.279	6.762	3.81	7.409	3.5	8.246	6.874	5.924	9.555	6.249	5.389
6.634	5.051	4.224	6.65	8.002	6.537	4.183	4.691	8.287	6.148	5.59	4.698	4.781	5.639	4.476	6.654	6.282	3.622	8.825	3.64	5.09	6.459	5.513	3.8	3.157	3.306	5.707	5.981	4.159	5.438	7.246	5.768	4.684	6.909	4.146	7.423	2.964	4.141	7.161	3.297	7.073	5.3	3.187	4.399	8.744	10.9	7.021	3.877	7.242	4.388	8.187	6.218	6.026	3.467	3.518	4.423	4.05	6.195	6.155	5.03	3.718	6.367	4.216	3.484	6.662	5.811	4.444	8.839	6.689	6.438	6.504	8.355	5.62	6.695	7.077	5.988	3.023	4.488	3.982	3.143	6	3.257	7.821	7.41	5.396	4.3	3.777	3.956	6.127	6.215	5.934	3.144	6.447	2.995	7.014	6.176	5.107	8.165	5.231	4.622
5.688	4.288	3.453	5.714	6.908	5.575	3.604	3.961	7.063	5.364	4.584	4.176	4.115	4.819	3.748	5.683	5.452	2.851	7.554	3.149	4.421	5.371	4.709	3.1	2.629	2.778	4.997	4.906	3.564	4.711	6.215	5.041	4.005	5.866	3.486	6.311	2.524	3.63	6.237	2.779	6.16	4.445	2.566	3.851	7.377	8.809	6.032	3.251	6.011	3.675	6.837	5.598	5.132	2.96	2.994	3.86	3.529	5.281	5.298	4.252	2.951	5.368	3.557	2.966	5.74	4.934	3.591	7.674	5.764	5.44	5.409	6.997	4.787	5.714	6.077	4.961	2.48	3.789	3.55	2.612	5.141	2.693	6.572	6.383	4.626	3.689	3.119	3.326	5.125	5.15	5.105	2.477	5.485	2.49	5.782	5.479	4.29	6.776	4.214	3.855
4.741	3.524	2.683	4.778	5.814	4.614	3.025	3.23	5.838	4.579	3.578	3.654	3.448	3.998	3.019	4.712	4.622	2.08	6.283	2.658	3.752	4.283	3.905	2.399	2.1	2.249	4.287	3.83	2.969	3.984	5.183	4.313	3.326	4.822	2.825	5.199	2.084	3.118	5.313	2.26	5.247	3.59	1.945	3.303	6.01	6.718	5.043	2.626	4.78	2.962	5.486	4.977	4.239	2.453	2.469	3.297	3.008	4.367	4.44	3.473	2.184	4.369	2.898	2.449	4.817	4.056	2.738	6.508	4.839	4.442	4.313	5.64	3.953	4.734	5.077	3.935	1.937	3.091	3.117	2.081	4.281	2.128	5.323	5.356	3.855	3.079	2.461	2.696	4.124	4.086	4.277	1.81	4.523	1.985	4.55	4.781	3.474	5.386	3.197	3.087
3.795	2.76	1.913	3.842	4.72	3.652	2.446	2.5	4.613	3.794	2.573	3.132	2.782	3.178	2.291	3.741	3.792	1.309	5.013	2.167	3.083	3.194	3.101	1.699	1.572	1.72	3.576	2.754	2.373	3.257	4.151	3.585	2.648	3.779	2.164	4.087	1.643	2.607	4.389	1.741	4.334	2.734	1.324	2.755	4.643	4.628	4.053	2	3.549	2.249	4.135	4.357	3.345	1.946	1.945	2.734	2.487	3.453	3.583	2.694	1.416	3.37	2.239	1.932	3.895	3.179	1.885	5.343	3.914	3.444	3.217	4.283	3.119	3.753	4.077	2.909	1.394	2.392	2.685	1.55	3.422	1.563	4.074	4.33	3.085	2.468	1.804	2.066	3.122	3.021	3.448	1.143	3.561	1.48	3.319	4.084	2.657	3.996	2.179	2.32
2.848	1.997	1.143	2.906	3.627	2.691	1.868	1.77	3.389	3.009	1.567	2.61	2.115	2.357	1.563	2.77	2.962	0.5383	3.742	1.676	2.414	2.106	2.297	0.9982	1.044	1.191	2.866	1.678	1.778	2.531	3.12	2.858	1.969	2.735	1.503	2.975	1.203	2.096	3.465	1.222	3.421	1.879	0.7032	2.207	3.277	2.537	3.064	1.375	2.318	1.536	2.785	3.736	2.451	1.439	1.42	2.17	1.966	2.539	2.725	1.916	0.6488	2.371	1.58	1.415	2.972	2.301	1.032	4.177	2.989	2.446	2.122	2.926	2.286	2.772	3.077	1.883	0.8503	1.693	2.252	1.019	2.562	0.9982	2.825	3.303	2.314	1.857	1.146	1.436	2.121	1.957	2.62	0.4766	2.599	0.9752	2.087	3.387	1.841	2.606	1.162	1.553
